书籍序号,书名,条形码,时间,操作类型,计入借阅
1,红与黑,200987218,2024-09-05 11:25:41,外借,1
1,红与黑,200987227,2024-09-06 11:49:50,外借,1
1,红与黑,200987227,2024-09-23 14:28:04,续借,1
1,红与黑,200987218,2024-09-28 22:17:08,续借,1
1,红与黑,200862067,2024-10-08 12:11:45,外借,1
1,红与黑,200862067,2024-10-28 14:21:16,归还,0
1,红与黑,200987218,2024-11-04 10:49:24,归还,0
1,红与黑,200987218,2024-11-04 10:49:38,外借,1
1,红与黑,200987227,2024-11-11 09:39:53,归还,0
1,红与黑,200987227,2024-11-15 11:58:17,外借,1
1,红与黑,200987218,2024-12-06 11:50:32,归还,0
1,红与黑,200987218,2024-12-06 11:51:27,外借,1
1,红与黑,200987227,2024-12-24 11:39:09,归还,0
1,红与黑,200987227,2024-12-24 11:39:45,外借,1
1,红与黑,200987218,2025-01-02 20:59:46,续借,1
1,红与黑,200987218,2025-01-09 17:09:51,归还,0
1,红与黑,200862067,2025-02-21 14:00:58,外借,1
1,红与黑,200987227,2025-03-13 17:21:35,归还,0
2,美丽新世界,201056203,2024-09-04 16:59:07,外借,1
2,美丽新世界,201056203,2024-09-06 07:33:43,归还,0
2,美丽新世界,200859133,2024-09-23 14:29:40,外借,1
2,美丽新世界,200859133,2024-10-01 15:37:20,续借,1
2,美丽新世界,201056196,2024-11-12 12:23:59,外借,1
2,美丽新世界,200859133,2024-11-19 12:09:00,归还,0
2,美丽新世界,200859133,2024-11-19 12:09:34,外借,1
2,美丽新世界,201056203,2024-11-25 12:20:36,外借,1
2,美丽新世界,200859133,2024-12-17 10:25:24,续借,1
2,美丽新世界,200859133,2024-12-24 11:39:06,归还,0
2,美丽新世界,200859133,2024-12-24 11:39:39,外借,1
2,美丽新世界,201056203,2025-01-03 09:37:00,归还,0
2,美丽新世界,201056196,2025-02-19 11:14:22,归还,0
2,美丽新世界,200859133,2025-03-13 17:21:30,归还,0
3,穆斯林的葬礼,200945111,2024-10-21 17:09:29,外借,1
3,穆斯林的葬礼,200945111,2024-12-06 07:38:45,归还,0
3,穆斯林的葬礼,200846576,2025-03-19 17:09:54,外借,1
3,穆斯林的葬礼,200846576,2025-03-19 17:09:59,归还,0
3,穆斯林的葬礼,200846576,2025-03-19 17:10:11,外借,1
3,穆斯林的葬礼,200945111,2025-04-02 11:35:11,外借,1
3,穆斯林的葬礼,200945111,2025-04-02 12:31:54,归还,0
3,穆斯林的葬礼,200846576,2025-04-17 15:44:39,续借,1
3,穆斯林的葬礼,200846576,2025-05-19 17:48:12,归还,0
3,穆斯林的葬礼,200846576,2025-05-22 17:47:47,外借,1
3,穆斯林的葬礼,200846576,2025-05-22 18:03:01,续借,1
4,叶卡捷琳娜大帝与波将金 ：全2册.1,201059166,2024-11-14 12:28:00,外借,1
4,叶卡捷琳娜大帝与波将金 ：全2册.1,201059166,2025-01-09 17:12:43,归还,0
4,叶卡捷琳娜大帝与波将金 ：全2册.1,201059166,2025-01-09 18:11:16,外借,1
4,叶卡捷琳娜大帝与波将金 ：全2册.1,201059166,2025-01-10 10:25:51,归还,0
4,叶卡捷琳娜大帝与波将金 ：全2册.1,201059166,2025-01-10 10:26:55,外借,1
4,叶卡捷琳娜大帝与波将金 ：全2册.1,201059166,2025-01-10 10:28:01,续借,1
4,叶卡捷琳娜大帝与波将金 ：全2册.1,201059166,2025-04-17 17:11:00,归还,0
4,叶卡捷琳娜大帝与波将金 ：全2册.1,201059166,2025-04-17 17:47:02,外借,1
4,叶卡捷琳娜大帝与波将金 ：全2册.1,201059166,2025-04-17 17:57:27,续借,1
5,云边有个小卖部,201053331,2024-09-04 16:26:37,外借,1
5,云边有个小卖部,201053340,2024-09-06 11:20:47,外借,1
5,云边有个小卖部,201053340,2024-09-29 16:52:07,归还,0
5,云边有个小卖部,201053340,2024-10-22 10:38:32,外借,1
5,云边有个小卖部,201053340,2024-11-06 17:10:36,续借,1
5,云边有个小卖部,201053340,2024-12-24 07:15:04,归还,0
5,云边有个小卖部,201053340,2025-01-10 11:30:12,外借,1
5,云边有个小卖部,201053340,2025-01-10 11:30:36,续借,1
5,云边有个小卖部,201053340,2025-03-03 17:26:56,归还,0
5,云边有个小卖部,201053331,2025-05-16 15:45:04,归还,0
6,围城,201059237,2024-11-13 11:51:51,外借,1
6,围城,201059228,2024-11-20 11:50:09,外借,1
6,围城,201059237,2024-12-06 08:50:00,续借,1
6,围城,201059228,2024-12-19 09:53:45,续借,1
6,围城,201059237,2025-02-17 11:35:53,归还,0
6,围城,201059237,2025-02-24 17:41:41,外借,1
6,围城,201059237,2025-03-14 07:40:40,续借,1
6,围城,201059237,2025-06-03 12:07:57,归还,0
7,普通化学原理,201601169,2024-09-10 09:40:51,外借,1
7,普通化学原理,201601169,2024-09-25 09:58:52,续借,1
7,普通化学原理,201601169,2024-10-23 11:52:26,归还,0
7,普通化学原理,201059013,2025-02-20 12:13:58,外借,1
7,普通化学原理,201059013,2025-03-17 11:44:05,续借,1
7,普通化学原理,201059013,2025-04-15 16:14:55,归还,0
7,普通化学原理,201059013,2025-05-08 11:35:36,外借,1
7,普通化学原理,201059013,2025-05-19 13:44:39,归还,0
7,普通化学原理,201059013,2025-05-19 13:51:28,外借,1
8,火的精神分析,200986086,2024-09-14 12:24:38,外借,1
8,火的精神分析,200986086,2024-10-17 12:15:38,归还,0
8,火的精神分析,200986086,2024-10-17 12:16:46,外借,1
8,火的精神分析,200986086,2024-10-17 12:17:24,续借,1
8,火的精神分析,200986086,2024-10-17 12:17:46,归还,0
8,火的精神分析,200986086,2024-10-17 12:37:16,外借,1
8,火的精神分析,200986086,2024-10-17 12:37:25,续借,1
8,火的精神分析,200986086,2024-12-20 08:47:12,归还,0
8,火的精神分析,200986086,2024-12-20 08:48:52,外借,1
8,火的精神分析,200986086,2025-03-13 14:23:58,归还,0
9,戴维营三天,200948216,2024-09-24 09:48:33,外借,1
9,戴维营三天,200948216,2024-10-07 22:36:07,续借,1
9,戴维营三天,200948216,2024-11-19 11:50:25,归还,0
9,戴维营三天,200948216,2024-11-19 11:50:55,外借,1
9,戴维营三天,200948216,2024-12-09 11:20:41,续借,1
9,戴维营三天,200948216,2025-01-08 15:32:01,归还,0
9,戴维营三天,200948216,2025-01-08 15:33:01,外借,1
9,戴维营三天,200948216,2025-01-08 15:33:09,续借,1
9,戴维营三天,200948216,2025-02-17 17:45:36,归还,0
10,基督山伯爵:全2册-上册,200882526,2024-10-22 14:51:47,外借,1
10,基督山伯爵:全2册-上册,200882526,2024-11-19 10:23:10,归还,0
10,基督山伯爵:全2册-上册,200882526,2025-03-05 16:55:00,外借,1
10,基督山伯爵:全2册-上册,200882526,2025-04-30 12:31:35,归还,0
10,基督山伯爵:全2册-上册,200882526,2025-05-19 11:46:28,外借,1
10,基督山伯爵:全2册-上册,200882526,2025-05-19 11:46:46,续借,1
10,基督山伯爵:全2册-上册,200882526,2025-06-13 14:38:30,归还,0
10,基督山伯爵:全2册-上册,200882526,2025-06-13 14:39:17,外借,1
10,基督山伯爵:全2册-上册,200882526,2025-06-13 14:39:24,续借,1
10,基督山伯爵:全2册-上册,200882526,2025-06-13 14:39:43,归还,0
11,额尔古纳河右岸 ,201022909,2024-10-08 07:49:45,归还,0
11,额尔古纳河右岸 ,201022909,2024-10-24 16:05:14,外借,1
11,额尔古纳河右岸 ,201022909,2024-11-11 14:59:22,归还,0
11,额尔古纳河右岸 ,201022909,2024-11-19 12:03:03,外借,1
11,额尔古纳河右岸 ,201022909,2024-12-09 11:20:39,续借,1
11,额尔古纳河右岸 ,201022909,2025-01-08 15:31:52,归还,0
11,额尔古纳河右岸 ,201022909,2025-01-08 15:32:54,外借,1
11,额尔古纳河右岸 ,201022909,2025-01-08 15:33:11,续借,1
11,额尔古纳河右岸 ,201022909,2025-02-17 17:45:34,归还,0
11,额尔古纳河右岸 ,201022909,2025-03-19 16:20:36,外借,1
12,耶鲁大学公开课,200929585,2024-09-02 12:20:37,归还,0
12,耶鲁大学公开课,200929585,2024-09-02 12:21:58,外借,1
12,耶鲁大学公开课,200929585,2024-10-10 16:51:02,归还,0
12,耶鲁大学公开课,200929585,2024-10-10 16:51:31,外借,1
12,耶鲁大学公开课,200929585,2025-02-17 12:21:54,归还,0
12,耶鲁大学公开课,200929585,2025-02-17 12:22:21,外借,1
12,耶鲁大学公开课,200929594,2025-03-19 16:28:43,外借,1
12,耶鲁大学公开课,200929594,2025-03-19 16:29:19,续借,1
12,耶鲁大学公开课,200929594,2025-03-20 08:33:18,归还,0
13,第三帝国,200891348,2025-01-09 19:08:15,外借,1
13,第三帝国,200891348,2025-01-10 10:25:42,归还,0
13,第三帝国,200891348,2025-01-10 10:27:40,外借,1
13,第三帝国,200891348,2025-01-10 10:28:12,续借,1
13,第三帝国,200891348,2025-04-17 17:10:57,归还,0
13,第三帝国,200891348,2025-04-17 17:45:07,外借,1
13,第三帝国,200891348,2025-04-17 17:57:25,续借,1
14,量子经济学,200926169,2024-10-14 16:40:19,外借,1
14,量子经济学,200926169,2024-12-03 07:51:13,归还,0
14,量子经济学,200926169,2024-12-03 07:51:39,外借,1
14,量子经济学,200926169,2024-12-03 16:34:33,续借,1
14,量子经济学,200926169,2025-05-19 08:08:18,归还,0
14,量子经济学,200926169,2025-05-22 17:48:08,外借,1
14,量子经济学,200926169,2025-05-22 18:02:53,续借,1
15,呼啸山庄,201054713,2024-09-09 07:30:26,归还,0
15,呼啸山庄,201054722,2024-10-08 17:14:20,外借,1
15,呼啸山庄,201054722,2024-10-08 17:26:36,归还,0
15,呼啸山庄,200854511,2025-01-08 15:09:40,外借,1
15,呼啸山庄,200854511,2025-01-10 14:12:12,续借,1
15,呼啸山庄,200854511,2025-03-07 11:09:39,归还,0
15,呼啸山庄,201054713,2025-03-17 11:45:57,外借,1
15,呼啸山庄,201054713,2025-04-21 10:21:42,归还,0
15,呼啸山庄,200854511,2025-04-24 11:01:44,外借,1
15,呼啸山庄,200854511,2025-05-28 13:33:41,归还,0
16,契诃夫短篇小说集,200950612,2024-10-10 17:25:05,外借,1
16,契诃夫短篇小说集,200950612,2024-10-10 17:25:17,续借,1
16,契诃夫短篇小说集,200950621,2024-10-18 12:41:51,外借,1
16,契诃夫短篇小说集,200950612,2024-11-14 10:58:50,归还,0
16,契诃夫短篇小说集,200950612,2024-11-14 11:47:06,外借,1
16,契诃夫短篇小说集,200950612,2024-11-14 11:47:22,续借,1
16,契诃夫短篇小说集,200950621,2024-11-22 08:48:53,归还,0
16,契诃夫短篇小说集,200950612,2025-01-02 17:36:47,归还,0
17,素食者 ,200921592,2024-10-11 10:40:05,外借,1
17,素食者 ,200921592,2024-10-11 15:14:09,归还,0
17,素食者 ,200727909,2025-02-17 14:17:00,外借,1
17,素食者 ,200727909,2025-02-18 09:54:12,归还,0
17,素食者 ,200727909,2025-02-18 09:59:37,外借,1
17,素食者 ,200727909,2025-02-24 10:07:03,归还,0
17,素食者 ,200921592,2025-03-06 16:51:05,外借,1
17,素食者 ,200921592,2025-03-19 16:29:17,续借,1
17,素食者 ,200921592,2025-04-03 14:33:29,归还,0
18,"怪诞行为学. 2, 非理性的积极力量",200876016,2024-09-04 17:00:12,外借,1
18,"怪诞行为学. 2, 非理性的积极力量",200876016,2024-09-04 17:00:35,续借,1
18,"怪诞行为学. 2, 非理性的积极力量",200876016,2024-10-17 15:45:27,归还,0
18,"怪诞行为学. 2, 非理性的积极力量",200876016,2025-01-07 11:34:13,外借,1
18,"怪诞行为学. 2, 非理性的积极力量",200876016,2025-02-17 07:33:26,归还,0
18,"怪诞行为学. 2, 非理性的积极力量",200876016,2025-06-11 18:05:11,外借,1
18,"怪诞行为学. 2, 非理性的积极力量",200876016,2025-06-12 20:33:54,续借,1
19,界限之书,200885569,2024-09-14 12:39:41,外借,1
19,界限之书,200885569,2024-10-17 12:15:31,归还,0
19,界限之书,200885569,2024-10-17 12:16:56,外借,1
19,界限之书,200885569,2024-10-17 12:17:21,续借,1
19,界限之书,200885569,2024-12-20 08:47:10,归还,0
19,界限之书,200885569,2024-12-20 08:49:10,外借,1
19,界限之书,200885569,2025-03-13 14:24:01,归还,0
19,界限之书,200885569,2025-03-13 14:26:44,外借,1
20,权力意志与永恒轮回,200882054,2024-09-14 12:24:54,外借,1
20,权力意志与永恒轮回,200882054,2024-10-17 12:15:31,归还,0
20,权力意志与永恒轮回,200882054,2024-10-17 12:17:03,外借,1
20,权力意志与永恒轮回,200882054,2024-10-17 12:17:19,续借,1
20,权力意志与永恒轮回,200882054,2024-12-20 08:47:10,归还,0
20,权力意志与永恒轮回,200882054,2024-12-20 08:48:58,外借,1
20,权力意志与永恒轮回,200882054,2025-03-13 14:23:56,归还,0
20,权力意志与永恒轮回,200882054,2025-03-13 14:26:22,外借,1
21,日军“慰安妇”研究,200814921,2024-10-28 16:55:42,外借,1
21,日军“慰安妇”研究,200814921,2024-10-30 17:18:17,续借,1
21,日军“慰安妇”研究,200814921,2025-01-09 17:12:25,归还,0
21,日军“慰安妇”研究,200814921,2025-01-09 18:11:16,外借,1
21,日军“慰安妇”研究,200814921,2025-01-10 10:25:37,归还,0
21,日军“慰安妇”研究,200814921,2025-01-10 11:19:41,外借,1
21,日军“慰安妇”研究,200814921,2025-01-10 11:19:48,续借,1
21,日军“慰安妇”研究,200814921,2025-04-17 17:18:22,归还,0
22,Ib Diploma Programme Physics 223 Edition Student Book,201315512,2024-11-18 16:30:33,外借,1
22,Ib Diploma Programme Physics 223 Edition Student Book,201315488,2024-11-22 09:51:40,外借,1
22,Ib Diploma Programme Physics 223 Edition Student Book,201315488,2024-11-22 09:52:56,续借,1
22,Ib Diploma Programme Physics 223 Edition Student Book,201315503,2025-03-26 17:24:43,外借,1
22,Ib Diploma Programme Physics 223 Edition Student Book,201315503,2025-05-22 17:04:20,续借,1
22,Ib Diploma Programme Physics 223 Edition Student Book,201315512,2025-06-06 10:46:51,归还,0
23,The woman in white,201325422,2024-11-15 14:51:06,外借,1
23,The woman in white,201325422,2024-12-01 10:22:19,续借,1
23,The woman in white,201325422,2025-01-09 17:06:35,归还,0
23,The woman in white,201325422,2025-01-09 17:13:39,外借,1
23,The woman in white,201325422,2025-02-17 09:46:13,归还,0
23,The woman in white,201325422,2025-02-17 09:48:05,外借,1
23,The woman in white,201325422,2025-03-31 07:46:13,归还,0
23,The woman in white,201325422,2025-05-16 14:21:54,外借,1
24,社会心理学,200965982,2025-04-18 14:26:14,外借,1
24,社会心理学,200965973,2025-05-07 11:26:12,外借,1
24,社会心理学,200965973,2025-05-07 11:27:28,归还,0
24,社会心理学,200965973,2025-05-07 11:27:33,外借,1
24,社会心理学,200965973,2025-05-09 08:50:50,归还,0
24,社会心理学,200965973,2025-05-09 08:51:40,外借,1
24,社会心理学,200965982,2025-06-04 07:35:00,归还,0
24,社会心理学,200965982,2025-06-04 07:35:24,外借,1
24,社会心理学,200965973,2025-06-13 14:49:24,归还,0
25,水与梦,201001502,2024-09-06 12:20:41,外借,1
25,水与梦,201001502,2024-09-09 12:21:41,续借,1
25,水与梦,201001502,2024-11-25 12:06:25,归还,0
25,水与梦,201001502,2024-11-25 12:07:04,外借,1
25,水与梦,201001502,2024-12-20 08:44:07,续借,1
25,水与梦,201001502,2025-03-13 14:23:58,归还,0
25,水与梦,201001502,2025-03-13 14:26:35,外借,1
26,鼠疫,200854520,2024-09-10 10:31:36,外借,1
26,鼠疫,200854520,2024-10-11 17:37:56,归还,0
26,鼠疫,200854520,2024-10-11 17:48:09,外借,1
26,鼠疫,200854520,2024-11-07 11:40:03,续借,1
26,鼠疫,200854520,2025-01-03 11:15:13,归还,0
26,鼠疫,200859776,2025-03-24 08:08:43,归还,0
26,鼠疫,200859776,2025-05-07 12:09:35,外借,1
26,鼠疫,200859776,2025-06-06 10:13:22,续借,1
27,霸王别姬,200944602,2024-09-05 12:23:10,外借,1
27,霸王别姬,200944602,2024-10-12 12:11:14,归还,0
27,霸王别姬,200944602,2024-10-12 12:15:09,外借,1
27,霸王别姬,200944602,2024-11-11 08:01:08,续借,1
27,霸王别姬,200944602,2024-12-19 16:36:57,归还,0
27,霸王别姬,200943774,2025-02-24 17:43:04,外借,1
27,霸王别姬,200943774,2025-03-14 07:40:44,续借,1
27,霸王别姬,200943774,2025-03-17 15:07:26,归还,0
28,浮士德,200858571,2024-09-03 09:01:43,外借,1
28,浮士德,201022865,2024-09-03 09:01:43,外借,1
28,浮士德,200807877,2024-09-03 09:11:05,外借,1
28,浮士德,200807886,2024-09-03 09:11:05,外借,1
28,浮士德,200831476,2024-12-23 18:08:38,外借,1
28,浮士德,200807877,2025-01-10 12:00:42,归还,0
28,浮士德,200807886,2025-01-10 12:00:42,归还,0
28,浮士德,200858571,2025-01-10 12:00:42,归还,0
28,浮士德,201022865,2025-01-10 13:54:26,归还,0
29,沉默的羔羊,200820978,2024-09-23 16:55:46,外借,1
29,沉默的羔羊,200820978,2024-09-23 16:56:02,续借,1
29,沉默的羔羊,200820978,2024-11-19 07:04:33,归还,0
29,沉默的羔羊,200820978,2024-11-19 07:05:03,外借,1
29,沉默的羔羊,200820978,2024-11-19 07:05:21,归还,0
29,沉默的羔羊,200820978,2024-11-19 07:07:02,外借,1
29,沉默的羔羊,200820978,2024-11-19 07:07:38,续借,1
29,沉默的羔羊,200820978,2024-12-27 14:41:36,归还,0
30,The Tree Book: The Inside Story of Our Greatest Species,201325949,2024-10-15 10:02:01,外借,1
30,The Tree Book: The Inside Story of Our Greatest Species,201325949,2024-10-27 21:50:11,续借,1
30,The Tree Book: The Inside Story of Our Greatest Species,201325949,2024-12-12 17:47:23,归还,0
30,The Tree Book: The Inside Story of Our Greatest Species,201325949,2024-12-12 17:51:20,外借,1
30,The Tree Book: The Inside Story of Our Greatest Species,201325949,2025-01-08 21:18:18,续借,1
30,The Tree Book: The Inside Story of Our Greatest Species,201325949,2025-02-17 07:31:48,归还,0
31,窄门,200869872,2024-10-11 11:30:47,外借,1
31,窄门,200817651,2024-10-17 08:36:11,外借,1
31,窄门,200817651,2024-10-17 16:49:53,归还,0
31,窄门,200869872,2024-11-07 10:12:46,归还,0
31,窄门,200817651,2024-11-07 17:54:31,外借,1
31,窄门,200817651,2024-11-29 08:52:27,归还,0
31,窄门,200817651,2024-12-05 18:03:58,外借,1
31,窄门,200817651,2024-12-18 17:42:12,归还,0
32,粒子物理论,200938441,2024-09-12 17:33:51,外借,1
32,粒子物理论,200938450,2024-09-13 16:41:14,外借,1
32,粒子物理论,200938441,2024-09-20 15:51:59,归还,0
32,粒子物理论,200938441,2024-09-20 15:52:06,外借,1
32,粒子物理论,200938441,2024-09-30 12:02:51,归还,0
32,粒子物理论,200938441,2024-09-30 12:02:56,外借,1
32,粒子物理论,200938441,2024-11-04 09:37:23,归还,0
32,粒子物理论,200938450,2024-12-27 14:43:35,归还,0
33,音乐心理学,200907956,2024-09-14 12:41:15,外借,1
33,音乐心理学,200907956,2024-11-14 11:50:22,归还,0
33,音乐心理学,200907956,2024-11-14 11:53:11,外借,1
33,音乐心理学,200907956,2024-12-09 21:01:37,续借,1
33,音乐心理学,200907956,2025-03-11 12:38:28,归还,0
33,音乐心理学,200907956,2025-03-20 12:16:01,外借,1
34,北方以北 ,200871208,2024-09-06 12:38:42,外借,1
34,北方以北 ,200871208,2024-10-15 09:34:15,归还,0
34,北方以北 ,200871208,2024-10-15 09:35:24,外借,1
34,北方以北 ,200871208,2024-10-15 09:36:20,续借,1
34,北方以北 ,200871208,2024-12-12 17:49:54,续借,1
34,北方以北 ,200871208,2025-02-17 07:32:19,归还,0
35,Dune,200694436,2024-09-24 12:06:17,外借,1
35,Dune,200694436,2024-11-22 08:48:53,归还,0
35,Dune,201502917,2024-12-13 11:10:30,外借,1
35,Dune,201502917,2025-01-10 14:09:06,归还,0
35,Dune,200694436,2025-02-18 14:11:47,外借,1
35,Dune,200694436,2025-02-24 07:40:22,归还,0
35,Dune,201502917,2025-03-07 13:33:39,外借,1
35,Dune,201502917,2025-05-09 11:38:33,归还,0
36,哈佛经济学笔记 ,201049490,2024-11-20 12:01:15,外借,1
36,哈佛经济学笔记 ,201049490,2024-12-19 09:53:32,续借,1
36,哈佛经济学笔记 ,201049481,2025-02-18 07:53:13,外借,1
36,哈佛经济学笔记 ,201049481,2025-04-02 07:42:02,归还,0
36,哈佛经济学笔记 ,201049481,2025-04-02 07:47:37,外借,1
37,叶卡捷琳娜大帝与波将金 ：全2册.2,201059175,2024-11-14 12:27:41,外借,1
37,叶卡捷琳娜大帝与波将金 ：全2册.2,201059175,2025-01-09 17:13:08,归还,0
37,叶卡捷琳娜大帝与波将金 ：全2册.2,201059175,2025-01-09 18:11:16,外借,1
37,叶卡捷琳娜大帝与波将金 ：全2册.2,201059175,2025-01-10 10:25:47,归还,0
37,叶卡捷琳娜大帝与波将金 ：全2册.2,201059175,2025-01-10 10:27:04,外借,1
37,叶卡捷琳娜大帝与波将金 ：全2册.2,201059175,2025-01-10 10:28:04,续借,1
37,叶卡捷琳娜大帝与波将金 ：全2册.2,201059175,2025-04-17 17:11:25,归还,0
38,魔山. 上,200862003,2024-11-19 12:03:20,外借,1
38,魔山. 上,200862003,2024-12-09 11:20:30,续借,1
38,魔山. 上,200862003,2025-01-08 15:32:03,归还,0
38,魔山. 上,200862003,2025-01-08 15:32:39,外借,1
38,魔山. 上,200862003,2025-01-08 15:33:16,续借,1
38,魔山. 上,200862003,2025-02-17 17:45:31,归还,0
39,魔山. 下,200862012,2024-11-19 12:03:24,外借,1
39,魔山. 下,200862012,2024-12-09 11:20:28,续借,1
39,魔山. 下,200862012,2025-01-08 15:32:01,归还,0
39,魔山. 下,200862012,2025-01-08 15:32:47,外借,1
39,魔山. 下,200862012,2025-01-08 15:33:14,续借,1
39,魔山. 下,200862012,2025-02-17 17:45:27,归还,0
40,力学,200981955,2024-09-25 17:18:07,外借,1
40,力学,200981955,2024-09-30 12:27:36,归还,0
40,力学,200967613,2024-10-14 12:20:03,外借,1
40,力学,200967613,2024-11-29 11:51:38,归还,0
40,力学,200967613,2024-11-29 11:51:57,外借,1
40,力学,200967613,2025-01-10 09:50:36,归还,0
40,力学,200967613,2025-01-10 09:54:17,外借,1
40,力学,200967613,2025-04-30 11:08:39,归还,0
41,The Masque of the Red Death,200697157,2024-10-18 14:11:25,外借,1
41,The Masque of the Red Death,200697157,2024-11-06 10:59:52,续借,1
41,The Masque of the Red Death,200697157,2025-01-08 14:29:49,归还,0
41,The Masque of the Red Death,200697157,2025-01-08 14:44:31,外借,1
41,The Masque of the Red Death,200697157,2025-02-28 08:53:53,归还,0
41,The Masque of the Red Death,200697157,2025-02-28 08:54:13,外借,1
41,The Masque of the Red Death,200697157,2025-02-28 09:47:34,归还,0
42,杀死一只知更鸟,200820889,2024-09-03 08:36:55,外借,1
42,杀死一只知更鸟,200820889,2024-11-14 11:50:16,归还,0
42,杀死一只知更鸟,200820889,2024-11-14 11:53:23,外借,1
42,杀死一只知更鸟,200820889,2024-12-09 21:01:39,续借,1
42,杀死一只知更鸟,200820889,2025-03-11 12:38:43,归还,0
42,杀死一只知更鸟,200820889,2025-03-11 12:41:29,外借,1
43,政治哲学与幸福根基,201011127,2024-12-20 15:01:53,外借,1
43,政治哲学与幸福根基,201011127,2024-12-20 15:02:23,续借,1
43,政治哲学与幸福根基,201011127,2025-02-17 17:32:04,归还,0
43,政治哲学与幸福根基,201011127,2025-03-19 16:28:57,外借,1
43,政治哲学与幸福根基,201011127,2025-03-19 16:29:21,续借,1
43,政治哲学与幸福根基,201011127,2025-03-20 08:33:22,归还,0
44,文学理论入门,200829755,2024-09-09 11:08:39,外借,1
44,文学理论入门,201011804,2024-09-09 11:28:20,外借,1
44,文学理论入门,201011840,2024-09-13 11:14:06,外借,1
44,文学理论入门,200829755,2024-09-13 16:23:16,归还,0
44,文学理论入门,201011840,2024-10-09 11:11:00,归还,0
44,文学理论入门,201011804,2024-10-16 11:43:09,归还,0
44,文学理论入门,201011840,2024-10-25 14:46:00,外借,1
44,文学理论入门,201011840,2025-04-08 17:06:27,归还,0
45,Sex And The City,200688924,2024-09-13 17:17:26,外借,1
45,Sex And The City,200688924,2024-09-13 17:17:36,续借,1
45,Sex And The City,200688924,2024-10-15 08:39:45,归还,0
45,Sex And The City,200688924,2024-11-13 15:14:17,外借,1
45,Sex And The City,200688924,2025-01-03 09:55:21,归还,0
45,Sex And The City,200688924,2025-04-17 14:11:42,外借,1
46,雨,200927328,2024-09-05 11:10:53,外借,1
46,雨,200927328,2024-10-01 12:58:23,续借,1
46,雨,200927328,2024-11-01 10:15:31,归还,0
46,雨,200927328,2025-04-16 15:02:53,外借,1
46,雨,200927328,2025-05-07 22:45:55,续借,1
46,雨,200927328,2025-06-06 15:31:00,归还,0
47,倾城之恋,200847450,2024-09-02 13:12:54,外借,1
47,倾城之恋,200847450,2025-01-10 11:32:00,归还,0
47,倾城之恋,200847450,2025-02-17 13:38:48,外借,1
47,倾城之恋,201502739,2025-04-10 08:38:30,外借,1
47,倾城之恋,200847450,2025-05-13 11:47:42,归还,0
47,倾城之恋,201502739,2025-05-21 12:56:06,归还,0
47,倾城之恋,200847450,2025-05-29 17:22:31,外借,1
47,倾城之恋,200847450,2025-06-05 17:28:48,归还,0
48,银河系搭车客指南.1,200883749,2024-09-03 12:35:41,外借,1
48,银河系搭车客指南.1,200883758,2024-09-13 11:51:23,外借,1
48,银河系搭车客指南.1,200883758,2024-10-12 14:32:49,归还,0
48,银河系搭车客指南.1,200883758,2024-11-07 16:38:41,外借,1
48,银河系搭车客指南.1,200883758,2024-11-25 11:38:06,归还,0
48,银河系搭车客指南.1,200883758,2025-01-09 17:12:22,外借,1
48,银河系搭车客指南.1,200883758,2025-04-01 16:44:30,归还,0
49,"思考,快与慢",200942533,2024-12-10 12:08:15,外借,1
49,"思考,快与慢",200942533,2024-12-27 14:43:18,归还,0
49,"思考,快与慢",200942542,2025-01-09 10:58:55,外借,1
49,"思考,快与慢",200942533,2025-01-10 14:30:01,外借,1
49,"思考,快与慢",200942542,2025-02-17 07:32:47,归还,0
49,"思考,快与慢",200942533,2025-03-07 14:30:10,归还,0
49,"思考,快与慢",200942542,2025-04-28 16:57:00,外借,1
49,"思考,快与慢",200942542,2025-06-04 17:08:00,归还,0
50,落叶,200993951,2024-12-05 16:18:46,外借,1
50,落叶,200993951,2024-12-18 17:42:12,归还,0
50,落叶,200993951,2025-05-15 10:15:01,外借,1
50,落叶,200993951,2025-05-22 09:37:37,归还,0
50,落叶,200993951,2025-05-22 17:41:22,外借,1
50,落叶,200993951,2025-05-22 18:03:08,续借,1
51,我们生活在巨大的差距里,201617679,2024-10-25 11:12:22,外借,1
51,我们生活在巨大的差距里,201617679,2024-11-12 22:12:19,续借,1
51,我们生活在巨大的差距里,201617679,2024-12-23 07:30:00,归还,0
51,我们生活在巨大的差距里,201617679,2025-03-18 17:39:17,外借,1
51,我们生活在巨大的差距里,201617679,2025-04-16 00:14:16,续借,1
51,我们生活在巨大的差距里,201617679,2025-05-21 07:28:40,归还,0
52,乌合之众,200860005,2024-09-03 17:38:05,外借,1
52,乌合之众,200861353,2025-05-07 11:26:12,外借,1
52,乌合之众,200861353,2025-05-07 11:27:28,归还,0
52,乌合之众,200861353,2025-05-07 11:27:33,外借,1
52,乌合之众,200861353,2025-05-07 17:21:11,归还,0
52,乌合之众,200861353,2025-05-07 17:21:44,外借,1
52,乌合之众,200861353,2025-06-13 14:49:48,归还,0
53,好好告别,200988663,2024-09-02 12:20:25,归还,0
53,好好告别,200988663,2024-09-02 12:22:13,外借,1
53,好好告别,200988663,2024-09-09 16:38:51,续借,1
53,好好告别,200988663,2024-10-18 13:31:26,归还,0
53,好好告别,200988663,2025-02-20 13:53:14,外借,1
53,好好告别,200988663,2025-03-21 12:20:38,续借,1
54,局外人,200857260,2024-09-05 10:36:07,外借,1
54,局外人,200857260,2024-09-05 12:17:41,归还,0
54,局外人,200878489,2024-09-12 12:19:57,外借,1
54,局外人,200857260,2024-10-08 12:11:45,外借,1
54,局外人,200857260,2024-10-14 15:03:46,归还,0
54,局外人,200857260,2024-11-13 12:00:47,外借,1
54,局外人,200878489,2024-11-18 07:27:32,归还,0
54,局外人,200857260,2024-11-25 15:24:46,归还,0
54,局外人,200878498,2025-05-21 15:40:50,归还,0
55,当下的力量:白金版,201029779,2024-10-24 12:11:06,外借,1
55,当下的力量:白金版,201029779,2024-11-12 22:12:32,续借,1
55,当下的力量:白金版,201029779,2024-12-02 07:23:59,归还,0
55,当下的力量:白金版,201029779,2025-01-10 11:30:18,外借,1
55,当下的力量:白金版,201029779,2025-01-10 11:30:35,续借,1
55,当下的力量:白金版,201029779,2025-03-03 17:26:59,归还,0
56,普林斯顿微积分读本,200815314,2024-09-02 12:56:25,归还,0
56,普林斯顿微积分读本,200815314,2024-09-04 15:48:05,外借,1
56,普林斯顿微积分读本,200759946,2024-09-10 16:44:10,外借,1
56,普林斯顿微积分读本,200815314,2024-09-24 09:35:31,续借,1
56,普林斯顿微积分读本,200815314,2024-10-28 11:24:24,归还,0
56,普林斯顿微积分读本,200815314,2024-11-04 15:16:27,外借,1
56,普林斯顿微积分读本,200815314,2024-11-27 06:38:47,归还,0
57,万物归一,201049891,2024-09-09 12:21:06,外借,1
57,万物归一,201049891,2024-09-09 12:21:39,续借,1
57,万物归一,201049891,2024-09-12 17:24:42,归还,0
57,万物归一,201049908,2024-10-29 16:20:56,外借,1
57,万物归一,201049908,2024-10-30 16:35:02,归还,0
57,万物归一,201049891,2024-12-27 12:37:57,外借,1
57,万物归一,201049891,2025-01-02 17:21:10,归还,0
58,平面设计完全手册,200907082,2024-10-31 17:44:21,外借,1
58,平面设计完全手册,200907082,2024-11-24 23:19:44,续借,1
58,平面设计完全手册,200907082,2024-12-24 17:17:52,归还,0
58,平面设计完全手册,200907082,2025-04-07 11:55:50,外借,1
58,平面设计完全手册,200907082,2025-04-22 16:28:36,续借,1
58,平面设计完全手册,200907082,2025-05-13 17:35:49,归还,0
59,三国演义.上,201027897,2024-10-15 12:31:41,外借,1
59,三国演义.上,201027888,2024-11-20 11:50:45,外借,1
59,三国演义.上,201027897,2024-11-22 07:33:24,归还,0
59,三国演义.上,201027888,2024-12-19 09:53:42,续借,1
59,三国演义.上,201027897,2025-03-24 09:35:02,外借,1
59,三国演义.上,201027897,2025-04-22 14:32:05,归还,0
60,Line By Line: How To Edit Your Own Writing,201302562,2024-11-15 14:50:58,外借,1
60,Line By Line: How To Edit Your Own Writing,201302562,2024-12-01 10:22:17,续借,1
60,Line By Line: How To Edit Your Own Writing,201302562,2025-01-09 17:06:32,归还,0
60,Line By Line: How To Edit Your Own Writing,201302562,2025-01-09 17:13:34,外借,1
60,Line By Line: How To Edit Your Own Writing,201302562,2025-02-17 09:46:16,归还,0
60,Line By Line: How To Edit Your Own Writing,201302562,2025-02-17 09:48:12,外借,1
60,Line By Line: How To Edit Your Own Writing,201302562,2025-02-24 07:40:19,归还,0
61,时代的精神状况,200885051,2024-09-05 11:11:14,外借,1
61,时代的精神状况,200885051,2024-10-10 09:56:14,归还,0
61,时代的精神状况,200885051,2024-10-10 09:57:09,外借,1
61,时代的精神状况,200885051,2024-11-04 19:17:22,归还,0
61,时代的精神状况,200885051,2025-03-10 11:19:48,外借,1
61,时代的精神状况,200885051,2025-03-11 17:26:02,归还,0
61,时代的精神状况,200885051,2025-03-13 14:26:28,外借,1
62,Lord of the Flies,200694329,2024-11-22 14:56:19,外借,1
62,Lord of the Flies,200694329,2024-12-15 12:57:28,续借,1
62,Lord of the Flies,200694329,2025-01-10 14:40:59,归还,0
62,Lord of the Flies,200694329,2025-01-10 14:43:51,外借,1
62,Lord of the Flies,200694329,2025-01-10 14:44:49,续借,1
62,Lord of the Flies,200694329,2025-02-28 15:17:59,归还,0
63,查拉图斯特拉如是说,200878504,2024-10-08 07:49:45,归还,0
63,查拉图斯特拉如是说,200878504,2024-11-20 11:50:18,外借,1
63,查拉图斯特拉如是说,200878504,2024-12-19 09:53:43,续借,1
63,查拉图斯特拉如是说,200919024,2025-03-17 16:38:52,外借,1
63,查拉图斯特拉如是说,200919024,2025-04-30 12:32:37,归还,0
63,查拉图斯特拉如是说,200919024,2025-04-30 12:32:52,外借,1
64,Never let me go,201325583,2024-11-22 14:56:04,外借,1
64,Never let me go,201325583,2024-12-15 12:57:31,续借,1
64,Never let me go,201325583,2025-01-10 14:40:59,归还,0
64,Never let me go,201325583,2025-01-10 14:43:43,外借,1
64,Never let me go,201325583,2025-01-10 14:44:51,续借,1
64,Never let me go,201325583,2025-02-28 15:17:56,归还,0
65,A Thousand Splendid Suns,200696684,2025-03-14 10:05:41,外借,1
65,A Thousand Splendid Suns,200696684,2025-03-14 10:05:55,续借,1
65,A Thousand Splendid Suns,200696684,2025-05-13 14:18:42,归还,0
65,A Thousand Splendid Suns,200696684,2025-05-13 14:19:41,外借,1
65,A Thousand Splendid Suns,200696684,2025-05-13 14:20:57,归还,0
66,刀锋,200869569,2024-11-07 17:39:19,外借,1
66,刀锋,200869569,2024-11-07 17:47:03,归还,0
66,刀锋,200869569,2024-11-07 17:47:18,外借,1
66,刀锋,200869569,2025-04-28 09:59:56,归还,0
66,刀锋,200866606,2025-05-13 16:31:55,外借,1
66,刀锋,200866606,2025-05-21 16:09:18,归还,0
67,鸿沟,200889547,2025-01-09 16:07:05,外借,1
67,鸿沟,200889547,2025-02-20 10:23:30,归还,0
67,鸿沟,200889547,2025-02-27 10:28:51,外借,1
67,鸿沟,200889547,2025-02-27 10:29:22,续借,1
68,鹿鼎记 .一,200850409,2024-11-04 17:42:51,外借,1
68,鹿鼎记 .一,200850409,2024-11-05 11:16:51,归还,0
68,鹿鼎记 .一,200850409,2025-03-14 07:26:25,外借,1
68,鹿鼎记 .一,200850409,2025-04-10 20:30:31,续借,1
68,鹿鼎记 .一,200850409,2025-04-27 07:26:49,归还,0
69,长夜难明,201058611,2024-09-26 12:24:10,外借,1
69,长夜难明,201058611,2025-01-10 09:56:58,归还,0
69,长夜难明,201058611,2025-01-10 09:57:25,外借,1
69,长夜难明,201058611,2025-04-14 18:18:23,归还,0
69,长夜难明,201058611,2025-04-27 17:22:27,外借,1
70,乡土中国,201008970,2024-09-04 11:44:00,外借,1
70,乡土中国,200866651,2024-09-09 16:29:16,外借,1
70,乡土中国,200861308,2024-09-13 17:36:05,外借,1
70,乡土中国,200866651,2024-09-19 08:39:13,归还,0
70,乡土中国,200861308,2024-10-09 11:11:05,归还,0
70,乡土中国,201008970,2024-10-31 11:39:55,归还,0
71,台北人,200978184,2024-09-06 07:33:20,归还,0
71,台北人,200980064,2024-09-23 14:56:06,外借,1
71,台北人,200980064,2024-10-21 15:48:25,归还,0
71,台北人,200978184,2024-11-13 12:25:20,外借,1
71,台北人,200980064,2025-02-21 11:29:39,外借,1
71,台北人,200980064,2025-03-26 17:28:28,归还,0
72,厌女简史 ：世界上最古老的偏见,201064702,2025-01-09 19:08:15,外借,1
72,厌女简史 ：世界上最古老的偏见,201064702,2025-01-10 10:25:30,归还,0
72,厌女简史 ：世界上最古老的偏见,201064702,2025-01-10 10:27:17,外借,1
72,厌女简史 ：世界上最古老的偏见,201064702,2025-01-10 10:28:07,续借,1
72,厌女简史 ：世界上最古老的偏见,201064702,2025-04-17 17:11:07,归还,0
73,原野,200975098,2024-09-12 12:43:34,外借,1
73,原野,200975098,2024-09-19 11:10:14,归还,0
73,原野,200975098,2024-09-19 16:55:04,外借,1
73,原野,200975098,2024-11-07 14:35:12,归还,0
73,原野,200975098,2024-11-07 17:06:03,外借,1
73,原野,200975098,2025-03-14 11:32:27,归还,0
74,华氏451,200880537,2024-09-09 12:24:11,外借,1
74,华氏451,200880537,2024-09-30 12:29:42,续借,1
74,华氏451,200807467,2024-10-16 11:18:43,外借,1
74,华氏451,200880537,2024-10-21 16:21:37,归还,0
75,Economics for the IB diploma. Coursebook,200664904,2024-09-03 16:40:51,外借,1
75,Economics for the IB diploma. Coursebook,200664913,2024-09-03 16:46:21,外借,1
75,Economics for the IB diploma. Coursebook,200664913,2025-01-09 18:30:13,续借,1
76,都柏林人,200861790,2024-11-05 20:33:38,外借,1
76,都柏林人,200861790,2024-11-25 23:24:45,续借,1
76,都柏林人,200861790,2025-01-02 16:51:07,归还,0
76,都柏林人,200861790,2025-04-07 12:18:25,外借,1
76,都柏林人,200861790,2025-05-21 07:44:48,归还,0
77,山海变.1指间错,201019183,2025-02-24 11:16:51,外借,1
77,山海变.1指间错,201019183,2025-02-28 07:08:56,续借,1
77,山海变.1指间错,201019183,2025-04-03 14:10:15,归还,0
77,山海变.1指间错,201019183,2025-04-28 17:42:18,外借,1
77,山海变.1指间错,201019183,2025-04-30 11:41:34,归还,0
78,小径分岔的花园,200887068,2024-09-27 14:44:37,外借,1
78,小径分岔的花园,200887068,2024-10-25 12:13:06,归还,0
78,小径分岔的花园,200887068,2024-11-26 09:26:18,外借,1
78,小径分岔的花园,200887068,2024-12-10 13:23:36,续借,1
78,小径分岔的花园,200887068,2025-01-09 16:33:12,归还,0
78,小径分岔的花园,200860210,2025-05-21 09:21:33,归还,0
79,存在与时间,200977997,2024-10-30 17:06:28,外借,1
79,存在与时间,200977997,2024-12-05 16:18:14,归还,0
79,存在与时间,200977997,2024-12-05 16:18:40,外借,1
79,存在与时间,200977997,2024-12-27 11:31:10,归还,0
79,存在与时间,201042479,2025-05-15 16:55:19,外借,1
79,存在与时间,201042479,2025-06-03 06:51:23,归还,0
80,逻辑的引擎,200845979,2024-10-14 17:14:47,外借,1
80,逻辑的引擎,200845979,2024-11-13 14:32:55,续借,1
80,逻辑的引擎,200845979,2024-12-27 10:18:32,归还,0
80,逻辑的引擎,200845979,2025-04-17 20:13:44,外借,1
81,在希腊,201014231,2024-11-13 12:10:13,外借,1
81,在希腊,201014231,2024-12-09 11:20:43,续借,1
81,在希腊,201014231,2025-01-08 16:22:44,归还,0
81,在希腊,201014231,2025-01-08 16:23:16,外借,1
81,在希腊,201014231,2025-02-17 17:45:20,归还,0
82,女书规范字书法字帖,201064668,2025-01-09 19:08:15,外借,1
82,女书规范字书法字帖,201064668,2025-01-10 10:25:56,归还,0
82,女书规范字书法字帖,201064668,2025-01-10 10:26:44,外借,1
82,女书规范字书法字帖,201064668,2025-01-10 10:27:54,续借,1
82,女书规范字书法字帖,201064668,2025-04-17 17:11:00,归还,0
83,谁动了我的奶酪?,200876436,2024-10-24 12:11:01,外借,1
83,谁动了我的奶酪?,200876436,2024-10-24 16:33:02,归还,0
83,谁动了我的奶酪?,200876436,2024-12-09 16:14:48,外借,1
83,谁动了我的奶酪?,200876436,2024-12-16 15:11:45,归还,0
83,谁动了我的奶酪?,200876436,2025-01-10 14:44:19,外借,1
83,谁动了我的奶酪?,200876436,2025-03-14 12:17:25,归还,0
84,临床精神药理学手册 ,200967971,2024-11-11 17:00:37,外借,1
84,临床精神药理学手册 ,200967962,2024-11-22 12:07:06,外借,1
84,临床精神药理学手册 ,200967971,2024-11-25 07:37:39,续借,1
84,临床精神药理学手册 ,200967971,2024-12-03 07:01:09,归还,0
84,临床精神药理学手册 ,200967962,2024-12-04 17:22:42,归还,0
85,国富论,200970832,2024-09-11 12:06:23,外借,1
85,国富论,200970841,2024-09-13 16:59:39,外借,1
85,国富论,200970841,2024-09-13 17:21:44,归还,0
85,国富论,200970841,2024-10-23 12:34:10,外借,1
85,国富论,200970832,2024-12-27 14:43:35,归还,0
85,国富论,200985817,2025-01-08 16:16:03,归还,0
85,国富论,200970841,2025-01-10 07:31:09,归还,0
86,我们为什么爱音乐 ,200925669,2024-11-14 11:51:36,外借,1
86,我们为什么爱音乐 ,200925669,2024-12-09 21:01:31,续借,1
86,我们为什么爱音乐 ,200925669,2025-03-11 12:38:33,归还,0
86,我们为什么爱音乐 ,200925669,2025-03-11 12:40:19,外借,1
87,索姆河战役,200901783,2024-10-25 11:16:25,外借,1
87,索姆河战役,201006883,2024-10-25 11:16:25,外借,1
87,索姆河战役,200901783,2024-11-14 12:39:24,续借,1
87,索姆河战役,200901783,2024-11-15 14:41:49,归还,0
87,索姆河战役,201006883,2024-11-15 14:41:49,归还,0
88,罗马元老院与人民：一部古罗马史,200839673,2024-11-07 17:28:35,外借,1
88,罗马元老院与人民：一部古罗马史,200839673,2024-12-13 08:11:34,归还,0
88,罗马元老院与人民：一部古罗马史,200839673,2024-12-13 08:40:24,外借,1
88,罗马元老院与人民：一部古罗马史,200839673,2025-02-27 08:36:23,归还,0
88,罗马元老院与人民：一部古罗马史,200839673,2025-03-12 17:27:20,外借,1
88,罗马元老院与人民：一部古罗马史,200839673,2025-03-17 12:07:39,归还,0
89,维京传奇,200990776,2024-09-06 12:39:02,外借,1
89,维京传奇,200990776,2024-10-15 09:31:48,归还,0
89,维京传奇,200990776,2024-10-15 09:35:03,外借,1
89,维京传奇,200990776,2024-10-15 09:36:23,续借,1
89,维京传奇,200990776,2024-12-12 17:47:23,归还,0
90,悲伤即成长,201051681,2024-10-24 15:55:24,外借,1
90,悲伤即成长,201051681,2024-11-12 22:12:24,续借,1
90,悲伤即成长,201051681,2024-11-25 07:39:05,归还,0
90,悲伤即成长,201051681,2025-01-10 14:44:19,外借,1
90,悲伤即成长,201051681,2025-03-14 12:17:24,归还,0
91,悉达多,200979183,2024-09-23 10:48:23,外借,1
91,悉达多,200979183,2024-10-10 16:58:04,归还,0
91,悉达多,200979183,2024-11-27 17:37:25,外借,1
91,悉达多,200979183,2024-12-24 07:44:41,归还,0
91,悉达多,200207739,2025-02-17 06:57:57,归还,0
91,悉达多,200979183,2025-03-27 12:22:26,外借,1
91,悉达多,200979183,2025-03-31 12:25:59,归还,0
92,纳博科夫文学讲稿三种·唐吉坷德讲稿,200879022,2024-11-13 12:31:42,外借,1
92,纳博科夫文学讲稿三种·唐吉坷德讲稿,200879022,2024-12-01 10:22:14,续借,1
92,纳博科夫文学讲稿三种·唐吉坷德讲稿,200879022,2025-01-09 17:05:50,归还,0
92,纳博科夫文学讲稿三种·唐吉坷德讲稿,200879040,2025-03-24 08:08:37,归还,0
92,纳博科夫文学讲稿三种·唐吉坷德讲稿,200879022,2025-03-24 12:27:51,外借,1
92,纳博科夫文学讲稿三种·唐吉坷德讲稿,200879022,2025-05-21 07:44:48,归还,0
93,小妇人,200858214,2024-09-05 11:40:40,外借,1
93,小妇人,200858214,2024-10-10 09:56:30,归还,0
93,小妇人,200858214,2025-02-26 11:37:11,外借,1
93,小妇人,200858214,2025-03-26 13:51:31,续借,1
93,小妇人,200858214,2025-04-09 17:34:07,归还,0
94,山海变.6水云乡,201019236,2025-03-21 07:17:23,外借,1
94,山海变.6水云乡,201019236,2025-03-21 07:17:37,续借,1
94,山海变.6水云乡,201019236,2025-04-28 11:17:18,归还,0
94,山海变.6水云乡,201019236,2025-05-06 07:23:56,外借,1
94,山海变.6水云乡,201019236,2025-05-12 10:50:31,归还,0
95,艺术哲学,200973535,2024-09-02 18:11:36,外借,1
95,艺术哲学,200904263,2024-09-24 14:07:34,外借,1
95,艺术哲学,200862888,2024-09-24 14:07:45,外借,1
95,艺术哲学,200862888,2024-09-24 14:43:22,归还,0
95,艺术哲学,200973535,2024-09-25 11:35:58,归还,0
95,艺术哲学,200904263,2025-01-10 10:49:10,归还,0
96,舞台灯光设计概要,200954413,2024-09-19 17:41:20,外借,1
96,舞台灯光设计概要,200954413,2024-10-23 17:58:48,归还,0
96,舞台灯光设计概要,200954413,2024-10-23 17:59:14,外借,1
96,舞台灯光设计概要,200954413,2024-12-11 10:29:58,归还,0
96,舞台灯光设计概要,200954413,2025-03-27 17:47:14,外借,1
96,舞台灯光设计概要,200954413,2025-04-27 07:18:52,归还,0
97,巨人的陨落I,200876506,2024-09-04 12:16:50,外借,1
97,巨人的陨落I,200876506,2024-09-05 16:35:24,归还,0
97,巨人的陨落I,200876515,2024-09-06 11:45:03,外借,1
97,巨人的陨落I,200876515,2024-09-06 13:24:04,归还,0
97,巨人的陨落I,200876506,2024-11-22 07:15:35,外借,1
97,巨人的陨落I,200876506,2024-12-02 07:51:58,归还,0
98,彷徨,201020545,2024-11-15 11:40:55,外借,1
98,彷徨,200810140,2024-11-25 17:05:06,外借,1
98,彷徨,201020545,2024-12-02 08:42:51,续借,1
98,彷徨,200810140,2024-12-02 15:00:53,归还,0
98,彷徨,201020545,2025-01-02 09:38:33,归还,0
99,山海变.5旧时雨,201019227,2025-03-14 07:24:39,外借,1
99,山海变.5旧时雨,201019227,2025-03-14 07:26:08,续借,1
99,山海变.5旧时雨,201019227,2025-04-24 11:17:52,归还,0
99,山海变.5旧时雨,201019227,2025-05-06 07:24:08,外借,1
99,山海变.5旧时雨,201019227,2025-05-08 11:16:38,归还,0
100,Wordsworth Collectors Editions：Great Expectations,200694588,2024-09-03 08:11:22,归还,0
100,Wordsworth Collectors Editions：Great Expectations,200694588,2024-09-03 08:12:49,外借,1
100,Wordsworth Collectors Editions：Great Expectations,200694588,2024-11-14 11:50:10,归还,0
100,Wordsworth Collectors Editions：Great Expectations,200694588,2024-11-14 11:51:47,外借,1
100,Wordsworth Collectors Editions：Great Expectations,200694588,2024-12-09 21:01:33,续借,1
100,Wordsworth Collectors Editions：Great Expectations,200694588,2025-03-11 12:38:02,归还,0
101,快乐的死,200878112,2024-09-12 12:19:53,外借,1
101,快乐的死,200879291,2024-10-09 12:14:36,外借,1
101,快乐的死,200879291,2024-11-14 08:29:20,归还,0
101,快乐的死,200878112,2024-11-22 07:37:36,归还,0
101,快乐的死,200878112,2025-04-18 14:43:37,外借,1
101,快乐的死,200878112,2025-04-22 12:08:25,归还,0
102,巨人的陨落II,200876524,2024-09-05 07:34:38,外借,1
102,巨人的陨落II,200876524,2024-09-26 13:00:13,续借,1
102,巨人的陨落II,200876524,2024-10-11 10:37:17,归还,0
102,巨人的陨落II,200876524,2024-11-27 07:44:14,外借,1
102,巨人的陨落II,200876524,2024-12-20 12:21:21,归还,0
103,天蓝色的彼岸,200178690,2024-09-11 11:49:13,外借,1
103,天蓝色的彼岸,200178690,2024-09-23 14:28:01,续借,1
103,天蓝色的彼岸,200178690,2024-11-13 17:35:41,归还,0
103,天蓝色的彼岸,200178690,2024-11-13 17:36:29,外借,1
103,天蓝色的彼岸,200178690,2024-11-18 15:21:05,归还,0
104,乌合之众:群体心理学,200958320,2024-09-02 17:13:36,外借,1
104,乌合之众:群体心理学,200958320,2024-10-22 11:53:00,归还,0
104,乌合之众:群体心理学,200958320,2025-03-19 11:00:21,外借,1
104,乌合之众:群体心理学,200958320,2025-03-19 16:29:18,续借,1
104,乌合之众:群体心理学,200958320,2025-04-15 15:00:11,归还,0
105,如何听爵士 ,200801677,2024-11-14 11:51:27,外借,1
105,如何听爵士 ,200801677,2024-12-09 21:01:28,续借,1
105,如何听爵士 ,200801677,2025-03-11 12:38:22,归还,0
105,如何听爵士 ,200801677,2025-03-11 12:40:05,外借,1
106,论自由,200937709,2024-09-30 10:12:18,外借,1
106,论自由,200937709,2024-10-24 22:32:42,续借,1
106,论自由,200937709,2024-11-29 15:41:45,归还,0
106,论自由,200937709,2025-03-18 16:57:41,外借,1
107,解忧杂货店,200943541,2024-09-02 17:39:14,外借,1
107,解忧杂货店,200139493,2024-09-25 09:58:44,外借,1
107,解忧杂货店,200943541,2024-09-30 08:35:31,归还,0
107,解忧杂货店,200943541,2024-09-30 08:35:44,外借,1
107,解忧杂货店,200139493,2024-10-18 11:59:32,归还,0
107,解忧杂货店,200943541,2025-02-17 07:35:36,归还,0
108,财富、贫穷与政治,200816581,2024-09-02 17:13:11,外借,1
108,财富、贫穷与政治,200816581,2024-09-06 09:55:34,归还,0
108,财富、贫穷与政治,200816581,2025-04-28 16:43:23,外借,1
108,财富、贫穷与政治,200816581,2025-06-04 17:08:07,归还,0
108,财富、贫穷与政治,200816581,2025-06-04 17:10:10,外借,1
109,存在主义咖啡馆:自由、存在和杏子鸡尾酒,200817642,2024-11-14 08:31:58,外借,1
109,存在主义咖啡馆:自由、存在和杏子鸡尾酒,200817642,2024-12-05 16:04:24,归还,0
109,存在主义咖啡馆:自由、存在和杏子鸡尾酒,200817642,2025-01-08 17:19:44,外借,1
109,存在主义咖啡馆:自由、存在和杏子鸡尾酒,200817642,2025-03-27 17:46:02,归还,0
109,存在主义咖啡馆:自由、存在和杏子鸡尾酒,200817642,2025-05-12 13:24:47,外借,1
109,存在主义咖啡馆:自由、存在和杏子鸡尾酒,200817642,2025-05-30 09:12:06,归还,0
110,Disorder in the Court: Great Fractured Moments in Courtroom History,200690626,2024-10-12 16:03:40,外借,1
110,Disorder in the Court: Great Fractured Moments in Courtroom History,200690626,2024-10-23 10:42:14,归还,0
110,Disorder in the Court: Great Fractured Moments in Courtroom History,200690626,2025-03-20 09:29:14,外借,1
110,Disorder in the Court: Great Fractured Moments in Courtroom History,200690626,2025-03-26 12:13:34,续借,1
110,Disorder in the Court: Great Fractured Moments in Courtroom History,200690626,2025-05-13 11:10:24,归还,0
111,DK-Big Ideas：The Law Book,201322489,2024-09-02 06:34:00,归还,0
111,DK-Big Ideas：The Law Book,201322489,2025-01-09 07:25:12,外借,1
111,DK-Big Ideas：The Law Book,201322489,2025-03-18 11:55:42,归还,0
111,DK-Big Ideas：The Law Book,201322489,2025-03-18 11:55:52,外借,1
111,DK-Big Ideas：The Law Book,201322489,2025-03-26 12:13:38,续借,1
111,DK-Big Ideas：The Law Book,201322489,2025-05-13 07:05:31,归还,0
112,山海变.4奔掠火,201019218,2025-03-14 07:24:08,外借,1
112,山海变.4奔掠火,201019218,2025-03-14 07:26:00,续借,1
112,山海变.4奔掠火,201019218,2025-04-21 17:38:46,归还,0
112,山海变.4奔掠火,201019218,2025-04-30 11:43:20,外借,1
112,山海变.4奔掠火,201019218,2025-05-06 11:16:09,归还,0
113,存在与虚无,200854735,2024-10-08 12:11:45,外借,1
113,存在与虚无,200854735,2024-10-14 15:03:28,归还,0
113,存在与虚无,200854735,2024-11-20 12:00:54,外借,1
113,存在与虚无,200854735,2024-12-19 09:53:38,续借,1
114,山海变.3星野乱,201019209,2025-02-24 11:17:09,外借,1
114,山海变.3星野乱,201019209,2025-02-28 07:09:02,续借,1
114,山海变.3星野乱,201019209,2025-04-18 07:13:59,归还,0
114,山海变.3星野乱,201019209,2025-04-30 11:43:07,外借,1
114,山海变.3星野乱,201019209,2025-05-06 07:10:49,归还,0
115,山海变.2绾青丝,201019192,2025-02-24 11:17:00,外借,1
115,山海变.2绾青丝,201019192,2025-02-28 07:09:01,续借,1
115,山海变.2绾青丝,201019192,2025-04-10 11:22:16,归还,0
115,山海变.2绾青丝,201019192,2025-04-28 17:42:25,外借,1
115,山海变.2绾青丝,201019192,2025-05-06 07:10:42,归还,0
116,The fellowship of the ring : being the first part of The lord of the rings,201323629,2024-11-20 16:57:48,外借,1
116,The fellowship of the ring : being the first part of The lord of the rings,201323629,2024-11-21 16:31:02,归还,0
116,The fellowship of the ring : being the first part of The lord of the rings,201323629,2024-11-29 11:52:02,外借,1
116,The fellowship of the ring : being the first part of The lord of the rings,201323629,2025-01-10 09:50:46,归还,0
116,The fellowship of the ring : being the first part of The lord of the rings,201323629,2025-01-10 09:54:24,外借,1
116,The fellowship of the ring : being the first part of The lord of the rings,201323629,2025-04-30 11:08:52,归还,0
117,The Count of Monte Cristo,201323308,2024-09-06 12:43:51,外借,1
117,The Count of Monte Cristo,201323308,2024-10-12 12:11:14,归还,0
117,The Count of Monte Cristo,201323308,2024-10-12 12:14:49,外借,1
117,The Count of Monte Cristo,201323308,2024-11-11 08:00:36,续借,1
117,The Count of Monte Cristo,201323308,2024-12-19 16:36:57,归还,0
118,棋王树王孩子王 ,201042371,2024-09-29 12:16:15,外借,1
118,棋王树王孩子王 ,201042362,2024-10-21 12:17:10,外借,1
118,棋王树王孩子王 ,201042371,2024-11-04 19:17:22,归还,0
118,棋王树王孩子王 ,201042362,2024-11-25 07:39:08,归还,0
118,棋王树王孩子王 ,201042362,2025-02-27 11:54:56,外借,1
118,棋王树王孩子王 ,201042362,2025-04-24 11:49:48,归还,0
119,月亮和六便士,201018442,2024-09-13 11:53:19,外借,1
119,月亮和六便士,200962896,2024-11-14 16:39:44,外借,1
119,月亮和六便士,200962896,2024-11-20 07:52:18,归还,0
119,月亮和六便士,200857215,2025-04-30 14:38:04,外借,1
119,月亮和六便士,200857215,2025-05-21 16:09:21,归还,0
120,The Herb Book,201321872,2025-02-17 07:35:36,外借,1
120,The Herb Book,201321872,2025-04-30 11:35:23,归还,0
120,The Herb Book,201321872,2025-04-30 11:43:57,外借,1
120,The Herb Book,201321872,2025-04-30 11:45:00,续借,1
121,社会学基本概念,201058602,2024-12-18 14:48:15,外借,1
121,社会学基本概念,201058602,2025-03-10 14:56:39,归还,0
121,社会学基本概念,201058602,2025-03-10 15:43:38,外借,1
121,社会学基本概念,201058602,2025-04-03 12:16:53,续借,1
121,社会学基本概念,201058602,2025-04-22 12:08:25,归还,0
122,生物学之书,200916492,2024-09-04 17:31:14,外借,1
122,生物学之书,200916492,2024-09-20 12:42:24,续借,1
122,生物学之书,200916508,2024-09-30 12:15:50,外借,1
122,生物学之书,200916508,2024-10-28 06:48:21,归还,0
122,生物学之书,200916492,2024-11-12 10:26:20,归还,0
123,时间简史,200997314,2024-10-17 11:33:15,外借,1
123,时间简史,200990008,2024-10-30 17:59:12,外借,1
123,时间简史,200990008,2024-10-31 14:55:53,归还,0
123,时间简史,200997314,2024-11-13 14:33:01,续借,1
123,时间简史,200997314,2024-12-20 08:47:48,归还,0
124,权力精英 ,200881082,2024-09-02 12:20:37,归还,0
124,权力精英 ,200881082,2024-09-02 12:21:58,外借,1
124,权力精英 ,200881082,2024-10-10 16:50:55,归还,0
124,权力精英 ,200881082,2024-10-10 16:51:31,外借,1
124,权力精英 ,200881082,2025-02-17 12:21:54,归还,0
124,权力精英 ,200881082,2025-02-17 12:22:21,外借,1
125,The Adventure of the Blue Carbuncle,200695961,2024-09-06 12:43:28,外借,1
125,The Adventure of the Blue Carbuncle,200695961,2024-10-12 12:11:14,归还,0
125,The Adventure of the Blue Carbuncle,200695961,2024-10-12 12:15:01,外借,1
125,The Adventure of the Blue Carbuncle,200695961,2024-11-11 08:00:32,续借,1
125,The Adventure of the Blue Carbuncle,200695961,2024-12-19 16:36:57,归还,0
126,无依之地,201049187,2024-09-02 12:21:01,归还,0
126,无依之地,201049187,2024-09-02 12:21:58,外借,1
126,无依之地,201049187,2024-10-10 16:51:04,归还,0
126,无依之地,201049187,2024-10-10 16:51:31,外借,1
126,无依之地,201049187,2025-02-17 12:21:54,归还,0
126,无依之地,201049187,2025-02-17 12:22:21,外借,1
127,IBDP中文A文学课程专题拓展论文及个人口头评论优秀范例点评,200192647,2025-02-17 16:42:59,外借,1
127,IBDP中文A文学课程专题拓展论文及个人口头评论优秀范例点评,200192665,2025-03-28 12:37:12,外借,1
127,IBDP中文A文学课程专题拓展论文及个人口头评论优秀范例点评,200192656,2025-04-18 11:09:59,归还,0
127,IBDP中文A文学课程专题拓展论文及个人口头评论优秀范例点评,200192656,2025-04-24 16:00:47,外借,1
127,IBDP中文A文学课程专题拓展论文及个人口头评论优秀范例点评,200192656,2025-05-27 11:04:45,归还,0
127,IBDP中文A文学课程专题拓展论文及个人口头评论优秀范例点评,200192665,2025-06-06 08:00:35,归还,0
127,IBDP中文A文学课程专题拓展论文及个人口头评论优秀范例点评,200192647,2025-06-06 09:39:35,归还,0
128,战争中没有女性,200847744,2025-01-10 11:16:07,外借,1
128,战争中没有女性,200847744,2025-01-10 11:16:15,续借,1
128,战争中没有女性,200847744,2025-04-17 17:10:57,归还,0
128,战争中没有女性,200847744,2025-04-17 18:01:01,外借,1
129,秘密,200945870,2024-09-05 11:40:20,外借,1
129,秘密,200945870,2024-09-11 07:14:48,归还,0
129,秘密,200943943,2024-09-14 12:02:13,外借,1
129,秘密,200943943,2024-09-20 14:21:53,归还,0
129,秘密,200943943,2025-01-07 17:25:48,外借,1
129,秘密,200943943,2025-05-20 11:30:52,归还,0
130,"The hobbit, or, There and back again",200690350,2025-01-10 14:14:32,外借,1
130,"The hobbit, or, There and back again",200690350,2025-02-18 13:20:18,归还,0
130,"The hobbit, or, There and back again",200690350,2025-04-16 17:30:25,外借,1
130,"The hobbit, or, There and back again",200690350,2025-05-03 22:47:06,续借,1
130,"The hobbit, or, There and back again",200690350,2025-06-06 12:51:25,归还,0
131,玻璃球游戏 ,200861754,2024-11-19 12:03:11,外借,1
131,玻璃球游戏 ,200861754,2024-12-09 11:20:35,续借,1
131,玻璃球游戏 ,200861754,2025-01-08 16:22:47,归还,0
131,玻璃球游戏 ,200861754,2025-01-08 16:23:25,外借,1
131,玻璃球游戏 ,200861754,2025-02-17 17:45:24,归还,0
132,王氏之死 : 大历史背后的小人物命运,200978308,2025-01-10 11:16:38,外借,1
132,王氏之死 : 大历史背后的小人物命运,200978308,2025-01-10 11:16:44,续借,1
132,王氏之死 : 大历史背后的小人物命运,200978308,2025-04-17 17:11:13,归还,0
132,王氏之死 : 大历史背后的小人物命运,200978308,2025-04-17 18:00:32,外借,1
132,王氏之死 : 大历史背后的小人物命运,200978308,2025-05-23 07:28:04,归还,0
133,Siddhartha,200659135,2024-09-02 09:23:28,归还,0
133,Siddhartha,200659135,2024-09-02 09:23:53,外借,1
133,Siddhartha,200659135,2025-01-10 09:56:58,归还,0
133,Siddhartha,200659135,2025-01-10 09:57:25,外借,1
133,Siddhartha,200659135,2025-04-14 18:18:23,归还,0
133,Siddhartha,200659135,2025-04-27 17:22:20,外借,1
134,流俗地 ,200847361,2024-09-05 11:11:00,外借,1
134,流俗地 ,200847361,2024-10-01 12:58:24,续借,1
134,流俗地 ,200847361,2024-11-01 10:15:24,归还,0
134,流俗地 ,200847361,2025-04-14 09:18:52,外借,1
134,流俗地 ,200847361,2025-05-19 14:43:19,归还,0
135,Physics for Scientists and Engineers with Modern Physics Pearson New International Edition,200402661,2024-09-10 12:36:56,外借,1
135,Physics for Scientists and Engineers with Modern Physics Pearson New International Edition,200402661,2025-03-13 16:47:41,归还,0
135,Physics for Scientists and Engineers with Modern Physics Pearson New International Edition,200402661,2025-03-13 16:47:50,外借,1
135,Physics for Scientists and Engineers with Modern Physics Pearson New International Edition,200402661,2025-04-24 16:39:30,续借,1
135,Physics for Scientists and Engineers with Modern Physics Pearson New International Edition,200402661,2025-06-04 07:19:15,归还,0
136,Physics: Principles with Applications,200035648,2024-09-23 15:23:07,外借,1
136,Physics: Principles with Applications,200035620,2024-11-11 14:07:12,外借,1
136,Physics: Principles with Applications,200402288,2024-11-11 14:07:25,外借,1
136,Physics: Principles with Applications,200035648,2025-06-06 15:37:39,归还,0
137,汪曾祺小说集. 鸡鸭名家 ,200936817,2025-04-11 14:49:36,外借,1
137,汪曾祺小说集. 鸡鸭名家 ,200936808,2025-05-06 09:27:22,外借,1
137,汪曾祺小说集. 鸡鸭名家 ,200936817,2025-05-10 13:41:20,续借,1
137,汪曾祺小说集. 鸡鸭名家 ,200936817,2025-06-05 20:14:50,归还,0
138,法律,201011699,2024-09-02 12:20:37,归还,0
138,法律,201011699,2024-09-02 12:21:58,外借,1
138,法律,201011699,2024-10-10 16:50:55,归还,0
138,法律,201011699,2024-10-10 16:51:31,外借,1
138,法律,201011699,2025-02-17 12:21:54,归还,0
138,法律,201011699,2025-02-17 12:22:21,外借,1
139,沉默的大多数,200847192,2024-09-19 10:44:21,外借,1
139,沉默的大多数,200847192,2024-12-18 17:11:06,归还,0
139,沉默的大多数,200847192,2025-02-27 11:53:45,外借,1
139,沉默的大多数,200847192,2025-03-14 07:40:51,续借,1
139,沉默的大多数,200847192,2025-06-03 12:07:57,归还,0
140,Mathematics: Analysis and Approaches HL,200404179,2024-10-21 17:10:22,续借,1
140,Mathematics: Analysis and Approaches HL,200404151,2025-03-17 11:42:07,外借,1
140,Mathematics: Analysis and Approaches HL,200404151,2025-03-17 11:42:31,续借,1
140,Mathematics: Analysis and Approaches HL,200404151,2025-03-17 11:43:41,归还,0
141,洛丽塔,200877738,2024-12-16 12:41:58,外借,1
141,洛丽塔,200877738,2025-01-02 20:59:51,续借,1
141,洛丽塔,200877738,2025-01-09 17:09:51,归还,0
141,洛丽塔,200207178,2025-02-24 10:08:16,外借,1
141,洛丽塔,200207178,2025-04-01 16:50:34,归还,0
142,信使,200814379,2024-11-19 12:09:40,外借,1
142,信使,200814379,2024-11-19 12:09:42,归还,0
142,信使,200814379,2024-11-19 12:09:53,外借,1
142,信使,200814379,2024-12-17 10:25:22,续借,1
142,信使,200814379,2024-12-24 11:39:09,归还,0
143,牛奶可乐经济学 2,200989243,2024-09-04 17:51:29,归还,0
143,牛奶可乐经济学 2,200989243,2024-09-04 17:51:39,外借,1
143,牛奶可乐经济学 2,200989243,2024-09-04 17:51:55,续借,1
143,牛奶可乐经济学 2,200989243,2024-11-07 17:44:20,归还,0
143,牛奶可乐经济学 2,200989243,2024-11-07 17:44:35,外借,1
144,牛虻,200877462,2024-11-05 16:03:39,外借,1
144,牛虻,200877462,2024-11-11 11:39:31,归还,0
144,牛虻,200877462,2025-02-27 08:43:34,外借,1
144,牛虻,200877462,2025-03-04 15:43:17,归还,0
144,牛虻,200877462,2025-03-05 10:29:37,外借,1
144,牛虻,200877462,2025-03-10 10:46:58,归还,0
145,Normal people : a novel,201307040,2024-09-19 12:24:18,外借,1
145,Normal people : a novel,201307040,2024-09-24 16:37:29,归还,0
145,Normal people : a novel,201307040,2025-01-07 20:25:08,外借,1
145,Normal people : a novel,201307040,2025-02-01 14:44:03,续借,1
146,深度学习 ,201033274,2024-09-12 17:39:31,外借,1
146,深度学习 ,201033274,2024-09-12 17:39:52,续借,1
146,深度学习 ,201033274,2024-11-21 09:20:57,归还,0
146,深度学习 ,201033274,2024-12-06 12:29:17,外借,1
146,深度学习 ,201033274,2025-01-07 07:30:24,归还,0
147,音乐和数学：谜一般的关系,200989779,2024-09-14 12:41:07,外借,1
147,音乐和数学：谜一般的关系,200989779,2024-11-14 11:50:22,归还,0
147,音乐和数学：谜一般的关系,200989779,2024-11-14 11:51:59,外借,1
147,音乐和数学：谜一般的关系,200989779,2024-12-09 21:01:35,续借,1
147,音乐和数学：谜一般的关系,200989779,2025-03-11 12:38:15,归还,0
148,Bantam Classics：Wuthering Heights,200696675,2024-09-10 07:47:49,归还,0
148,Bantam Classics：Wuthering Heights,200696675,2025-03-07 13:33:34,外借,1
148,Bantam Classics：Wuthering Heights,200696675,2025-03-14 08:05:03,归还,0
148,Bantam Classics：Wuthering Heights,200696675,2025-03-19 17:14:09,外借,1
148,Bantam Classics：Wuthering Heights,200696675,2025-04-17 15:44:33,续借,1
148,Bantam Classics：Wuthering Heights,200696675,2025-05-19 17:48:12,归还,0
149,阿莱夫,200860238,2024-10-25 12:15:22,外借,1
149,阿莱夫,200860238,2024-10-29 09:26:40,归还,0
149,阿莱夫,200860238,2024-11-26 09:26:18,外借,1
149,阿莱夫,200860238,2024-12-10 13:23:38,续借,1
149,阿莱夫,200860238,2025-01-09 16:33:12,归还,0
150,鸟类的崛起 : 2.25亿年的进化,201005955,2025-04-14 14:49:29,外借,1
150,鸟类的崛起 : 2.25亿年的进化,201005955,2025-04-17 16:20:25,续借,1
150,鸟类的崛起 : 2.25亿年的进化,201005955,2025-04-18 11:34:43,归还,0
151,陈阅增普通生物学 ,201021731,2024-10-11 16:23:16,外借,1
151,陈阅增普通生物学 ,201021731,2024-11-01 11:07:06,归还,0
151,陈阅增普通生物学 ,201021722,2024-11-13 15:59:34,外借,1
151,陈阅增普通生物学 ,201021722,2024-12-09 11:24:43,归还,0
152,雪山飞狐,201050593,2025-04-27 17:48:41,外借,1
152,雪山飞狐,201050593,2025-05-21 17:44:08,续借,1
153,Babel-17/Empire Star,201306684,2024-09-14 12:28:01,外借,1
153,Babel-17/Empire Star,201306684,2024-09-19 16:35:41,归还,0
153,Babel-17/Empire Star,201306684,2024-09-19 16:35:50,外借,1
153,Babel-17/Empire Star,201306684,2024-09-29 16:35:29,归还,0
154,霍比特人:精装插图本,200916063,2024-09-06 11:50:51,外借,1
154,霍比特人:精装插图本,200916063,2024-09-29 21:58:59,续借,1
154,霍比特人:精装插图本,200916063,2024-11-07 16:23:46,归还,0
155,青之炎,200877729,2024-09-10 16:33:41,归还,0
155,青之炎,200877729,2024-09-10 16:34:59,外借,1
155,青之炎,200877729,2024-09-10 16:35:44,续借,1
156,青梅竹马,200959445,2024-09-10 16:33:41,归还,0
156,青梅竹马,200959445,2024-09-10 16:35:12,外借,1
156,青梅竹马,200959445,2024-09-10 16:35:43,续借,1
157,银河系搭车客指南.2,200883767,2024-12-18 17:33:50,外借,1
157,银河系搭车客指南.2,200883767,2024-12-20 15:02:25,续借,1
157,银河系搭车客指南.2,200883767,2025-03-18 17:06:16,归还,0
158,北欧神话 ,200925927,2025-03-27 12:22:33,外借,1
158,北欧神话 ,200925927,2025-04-17 20:24:58,续借,1
158,北欧神话 ,200925927,2025-06-03 20:29:42,归还,0
159,助推：如何做出有关健康、财富与幸福的最佳决策,200868515,2025-02-18 07:53:13,外借,1
159,助推：如何做出有关健康、财富与幸福的最佳决策,200868515,2025-04-02 07:42:05,归还,0
159,助推：如何做出有关健康、财富与幸福的最佳决策,200868515,2025-04-02 07:47:37,外借,1
160,受戒,200997653,2025-02-27 10:25:33,外借,1
160,受戒,200997653,2025-02-27 10:26:00,归还,0
160,受戒,200997653,2025-02-27 10:26:14,外借,1
161,叔本华思想随笔,200912085,2024-11-01 08:52:21,外借,1
161,叔本华思想随笔,200912085,2024-11-28 15:06:11,续借,1
161,叔本华思想随笔,200912085,2024-12-27 14:22:57,归还,0
162,Educated: A Memoir,201304356,2025-02-27 17:32:26,外借,1
162,Educated: A Memoir,201304356,2025-03-19 12:08:49,续借,1
162,Educated: A Memoir,201304356,2025-04-30 07:32:33,归还,0
163,Educated : a memoir,200659037,2024-09-25 09:58:34,外借,1
163,Educated : a memoir,200659037,2024-10-17 20:35:39,续借,1
163,Educated : a memoir,200659037,2024-11-22 12:13:53,归还,0
164,那个特别的疯子,201034219,2024-09-06 12:30:07,外借,1
164,那个特别的疯子,201034219,2024-09-30 07:23:57,续借,1
164,那个特别的疯子,201034219,2025-01-02 17:30:19,归还,0
165,遮蔽的天空,200870744,2024-10-08 07:50:02,外借,1
165,遮蔽的天空,200870744,2024-11-07 10:17:08,归还,0
165,遮蔽的天空,200870744,2024-11-07 10:17:18,外借,1
165,遮蔽的天空,200870744,2025-02-27 11:48:02,归还,0
166,长安的荔枝,200841063,2025-02-26 14:58:17,外借,1
166,长安的荔枝,200841063,2025-04-09 09:35:39,归还,0
166,长安的荔枝,200841063,2025-04-17 20:10:08,外借,1
166,长安的荔枝,200841063,2025-05-12 07:26:25,归还,0
167,长安十二时辰 下,200831751,2025-02-20 08:25:41,外借,1
167,长安十二时辰 下,200942579,2025-03-04 17:36:40,外借,1
167,长安十二时辰 下,200942579,2025-03-10 07:28:19,归还,0
167,长安十二时辰 下,200831751,2025-03-10 17:39:19,归还,0
168,长安十二时辰 上,200942560,2025-02-17 07:17:36,外借,1
168,长安十二时辰 上,200942551,2025-02-17 11:17:31,外借,1
168,长安十二时辰 上,200942560,2025-02-21 11:39:00,归还,0
168,长安十二时辰 上,200942551,2025-03-06 07:27:13,归还,0
169,Amusing Ourselves to Death[娱乐至死],201407655,2024-10-11 17:24:50,外借,1
169,Amusing Ourselves to Death[娱乐至死],201407655,2024-11-21 09:20:57,归还,0
169,Amusing Ourselves to Death[娱乐至死],201407655,2025-02-26 11:07:49,外借,1
169,Amusing Ourselves to Death[娱乐至死],201407655,2025-04-01 14:01:02,归还,0
170,Chiltern Classic：Northanger Abbey,200687729,2025-04-08 10:10:58,外借,1
170,Chiltern Classic：Northanger Abbey,200687729,2025-05-06 12:31:52,续借,1
170,Chiltern Classic：Northanger Abbey,200687729,2025-06-06 15:09:31,归还,0
171,Campbell Essential Biology (6th Edition),200032035,2024-10-29 14:40:37,外借,1
171,Campbell Essential Biology (6th Edition),200032053,2024-11-07 09:40:10,外借,1
171,Campbell Essential Biology (6th Edition),200032053,2024-11-07 15:48:50,归还,0
172,镜头的语法 :插图修订第2版,201058201,2025-03-03 11:56:03,外借,1
172,镜头的语法 :插图修订第2版,201058201,2025-05-16 14:17:47,归还,0
172,镜头的语法 :插图修订第2版,201058201,2025-05-16 14:20:53,外借,1
173,镜与灯 ,200974712,2025-04-23 16:26:08,外借,1
173,镜与灯 ,200974712,2025-05-16 12:24:30,续借,1
174,Penguin Vitae: The Age of Innocence,201307709,2025-03-24 09:34:41,外借,1
174,Penguin Vitae: The Age of Innocence,201307709,2025-04-23 08:00:14,归还,0
174,Penguin Vitae: The Age of Innocence,201307709,2025-05-02 12:06:56,外借,1
174,Penguin Vitae: The Age of Innocence,201307709,2025-05-16 13:55:54,归还,0
175,武曌,200825651,2024-11-07 12:54:24,外借,1
175,武曌,200825651,2024-11-07 12:54:59,续借,1
175,武曌,200825651,2024-11-14 12:37:25,归还,0
176,欧洲的黄昏,200973358,2024-10-12 14:50:56,外借,1
176,欧洲的黄昏,200973358,2024-11-01 11:29:31,续借,1
176,欧洲的黄昏,200973358,2024-11-05 16:38:10,归还,0
177,洞穴奇案,200850864,2024-09-05 11:11:11,外借,1
177,洞穴奇案,200850864,2024-09-05 11:11:24,续借,1
177,洞穴奇案,200850864,2024-11-19 16:54:22,归还,0
178,江城 ,200858330,2024-09-09 11:28:44,外借,1
178,江城 ,200858330,2024-10-08 15:44:07,续借,1
178,江城 ,200858330,2024-10-31 07:57:22,归还,0
179,Physics for the IB Diploma Coursebook with Digital Access (2 Years),201502800,2024-11-26 15:58:54,外借,1
179,Physics for the IB Diploma Coursebook with Digital Access (2 Years),201500955,2024-11-27 16:58:51,外借,1
179,Physics for the IB Diploma Coursebook with Digital Access (2 Years),201500955,2025-02-18 17:56:22,归还,0
180,Philosophy of Science: Very Short Introduction,201301938,2024-10-21 11:27:01,外借,1
180,Philosophy of Science: Very Short Introduction,201301938,2024-11-04 19:14:46,续借,1
181,Signet Classics: Wuthering Heights,201306719,2024-10-24 16:47:15,外借,1
181,Signet Classics: Wuthering Heights,201306719,2024-11-16 17:26:59,续借,1
181,Signet Classics: Wuthering Heights,201306719,2024-12-09 11:04:24,归还,0
182,Signet Classics: The Age of Innocence,200699770,2024-11-13 15:14:25,外借,1
182,Signet Classics: The Age of Innocence,200699770,2025-01-10 11:20:37,归还,0
182,Signet Classics: The Age of Innocence,200699770,2025-02-24 16:22:02,外借,1
182,Signet Classics: The Age of Innocence,200699770,2025-03-25 16:33:58,归还,0
183,Signet Classics: Tales From Shakespeare,200697460,2024-12-04 17:00:10,外借,1
183,Signet Classics: Tales From Shakespeare,200697460,2025-01-03 14:19:52,续借,1
183,Signet Classics: Tales From Shakespeare,200697460,2025-01-10 11:05:33,归还,0
184,海上钢琴师,200874081,2024-09-20 09:16:13,外借,1
184,海上钢琴师,200874081,2024-10-21 16:21:38,归还,0
184,海上钢琴师,200874081,2025-04-03 09:31:55,外借,1
184,海上钢琴师,200874081,2025-05-07 17:20:47,归还,0
185,活下去的理由 ,200926613,2024-09-19 17:14:23,外借,1
185,活下去的理由 ,200926613,2024-10-12 11:02:15,续借,1
185,活下去的理由 ,200926613,2024-10-15 10:09:32,归还,0
186,爱伦·坡短篇小说全集. 下,200831626,2024-12-27 11:38:55,外借,1
186,爱伦·坡短篇小说全集. 下,200831626,2025-03-13 17:21:33,归还,0
186,爱伦·坡短篇小说全集. 下,200831626,2025-03-13 17:22:36,外借,1
187,灿烂千阳,200919792,2024-11-01 09:54:39,外借,1
187,灿烂千阳,200919792,2024-12-27 15:41:19,归还,0
187,灿烂千阳,200919792,2025-03-18 09:07:45,外借,1
188,漫长的余生 : 一个北魏宫女和她的时代,200869337,2024-09-10 12:24:55,外借,1
188,漫长的余生 : 一个北魏宫女和她的时代,200869337,2024-10-01 12:58:34,续借,1
188,漫长的余生 : 一个北魏宫女和她的时代,200869337,2024-11-01 10:15:34,归还,0
189,深度学习：智能时代的核心驱动力量,200876203,2024-10-14 17:14:36,外借,1
189,深度学习：智能时代的核心驱动力量,200876203,2024-11-13 14:32:48,续借,1
189,深度学习：智能时代的核心驱动力量,200876203,2024-12-13 07:12:08,归还,0
190,毕业,200938708,2024-10-08 16:40:49,外借,1
190,毕业,200938708,2024-11-15 08:27:34,归还,0
190,毕业,200938708,2024-11-15 08:28:32,外借,1
190,毕业,200938708,2024-11-21 08:16:21,归还,0
191,Signet Classics: Jane Eyre,200698496,2024-09-11 17:42:11,外借,1
191,Signet Classics: Jane Eyre,200698496,2024-10-14 16:54:23,归还,0
191,Signet Classics: Jane Eyre,200698496,2024-10-15 12:09:49,外借,1
191,Signet Classics: Jane Eyre,200698496,2024-12-06 07:38:50,归还,0
192,The Black Swan,201301643,2025-05-22 07:46:32,归还,0
192,The Black Swan,201301643,2025-05-30 11:36:30,外借,1
192,The Black Swan,201301643,2025-05-30 11:47:09,续借,1
193,The Birth of Classical Europe: A History from Troy to Augustine,201322069,2024-11-21 17:23:44,外借,1
193,The Birth of Classical Europe: A History from Troy to Augustine,201322069,2024-12-19 23:07:23,续借,1
193,The Birth of Classical Europe: A History from Troy to Augustine,201322069,2025-01-10 09:40:08,归还,0
194,The Bell Jar,201318591,2024-10-31 15:07:03,外借,1
194,The Bell Jar,201318591,2024-11-13 09:00:43,续借,1
194,The Bell Jar,201318591,2025-01-08 08:17:37,归还,0
194,The Bell Jar,201318608,2025-02-17 17:17:04,归还,0
195,牛奶可乐经济学,200815378,2024-09-02 12:30:44,归还,0
195,牛奶可乐经济学,200815378,2024-09-19 17:11:50,外借,1
195,牛奶可乐经济学,200815378,2024-10-14 12:14:47,续借,1
195,牛奶可乐经济学,200815378,2024-11-04 17:21:39,归还,0
196,爱的设计,200973198,2024-12-05 16:18:55,外借,1
196,爱的设计,200973198,2025-02-19 11:26:46,归还,0
196,爱的设计,200973198,2025-02-19 11:26:58,外借,1
196,爱的设计,200973198,2025-02-24 10:00:33,归还,0
197,现代拉丁美洲文学,200829915,2024-09-27 14:44:37,外借,1
197,现代拉丁美洲文学,200829915,2024-10-29 08:56:39,归还,0
197,现代拉丁美洲文学,200829915,2024-10-29 08:56:48,外借,1
197,现代拉丁美洲文学,200829915,2024-12-24 08:13:15,归还,0
198,现代建筑年鉴,200970869,2025-02-27 11:51:15,外借,1
198,现代建筑年鉴,200970869,2025-03-14 07:40:47,续借,1
198,现代建筑年鉴,200970869,2025-06-06 07:38:56,归还,0
199,猫和狗的生活哲学,200872458,2024-10-24 12:11:15,外借,1
199,猫和狗的生活哲学,200872467,2024-10-24 16:38:20,外借,1
199,猫和狗的生活哲学,200872458,2024-11-18 12:25:22,归还,0
199,猫和狗的生活哲学,200872467,2024-12-26 08:30:00,归还,0
200,生命简史,201044360,2024-09-24 17:54:06,外借,1
200,生命简史,201044360,2024-09-25 11:38:34,归还,0
200,生命简史,201016747,2025-05-12 16:11:41,外借,1
200,生命简史,201016747,2025-06-06 14:16:43,归还,0
201,瓦尔登湖,200882982,2025-01-09 08:06:44,外借,1
201,瓦尔登湖,200882982,2025-01-09 08:07:15,续借,1
201,瓦尔登湖,200882982,2025-02-28 07:11:19,归还,0
201,瓦尔登湖,200170732,2025-05-19 15:39:02,归还,0
202,现代艺术,200893792,2024-09-11 12:31:56,外借,1
202,现代艺术,200861004,2024-09-25 08:04:48,外借,1
202,现代艺术,200893792,2024-09-25 11:43:01,归还,0
202,现代艺术,200861004,2024-09-25 11:56:41,归还,0
203,直到时间的尽头,200869177,2024-12-03 16:35:09,外借,1
203,直到时间的尽头,200869177,2025-05-19 08:08:24,归还,0
203,直到时间的尽头,200869177,2025-06-05 07:30:09,外借,1
204,白夜行,201059148,2025-01-10 12:45:19,外借,1
204,白夜行,201059148,2025-01-10 13:50:50,归还,0
204,白夜行,201059148,2025-03-18 17:32:55,外借,1
204,白夜行,201059148,2025-04-21 16:37:51,归还,0
205,Lost in translation : an illustrated compendium of untranslatable words from around the world,201326154,2025-01-10 12:34:25,外借,1
205,Lost in translation : an illustrated compendium of untranslatable words from around the world,201326154,2025-01-10 15:53:37,续借,1
205,Lost in translation : an illustrated compendium of untranslatable words from around the world,201326154,2025-02-28 07:11:42,归还,0
206,The A.B.C. murders,201323317,2024-11-07 17:36:19,外借,1
206,The A.B.C. murders,201323317,2024-11-13 14:33:22,续借,1
206,The A.B.C. murders,201323317,2024-12-27 10:18:32,归还,0
207,Penguin Classics Deluxe Edition: Dracula,201307745,2024-11-21 17:23:53,外借,1
207,Penguin Classics Deluxe Edition: Dracula,201307745,2024-12-19 23:07:21,续借,1
207,Penguin Classics Deluxe Edition: Dracula,201307745,2025-03-07 08:21:27,归还,0
208,Pearson Chemistry for the IB Diploma SL,201314755,2024-10-18 08:59:27,外借,1
208,Pearson Chemistry for the IB Diploma SL,201314755,2024-11-11 15:44:48,归还,0
208,Pearson Chemistry for the IB Diploma SL,201314746,2024-11-26 17:24:40,外借,1
208,Pearson Chemistry for the IB Diploma SL,201314746,2025-01-03 14:32:30,归还,0
209,Paper Towns,200687355,2025-03-10 16:16:39,外借,1
209,Paper Towns,200687355,2025-05-09 11:38:33,归还,0
209,Paper Towns,200687355,2025-05-12 17:27:38,外借,1
210,电车难题,200847637,2024-09-04 17:00:19,外借,1
210,电车难题,200847637,2024-09-04 17:00:32,续借,1
210,电车难题,200847637,2024-09-05 11:01:02,归还,0
211,祝勇文学笔记,200961129,2025-03-18 17:37:51,外借,1
211,祝勇文学笔记,200961129,2025-04-16 00:14:17,续借,1
211,祝勇文学笔记,200961129,2025-04-23 14:56:22,归还,0
212,社交媒体简史：从莎草纸到互联网,200865091,2024-10-10 13:08:48,外借,1
212,社交媒体简史：从莎草纸到互联网,200865091,2024-11-11 13:29:36,归还,0
212,社交媒体简史：从莎草纸到互联网,200865091,2024-11-11 13:30:41,外借,1
212,社交媒体简史：从莎草纸到互联网,200865091,2025-02-19 11:14:22,归还,0
213,科学哲学,201011868,2024-09-11 08:55:02,外借,1
213,科学哲学,201011868,2025-01-10 11:56:28,归还,0
213,科学哲学,201011868,2025-02-18 12:01:46,外借,1
213,科学哲学,201011868,2025-06-09 11:10:43,归还,0
214,科学发现的逻辑 ,200895120,2024-09-24 17:49:49,外借,1
214,科学发现的逻辑 ,200895120,2024-09-25 11:44:47,归还,0
214,科学发现的逻辑 ,200895120,2025-02-17 07:34:55,外借,1
215,秋园 ,200875142,2025-02-27 10:47:59,外借,1
215,秋园 ,200875133,2025-04-07 17:29:58,外借,1
215,秋园 ,200875133,2025-04-10 07:52:23,归还,0
216,福柯,201004554,2024-10-16 12:16:06,外借,1
216,福柯,201004554,2024-10-30 13:34:16,归还,0
216,福柯,201004554,2025-02-24 17:47:29,外借,1
216,福柯,201004554,2025-02-27 08:43:01,归还,0
217,Kim,201313621,2025-05-30 11:43:26,外借,1
217,Kim,201313621,2025-05-30 11:47:05,续借,1
218,欢乐的葬礼,200923581,2025-03-12 18:00:04,外借,1
218,欢乐的葬礼,200923581,2025-03-12 18:00:18,续借,1
218,欢乐的葬礼,200923581,2025-03-17 07:50:07,归还,0
219,梦的解析,200969746,2025-01-08 20:02:33,外借,1
219,梦的解析,200969746,2025-02-06 22:01:16,续借,1
219,梦的解析,200969746,2025-04-17 10:01:04,归还,0
220,树犹如此,200980073,2024-12-10 12:09:10,外借,1
220,树犹如此,200980082,2025-02-19 15:52:07,外借,1
220,树犹如此,200980082,2025-02-26 14:56:13,归还,0
220,树犹如此,200980073,2025-03-24 17:15:22,归还,0
221,林家铺子,201022151,2024-10-12 12:31:10,外借,1
221,林家铺子,201022151,2024-10-27 19:57:22,续借,1
221,林家铺子,201022151,2024-12-25 07:47:02,归还,0
222,改变心理学的4项研究 ,200896879,2024-09-04 13:47:49,外借,1
222,改变心理学的4项研究 ,200896879,2024-09-14 11:51:10,归还,0
222,改变心理学的4项研究 ,200896879,2024-09-25 08:21:16,外借,1
222,改变心理学的4项研究 ,200896879,2024-09-25 11:44:19,归还,0
223,文学批评入门,200949055,2024-11-07 17:06:12,外借,1
223,文学批评入门,200949055,2025-03-24 08:10:02,归还,0
223,文学批评入门,200949055,2025-04-16 17:18:23,外借,1
224,数理化通俗演义 下,200904628,2024-09-25 08:09:37,外借,1
224,数理化通俗演义 下,200904619,2024-09-25 08:09:45,外借,1
224,数理化通俗演义 下,200904619,2025-01-10 10:49:19,归还,0
224,数理化通俗演义 下,200904628,2025-01-10 10:49:28,归还,0
225,数理化通俗演义 上,200904600,2024-09-25 08:09:26,外借,1
225,数理化通俗演义 上,200904593,2024-09-25 08:09:31,外借,1
225,数理化通俗演义 上,200904593,2025-01-10 10:49:23,归还,0
225,数理化通俗演义 上,200904600,2025-01-10 10:49:30,归还,0
226,数学简史,200864902,2024-09-11 12:18:37,外借,1
226,数学简史,200864895,2024-09-24 13:11:27,外借,1
226,数学简史,200864902,2024-09-25 11:42:45,归还,0
226,数学简史,200864895,2024-09-25 11:44:56,归还,0
227,数学建模教学案例精选,201047214,2025-03-31 12:19:45,外借,1
227,数学建模教学案例精选,201047214,2025-04-03 12:16:56,续借,1
227,数学建模教学案例精选,201047214,2025-05-16 12:17:35,归还,0
228,无人生还,200836195,2024-09-13 11:53:19,外借,1
228,无人生还,200888209,2024-09-26 17:21:54,外借,1
228,无人生还,200888209,2024-11-06 19:02:51,归还,0
229,The Complete Yes Prime Minister: The Diaries of ...,200415504,2024-11-08 10:47:40,外借,1
229,The Complete Yes Prime Minister: The Diaries of ...,200415504,2024-12-03 11:12:01,归还,0
229,The Complete Yes Prime Minister: The Diaries of ...,200415504,2024-12-10 12:13:25,外借,1
230,The Picture of Dorian Gray,201301858,2024-11-07 10:17:18,外借,1
230,The Picture of Dorian Gray,201301858,2025-02-27 11:48:03,归还,0
230,The Picture of Dorian Gray,201301858,2025-02-27 11:48:18,外借,1
231,The Offing,200691581,2025-03-10 15:43:17,外借,1
231,The Offing,200691581,2025-04-03 12:16:55,续借,1
231,The Offing,200691581,2025-04-08 13:04:56,归还,0
232,The O. Henry Prize Stories 1th Anniversary Edition (219),201306470,2025-01-09 08:06:32,外借,1
232,The O. Henry Prize Stories 1th Anniversary Edition (219),201306470,2025-01-09 08:07:12,续借,1
232,The O. Henry Prize Stories 1th Anniversary Edition (219),201306470,2025-02-28 07:11:14,归还,0
233,斯宾诺莎与表现问题,201000521,2024-12-25 12:26:21,外借,1
233,斯宾诺莎与表现问题,201000521,2025-01-02 15:39:12,归还,0
233,斯宾诺莎与表现问题,201000521,2025-03-24 15:09:19,外借,1
233,斯宾诺莎与表现问题,201000521,2025-05-21 14:34:15,归还,0
234,星空故事：88站夜空漫游指南,200870307,2024-10-30 17:58:56,外借,1
234,星空故事：88站夜空漫游指南,200870307,2024-11-25 07:14:41,续借,1
234,星空故事：88站夜空漫游指南,200870307,2024-11-25 17:21:13,归还,0
235,日本近代思想史,200807733,2024-09-02 12:29:06,归还,0
235,日本近代思想史,200807733,2024-11-11 14:48:26,外借,1
235,日本近代思想史,200807733,2024-12-01 10:22:01,续借,1
235,日本近代思想史,200807733,2025-01-09 17:05:59,归还,0
236,机器学习实战 : 基于Scikit-Learn、Keras和TensorFlow,200988985,2024-09-03 12:09:55,外借,1
236,机器学习实战 : 基于Scikit-Learn、Keras和TensorFlow,200988985,2024-09-23 14:25:20,归还,0
236,机器学习实战 : 基于Scikit-Learn、Keras和TensorFlow,200988985,2024-12-10 14:59:51,外借,1
236,机器学习实战 : 基于Scikit-Learn、Keras和TensorFlow,200988985,2025-05-19 08:07:46,归还,0
237,The Art of Racing in the Rain Intl,201323086,2025-03-20 15:46:14,外借,1
237,The Art of Racing in the Rain Intl,201323086,2025-03-31 09:31:17,归还,0
237,The Art of Racing in the Rain Intl,201323086,2025-04-02 12:42:14,外借,1
237,The Art of Racing in the Rain Intl,201323086,2025-04-09 13:27:32,归还,0
238,Little Book of Politics,201319563,2024-10-10 13:06:06,外借,1
238,Little Book of Politics,201319563,2024-11-07 17:04:25,归还,0
238,Little Book of Politics,201319563,2024-11-07 17:06:09,外借,1
238,Little Book of Politics,201319563,2025-03-24 08:10:02,归还,0
239,The Sound and the Fury,200693776,2025-04-02 14:34:12,外借,1
239,The Sound and the Fury,200693776,2025-05-19 12:15:17,归还,0
239,The Sound and the Fury,200693776,2025-06-10 12:13:00,外借,1
240,Watching the English: The International Bestseller Revised and Updated,200696513,2025-03-18 11:56:55,外借,1
240,Watching the English: The International Bestseller Revised and Updated,200696513,2025-03-26 12:13:36,续借,1
240,Watching the English: The International Bestseller Revised and Updated,200696513,2025-05-13 07:05:31,归还,0
241,Unraveller,200613078,2024-11-28 17:53:05,外借,1
241,Unraveller,200613078,2024-12-27 07:01:09,续借,1
241,Unraveller,200613078,2025-02-26 09:09:41,归还,0
242,Treasure Island,201303320,2024-09-09 12:20:06,外借,1
242,Treasure Island,201303320,2024-09-27 12:20:11,归还,0
242,Treasure Island,201303320,2025-04-30 12:10:18,外借,1
242,Treasure Island,201303320,2025-05-27 08:50:38,归还,0
243,拍电影时我在想的事 ,200935621,2024-09-10 16:33:28,归还,0
243,拍电影时我在想的事 ,200935621,2024-09-10 16:34:59,外借,1
243,拍电影时我在想的事 ,200935621,2024-09-10 16:35:47,续借,1
244,拉丁美洲史,201005125,2024-11-22 13:43:31,外借,1
244,拉丁美洲史,201005125,2024-12-12 17:55:20,归还,0
244,拉丁美洲史,201005125,2025-03-03 12:11:47,外借,1
244,拉丁美洲史,201005125,2025-03-24 11:51:38,归还,0
245,抑郁躯体化的跨文化研究,200901916,2024-10-12 11:01:40,外借,1
245,抑郁躯体化的跨文化研究,200901916,2024-10-12 11:02:16,续借,1
245,抑郁躯体化的跨文化研究,200901916,2024-10-14 14:17:35,归还,0
246,抑郁、焦虑和药物的那些事,200989216,2024-10-12 11:02:36,外借,1
246,抑郁、焦虑和药物的那些事,200989216,2024-10-16 11:50:19,归还,0
246,抑郁、焦虑和药物的那些事,200989216,2024-11-20 08:25:14,外借,1
246,抑郁、焦虑和药物的那些事,200989216,2024-11-22 10:23:19,归还,0
247,"技术的本质:技术是什么,他是如何进化的",200991837,2024-09-25 08:58:27,外借,1
247,"技术的本质:技术是什么,他是如何进化的",200991828,2024-09-25 09:06:43,外借,1
247,"技术的本质:技术是什么,他是如何进化的",200991837,2024-09-25 11:39:06,归还,0
247,"技术的本质:技术是什么,他是如何进化的",200991828,2024-09-25 11:39:30,归还,0
248,数学 ,201011957,2024-09-24 16:44:42,外借,1
248,数学 ,201011966,2024-09-24 17:07:31,外借,1
248,数学 ,201011957,2024-09-25 11:43:43,归还,0
248,数学 ,201011966,2024-09-25 11:44:41,归还,0
249,效率崇拜 ,201053527,2025-04-30 11:50:29,外借,1
249,效率崇拜 ,201053527,2025-06-04 17:08:01,归还,0
249,效率崇拜 ,201053527,2025-06-04 17:09:37,外借,1
250,故事新编,200985988,2024-11-15 11:42:59,外借,1
250,故事新编,200985988,2024-12-02 08:42:47,续借,1
250,故事新编,200985988,2025-01-02 09:38:33,归还,0
251,The Martian : a novel,201325618,2025-02-18 11:37:52,外借,1
251,The Martian : a novel,201325618,2025-02-21 10:52:45,归还,0
251,The Martian : a novel,201325618,2025-03-03 11:46:43,外借,1
251,The Martian : a novel,201325618,2025-03-03 11:56:50,归还,0
252,The hobbit,201324156,2024-09-05 11:43:24,外借,1
252,The hobbit,201324156,2025-01-10 12:52:21,归还,0
252,The hobbit,201324156,2025-03-14 09:03:31,外借,1
252,The hobbit,201324156,2025-04-07 13:31:15,归还,0
253,政治的历史与边界 ,201011813,2024-12-20 15:02:03,外借,1
253,政治的历史与边界 ,201011813,2024-12-20 15:02:19,续借,1
253,政治的历史与边界 ,201011813,2025-02-17 17:32:01,归还,0
254,惜别,200923153,2024-09-10 16:34:19,外借,1
254,惜别,200923153,2024-09-10 16:35:49,续借,1
255,我的心迟到了：佩索阿情诗,200986923,2024-09-23 10:48:35,外借,1
255,我的心迟到了：佩索阿情诗,200986923,2024-10-08 16:36:19,归还,0
255,我的心迟到了：佩索阿情诗,200986923,2024-10-17 08:36:22,外借,1
255,我的心迟到了：佩索阿情诗,200986923,2024-11-18 07:36:59,归还,0
256,摩根财团,200865929,2024-09-10 17:27:30,外借,1
256,摩根财团,200865929,2024-09-24 09:48:09,续借,1
256,摩根财团,200865929,2024-11-11 09:43:08,归还,0
257,摆脱内心的白熊,201050824,2024-10-12 11:01:47,外借,1
257,摆脱内心的白熊,201050824,2024-10-12 11:02:17,续借,1
257,摆脱内心的白熊,201050824,2024-10-16 09:36:05,归还,0
258,拜占庭的新生,200822440,2024-09-29 17:37:04,外借,1
258,拜占庭的新生,200822440,2024-10-10 17:19:47,归还,0
258,拜占庭的新生,200822440,2025-02-26 11:53:09,外借,1
258,拜占庭的新生,200822440,2025-03-03 11:01:30,归还,0
259,The complete Persepolis,201501142,2024-09-13 16:36:17,外借,1
259,The complete Persepolis,201501142,2024-10-17 16:01:20,归还,0
259,The complete Persepolis,201318537,2025-06-06 10:18:08,外借,1
260,Never Let Me Go,200689433,2024-10-10 16:51:42,外借,1
260,Never Let Me Go,200689433,2025-02-17 12:21:54,归还,0
260,Never Let Me Go,200689433,2025-02-17 12:22:21,外借,1
261,"Mythology: Timeless Tales of Gods and Heroes, 75th Anniversary Illustrated Edition",200689834,2024-09-25 17:55:07,外借,1
261,"Mythology: Timeless Tales of Gods and Heroes, 75th Anniversary Illustrated Edition",200689834,2024-10-23 22:48:39,续借,1
261,"Mythology: Timeless Tales of Gods and Heroes, 75th Anniversary Illustrated Edition",200689834,2024-11-25 17:20:59,归还,0
262,神雕侠侣 .3,201051128,2024-09-30 12:27:21,外借,1
262,神雕侠侣 .3,201051128,2024-10-27 19:57:17,续借,1
262,神雕侠侣 .3,201051128,2024-12-25 07:47:12,归还,0
263,神雕侠侣 .2,201051119,2024-09-30 12:27:26,外借,1
263,神雕侠侣 .2,201051119,2024-10-27 19:57:20,续借,1
263,神雕侠侣 .2,201051119,2024-12-25 07:47:02,归还,0
264,神经科学原理. 第5版. 下册,200996217,2025-01-08 07:17:59,外借,1
264,神经科学原理. 第5版. 下册,200996217,2025-01-25 19:06:24,续借,1
264,神经科学原理. 第5版. 下册,200996217,2025-02-20 07:00:17,归还,0
265,科学的历程,201031178,2024-09-24 15:55:00,外借,1
265,科学的历程,201031169,2024-09-24 17:14:37,外借,1
265,科学的历程,201031169,2024-09-25 11:45:13,归还,0
265,科学的历程,201031178,2024-09-30 14:37:21,归还,0
266,精英的傲慢,201031784,2024-09-26 15:52:44,外借,1
266,精英的傲慢,201031784,2024-10-29 08:16:10,归还,0
266,精英的傲慢,201031784,2024-11-29 09:47:36,外借,1
267,精神分析的技术与实践,200988976,2024-11-22 12:07:14,外借,1
267,精神分析的技术与实践,200988976,2024-12-04 17:22:42,归还,0
267,精神分析的技术与实践,200988976,2025-05-28 11:22:59,外借,1
268,精准表达,200927177,2025-01-10 11:30:07,外借,1
268,精准表达,200927177,2025-01-10 11:30:37,续借,1
268,精准表达,200927177,2025-03-03 17:26:52,归还,0
269,I Know This to Be True: Ruth Bader Ginsburg ( I Know This to Be True ),200699510,2024-10-28 16:05:21,外借,1
269,I Know This to Be True: Ruth Bader Ginsburg ( I Know This to Be True ),200699510,2024-11-04 16:27:27,归还,0
269,I Know This to Be True: Ruth Bader Ginsburg ( I Know This to Be True ),200699510,2025-01-09 07:25:01,外借,1
269,I Know This to Be True: Ruth Bader Ginsburg ( I Know This to Be True ),200699510,2025-03-18 11:55:39,归还,0
270,微积分的计算：数理经济学与统计经济学辅助教程 ,200987021,2024-09-30 09:58:15,外借,1
270,微积分的计算：数理经济学与统计经济学辅助教程 ,200987021,2024-10-18 09:47:24,归还,0
270,微积分的计算：数理经济学与统计经济学辅助教程 ,200987021,2024-11-06 15:43:41,外借,1
270,微积分的计算：数理经济学与统计经济学辅助教程 ,200987021,2025-02-24 15:30:36,归还,0
271,微积分和数学分析引论. 第一卷. 第二分册,200907000,2024-09-04 15:48:04,外借,1
271,微积分和数学分析引论. 第一卷. 第二分册,200907019,2024-09-05 16:35:10,外借,1
271,微积分和数学分析引论. 第一卷. 第二分册,200907000,2024-09-24 09:39:18,归还,0
271,微积分和数学分析引论. 第一卷. 第二分册,200907019,2024-12-31 08:05:17,归还,0
272,physics workbook with CD-ROM,200035746,2025-03-27 12:16:33,外借,1
272,physics workbook with CD-ROM,200035746,2025-05-22 17:04:28,续借,1
273,never let me go,200686686,2024-10-10 11:52:57,外借,1
273,never let me go,200686686,2024-10-28 12:02:18,归还,0
273,never let me go,200686686,2024-10-30 17:25:33,外借,1
274,第二性,200886461,2025-03-03 12:18:32,外借,1
274,第二性,200886470,2025-03-25 06:47:02,外借,1
274,第二性,200886461,2025-05-30 14:09:36,归还,0
275,第三个女郎,200836532,2024-09-19 10:44:29,外借,1
275,第三个女郎,200836532,2024-12-18 17:11:08,归还,0
275,第三个女郎,200836532,2024-12-18 17:11:26,外借,1
276,第一哲学沉思录,201053233,2024-09-04 17:31:45,外借,1
276,第一哲学沉思录,201053233,2025-02-17 17:07:02,归还,0
276,第一哲学沉思录,201053233,2025-03-31 06:53:01,外借,1
276,第一哲学沉思录,201053233,2025-04-21 06:24:20,归还,0
277,细雪,200945978,2024-09-13 11:53:42,外借,1
277,细雪,201012750,2024-09-23 14:30:23,外借,1
277,细雪,201012750,2024-10-12 11:49:59,归还,0
277,细雪,200945978,2025-01-08 17:04:50,归还,0
278,纯真告别,200870511,2025-05-14 13:56:49,归还,0
278,纯真告别,200870511,2025-05-22 17:42:44,外借,1
278,纯真告别,200870511,2025-05-22 18:03:05,续借,1
279,红楼梦:上,200809198,2025-03-10 17:41:16,外借,1
279,红楼梦:上,200809198,2025-03-30 18:00:46,续借,1
279,红楼梦:上,200809198,2025-04-24 10:02:03,归还,0
280,经验主义 ,201039250,2025-03-19 16:28:50,外借,1
280,经验主义 ,201039250,2025-03-19 16:29:20,续借,1
280,经验主义 ,201039250,2025-03-20 08:33:21,归还,0
281,性学三论,200833811,2024-10-10 09:57:58,外借,1
281,性学三论,200833811,2024-11-04 19:14:51,续借,1
282,思考就是我的抵抗,200802266,2024-09-05 11:17:33,外借,1
282,思考就是我的抵抗,200802266,2024-10-01 12:58:26,续借,1
282,思考就是我的抵抗,200802266,2024-11-01 10:15:28,归还,0
283,我与地坛:插图版,200945594,2024-12-05 16:31:32,外借,1
283,我与地坛:插图版,200945594,2025-01-06 11:10:34,归还,0
283,我与地坛:插图版,200945594,2025-01-08 11:33:05,外借,1
283,我与地坛:插图版,200945594,2025-06-03 16:13:44,归还,0
284,惶然录,200879308,2024-12-23 09:58:35,外借,1
284,惶然录,200879308,2025-01-03 08:22:52,续借,1
284,惶然录,200879308,2025-02-17 17:55:37,归还,0
285,想象,200859641,2024-10-16 12:16:06,外借,1
285,想象,200859641,2024-10-29 17:52:49,归还,0
285,想象,200859641,2024-12-24 11:56:16,外借,1
285,想象,200859641,2024-12-27 11:31:10,归还,0
286,脑髓地狱,200964108,2024-09-10 16:33:36,归还,0
286,脑髓地狱,200964108,2024-09-10 16:35:17,外借,1
286,脑髓地狱,200964108,2024-09-10 16:35:42,续借,1
287,不能承受的生命之轻,200881698,2024-12-13 12:37:57,外借,1
287,不能承受的生命之轻,200881705,2025-04-18 08:39:00,外借,1
287,不能承受的生命之轻,200881698,2025-04-25 14:49:37,归还,0
288,巨人的文明,201044262,2025-03-06 10:42:15,外借,1
288,巨人的文明,201044262,2025-03-14 07:40:53,续借,1
288,巨人的文明,201044262,2025-06-06 07:38:58,归还,0
289,山音,200992676,2024-09-10 16:33:37,归还,0
289,山音,200992676,2024-09-10 16:34:59,外借,1
289,山音,200992676,2024-09-10 16:35:46,续借,1
290,平面犬,200997591,2024-09-04 16:41:30,外借,1
290,平面犬,200997591,2024-10-14 14:29:52,归还,0
290,平面犬,200997591,2024-12-09 15:39:04,外借,1
290,平面犬,200997591,2025-01-07 11:25:49,归还,0
291,平面国：多维空间传奇往事,200979281,2024-09-24 12:01:45,外借,1
291,平面国：多维空间传奇往事,200979281,2024-10-08 12:01:30,归还,0
291,平面国：多维空间传奇往事,200979281,2024-10-18 12:41:56,外借,1
291,平面国：多维空间传奇往事,200979281,2024-10-22 11:52:59,归还,0
292,平原上的摩西,200864788,2024-10-23 12:07:15,外借,1
292,平原上的摩西,200864788,2024-11-04 19:14:19,续借,1
293,希望之线,200975141,2024-12-02 09:21:37,外借,1
293,希望之线,200975141,2025-01-09 20:38:38,归还,0
293,希望之线,200975141,2025-04-18 13:32:40,外借,1
293,希望之线,200975141,2025-04-23 11:51:29,归还,0
294,弗吉尼亚·伍尔夫传,201065943,2025-05-28 15:54:33,外借,1
294,弗吉尼亚·伍尔夫传,201065943,2025-05-30 11:35:09,续借,1
295,Word Cloud Classics: The Age Of Innocence,201308940,2024-11-13 12:20:56,外借,1
295,Word Cloud Classics: The Age Of Innocence,201308940,2024-12-24 07:23:13,归还,0
295,Word Cloud Classics: The Age Of Innocence,201308940,2024-12-24 07:25:34,外借,1
295,Word Cloud Classics: The Age Of Innocence,201308940,2025-03-14 14:09:36,归还,0
296,一战史 ,200972117,2024-09-04 17:28:58,归还,0
296,一战史 ,200972126,2024-10-28 16:34:42,归还,0
296,一战史 ,200972126,2024-10-28 16:35:43,外借,1
296,一战史 ,200972126,2024-10-28 16:36:23,续借,1
296,一战史 ,200972126,2025-01-09 17:12:14,归还,0
297,建筑课,200806654,2024-09-06 12:30:12,外借,1
297,建筑课,200806654,2024-09-30 12:29:32,续借,1
297,建筑课,200806654,2024-10-21 16:21:38,归还,0
298,建筑师的1堂必修课,200988850,2024-12-20 13:11:00,外借,1
298,建筑师的1堂必修课,200988850,2025-01-02 18:40:22,归还,0
298,建筑师的1堂必修课,200988850,2025-03-21 11:58:34,外借,1
298,建筑师的1堂必修课,200988850,2025-04-28 17:37:27,归还,0
299,康德 ,200856207,2024-10-30 17:12:07,外借,1
299,康德 ,200856207,2024-11-24 23:19:47,续借,1
299,康德 ,200856207,2024-12-24 17:17:52,归还,0
300,心理神探:我与FBI心理画像术,200884070,2024-09-30 12:27:03,外借,1
300,心理神探:我与FBI心理画像术,200884070,2024-10-22 17:58:57,续借,1
300,心理神探:我与FBI心理画像术,200884070,2024-10-29 17:35:13,归还,0
301,心理学之书,201007846,2024-09-25 08:54:38,外借,1
301,心理学之书,201007855,2024-09-25 08:59:19,外借,1
301,心理学之书,201007846,2024-09-25 11:39:28,归还,0
301,心理学之书,201007855,2024-10-08 07:24:08,归还,0
302,寻求平衡,200953628,2024-10-24 15:55:19,外借,1
302,寻求平衡,200953628,2024-11-12 22:12:26,续借,1
302,寻求平衡,200953628,2024-12-16 07:31:03,归还,0
303,巴黎圣母院,200810186,2024-09-02 17:36:33,外借,1
303,巴黎圣母院,200854450,2024-09-02 17:36:33,外借,1
304,巨流河,200853362,2025-04-07 17:24:19,外借,1
304,巨流河,200853362,2025-04-09 09:35:50,归还,0
304,巨流河,200853362,2025-04-09 09:36:44,外借,1
304,巨流河,200853362,2025-04-11 08:52:49,归还,0
305,一个人暖呼呼,201058568,2024-11-05 20:34:17,外借,1
305,一个人暖呼呼,201058568,2024-12-05 09:32:51,续借,1
305,一个人暖呼呼,201058568,2025-01-02 16:51:13,归还,0
306,“错误”的行为,201031365,2025-02-18 07:53:13,外借,1
306,“错误”的行为,201031365,2025-04-02 07:42:08,归还,0
306,“错误”的行为,201031365,2025-04-02 07:47:37,外借,1
307,Grammar 101,201322336,2025-01-10 12:34:32,外借,1
307,Grammar 101,201322336,2025-01-10 15:53:35,续借,1
307,Grammar 101,201322336,2025-02-28 07:11:36,归还,0
308,Getting Lost,200692633,2024-09-02 17:41:46,外借,1
308,Getting Lost,200692633,2024-10-15 08:12:51,归还,0
308,Getting Lost,200692633,2024-10-15 08:13:02,外借,1
308,Getting Lost,200692633,2025-02-21 13:56:15,归还,0
309,美国监狱 ,200863075,2024-09-05 11:11:02,外借,1
309,美国监狱 ,200863075,2024-09-05 11:11:26,续借,1
309,美国监狱 ,200863075,2024-09-24 12:19:51,归还,0
310,羊脂球,200968916,2025-02-27 11:52:07,外借,1
310,羊脂球,200968916,2025-03-14 07:40:49,续借,1
310,羊脂球,200968916,2025-03-17 15:07:26,归还,0
311,罪与罚,200878639,2024-10-15 08:19:39,外借,1
311,罪与罚,200861745,2024-11-05 16:52:52,外借,1
311,罪与罚,200861745,2024-11-29 12:29:18,归还,0
311,罪与罚,200878639,2025-01-09 12:42:17,归还,0
312,艺术史导论 ,201010208,2024-09-11 12:36:55,外借,1
312,艺术史导论 ,201010191,2024-09-24 14:41:44,外借,1
312,艺术史导论 ,201010208,2024-09-25 11:43:18,归还,0
312,艺术史导论 ,201010191,2024-09-25 14:23:17,归还,0
313,自然地理学,201047232,2025-03-06 10:42:28,外借,1
313,自然地理学,201047232,2025-03-14 07:40:56,续借,1
313,自然地理学,201047232,2025-04-02 12:25:29,归还,0
314,自然哲学之数学原理 ,200981893,2024-09-24 13:10:27,外借,1
314,自然哲学之数学原理 ,200849225,2024-09-25 08:52:30,外借,1
314,自然哲学之数学原理 ,200849225,2024-09-25 08:57:44,归还,0
314,自然哲学之数学原理 ,200981893,2024-09-26 14:29:50,归还,0
315,自我的探寻,200871814,2025-06-12 20:33:14,外借,1
315,自我的探寻,200871814,2025-06-12 20:33:52,续借,1
316,自卑与超越,200988048,2024-11-12 10:52:48,外借,1
316,自卑与超越,200988048,2024-12-08 18:42:12,续借,1
316,自卑与超越,200988048,2025-02-27 11:52:37,归还,0
317,腓特烈大王 ,200835329,2024-11-07 12:54:35,外借,1
317,腓特烈大王 ,200835329,2024-11-07 12:54:58,续借,1
317,腓特烈大王 ,200835329,2024-11-14 11:48:40,归还,0
318,审判 ,200971092,2025-03-31 06:53:06,外借,1
318,审判 ,200971092,2025-04-27 08:07:21,续借,1
318,审判 ,200971092,2025-05-23 11:34:53,归还,0
319,三国演义. 上,200966598,2024-11-20 12:01:09,外借,1
319,三国演义. 上,200966598,2024-12-19 09:53:34,续借,1
320,东方快车谋杀案,200889878,2024-09-10 11:21:10,外借,1
320,东方快车谋杀案,200889878,2024-09-23 11:54:47,归还,0
320,东方快车谋杀案,200889878,2024-11-13 12:32:37,外借,1
320,东方快车谋杀案,200889878,2024-12-17 09:29:20,归还,0
321,存在主义是一种人道主义,200859598,2024-11-25 12:09:14,外借,1
321,存在主义是一种人道主义,200859598,2024-12-20 08:44:06,续借,1
321,存在主义是一种人道主义,200859598,2025-03-13 14:23:56,归还,0
322,存在主义心理学的邀请,200868677,2024-09-25 12:38:09,外借,1
322,存在主义心理学的邀请,200868677,2024-10-24 10:23:30,续借,1
322,存在主义心理学的邀请,200868677,2024-11-22 07:33:22,归还,0
323,西南联大诗词课,200826106,2024-09-02 09:23:28,归还,0
323,西南联大诗词课,200826106,2024-09-02 09:23:53,外借,1
323,西南联大诗词课,200826106,2025-01-10 09:56:58,归还,0
323,西南联大诗词课,200826106,2025-01-10 09:57:25,外借,1
324,Elon Musk: How the Billionaire CEO of SpaceX and ...,201320089,2024-10-24 18:03:21,外借,1
324,Elon Musk: How the Billionaire CEO of SpaceX and ...,201320089,2025-04-17 14:10:55,归还,0
324,Elon Musk: How the Billionaire CEO of SpaceX and ...,201320089,2025-04-21 13:40:13,外借,1
324,Elon Musk: How the Billionaire CEO of SpaceX and ...,201320089,2025-05-19 15:00:53,归还,0
325,Great Expectations,201300635,2024-09-11 17:41:49,外借,1
325,Great Expectations,201300635,2024-10-14 16:54:14,归还,0
325,Great Expectations,201300635,2024-10-15 12:10:06,外借,1
325,Great Expectations,201300635,2024-12-06 07:38:40,归还,0
326,规训与惩罚,201043922,2024-10-16 12:16:06,外借,1
326,规训与惩罚,201043922,2024-10-30 13:34:16,归还,0
326,规训与惩罚,201043922,2025-02-27 08:49:30,外借,1
326,规训与惩罚,201043922,2025-03-19 15:46:11,归还,0
327,西西弗神话:散论荒诞,200859981,2024-12-05 16:18:51,外借,1
327,西西弗神话:散论荒诞,200859981,2024-12-18 17:42:12,归还,0
327,西西弗神话:散论荒诞,200859981,2025-01-06 18:03:33,外借,1
328,财政学 ,201052500,2024-11-20 11:54:46,外借,1
328,财政学 ,201052500,2024-12-19 09:53:39,续借,1
329,豆腐,200805986,2025-04-30 11:43:49,外借,1
329,豆腐,200805986,2025-04-30 11:45:03,续借,1
330,DK-Big Ideas：The Crime Book,201314185,2025-01-10 12:34:09,外借,1
330,DK-Big Ideas：The Crime Book,201314185,2025-01-10 15:53:41,续借,1
330,DK-Big Ideas：The Crime Book,201314185,2025-02-28 07:11:29,归还,0
331,Freakonomics,201323031,2024-09-04 16:55:29,外借,1
331,Freakonomics,201323031,2024-10-10 09:56:23,归还,0
331,Freakonomics,201323031,2024-11-19 17:43:38,外借,1
331,Freakonomics,201323031,2024-12-27 11:39:56,归还,0
332,Folger Shakespeare Library：The Merchant of Venice,201301812,2025-05-20 08:06:05,外借,1
332,Folger Shakespeare Library：The Merchant of Venice,201301812,2025-06-09 07:26:00,续借,1
333,小岛经济学,200875687,2024-09-02 17:42:00,外借,1
333,小岛经济学,200875687,2024-09-05 11:29:18,归还,0
333,小岛经济学,200875687,2025-01-07 11:34:13,外借,1
333,小岛经济学,200875687,2025-02-17 07:33:29,归还,0
334,人人都该懂的工程学,200991267,2024-09-09 16:26:49,外借,1
334,人人都该懂的工程学,200991267,2024-11-25 11:21:40,归还,0
334,人人都该懂的工程学,200991267,2024-12-20 13:11:00,外借,1
334,人人都该懂的工程学,200991267,2024-12-27 07:48:32,归还,0
335,"在春天,去看一个人",200888245,2024-10-10 12:05:38,外借,1
335,"在春天,去看一个人",200888236,2024-10-22 12:38:39,外借,1
335,"在春天,去看一个人",200888245,2024-11-15 11:55:39,归还,0
335,"在春天,去看一个人",200888236,2024-11-27 08:52:42,归还,0
336,夜莺与玫瑰,201046796,2024-10-15 12:18:15,外借,1
336,夜莺与玫瑰,201046796,2024-10-17 08:30:33,归还,0
336,夜莺与玫瑰,200823163,2025-03-13 17:34:01,外借,1
336,夜莺与玫瑰,200823163,2025-04-27 16:32:58,归还,0
337,夜莺,200865395,2024-09-24 11:46:34,外借,1
337,夜莺,200865395,2024-10-23 06:30:32,续借,1
337,夜莺,200865395,2024-12-25 12:40:39,归还,0
338,夏日终曲,200916768,2024-11-15 12:08:46,外借,1
338,夏日终曲,200916768,2025-04-14 11:10:00,归还,0
338,夏日终曲,200916768,2025-04-14 11:19:16,外借,1
338,夏日终曲,200916768,2025-05-19 12:15:22,归还,0
339,复杂的引擎,200846237,2024-10-14 17:14:53,外借,1
339,复杂的引擎,200846237,2024-11-13 14:32:59,续借,1
339,复杂的引擎,200846237,2024-12-13 07:12:08,归还,0
340,天生有罪 ,200993096,2024-09-13 11:52:47,外借,1
340,天生有罪 ,200993096,2024-10-25 09:19:02,归还,0
340,天生有罪 ,200993087,2024-11-15 12:08:42,外借,1
340,天生有罪 ,200993087,2025-05-21 07:57:48,归还,0
341,天堂,200802417,2025-04-27 17:48:56,外借,1
341,天堂,200802417,2025-05-21 17:44:06,续借,1
342,"大秦帝国·第三部, 金戈铁马. 上卷",200917482,2024-11-07 15:17:56,外借,1
342,"大秦帝国·第三部, 金戈铁马. 上卷",200917482,2024-11-25 12:16:10,续借,1
342,"大秦帝国·第三部, 金戈铁马. 上卷",200917482,2024-12-02 10:29:34,归还,0
343,女孩儿们,200923572,2025-03-17 07:52:54,外借,1
343,女孩儿们,200923572,2025-03-17 07:53:04,续借,1
344,世界上最简单的会计书 ,201041158,2024-11-20 12:01:06,外借,1
344,世界上最简单的会计书 ,201041158,2024-12-19 09:53:36,续借,1
345,为什么伟大不能被计划,201602159,2025-02-17 14:17:08,外借,1
345,为什么伟大不能被计划,201602159,2025-02-18 09:54:16,归还,0
345,为什么伟大不能被计划,201602159,2025-02-18 09:59:32,外借,1
345,为什么伟大不能被计划,201602159,2025-05-30 14:35:31,归还,0
346,失落的一代：中国的上山下乡运动(1968~198),200822191,2024-09-04 17:25:08,外借,1
346,失落的一代：中国的上山下乡运动(1968~198),200822191,2024-09-28 22:34:42,续借,1
346,失落的一代：中国的上山下乡运动(1968~198),200822191,2024-11-01 14:56:04,归还,0
347,如何阅读达尔文,201057462,2024-10-15 09:36:34,外借,1
347,如何阅读达尔文,201057462,2024-10-27 21:50:11,续借,1
347,如何阅读达尔文,201057462,2024-12-12 17:47:33,归还,0
348,如何写影评（插图修订第8版）,200928318,2025-03-03 11:56:14,外借,1
348,如何写影评（插图修订第8版）,200928318,2025-05-16 14:17:50,归还,0
348,如何写影评（插图修订第8版）,200928318,2025-05-16 14:21:11,外借,1
349,密室收藏家,200870085,2024-11-15 08:31:19,外借,1
349,密室收藏家,200870085,2024-12-16 14:20:31,归还,0
349,密室收藏家,200870085,2024-12-16 14:22:10,外借,1
349,密室收藏家,200870085,2025-01-02 18:32:07,归还,0
350,基因：不平等的遗传,200875963,2024-10-28 16:34:42,归还,0
350,基因：不平等的遗传,200875963,2024-10-28 16:36:06,外借,1
350,基因：不平等的遗传,200875963,2024-10-28 16:36:22,续借,1
350,基因：不平等的遗传,200875963,2025-01-09 17:12:42,归还,0
351,基因论,200983588,2024-11-11 14:58:45,外借,1
351,基因论,200983588,2024-11-14 16:22:58,归还,0
351,基因论,200983588,2025-05-12 16:07:19,外借,1
351,基因论,200983588,2025-06-06 14:17:03,归还,0
352,地狱之行:1914-1949,200873288,2024-09-04 17:28:58,归还,0
352,地狱之行:1914-1949,200873288,2024-09-04 17:29:17,外借,1
352,地狱之行:1914-1949,200873297,2025-01-06 18:55:45,外借,1
352,地狱之行:1914-1949,200873297,2025-01-06 20:08:20,归还,0
352,地狱之行:1914-1949,200873288,2025-02-17 17:07:02,归还,0
353,Flipped,201302508,2025-03-10 16:16:23,外借,1
353,Flipped,201302508,2025-04-07 13:31:15,归还,0
353,Flipped,200699137,2025-04-21 15:37:19,外借,1
353,Flipped,200699137,2025-05-19 12:57:03,归还,0
354,诺曼底登陆,200911255,2025-05-07 12:17:52,外借,1
354,诺曼底登陆,200911255,2025-06-06 10:13:20,续借,1
354,诺曼底登陆,200911255,2025-06-06 11:14:27,归还,0
355,这就是社会学,200895905,2024-12-17 10:23:05,外借,1
355,这就是社会学,200895905,2025-01-10 13:56:22,归还,0
355,这就是社会学,200895905,2025-06-05 07:26:49,外借,1
356,达·芬奇密码,201018665,2024-09-10 07:47:46,归还,0
356,达·芬奇密码,201018665,2025-01-09 13:10:11,外借,1
356,达·芬奇密码,201018665,2025-02-21 13:56:19,归还,0
356,达·芬奇密码,201018665,2025-05-06 16:57:08,外借,1
356,达·芬奇密码,201018665,2025-05-08 17:12:24,归还,0
357,边城,200909892,2025-02-21 13:35:06,外借,1
357,边城,200909892,2025-02-25 11:40:30,归还,0
357,边城,200909892,2025-04-03 11:45:22,外借,1
357,边城,200909892,2025-04-09 07:03:21,归还,0
358,逻辑学是什么,200847520,2024-09-25 08:54:47,外借,1
358,逻辑学是什么,200847520,2024-09-25 11:39:30,归还,0
358,逻辑学是什么,200847520,2024-10-10 13:08:54,外借,1
358,逻辑学是什么,200847520,2024-11-11 13:29:36,归还,0
359,逻辑哲学论,201039571,2024-09-19 16:35:50,外借,1
359,逻辑哲学论,201039571,2024-10-11 17:39:28,续借,1
359,逻辑哲学论,201039571,2024-11-29 12:29:18,归还,0
360,通往奴役之路 ,201006115,2025-03-17 11:12:19,外借,1
360,通往奴役之路 ,201006115,2025-03-19 15:48:06,归还,0
360,通往奴役之路 ,201006115,2025-04-01 13:37:59,外借,1
360,通往奴役之路 ,201006115,2025-05-30 14:04:36,归还,0
361,透过佛法看世界:给寻找答案的人,201034781,2024-11-01 07:40:55,外借,1
361,透过佛法看世界:给寻找答案的人,201034781,2024-11-16 09:06:15,续借,1
361,透过佛法看世界:给寻找答案的人,201034781,2024-12-23 09:45:15,归还,0
362,远大前程,200862254,2025-04-08 17:20:18,外借,1
362,远大前程,200862254,2025-05-04 00:55:45,续借,1
362,远大前程,200862254,2025-06-06 12:58:45,归还,0
363,这才是最好读的数学史 ,200886103,2024-09-11 12:18:29,外借,1
363,这才是最好读的数学史 ,200886103,2024-09-13 11:17:16,归还,0
363,这才是最好读的数学史 ,200886112,2024-09-24 13:10:20,外借,1
363,这才是最好读的数学史 ,200886112,2024-09-26 14:29:51,归还,0
364,Born a crime : stories from a South African childhood,201322087,2024-10-18 14:11:25,外借,1
364,Born a crime : stories from a South African childhood,201322087,2024-11-06 10:59:55,续借,1
364,Born a crime : stories from a South African childhood,201322087,2025-01-08 14:29:49,归还,0
365,Biology Option A: Neurobiology and Behaviour SL&HL,200405043,2024-09-05 11:35:55,外借,1
365,Biology Option A: Neurobiology and Behaviour SL&HL,200405043,2024-10-07 19:18:13,续借,1
365,Biology Option A: Neurobiology and Behaviour SL&HL,200405043,2024-10-23 11:52:27,归还,0
366,反抗者,200859865,2024-10-08 12:11:45,外借,1
366,反抗者,200859865,2024-10-14 15:03:27,归还,0
366,反抗者,200859865,2025-04-03 08:48:00,外借,1
367,人工智能简史 ,201036556,2024-10-14 17:14:42,外借,1
367,人工智能简史 ,201036556,2024-11-13 14:32:50,续借,1
367,人工智能简史 ,201036556,2024-12-13 07:12:08,归还,0
368,人工智能基础实验教程,200939609,2024-09-12 17:39:31,外借,1
368,人工智能基础实验教程,200939609,2024-09-12 17:39:51,续借,1
368,人工智能基础实验教程,200939609,2024-11-21 09:26:16,归还,0
369,历史哲学,200920290,2024-09-24 14:44:33,外借,1
369,历史哲学,200920290,2025-01-10 10:49:33,归还,0
369,历史哲学,200920290,2025-06-04 12:16:35,外借,1
370,云彩收集者手册 ,200895059,2024-09-09 12:25:38,外借,1
370,云彩收集者手册 ,200895059,2024-10-01 12:58:31,续借,1
370,云彩收集者手册 ,200895059,2024-11-01 10:15:18,归还,0
371,习近平新时代中国特色社会主义思想学习问答 ,200813361,2024-11-27 12:05:17,外借,1
371,习近平新时代中国特色社会主义思想学习问答 ,200813361,2024-11-27 12:05:36,归还,0
371,习近平新时代中国特色社会主义思想学习问答 ,200813361,2024-11-27 12:05:49,外借,1
371,习近平新时代中国特色社会主义思想学习问答 ,200813361,2025-01-02 15:05:10,归还,0
372,人生最美是清欢,200942659,2024-09-05 12:31:04,外借,1
372,人生最美是清欢,200942659,2024-10-15 12:20:42,归还,0
372,人生最美是清欢,200942659,2024-10-17 17:40:55,外借,1
373,人生无真相,200923411,2024-10-24 12:11:25,外借,1
373,人生无真相,200923411,2024-11-12 22:12:28,续借,1
373,人生无真相,200923411,2024-11-28 07:21:17,归还,0
374,另一个，同一个,200860390,2024-10-29 16:17:25,外借,1
374,另一个，同一个,200860390,2024-11-24 23:19:49,续借,1
374,另一个，同一个,200860390,2024-11-26 17:06:30,归还,0
375,古今数学思想·第一册,201041121,2024-09-24 15:52:02,外借,1
375,古今数学思想·第一册,201041130,2024-09-24 17:17:01,外借,1
375,古今数学思想·第一册,201041121,2024-09-25 15:58:06,归还,0
375,古今数学思想·第一册,201041130,2024-11-07 17:27:58,归还,0
376,哲学小史,200869364,2024-11-07 15:25:00,外借,1
376,哲学小史,200869364,2024-11-29 09:35:55,续借,1
376,哲学小史,200869364,2025-01-02 07:31:45,归还,0
377,哲学家们都干了些什么,200865297,2024-11-25 12:16:47,外借,1
377,哲学家们都干了些什么,200865304,2025-02-17 16:55:07,外借,1
377,哲学家们都干了些什么,200865297,2025-03-13 14:23:45,归还,0
378,图解行为经济学中的思维陷阱,200922369,2025-01-09 10:57:15,外借,1
378,图解行为经济学中的思维陷阱,200922369,2025-01-09 10:58:05,归还,0
378,图解行为经济学中的思维陷阱,200922369,2025-01-09 10:58:17,外借,1
378,图解行为经济学中的思维陷阱,200922369,2025-02-17 07:32:54,归还,0
379,四书五经.1,200817759,2024-10-15 12:25:14,外借,1
379,四书五经.1,200817759,2024-11-07 23:15:57,续借,1
379,四书五经.1,200817759,2025-06-06 14:37:04,归还,0
380,器官之书,200941945,2025-01-09 19:44:09,外借,1
380,器官之书,200941945,2025-01-25 19:06:26,续借,1
380,器官之书,200941945,2025-02-17 11:13:46,归还,0
381,基督山伯爵 （上）,200858508,2024-09-13 11:54:01,外借,1
381,基督山伯爵 （上）,200858508,2024-10-18 08:56:10,归还,0
381,基督山伯爵 （上）,200858508,2025-03-20 12:13:00,外借,1
381,基督山伯爵 （上）,200858508,2025-06-06 14:30:16,归还,0
382,错乱,200806262,2024-09-05 10:13:32,外借,1
382,错乱,200806262,2024-09-05 11:05:48,归还,0
382,错乱,200806271,2024-09-25 17:21:41,外借,1
382,错乱,200806271,2024-10-17 16:01:20,归还,0
383,香港重庆大厦,200976051,2024-09-03 13:28:27,外借,1
383,香港重庆大厦,200976051,2024-09-30 07:24:13,续借,1
383,香港重庆大厦,200976051,2024-12-25 07:47:02,归还,0
384,鲜活的语言,200907830,2024-09-24 15:29:21,外借,1
384,鲜活的语言,200907830,2024-09-24 15:29:36,归还,0
384,鲜活的语言,200907830,2024-09-24 15:29:43,外借,1
384,鲜活的语言,200907830,2025-05-22 15:43:05,归还,0
385,鲁迅全集·第一卷,201039688,2024-10-08 17:51:51,外借,1
385,鲁迅全集·第一卷,201039688,2024-11-20 11:40:08,归还,0
385,鲁迅全集·第一卷,201039688,2024-12-11 12:11:58,外借,1
385,鲁迅全集·第一卷,201039688,2025-01-08 11:25:01,归还,0
386,鱼没有脚,200922797,2024-09-06 11:50:28,外借,1
386,鱼没有脚,200922797,2024-09-29 21:59:00,续借,1
386,鱼没有脚,200922797,2024-11-11 17:32:17,归还,0
387,黑塞童话集,200881867,2024-09-03 15:46:05,外借,1
387,黑塞童话集,200881867,2024-09-12 17:42:15,归还,0
387,黑塞童话集,200860103,2025-04-03 09:31:55,外借,1
387,黑塞童话集,200860103,2025-05-07 17:20:47,归还,0
388,ALMA Junior Classics:The Canterville Ghost and Other Stories(Secondary-school 12+),200690840,2025-02-27 10:28:51,外借,1
388,ALMA Junior Classics:The Canterville Ghost and Other Stories(Secondary-school 12+),200690840,2025-02-27 10:29:18,续借,1
389,"A tree grows in Brooklyn, : a novel",201323291,2024-11-13 12:21:02,外借,1
389,"A tree grows in Brooklyn, : a novel",201323291,2024-12-24 07:22:46,归还,0
389,"A tree grows in Brooklyn, : a novel",201323291,2025-01-09 11:49:21,外借,1
389,"A tree grows in Brooklyn, : a novel",201323291,2025-03-05 11:51:29,归还,0
390,剪辑的语法 :插图修订第2版,201057989,2025-03-03 11:56:10,外借,1
390,剪辑的语法 :插图修订第2版,201057989,2025-05-16 14:17:43,归还,0
390,剪辑的语法 :插图修订第2版,201057989,2025-05-16 14:21:00,外借,1
391,剑桥艺术史·下,200827445,2024-09-24 16:25:32,外借,1
391,剑桥艺术史·下,200827445,2024-09-30 14:37:16,归还,0
391,剑桥艺术史·下,200827445,2024-10-18 12:57:15,外借,1
391,剑桥艺术史·下,200827445,2024-12-05 18:04:22,归还,0
392,剑桥艺术史·上,200827436,2024-10-24 11:47:10,外借,1
392,剑桥艺术史·上,200827436,2024-12-05 18:04:22,归还,0
392,剑桥艺术史·上,200827436,2024-12-05 18:05:00,外借,1
392,剑桥艺术史·上,200827436,2024-12-23 17:55:40,归还,0
393,制造宠物,200801356,2024-10-30 17:18:00,外借,1
393,制造宠物,200801356,2024-10-30 17:18:13,续借,1
393,制造宠物,200801356,2025-01-09 17:13:04,归还,0
394,制造东京,200936434,2025-01-06 20:10:13,外借,1
394,制造东京,200936434,2025-01-09 17:06:32,归还,0
394,制造东京,200936434,2025-01-09 17:13:27,外借,1
394,制造东京,200936434,2025-01-10 13:52:46,归还,0
395,凯恩斯以后,200922001,2025-05-21 17:45:21,外借,1
395,凯恩斯以后,200922001,2025-05-21 17:45:29,续借,1
396,凯恩斯 ,201039465,2024-11-12 10:49:47,外借,1
396,凯恩斯 ,201039465,2024-12-08 18:42:13,续借,1
396,凯恩斯 ,201039465,2025-02-27 11:52:37,归还,0
397,博弈与社会,201006990,2024-12-17 08:28:50,外借,1
397,博弈与社会,201006990,2025-02-17 07:32:43,归还,0
397,博弈与社会,201006990,2025-02-18 07:53:13,外借,1
397,博弈与社会,201006990,2025-04-02 07:41:52,归还,0
398,牛奶可乐经济学3,200990400,2024-09-05 12:31:46,外借,1
398,牛奶可乐经济学3,200990400,2025-01-10 09:54:01,归还,0
398,牛奶可乐经济学3,200990400,2025-01-10 10:29:45,外借,1
398,牛奶可乐经济学3,200990400,2025-02-18 07:47:16,归还,0
399,Orlando,201324673,2025-03-31 11:25:54,外借,1
399,Orlando,201324673,2025-05-16 14:17:41,归还,0
399,Orlando,201324673,2025-05-16 14:20:46,外借,1
400,Python编程 ：从入门到实践,201035842,2024-10-11 16:03:13,外借,1
400,Python编程 ：从入门到实践,201035842,2024-11-06 17:10:33,续借,1
400,Python编程 ：从入门到实践,201035842,2024-12-24 07:15:09,归还,0
401,作为意志和表象的世界,200868178,2025-02-17 17:50:19,外借,1
401,作为意志和表象的世界,200868178,2025-02-28 07:03:17,归还,0
401,作为意志和表象的世界,200868178,2025-03-31 06:52:48,外借,1
401,作为意志和表象的世界,200868178,2025-04-21 06:24:20,归还,0
402,体内火焰,200977176,2025-01-07 16:37:01,外借,1
402,体内火焰,200977176,2025-01-08 21:18:21,续借,1
402,体内火焰,200977176,2025-02-18 07:16:36,归还,0
403,写给大家的平面设计手册,200953110,2025-04-07 11:55:45,外借,1
403,写给大家的平面设计手册,200953110,2025-04-22 16:28:43,续借,1
403,写给大家的平面设计手册,200953110,2025-04-27 13:36:00,归还,0
404,关于女儿,200800696,2024-10-23 09:50:15,外借,1
404,关于女儿,200800696,2024-11-13 14:58:07,归还,0
404,关于女儿,200800696,2025-03-06 16:51:05,外借,1
404,关于女儿,200800696,2025-03-19 15:46:11,归还,0
405,克里斯特汀,200945558,2025-05-22 17:39:59,外借,1
405,克里斯特汀,200945558,2025-05-22 18:03:10,续借,1
406,从夸克到宇宙 ,200873206,2024-09-20 15:52:06,外借,1
406,从夸克到宇宙 ,200873206,2024-09-30 12:02:51,归还,0
406,从夸克到宇宙 ,200873206,2024-09-30 12:02:56,外借,1
406,从夸克到宇宙 ,200873206,2024-11-04 09:37:23,归还,0
407,从你的全世界路过,201049579,2024-09-06 11:20:55,外借,1
407,从你的全世界路过,201049579,2024-12-23 15:11:58,归还,0
407,从你的全世界路过,201049579,2025-05-06 11:36:30,外借,1
407,从你的全世界路过,201049579,2025-05-21 07:32:00,归还,0
408,从“童怀周”到审江青,200879923,2024-10-28 16:55:48,外借,1
408,从“童怀周”到审江青,200879923,2024-10-30 17:18:15,续借,1
408,从“童怀周”到审江青,200879923,2025-01-09 17:12:14,归还,0
409,"做中学电子电路, 电路基础 ",200917080,2024-12-27 13:24:39,外借,1
409,"做中学电子电路, 电路基础 ",200917080,2025-01-02 18:40:31,归还,0
409,"做中学电子电路, 电路基础 ",200917080,2025-01-02 18:43:47,外借,1
409,"做中学电子电路, 电路基础 ",200917080,2025-03-21 11:47:01,归还,0
410,克莱因壶,201003350,2024-11-15 08:32:40,外借,1
410,克莱因壶,201003350,2024-12-16 14:20:31,归还,0
410,克莱因壶,201003350,2024-12-16 14:22:15,外借,1
411,克林格梭尔的最后夏天,200860149,2025-05-22 17:48:00,外借,1
411,克林格梭尔的最后夏天,200860149,2025-05-22 18:02:57,续借,1
412,助推快与慢：人类动因与行为经济学,200933035,2025-04-30 11:50:45,外借,1
412,助推快与慢：人类动因与行为经济学,200933035,2025-06-04 17:08:07,归还,0
412,助推快与慢：人类动因与行为经济学,200933035,2025-06-04 17:09:26,外借,1
413,动物农场,200887004,2024-09-04 12:16:48,外借,1
413,动物农场,200887004,2024-09-04 16:32:38,归还,0
413,动物农场,200854343,2024-09-24 12:01:50,外借,1
414,3年人类迁徙史,200937442,2024-11-21 07:29:29,外借,1
415,（PEL) Heart of Darkness,200692456,2024-10-17 12:41:43,外借,1
415,（PEL) Heart of Darkness,200692456,2024-12-11 11:05:31,归还,0
416,(PBC)A Treatise of Human Nature,201313426,2024-11-25 15:48:35,外借,1
416,(PBC)A Treatise of Human Nature,201313426,2024-12-27 11:11:55,归还,0
417,(PBC)Essays and Letters,201313293,2024-11-20 14:09:10,外借,1
417,(PBC)Essays and Letters,201313293,2024-11-25 11:56:10,归还,0
418,(PMC)The Trial,201301992,2024-11-07 20:28:50,外借,1
418,(PMC)The Trial,201301992,2024-11-11 09:53:50,归还,0
419,1453君士坦丁堡之战,200822887,2025-02-17 15:24:04,外借,1
419,1453君士坦丁堡之战,200822887,2025-04-09 07:34:04,归还,0
420,1844年经济学哲学手搞,200861273,2025-02-18 12:23:15,外借,1
420,1844年经济学哲学手搞,200861273,2025-02-25 07:53:16,归还,0
421,1973年的弹子球,200882161,2025-03-04 17:35:39,外借,1
421,1973年的弹子球,200882161,2025-03-04 17:35:51,归还,0
422,魏玛德国：希望与悲剧,201013973,2025-02-17 17:16:49,外借,1
422,魏玛德国：希望与悲剧,201013973,2025-03-18 11:57:18,归还,0
423,鬼谷子,200812353,2024-11-12 17:51:21,外借,1
423,鬼谷子,200812353,2024-12-02 10:29:34,归还,0
424,Bantam Classics：Jane Eyre,200694515,2024-12-16 16:56:51,外借,1
424,Bantam Classics：Jane Eyre,200694515,2025-01-10 07:56:50,归还,0
425,Bantam Classics：King Lear,201301420,2024-12-16 16:56:44,外借,1
425,Bantam Classics：King Lear,201301420,2025-01-10 07:56:42,归还,0
426,Bantam Classics：Pride And Prejudice,200694490,2024-11-11 11:43:51,外借,1
426,Bantam Classics：Pride And Prejudice,200694490,2024-12-27 11:19:13,归还,0
427,Barron's巴朗SAT 16 专著 = Barron's SAT 16,200418039,2025-02-17 17:59:13,外借,1
428,Before I Fall,200688096,2024-12-09 11:46:24,外借,1
428,Before I Fall,200688096,2025-01-10 15:17:52,归还,0
429,飘:精装版,200902853,2024-09-13 11:50:27,外借,1
429,飘:精装版,200902853,2024-09-19 16:00:39,归还,0
430,飘·上,200820816,2025-03-11 09:11:00,外借,1
430,飘·上,200820816,2025-03-31 09:31:18,归还,0
431,飘·下,200820825,2025-03-31 09:58:13,外借,1
431,飘·下,200820825,2025-04-14 09:13:56,归还,0
432,食南之徒,201057257,2025-03-11 10:38:19,外借,1
432,食南之徒,201057257,2025-04-11 07:30:00,归还,0
433,饥饿的盛世 : 乾隆时代的得与失,200989626,2024-12-23 09:49:27,外借,1
433,饥饿的盛世 : 乾隆时代的得与失,200989626,2025-04-11 13:26:18,归还,0
434,非道德的政治,201028253,2025-04-21 12:15:47,外借,1
434,非道德的政治,201028253,2025-04-30 14:41:34,归还,0
435,面包与自由 ,200843800,2024-11-19 12:02:55,外借,1
436,面纱,200868052,2025-02-26 14:18:25,外借,1
436,面纱,200868052,2025-03-05 10:28:36,归还,0
437,革命的年代:1789-1848,200821389,2024-10-18 13:25:57,外借,1
437,革命的年代:1789-1848,200821389,2025-06-06 14:37:04,归还,0
438,铁壁之围：一战中的德国和奥匈帝国,200838442,2024-09-04 16:43:41,外借,1
438,铁壁之围：一战中的德国和奥匈帝国,200838442,2024-09-11 17:20:01,归还,0
439,"银河帝国.1,基地",200875534,2024-09-10 07:48:00,归还,0
439,"银河帝国.1,基地",200875534,2024-11-25 12:20:36,外借,1
439,"银河帝国.1,基地",200875534,2025-01-03 09:37:00,归还,0
440,假面山庄,200994665,2025-01-07 17:34:51,外借,1
440,假面山庄,200994665,2025-02-20 17:50:57,归还,0
441,做一杯美味咖啡,200541388,2024-12-19 13:38:25,外借,1
441,做一杯美味咖啡,200541388,2025-03-25 16:20:44,归还,0
442,做哲学,200841081,2024-11-18 07:27:27,归还,0
442,做哲学,200841081,2025-03-19 17:40:45,外借,1
443,健身营养全书: 关于力量与肌肉的营养策略,200908599,2024-09-06 10:01:14,外借,1
443,健身营养全书: 关于力量与肌肉的营养策略,200908599,2024-09-24 16:37:29,归还,0
444,从俾斯麦到希特勒,200820781,2025-02-17 17:16:49,外借,1
444,从俾斯麦到希特勒,200820781,2025-03-18 11:57:18,归还,0
445,从到1:开启商业与未来的秘密,201034665,2024-10-31 07:27:09,外借,1
445,从到1:开启商业与未来的秘密,201034665,2024-12-02 07:51:58,归还,0
446,从动力学到统计物理学 ,201010770,2024-09-19 12:35:42,外借,1
446,从动力学到统计物理学 ,201010770,2025-01-03 07:26:07,归还,0
447,从零开始读懂物理学,200973651,2024-12-20 13:11:00,外借,1
447,从零开始读懂物理学,200973651,2025-01-09 18:59:21,归还,0
448,全球通史 ,200978932,2024-09-24 15:52:19,外借,1
448,全球通史 ,200978932,2024-09-30 14:37:12,归还,0
449,公寓,201029403,2025-03-25 16:59:50,外借,1
449,公寓,201029403,2025-04-02 06:52:19,归还,0
450,共产党宣言,200861282,2024-10-08 12:15:58,外借,1
450,共产党宣言,200861282,2024-10-14 15:03:27,归还,0
451,共情的力量 ,200935961,2024-09-10 12:32:54,外借,1
451,共情的力量 ,200935961,2024-10-11 07:51:08,归还,0
452,农场,201047704,2024-10-08 17:35:02,外借,1
452,农场,201047704,2024-11-07 09:36:22,归还,0
453,冰火传奇,201002271,2024-09-06 12:38:52,外借,1
453,冰火传奇,201002271,2024-10-15 09:32:05,归还,0
454,低欲望社会,200880458,2025-04-18 07:38:21,归还,0
454,低欲望社会,200880458,2025-06-05 07:29:10,外借,1
455,佛系,200864449,2024-09-03 16:46:27,外借,1
455,佛系,200864449,2024-10-12 12:37:33,归还,0
456,千羽鹤.4,200804647,2024-11-29 07:53:01,外借,1
456,千羽鹤.4,200804647,2024-12-17 12:32:01,归还,0
457,华丽食物志,201053386,2024-09-02 09:17:27,外借,1
457,华丽食物志,201053386,2024-09-03 12:36:16,归还,0
458,卡夫卡小说全集. 变形记,200856635,2024-10-25 11:16:12,外借,1
459,印度,200879629,2024-11-05 16:03:46,外借,1
459,印度,200879629,2024-11-11 11:39:31,归还,0
460,净化基因,201031070,2024-11-05 19:58:38,外借,1
460,净化基因,201031070,2024-11-14 16:22:58,归还,0
461,凡尔登战役,200839600,2024-10-18 12:16:37,外借,1
461,凡尔登战役,200839600,2024-11-28 11:09:49,归还,0
462,出发吧！了不起的身体旅行 .2,201065818,2025-03-27 11:52:37,外借,1
462,出发吧！了不起的身体旅行 .2,201065818,2025-04-10 08:25:46,归还,0
463,剧变 ,200874321,2024-12-23 09:49:27,外借,1
463,剧变 ,200874321,2025-04-11 13:26:13,归还,0
464,动物凶猛,200945816,2025-03-07 14:30:23,外借,1
465,傲慢与偏见,200859909,2025-02-17 17:36:52,外借,1
465,傲慢与偏见,200859909,2025-02-20 17:12:11,归还,0
466,像我们一样疯狂,201602186,2024-12-23 17:46:07,外借,1
466,像我们一样疯狂,201602186,2025-01-03 07:44:03,归还,0
467,克拉拉与太阳 ,200857938,2025-04-16 15:33:36,外借,1
467,克拉拉与太阳 ,200857938,2025-05-30 14:04:44,归还,0
468,克苏鲁神话Ⅳ 异界之色,200864804,2024-09-29 17:36:46,外借,1
468,克苏鲁神话Ⅳ 异界之色,200864804,2024-10-08 12:26:17,归还,0
469,克里姆特：变形的真实,200956359,2024-12-10 10:20:46,外借,1
469,克里姆特：变形的真实,200956359,2024-12-18 16:32:03,归还,0
470,你的第一本哲学书,201034718,2024-09-10 17:46:31,外借,1
471,侦探伽利略 ,200975114,2024-11-26 11:49:27,外借,1
471,侦探伽利略 ,200975114,2024-12-09 09:35:25,归还,0
472,人力资源规划操作指南：规划概述+实用图表+流程架构+操作方案,200934472,2025-03-03 17:55:19,外借,1
472,人力资源规划操作指南：规划概述+实用图表+流程架构+操作方案,200934472,2025-03-13 17:48:07,归还,0
473,人工智能不会做什么：1亿人类与1亿机器人共存的未来,200950667,2025-02-17 17:46:24,外借,1
473,人工智能不会做什么：1亿人类与1亿机器人共存的未来,200950667,2025-03-13 17:21:45,归还,0
474,人工智能的价值反思,200969924,2025-02-17 17:46:29,外借,1
474,人工智能的价值反思,200969924,2025-03-13 17:21:43,归还,0
475,人形爱情故事,201065284,2025-03-27 11:43:52,外借,1
475,人形爱情故事,201065284,2025-05-16 07:56:21,归还,0
476,叔凡说法 一看就懂的法律常识,200755414,2024-12-19 13:36:16,外借,1
476,叔凡说法 一看就懂的法律常识,200755414,2025-03-25 16:20:35,归还,0
477,叔本华暮年之思,200918775,2024-10-11 15:49:36,外借,1
477,叔本华暮年之思,200918775,2024-10-11 16:21:06,归还,0
478,变形记,200862094,2025-03-24 08:35:50,外借,1
478,变形记,200862094,2025-04-07 11:47:19,归还,0
479,变态心理学,200956386,2024-09-14 12:02:19,外借,1
479,变态心理学,200956386,2024-10-23 11:57:41,归还,0
480,叙事经济学 ,200875730,2024-11-29 07:53:01,外借,1
480,叙事经济学 ,200875730,2025-02-17 07:37:18,归还,0
481,匈人王阿提拉,200837032,2025-02-25 07:06:46,外借,1
481,匈人王阿提拉,200837032,2025-02-25 16:29:48,归还,0
482,化学传奇 ,200902504,2024-09-25 08:59:19,外借,1
482,化学传奇 ,200902504,2024-10-08 07:24:08,归还,0
483,北宋名家词选讲 ,200974561,2025-02-27 11:54:56,外借,1
483,北宋名家词选讲 ,200974561,2025-04-24 11:49:48,归还,0
484,"北欧,凛冽的世界尽头",201030570,2024-09-04 16:12:33,外借,1
484,"北欧,凛冽的世界尽头",201030570,2024-09-05 11:29:31,归还,0
485,北欧众神 ,200869462,2025-03-13 17:34:13,外借,1
485,北欧众神 ,200869462,2025-04-27 16:33:01,归还,0
486,北洋觉梦录,200835908,2025-03-24 13:34:47,外借,1
486,北洋觉梦录,200835908,2025-06-04 19:13:21,归还,0
487,医生与您细聊抑郁症,200914289,2024-11-20 08:25:14,外借,1
487,医生与您细聊抑郁症,200914289,2024-11-22 10:23:20,归还,0
488,后电影视觉 :运动影像媒介与观众的共同进化,201057630,2025-04-15 19:16:34,外借,1
488,后电影视觉 :运动影像媒介与观众的共同进化,201057630,2025-04-17 15:57:09,归还,0
489,印度六派哲学,201001290,2024-12-19 17:09:45,外借,1
489,印度六派哲学,201001290,2025-01-06 16:25:01,归还,0
490,历史之源,201011243,2024-09-24 17:49:37,外借,1
490,历史之源,201011243,2024-09-25 11:44:45,归还,0
491,历史的意外,200881108,2024-09-11 08:56:27,外借,1
491,历史的意外,200881108,2025-01-10 11:56:32,归还,0
492,历史的运用与滥用,200981688,2024-09-02 18:11:27,外借,1
492,历史的运用与滥用,200981688,2024-09-25 11:35:58,归还,0
493,厌女,200970850,2024-12-18 17:19:32,外借,1
494,以罗马之名 : 缔造罗马伟业的将军们,200835962,2024-12-04 17:40:06,外借,1
494,以罗马之名 : 缔造罗马伟业的将军们,200835962,2024-12-11 12:20:26,归还,0
495,仲夏之死,200881689,2024-11-26 11:49:40,外借,1
495,仲夏之死,200881689,2025-05-21 10:10:02,归还,0
496,伊斯坦布尔三城记 ,200872797,2024-10-29 16:33:03,外借,1
496,伊斯坦布尔三城记 ,200872797,2025-01-10 12:13:18,归还,0
497,伊朗简史,200837087,2024-10-24 12:17:15,外借,1
497,伊朗简史,200837087,2024-11-25 07:29:35,归还,0
498,休谟 ,201011742,2025-03-19 11:00:43,外借,1
498,休谟 ,201011742,2025-03-19 15:46:11,归还,0
499,伟大的海·上,200826286,2025-05-08 10:19:54,外借,1
499,伟大的海·上,200826286,2025-05-16 14:38:50,归还,0
500,伦敦围城,201017586,2025-03-24 09:34:32,外借,1
500,伦敦围城,201017586,2025-04-22 14:32:05,归还,0
501,伦理学 ,200856127,2025-02-17 17:16:49,外借,1
501,伦理学 ,200856127,2025-03-11 08:09:38,归还,0
502,伯克利物理学教程:第5卷·统计物理学(英文影印版),200935195,2025-03-14 12:10:32,外借,1
502,伯克利物理学教程:第5卷·统计物理学(英文影印版),200935195,2025-06-04 07:19:32,归还,0
503,人体解剖图谱,200968248,2025-02-19 17:22:08,外借,1
503,人体解剖图谱,200968248,2025-03-19 06:52:10,归还,0
504,古都.5,200804665,2025-02-28 14:32:01,外借,1
505,人性实验：改变社会心理学的28项研究,200934686,2024-09-24 17:07:36,外借,1
505,人性实验：改变社会心理学的28项研究,200934686,2024-09-25 11:44:41,归还,0
506,人性的枷锁 ,200982623,2024-11-29 07:51:39,外借,1
506,人性的枷锁 ,200982623,2024-12-12 11:16:56,归还,0
507,人性能达到的境界,200972475,2025-04-27 12:39:40,外借,1
507,人性能达到的境界,200972475,2025-05-30 14:34:57,归还,0
508,人文地理学通识:全彩插图,200990703,2025-05-08 11:35:28,外借,1
508,人文地理学通识:全彩插图,200990703,2025-06-06 15:09:31,归还,0
509,人生看得几清明,201018969,2024-09-05 12:31:14,外借,1
509,人生看得几清明,201018969,2024-10-14 15:57:46,归还,0
510,人类学是什么,200847708,2025-05-28 11:43:58,外借,1
511,人类的进击 ,200876757,2024-12-02 11:35:53,外借,1
512,买办的女儿,200923518,2025-03-24 09:34:51,外借,1
512,买办的女儿,200923518,2025-03-25 13:23:27,归还,0
513,乱世佳人 ·上,200854496,2025-05-06 16:57:16,外借,1
513,乱世佳人 ·上,200854496,2025-05-19 13:00:11,归还,0
514,争夺非洲,201054090,2025-04-28 10:29:15,外借,1
515,叩开免疫之门 ,200940287,2024-12-02 11:25:29,外借,1
515,叩开免疫之门 ,200940287,2024-12-09 11:24:50,归还,0
516,史学原理,201010128,2024-09-25 08:18:12,外借,1
516,史学原理,201010128,2024-09-25 11:38:22,归还,0
517,史学引论,200968480,2024-09-20 08:08:19,外借,1
517,史学引论,200968480,2024-09-27 13:30:49,归还,0
518,史记.2,200812852,2024-10-15 12:25:06,外借,1
518,史记.2,200812852,2025-06-06 14:37:04,归还,0
519,后基因组时代：[后基因组时代的伦理、公正和知识],200848468,2024-09-24 17:49:43,外借,1
519,后基因组时代：[后基因组时代的伦理、公正和知识],200848468,2024-09-25 11:44:45,归还,0
520,后翼弃兵,201024202,2024-10-10 09:59:04,外借,1
520,后翼弃兵,201024202,2024-11-04 19:17:32,归还,0
521,向您告知，明天我们一家就要被杀 : 卢旺达大屠杀纪事,201045537,2025-04-28 10:29:22,外借,1
522,呐喊,200834865,2024-09-30 08:00:40,外借,1
522,呐喊,200834865,2025-02-24 17:02:44,归还,0
523,周易家居环境调理,200896370,2024-09-06 13:21:09,外借,1
524,周易教程,201001753,2024-09-06 13:20:59,外借,1
525,周易简释 ,200930724,2024-09-06 13:21:22,外借,1
526,呼吸 ,200890679,2024-09-14 09:58:29,外借,1
526,呼吸 ,200890679,2024-10-09 15:17:33,归还,0
527,哈利·波特与历史,200948323,2024-12-02 09:21:57,外借,1
527,哈利·波特与历史,200948323,2025-01-09 15:17:41,归还,0
528,哲学·科学·常识,200875972,2024-09-24 15:29:01,外借,1
528,哲学·科学·常识,200875972,2025-05-22 15:42:50,归还,0
529,哲学课,200876221,2025-03-20 17:41:48,外借,1
529,哲学课,200876221,2025-04-11 12:36:04,归还,0
530,哲学起步 ,200833107,2025-05-09 07:18:44,外借,1
531,商业广告设计,200915028,2025-05-26 15:24:31,外借,1
532,古典欧洲的诞生：从特洛伊到奥古斯丁,200945040,2024-12-03 17:12:25,外借,1
532,古典欧洲的诞生：从特洛伊到奥古斯丁,200945040,2025-01-10 09:40:13,归还,0
533,古埃及《亡灵书》,201001799,2024-11-26 11:49:55,外借,1
533,古埃及《亡灵书》,201001799,2025-05-21 10:10:02,归还,0
534,古董局中局.1,200831920,2024-09-23 12:16:45,外借,1
534,古董局中局.1,200831920,2024-10-30 15:04:18,归还,0
535,古都,200862539,2024-09-02 13:12:57,外借,1
535,古都,200862539,2025-01-10 11:32:07,归还,0
536,中国现当代文学名篇十五讲,200847986,2025-04-28 16:53:07,外借,1
536,中国现当代文学名篇十五讲,200847986,2025-04-29 08:06:29,归还,0
537,垃圾DNA ,200983472,2024-11-06 19:43:52,外借,1
537,垃圾DNA ,200983472,2024-11-14 15:50:48,归还,0
538,基因开关,200948699,2024-11-04 10:58:50,外借,1
538,基因开关,200948699,2024-11-05 17:39:46,归还,0
539,基因社会,200862771,2024-12-09 11:42:56,外借,1
539,基因社会,200862771,2024-12-27 11:16:30,归还,0
540,基督山伯爵 （下）,200858517,2024-09-13 11:54:01,外借,1
540,基督山伯爵 （下）,200858517,2024-10-18 08:56:11,归还,0
541,商业海报设计,200918597,2025-04-07 15:27:43,外借,1
542,喧哗与骚动,201024177,2024-10-14 15:08:00,外借,1
542,喧哗与骚动,201024177,2024-10-28 14:21:16,归还,0
542,喧哗与骚动,200986237,2025-04-10 10:57:22,归还,0
543,"四世同堂. 第一部, 惶惑 ",201050502,2025-05-09 07:24:02,外借,1
543,"四世同堂. 第一部, 惶惑 ",201050502,2025-06-03 06:51:34,归还,0
544,四百万+西部的心,200821735,2024-10-08 17:51:51,外借,1
544,四百万+西部的心,200821735,2024-11-20 11:40:08,归还,0
545,四维旅行,201051985,2024-11-14 16:22:24,外借,1
545,四维旅行,201051985,2024-12-09 11:24:43,归还,0
546,国境以南太阳以西,200883071,2024-11-11 10:56:57,外借,1
546,国境以南太阳以西,200883071,2024-11-12 07:19:19,归还,0
547,国王的两个身体,200979968,2024-09-25 12:16:03,外借,1
547,国王的两个身体,200979968,2024-11-04 13:01:28,归还,0
548,国际文凭大学预科项目中文A课程文学术语手册,200192594,2024-10-09 11:45:07,归还,0
548,国际文凭大学预科项目中文A课程文学术语手册,200192594,2024-11-01 12:36:21,外借,1
549,國際文憑大學預科項目中文A語言與文學課程學習指導——文学卷(简体版),Z0065131,2024-12-26 09:28:06,外借,1
549,國際文憑大學預科項目中文A語言與文學課程學習指導——文学卷(简体版),Z0065131,2025-01-06 10:48:12,归还,0
550,國際文憑大學預科項目中文A語言與文學課程學習指導——评估卷(简体版),Z0068838,2025-04-27 11:17:32,归还,0
550,國際文憑大學預科項目中文A語言與文學課程學習指導——评估卷(简体版),Z0068838,2025-05-14 14:30:17,外借,1
551,國際文憑大學預科項目中文A語言與文學課程學習指導——语言卷(简体版),Z0068840,2025-04-27 11:17:30,归还,0
551,國際文憑大學預科項目中文A語言與文學課程學習指導——语言卷(简体版),Z0068840,2025-05-14 14:30:23,外借,1
552,在路上,200877186,2024-11-15 08:40:31,外借,1
552,在路上,200877186,2024-11-19 14:18:13,归还,0
553,在轮下,200860185,2025-01-09 13:10:11,外借,1
553,在轮下,200860185,2025-02-21 13:56:22,归还,0
554,地书 ,200977470,2025-02-20 13:42:10,外借,1
554,地书 ,200977470,2025-03-03 08:52:38,归还,0
555,五号屠场,201059184,2024-12-17 16:54:02,外借,1
555,五号屠场,201059184,2025-05-22 12:01:27,归还,0
556,亲密关系,200896628,2024-09-04 13:47:22,外借,1
557,人世的真相,201018193,2024-11-29 07:51:46,外借,1
557,人世的真相,201018193,2024-12-23 17:55:32,归还,0
558,人人都该懂的科学简史 ,200991294,2024-09-20 08:08:19,外借,1
558,人人都该懂的科学简史 ,200991294,2024-09-27 13:30:49,归还,0
559,人人都该懂的脑科学 ,200998162,2025-04-03 12:32:18,外借,1
559,人人都该懂的脑科学 ,200998162,2025-06-06 14:41:01,归还,0
560,人人都该懂的艺术,200991301,2024-09-24 17:07:46,外借,1
560,人人都该懂的艺术,200991301,2024-09-25 11:43:50,归还,0
561,人人都该懂的认识论,200991276,2024-09-24 16:44:59,外借,1
561,人人都该懂的认识论,200991276,2024-09-25 11:44:06,归还,0
562,人体形态学,200977096,2025-03-28 07:16:52,外借,1
562,人体形态学,200977096,2025-04-30 06:51:54,归还,0
563,中国传统色：故宫里的色彩美学 ,200847806,2024-10-18 12:57:44,外借,1
563,中国传统色：故宫里的色彩美学 ,200847806,2024-10-21 17:39:15,归还,0
564,中国古典名著百部·传世方术卷：阴符经 握奇经 皇帝宅经 龟策列传 灵棋经 诸葛神薮 推背图 奇门遁甲 梅花易,200184656,2024-09-10 14:24:05,外借,1
565,中国哲学如何登场 ,201045449,2024-12-25 12:26:04,外借,1
565,中国哲学如何登场 ,201045449,2025-01-07 11:31:52,归还,0
566,中国哲学简史,201011564,2024-10-28 16:34:42,归还,0
566,中国哲学简史,201011564,2024-10-28 16:37:58,外借,1
566,中国哲学简史,201011564,2024-10-28 16:55:02,归还,0
567,中国当代摄影景观 : 198-22,200807494,2025-02-25 15:37:35,外借,1
567,中国当代摄影景观 : 198-22,200807494,2025-04-22 11:43:18,归还,0
568,天使与魔鬼,201000193,2025-05-08 11:34:19,外借,1
568,天使与魔鬼,201000193,2025-05-12 14:57:52,归还,0
569,天才基本法：完结篇. 上,200934427,2025-05-07 11:43:01,外借,1
569,天才基本法：完结篇. 上,200934427,2025-06-06 14:41:30,归还,0
570,基督教史：最初的三千年,201057319,2025-05-15 15:22:52,外借,1
570,基督教史：最初的三千年,201057319,2025-06-13 14:49:19,归还,0
571,基督教神学,200827677,2025-04-07 10:37:12,外借,1
571,基督教神学,200827677,2025-05-21 14:34:08,归还,0
572,基础有机化学. 上册 ,200967926,2024-10-11 16:23:12,外借,1
572,基础有机化学. 上册 ,200967926,2024-11-01 11:07:06,归还,0
573,堂吉诃德,200808885,2025-02-25 15:31:20,外借,1
573,堂吉诃德,200808885,2025-04-07 07:30:06,归还,0
574,堕落 流放与王国,201014339,2025-02-17 11:46:49,外借,1
574,堕落 流放与王国,201014339,2025-04-14 18:07:15,归还,0
575,塑料的世界,201020493,2024-09-04 17:58:41,外借,1
575,塑料的世界,201020493,2025-04-10 11:07:14,归还,0
576,塔木德 ,200965250,2024-09-04 11:25:54,外借,1
576,塔木德 ,200965250,2024-10-08 17:51:25,归还,0
577,复活,200857750,2024-11-29 12:34:08,外借,1
577,复活,200857750,2025-02-19 11:48:33,归还,0
578,夏天、烟火和我的尸体,200945932,2024-11-07 17:54:45,外借,1
578,夏天、烟火和我的尸体,200945932,2024-11-13 17:55:26,归还,0
579,夏目漱石浮世与病榻,200977112,2024-11-15 12:08:35,外借,1
579,夏目漱石浮世与病榻,200977112,2025-05-21 07:57:48,归还,0
580,外婆的道歉信,200979138,2024-11-13 12:00:43,外借,1
580,外婆的道歉信,200979138,2024-12-06 08:49:19,归还,0
580,外婆的道歉信,200985880,2025-05-08 12:31:16,归还,0
581,夜晚的潜水艇 ,200849966,2024-09-06 12:01:11,外借,1
581,夜晚的潜水艇 ,200849966,2024-10-14 07:15:43,归还,0
582,圣诞颂歌,200955289,2024-11-13 09:00:17,外借,1
582,圣诞颂歌,200955289,2024-11-14 08:10:20,归还,0
583,在绝望之巅,200805584,2025-03-24 15:09:15,外借,1
583,在绝望之巅,200805584,2025-04-07 10:33:43,归还,0
584,女孩们,200870584,2025-04-02 16:44:59,外借,1
584,女孩们,200870584,2025-04-03 08:54:55,归还,0
585,女性影像手册,200887157,2025-02-27 10:23:50,外借,1
586,女生徒,200986932,2024-09-23 14:30:12,外借,1
586,女生徒,200986932,2024-10-12 11:49:59,归还,0
587,她之所以为她,200889351,2025-06-05 07:29:05,外借,1
588,她们,201044208,2024-09-26 13:17:08,外借,1
588,她们,201044208,2024-10-11 16:05:06,归还,0
589,大学之路 : 陪女儿在美国选大学. 上册,201605030,2025-01-10 10:35:05,外借,1
589,大学之路 : 陪女儿在美国选大学. 上册,201605030,2025-05-07 12:03:49,归还,0
590,"大秦帝国·第一部, 黑色裂变. 上卷",200917400,2024-09-12 12:22:23,外借,1
590,"大秦帝国·第一部, 黑色裂变. 上卷",200917400,2024-09-26 12:26:07,归还,0
591,"大秦帝国·第一部, 黑色裂变. 下卷",200917428,2024-09-26 07:22:53,外借,1
591,"大秦帝国·第一部, 黑色裂变. 下卷",200917428,2024-10-10 12:20:09,归还,0
592,"大秦帝国·第三部, 金戈铁马. 下卷",200917491,2024-12-02 10:31:11,外借,1
592,"大秦帝国·第三部, 金戈铁马. 下卷",200917491,2024-12-16 17:36:29,归还,0
593,"大秦帝国·第二部, 国命纵横. 上卷",200917437,2024-10-09 12:08:20,外借,1
593,"大秦帝国·第二部, 国命纵横. 上卷",200917437,2024-10-28 07:24:50,归还,0
594,"大秦帝国·第二部, 国命纵横. 下卷",200917464,2024-10-28 07:26:24,外借,1
594,"大秦帝国·第二部, 国命纵横. 下卷",200917464,2024-11-07 19:48:19,归还,0
595,"大秦帝国·第五部, 铁血文明. 上卷",200917552,2025-01-06 07:23:26,外借,1
595,"大秦帝国·第五部, 铁血文明. 上卷",200917552,2025-01-10 11:26:02,归还,0
596,"大秦帝国·第四部, 阳谋春秋. 上卷",200917525,2024-12-16 12:08:23,外借,1
596,"大秦帝国·第四部, 阳谋春秋. 上卷",200917525,2024-12-26 11:25:44,归还,0
597,"大秦帝国·第四部, 阳谋春秋. 下卷",200917543,2024-12-26 11:27:09,外借,1
597,"大秦帝国·第四部, 阳谋春秋. 下卷",200917543,2025-01-06 11:35:23,归还,0
598,大象的证词,200836266,2024-11-13 12:32:19,外借,1
598,大象的证词,200836266,2024-12-17 09:29:18,归还,0
599,大问题,200913690,2024-09-12 17:21:00,外借,1
600,失落的秘符,201018709,2024-10-23 17:38:20,外借,1
600,失落的秘符,201018709,2024-11-11 13:29:41,归还,0
601,奇妙数学的1个重大突破. 上册,201038581,2024-09-24 17:07:22,外借,1
601,奇妙数学的1个重大突破. 上册,201038581,2024-09-25 11:43:43,归还,0
602,契科夫短篇小说精选,201020741,2024-12-06 13:38:51,外借,1
602,契科夫短篇小说精选,201020741,2024-12-17 07:52:06,归还,0
603,契诃夫传,200878773,2024-12-02 09:57:39,外借,1
603,契诃夫传,200878773,2024-12-10 08:29:02,归还,0
604,丹麦人为什么幸福,200876070,2024-12-02 12:49:46,外借,1
604,丹麦人为什么幸福,200876070,2024-12-04 16:27:29,归还,0
605,为什么那是艺术:当代艺术的美学和批评,200903022,2024-09-24 16:11:51,外借,1
605,为什么那是艺术:当代艺术的美学和批评,200903022,2024-12-02 12:33:46,归还,0
606,丽达与天鹅 : 叶芝诗歌新译详注,200813815,2024-12-09 16:24:17,外借,1
606,丽达与天鹅 : 叶芝诗歌新译详注,200813815,2024-12-26 08:30:00,归还,0
607,乌托邦 ,200843098,2025-03-13 16:54:16,外借,1
607,乌托邦 ,200843098,2025-06-04 07:19:31,归还,0
608,九三年 ,200983917,2025-01-09 15:26:46,外借,1
608,九三年 ,200983917,2025-03-11 12:37:38,归还,0
609,习近平新时代中国特色社会主义思想基本问题,200819365,2024-11-27 12:05:49,外借,1
609,习近平新时代中国特色社会主义思想基本问题,200819365,2025-01-02 15:05:10,归还,0
610,与神作战,200822627,2025-05-15 15:22:52,外借,1
610,与神作战,200822627,2025-05-16 08:48:30,归还,0
611,世界历史上的蒙古征服,200835953,2024-09-02 16:34:43,外借,1
611,世界历史上的蒙古征服,200835953,2024-09-05 11:33:42,归还,0
612,世界尽头的咖啡馆 ,200866697,2024-10-24 12:11:21,外借,1
612,世界尽头的咖啡馆 ,200866697,2024-11-13 16:46:16,归还,0
613,世界摄影史,200824778,2025-02-25 15:37:28,外借,1
613,世界摄影史,200824778,2025-06-03 20:29:46,归还,0
614,世界的凛冬1,200874438,2025-01-08 17:20:17,外借,1
614,世界的凛冬1,200874438,2025-02-19 06:59:00,归还,0
615,世界的凛冬·Ⅱ,200874456,2025-01-08 17:20:17,外借,1
615,世界的凛冬·Ⅱ,200874456,2025-02-19 06:59:00,归还,0
616,宗教社会学 宗教与世界 ,200867428,2025-05-16 10:14:20,外借,1
616,宗教社会学 宗教与世界 ,200867428,2025-06-13 14:49:52,归还,0
617,审美人类学,200964572,2024-10-25 09:20:49,外借,1
617,审美人类学,200964572,2024-12-26 08:30:15,归还,0
618,对活人的治理：1979-198,200906608,2025-03-10 11:19:55,外借,1
618,对活人的治理：1979-198,200906608,2025-03-19 11:48:12,归还,0
619,好笑的爱,200857885,2024-10-16 12:16:06,外借,1
619,好笑的爱,200857885,2024-10-29 17:52:49,归还,0
620,如何从头开始做一个苹果派,201031061,2024-12-03 16:34:48,外借,1
620,如何从头开始做一个苹果派,201031061,2025-05-19 08:08:27,归还,0
621,如何做一个领导者,200975070,2025-06-05 07:28:56,外借,1
622,如何成为幸福的有钱人,200535616,2024-12-19 13:36:10,外借,1
622,如何成为幸福的有钱人,200535616,2025-03-25 16:20:40,归还,0
623,如何解读中世纪艺术,200931947,2024-12-09 12:02:08,外借,1
624,"如果在冬夜,一个旅人",200823298,2024-09-02 12:30:59,归还,0
624,"如果在冬夜,一个旅人",200823298,2025-04-14 16:56:58,外借,1
624,"如果在冬夜,一个旅人",200823298,2025-06-10 12:55:21,归还,0
625,如果尸体会说话,201020064,2025-03-25 16:59:43,外借,1
625,如果尸体会说话,201020064,2025-04-07 10:25:41,归还,0
626,如果我们的语言是威士忌,200877382,2024-10-21 12:41:11,外借,1
626,如果我们的语言是威士忌,200877382,2024-10-22 12:23:37,归还,0
627,妇女、家庭与法律实践,200889011,2025-03-18 16:57:41,外借,1
628,始于极限 : 女性主义往复书简,200803933,2024-09-09 07:47:20,外借,1
628,始于极限 : 女性主义往复书简,200803933,2024-10-18 12:39:50,归还,0
629,娱乐何为,200827098,2024-10-28 12:11:41,外借,1
629,娱乐何为,200827098,2024-11-12 11:24:18,归还,0
630,字母表谜案 ,200870129,2025-01-07 17:25:39,外借,1
630,字母表谜案 ,200870129,2025-03-25 12:10:41,归还,0
631,天黑以后,200804344,2024-11-26 17:21:35,外借,1
631,天黑以后,200804344,2024-12-04 17:04:04,归还,0
632,世界简史,200982268,2024-09-03 17:58:08,外借,1
632,世界简史,200982268,2024-09-12 09:36:43,归还,0
633,世界金融史,200988351,2024-09-25 16:27:03,外借,1
633,世界金融史,200988351,2024-09-27 08:34:26,归还,0
634,世间万数,200865439,2024-09-24 17:53:16,外借,1
634,世间万数,200865439,2024-09-25 11:38:45,归还,0
635,世间的每一个清晨,200835285,2025-05-16 12:25:20,外借,1
635,世间的每一个清晨,200835285,2025-06-06 12:51:25,归还,0
636,丛中鸟：观鸟的社会史,201010280,2025-04-24 08:28:10,外借,1
636,丛中鸟：观鸟的社会史,201010280,2025-05-19 11:34:23,归还,0
637,东京八平米,200803773,2024-11-18 17:04:57,外借,1
637,东京八平米,200803773,2024-12-23 11:17:15,归还,0
638,东京百景,200877907,2024-09-26 16:59:19,外借,1
639,三体Ⅲ,200951416,2025-04-08 07:55:39,外借,1
639,三体Ⅲ,200951416,2025-04-25 08:16:45,归还,0
640,三匹马,200839815,2024-09-04 15:54:56,外借,1
640,三匹马,200839815,2024-09-23 16:51:10,归还,0
641,三四郎,200884169,2025-05-13 10:32:44,外借,1
642,三国演义.下,201027904,2024-10-15 12:31:32,外借,1
642,三国演义.下,201027904,2025-01-10 11:29:20,归还,0
643,三幕悲剧,200836257,2024-09-05 09:33:54,外借,1
643,三幕悲剧,200836257,2024-09-19 16:29:40,归还,0
644,宏观经济学 ,201056105,2024-09-03 12:31:38,外借,1
644,宏观经济学 ,201056105,2025-01-10 07:47:35,归还,0
645,宏观经济数据分析手册,200954798,2024-12-18 07:45:18,外借,1
645,宏观经济数据分析手册,200954798,2025-02-17 07:37:18,归还,0
646,宗教哲学经典选读,200967588,2025-03-11 17:30:27,外借,1
646,宗教哲学经典选读,200967588,2025-03-25 12:26:31,归还,0
647,宗教社会学,200972894,2024-12-09 09:39:33,外借,1
647,宗教社会学,200972894,2025-05-21 10:10:02,归还,0
648,巨人的陨落III,200876551,2024-12-20 13:11:00,外借,1
648,巨人的陨落III,200876551,2025-01-08 17:19:17,归还,0
649,巴比伦,200825759,2025-03-21 11:57:41,外借,1
649,巴比伦,200825759,2025-03-25 13:42:47,归还,0
650,布匿战争 : 罗马、迦太基与地中海霸权的争夺,200839619,2025-02-19 11:50:25,外借,1
650,布匿战争 : 罗马、迦太基与地中海霸权的争夺,200839619,2025-02-24 12:06:36,归还,0
651,布拉格：黑色与金色之城,200970574,2025-01-03 11:31:27,外借,1
652,布雷顿森林货币战,200940116,2024-09-25 16:26:53,外借,1
652,布雷顿森林货币战,200940116,2024-12-02 12:33:53,归还,0
653,对称与不对称 ,200964947,2024-09-12 17:33:51,外借,1
653,对称与不对称 ,200964947,2024-09-20 15:51:52,归还,0
654,寻羊冒险记,200880172,2025-03-10 16:41:29,外借,1
654,寻羊冒险记,200880172,2025-05-19 16:49:01,归还,0
655,导演课,201058112,2025-01-09 17:50:21,外借,1
655,导演课,201058112,2025-02-19 17:37:13,归还,0
656,小姨多鹤 ,200869195,2025-03-31 17:27:55,外借,1
657,小说课,201023793,2025-04-16 17:18:23,外借,1
658,少年、胭脂与灵怪,201017112,2024-09-20 12:12:47,外借,1
658,少年、胭脂与灵怪,201017112,2024-11-07 16:42:20,归还,0
659,尼采,200829602,2024-09-24 12:23:59,外借,1
659,尼采,200829602,2024-11-19 16:54:22,归还,0
660,孤独力 ,200954191,2025-01-10 14:44:19,外借,1
660,孤独力 ,200954191,2025-05-15 09:31:13,归还,0
661,孤独是迷人的,200806869,2024-09-06 14:00:10,外借,1
661,孤独是迷人的,200806869,2024-09-06 14:06:18,归还,0
662,孤独美食家 ,200872369,2024-09-23 12:31:56,外借,1
662,孤独美食家 ,200872369,2024-09-24 07:15:09,归还,0
662,孤独美食家 ,200709910,2025-05-21 15:43:10,归还,0
663,世界的凛冬·Ⅲ,200874465,2025-01-08 17:20:17,外借,1
663,世界的凛冬·Ⅲ,200874465,2025-02-19 06:59:00,归还,0
664,山茶文具店,201031347,2024-09-24 11:01:09,外借,1
664,山茶文具店,201031347,2024-10-18 11:05:47,归还,0
665,峰会:影响2世纪的六场元首会谈,201037172,2024-12-26 11:49:42,外借,1
666,崔健诗歌集,200875124,2025-03-11 10:40:46,外借,1
666,崔健诗歌集,200875124,2025-03-14 07:25:32,归还,0
667,不再等待戈多,200806315,2025-02-26 14:18:19,外借,1
667,不再等待戈多,200806315,2025-03-05 10:28:36,归还,0
668,不原谅也没关系,201017372,2024-10-25 09:20:41,外借,1
668,不原谅也没关系,201017372,2024-12-26 08:30:15,归还,0
669,不可不知的36种电子元器件,201035441,2025-01-02 18:43:47,外借,1
669,不可不知的36种电子元器件,201035441,2025-03-21 11:47:01,归还,0
670,不安之书,200801061,2024-12-23 09:58:35,外借,1
670,不安之书,200801061,2025-01-03 13:08:19,归还,0
671,"不完美,才美",200885300,2024-10-24 15:55:29,外借,1
671,"不完美,才美",200885300,2024-12-16 07:31:01,归还,0
672,不平等社会：从石器时代到21世纪，人类如何应对不平等,201036253,2025-05-30 11:52:12,外借,1
673,不朽,200857894,2024-10-09 12:14:18,外借,1
673,不朽,200857894,2024-10-15 12:16:02,归还,0
674,与社会学同游 ,200861380,2025-04-16 07:22:48,归还,0
674,与社会学同游 ,200861380,2025-06-05 07:26:35,外借,1
675,“鸟人”应该知道的鸟问题,201015007,2025-04-24 08:27:57,外借,1
675,“鸟人”应该知道的鸟问题,201015007,2025-04-27 11:39:34,归还,0
676,一个人的美食跑跑跑,201058595,2024-11-05 20:26:18,外借,1
677,一个女人的故事,200853594,2024-12-06 10:01:31,外借,1
677,一个女人的故事,200853594,2024-12-13 11:57:00,归还,0
678,一个女孩的记忆,200853576,2025-04-16 15:33:36,外借,1
678,一个女孩的记忆,200853576,2025-04-17 10:37:19,归还,0
679,一句顶一万句,200823243,2025-04-02 16:33:18,外借,1
679,一句顶一万句,200823243,2025-06-06 08:00:35,归还,0
680,弗雷格 ,200511357,2024-10-10 16:41:14,外借,1
680,弗雷格 ,200511357,2025-02-18 09:53:58,归还,0
681,弦理论,201004448,2024-10-12 12:41:53,外借,1
681,弦理论,201004448,2024-12-12 15:00:55,归还,0
682,当代科学事实的争论研究,200979833,2024-09-25 08:54:32,外借,1
682,当代科学事实的争论研究,200979833,2024-09-25 09:01:39,归还,0
683,彷徨之刃,200993158,2024-12-16 14:30:26,外借,1
683,彷徨之刃,200993158,2025-02-20 17:50:57,归还,0
684,微暗的火,200880546,2024-12-23 10:12:49,外借,1
684,微暗的火,200880546,2025-01-03 13:08:19,归还,0
685,希波战争,200837103,2024-10-22 17:17:12,外借,1
685,希波战争,200837103,2024-10-24 17:51:08,归还,0
686,希腊前的哲学,200983766,2024-09-03 11:26:16,外借,1
686,希腊前的哲学,200983766,2024-10-25 09:47:07,归还,0
687,帝国的铸就：1861-1871,201013214,2024-09-04 12:33:47,外借,1
687,帝国的铸就：1861-1871,201013214,2025-02-17 09:15:17,归还,0
688,幕末史,200833964,2024-09-13 11:54:02,外借,1
688,幕末史,200833964,2024-11-11 15:18:35,归还,0
689,平凡的世界 .第一部,200847478,2024-09-19 16:59:57,外借,1
689,平凡的世界 .第一部,200847478,2024-10-15 07:38:21,归还,0
690,幽默,200927649,2024-10-12 10:55:21,外借,1
690,幽默,200927649,2024-10-29 15:08:52,归还,0
691,广东,200841900,2025-06-03 09:18:56,外借,1
692,广告说服力,201050156,2024-09-13 15:21:30,外借,1
692,广告说服力,201050156,2024-09-24 15:06:53,归还,0
693,广岛之恋,200879139,2024-10-09 12:14:30,外借,1
693,广岛之恋,200879139,2024-10-10 16:57:58,归还,0
694,应用STATA做统计分析 : 更新至STATA12 : 原书第8版,200914813,2024-12-06 14:36:47,外借,1
694,应用STATA做统计分析 : 更新至STATA12 : 原书第8版,200914813,2025-05-19 08:07:50,归还,0
695,庭院深处，是哪辆镀铬把手的小自行车？,200803425,2024-09-23 17:48:52,外借,1
695,庭院深处，是哪辆镀铬把手的小自行车？,200803425,2024-09-24 15:06:54,归还,0
696,康德的世界,200904771,2025-03-06 09:08:29,外借,1
696,康德的世界,200904771,2025-03-12 10:21:39,归还,0
697,建筑,200912637,2025-01-02 17:31:34,外借,1
697,建筑,200912637,2025-02-21 07:24:15,归还,0
698,建筑与文化,201066443,2025-05-16 14:20:21,外借,1
699,一地鸡毛,200841820,2024-10-17 17:40:49,外借,1
699,一地鸡毛,200841820,2025-06-06 14:41:55,归还,0
700,一桩事先张扬的凶杀案,200998741,2024-09-19 17:31:36,外借,1
700,一桩事先张扬的凶杀案,200998741,2024-09-25 16:55:26,归还,0
701,一间自己的房间,200805717,2025-01-07 11:00:16,外借,1
701,一间自己的房间,200805717,2025-02-18 10:38:07,归还,0
702,丁玲小说 梦珂,Z0028274,2025-02-26 12:05:14,外借,1
702,丁玲小说 梦珂,Z0028274,2025-05-13 07:52:04,归还,0
703,丁玲集,Z0012203,2025-02-26 12:05:08,外借,1
703,丁玲集,Z0012203,2025-05-13 07:52:04,归还,0
704,万历十五年,201023757,2025-03-28 07:13:18,外借,1
704,万历十五年,201023757,2025-05-06 06:50:55,归还,0
705,万尼亚舅舅·三姊妹·樱桃园,200882027,2025-04-30 11:42:01,外借,1
705,万尼亚舅舅·三姊妹·樱桃园,200882027,2025-05-06 06:50:55,归还,0
706,What You Can See From Here,201323282,2025-04-22 12:16:29,外借,1
706,What You Can See From Here,201323282,2025-05-16 12:17:35,归还,0
707,Where the crawdads sing,201310759,2024-09-10 14:42:28,外借,1
707,Where the crawdads sing,201310759,2025-02-18 14:50:44,归还,0
708,Why Didnt They Ask Evans?,201307932,2024-10-09 09:08:54,外借,1
708,Why Didnt They Ask Evans?,201307932,2024-10-18 12:36:12,归还,0
709,Wordsworth: Jane Eyre,200694301,2024-09-05 11:01:37,外借,1
709,Wordsworth: Jane Eyre,200694301,2025-06-03 20:16:45,归还,0
710,Wordsworth: Little Prince,200697745,2025-02-27 17:35:33,外借,1
710,Wordsworth: Little Prince,200697745,2025-03-18 17:30:34,归还,0
711,建筑鉴赏方法,200961762,2025-04-23 15:45:23,外借,1
712,总结：毛姆创作生涯回忆录,200878808,2024-12-23 18:08:56,外借,1
713,悖论与谬误 ,201046643,2024-09-19 12:04:43,外借,1
713,悖论与谬误 ,201046643,2024-11-06 20:32:31,归还,0
714,情书,200945889,2024-09-26 16:59:19,外借,1
715,情节与历史叙事,200920147,2024-12-24 11:56:20,外借,1
715,情节与历史叙事,200920147,2025-01-06 16:25:01,归还,0
716,惊艳一击：数理史上的绝妙证明,200940820,2024-09-11 08:55:09,外借,1
716,惊艳一击：数理史上的绝妙证明,200940820,2025-01-10 11:56:32,归还,0
717,微积分入门,200825045,2024-09-04 17:27:25,外借,1
718,微积分的力量,200942702,2024-09-30 12:09:46,外借,1
718,微积分的力量,200942702,2024-10-15 09:26:18,归还,0
719,德国简史,200895200,2024-09-04 17:31:45,外借,1
719,德国简史,200895200,2025-02-17 17:07:02,归还,0
720,德米安,200896405,2024-09-23 12:23:32,外借,1
720,德米安,200896405,2024-09-29 09:32:30,归还,0
721,心向原野,201021214,2024-11-22 10:14:32,外借,1
721,心向原野,201021214,2024-12-02 12:23:41,归还,0
722,心流:最优体验心理学,200876178,2024-11-07 17:04:00,外借,1
722,心流:最优体验心理学,200876178,2024-11-11 15:18:32,归还,0
722,心流:最优体验心理学,200876187,2025-01-08 16:16:12,归还,0
723,心理学 ,200856038,2024-09-24 16:44:02,外借,1
723,心理学 ,200856038,2024-09-25 11:43:58,归还,0
724,心理治疗为什么有用,200906430,2024-11-22 12:07:20,外借,1
724,心理治疗为什么有用,200906430,2024-12-04 17:22:42,归还,0
725,怀疑论者:理性看世界,201033700,2024-11-11 14:03:22,外借,1
726,思想经济学,200947413,2024-09-19 12:18:51,外借,1
726,思想经济学,200947413,2024-10-22 11:52:59,归还,0
727,康德,200922092,2025-03-14 12:03:16,外借,1
727,康德,200922092,2025-04-07 10:33:43,归还,0
728,"怪诞行为学. 3, 非理性的你",200885435,2024-12-12 08:58:06,外借,1
728,"怪诞行为学. 3, 非理性的你",200885435,2024-12-17 08:25:10,归还,0
729,Wordsworth: Social Contract,200692483,2025-04-07 10:12:26,外借,1
729,Wordsworth: Social Contract,200692483,2025-05-16 08:51:15,归还,0
730,Workbook Mathematics HL,200049928,2024-09-12 17:40:28,归还,0
730,Workbook Mathematics HL,200049928,2024-09-12 17:40:42,外借,1
731,cambridge as & a level further math 1 student's book,201502427,2025-01-08 17:31:53,外借,1
732,cambridge as & a level further math 2 student's book,201502481,2025-01-08 17:31:53,外借,1
733,kandinsky,201311197,2025-03-18 12:32:12,外借,1
733,kandinsky,201311197,2025-03-18 15:52:16,归还,0
734,the five people you meet in heaven,201309654,2025-03-10 16:16:45,外借,1
734,the five people you meet in heaven,201309654,2025-03-12 15:47:21,归还,0
735,“文学爆炸”亲历记,201022160,2024-11-12 11:05:08,外借,1
735,“文学爆炸”亲历记,201022160,2024-11-26 09:23:10,归还,0
736,The return of the king : being the third part of The lord of the rings,201324183,2024-11-20 16:57:48,外借,1
736,The return of the king : being the third part of The lord of the rings,201324183,2024-11-21 16:31:10,归还,0
737,The three Theban plays,201324637,2024-09-27 16:26:37,外借,1
737,The three Theban plays,201324637,2024-09-29 09:08:44,归还,0
738,The time keeper,201323451,2025-05-23 10:46:28,外借,1
739,The two towers; : being the second part of The Lord of the rings,201324174,2024-11-20 16:57:48,外借,1
739,The two towers; : being the second part of The Lord of the rings,201324174,2024-11-21 16:31:06,归还,0
740,"Thinking, fast and slow",200653319,2024-09-05 11:01:37,外借,1
740,"Thinking, fast and slow",201310786,2024-09-06 09:31:57,归还,0
741,To Be A Machine,201307549,2024-10-11 17:24:50,外借,1
741,To Be A Machine,201307549,2024-11-21 09:20:57,归还,0
742,"怪诞行为学. 4, 诚实的真相",200874535,2024-12-17 08:28:50,外借,1
742,"怪诞行为学. 4, 诚实的真相",200874535,2025-01-10 10:29:26,归还,0
743,"怪诞行为学. 6, 非凡的决定",200876025,2025-01-08 16:16:16,归还,0
743,"怪诞行为学. 6, 非凡的决定",200876025,2025-01-09 10:58:49,外借,1
743,"怪诞行为学. 6, 非凡的决定",200876025,2025-02-17 07:33:29,归还,0
744,才女之累：李清照及其接受史,200877024,2025-02-27 11:54:56,外借,1
744,才女之累：李清照及其接受史,200877024,2025-04-24 11:49:53,归还,0
745,托福考试官方指南,200966188,2024-09-04 16:54:03,外借,1
745,托福考试官方指南,200966188,2024-09-19 11:45:22,归还,0
746,技术哲学讲演录,201050094,2024-09-25 08:52:39,外借,1
746,技术哲学讲演录,201050094,2024-09-25 11:41:06,归还,0
747,想呀想呀想不停,200994022,2024-12-02 09:17:15,外借,1
748,想象一朵未来的玫瑰：佩索阿诗选,200876445,2024-10-17 08:36:22,外借,1
748,想象一朵未来的玫瑰：佩索阿诗选,200876445,2024-11-26 07:31:20,归还,0
749,想象的共同体 : 民族主义的起源与散布,200920977,2024-09-02 12:37:51,外借,1
750,戏剧概论,200929424,2024-09-24 15:29:15,外借,1
750,戏剧概论,200929424,2025-05-22 15:43:10,归还,0
751,成为人类学家,200947814,2025-05-28 11:44:06,外借,1
752,我从未如此眷恋人间,200952111,2024-09-04 16:26:56,外借,1
752,我从未如此眷恋人间,200952111,2025-05-14 16:56:20,归还,0
753,我们仨,201037751,2024-10-24 16:05:14,外借,1
753,我们仨,201037751,2024-10-28 14:21:06,归还,0
754,我将宇宙随身携带,200871789,2025-04-27 07:19:22,外借,1
754,我将宇宙随身携带,200871789,2025-04-30 12:37:19,归还,0
755,我弥留之际,201020983,2024-09-06 13:59:52,外借,1
755,我弥留之际,201020983,2024-10-14 14:29:52,归还,0
756,我想和你谈谈精神病人的世界,200866553,2024-10-12 11:01:28,外借,1
756,我想和你谈谈精神病人的世界,200866553,2024-10-14 07:21:07,归还,0
757,性格心理学,200892230,2024-09-25 12:37:59,外借,1
757,性格心理学,200892230,2024-09-26 13:51:25,归还,0
758,怨女,200862511,2024-09-04 16:26:29,外借,1
758,怨女,200862511,2025-05-16 15:45:07,归还,0
759,怪诞行为学,201033461,2025-01-08 16:16:14,归还,0
759,怪诞行为学,201033461,2025-01-09 10:57:15,外借,1
759,怪诞行为学,201033461,2025-02-17 07:33:26,归还,0
760,拒绝平庸：25个引领市场的营销法则,200933589,2024-09-10 17:24:16,外借,1
760,拒绝平庸：25个引领市场的营销法则,200933589,2025-01-10 11:05:43,归还,0
761,拼贴城市 Collage city,200914920,2025-03-03 11:49:32,外借,1
761,拼贴城市 Collage city,200914920,2025-05-16 14:17:52,归还,0
762,拿起就放不下的经济学,200956929,2024-12-12 08:58:06,外借,1
762,拿起就放不下的经济学,200956929,2024-12-17 08:25:10,归还,0
763,挪威的森林,200884962,2024-10-14 14:36:21,外借,1
763,挪威的森林,200884962,2024-11-11 10:53:02,归还,0
764,推拿,200834801,2025-04-08 08:00:32,外借,1
765,推销员之死,200880573,2024-12-11 12:19:03,外借,1
765,推销员之死,200880573,2025-01-08 14:43:44,归还,0
766,我是怎样设计赛车的,200928586,2024-09-05 12:31:34,外借,1
767,"我是谁?如果有我,有几个我?",200824545,2025-01-10 12:53:14,外借,1
767,"我是谁?如果有我,有几个我?",200824545,2025-03-05 11:51:29,归还,0
768,我的世界观,200985808,2024-10-12 12:20:35,外借,1
768,我的世界观,200985808,2024-10-25 06:53:52,归还,0
769,我的十堂大体解剖课 ,200994460,2025-03-21 07:16:24,外借,1
769,我的十堂大体解剖课 ,200994460,2025-03-25 06:58:05,归还,0
770,我的天才女友,201019600,2024-09-13 11:54:39,外借,1
771,我需要去看心理医生吗？,200906421,2024-11-20 08:24:50,外借,1
772,战国策.上册,200812308,2025-05-15 09:31:54,外借,1
773,战神的后裔 ,200893685,2025-05-12 07:23:59,外借,1
773,战神的后裔 ,200893685,2025-05-12 10:50:31,归还,0
774,房思琪的初恋乐园 ,200923386,2024-10-11 17:16:57,外借,1
774,房思琪的初恋乐园 ,200923386,2024-10-17 15:45:27,归还,0
775,房间里的大象 ,200874955,2024-10-12 11:00:04,外借,1
775,房间里的大象 ,200874955,2024-10-15 16:33:02,归还,0
776,教堂尖塔,200880065,2024-09-06 11:53:41,外借,1
776,教堂尖塔,200880065,2024-10-15 12:20:42,归还,0
777,教父,200874811,2024-10-14 15:08:00,外借,1
777,教父,200874811,2024-11-11 14:59:22,归还,0
778,教育研究方法:专题与案例,200947280,2024-09-24 17:00:28,外借,1
778,教育研究方法:专题与案例,200947280,2024-09-25 11:44:18,归还,0
779,数学史,200871226,2024-09-24 17:16:51,外借,1
779,数学史,200871226,2024-11-07 17:27:54,归还,0
780,把自己作为方法 : 与项飙谈话,200882713,2025-04-21 14:55:33,外借,1
780,把自己作为方法 : 与项飙谈话,200882713,2025-05-19 12:57:03,归还,0
781,拉斐尔：柔美与和谐,200956297,2024-12-10 10:19:47,外借,1
781,拉斐尔：柔美与和谐,200956297,2024-12-18 16:32:01,归还,0
782,To the Lighthouse (PMC) Virginia Woolf,201309244,2024-09-06 13:27:54,外借,1
783,Trump: How to Get Rich,200686757,2024-11-20 14:09:10,外借,1
783,Trump: How to Get Rich,200686757,2024-11-25 11:56:10,归还,0
784,"Tuesdays with Morrie : an old man, a young man, and life's greatest lesson",200659144,2024-09-10 12:13:40,外借,1
784,"Tuesdays with Morrie : an old man, a young man, and life's greatest lesson",200659144,2024-10-09 17:56:58,归还,0
785,Twilight ,200687159,2024-09-09 12:13:00,外借,1
785,Twilight ,200687159,2024-09-29 12:10:14,归还,0
786,Vanity fair,201310508,2024-09-11 12:42:46,外借,1
786,Vanity fair,201310508,2024-09-12 12:08:13,归还,0
787,Waves,201323674,2024-10-17 12:41:43,外借,1
787,Waves,201323674,2025-02-18 11:37:25,归还,0
788,The Rise of Rome : From the Iron Age to the Punic Wars (1 BC - 264 BC),200692090,2024-11-15 13:38:14,外借,1
789,The School of Life: How to Spend Time Alone,201308012,2024-09-05 12:29:59,外借,1
789,The School of Life: How to Spend Time Alone,201308012,2025-01-10 09:53:51,归还,0
790,The Unbearable Lightness of Being,201501124,2025-03-20 08:40:59,外借,1
790,The Unbearable Lightness of Being,201501124,2025-04-30 12:31:32,归还,0
791,The Wiley guide to writing essays about literature,200666234,2024-11-08 14:23:57,外借,1
792,改变心理学的4项研究:第7版,200959427,2024-09-11 08:47:41,外借,1
792,改变心理学的4项研究:第7版,200959427,2025-01-10 11:56:31,归还,0
793,政治学 ,200843043,2024-11-25 11:37:52,外借,1
793,政治学 ,200843043,2024-12-17 11:34:54,归还,0
794,政治情感,201055810,2025-04-24 13:15:50,外借,1
794,政治情感,201055810,2025-05-30 14:04:37,归还,0
795,The curious incident of the dog in the night-time,201324129,2025-03-12 11:38:46,外借,1
795,The curious incident of the dog in the night-time,201324129,2025-03-20 15:41:29,归还,0
796,The literature book,201323898,2024-09-09 11:56:09,外借,1
796,The literature book,201323898,2024-09-20 11:59:08,归还,0
797,The little world of Liz Climo,200689772,2024-09-10 17:36:07,外借,1
798,"The new Avengers : Vol. 8,. Secret invasion book 1",201324209,2024-11-04 16:31:44,外借,1
798,"The new Avengers : Vol. 8,. Secret invasion book 1",201324209,2025-01-03 09:55:21,归还,0
799,The psychology book,201323969,2024-09-05 11:48:34,外借,1
800,The remains of the day,200358246,2025-05-13 14:22:18,外借,1
800,The remains of the day,200358246,2025-06-06 14:33:23,归还,0
801,The Lost Symbol,200693160,2024-11-06 19:52:11,外借,1
801,The Lost Symbol,200693160,2025-01-02 17:02:20,归还,0
802,The Martian (MTI),200687015,2025-04-18 14:53:43,外借,1
802,The Martian (MTI),200687015,2025-05-13 14:19:05,归还,0
803,The Meritocracy Trap,200698584,2024-09-06 12:41:48,外借,1
804,The New Yorker Stories,201309397,2025-04-02 14:34:04,外借,1
804,The New Yorker Stories,201309397,2025-05-13 09:16:51,归还,0
805,The Notebooks of Malte Laurids Brigge,201313355,2025-05-23 10:45:44,外借,1
806,政治经济学的特征与逻辑方法,200922449,2024-09-24 17:53:48,外借,1
806,政治经济学的特征与逻辑方法,200922449,2024-09-25 11:38:36,归还,0
807,政治经济学的范围与方法,200986433,2024-09-24 16:29:47,外借,1
807,政治经济学的范围与方法,200986433,2024-09-25 11:40:50,归还,0
808,新音乐的哲学,200986184,2024-09-25 08:32:57,外借,1
808,新音乐的哲学,200986184,2025-01-07 16:27:45,归还,0
809,无名之町 ,200993069,2024-09-13 11:54:48,外借,1
810,无用的神学,200835409,2025-04-18 08:06:30,外借,1
810,无用的神学,200835409,2025-04-18 08:29:41,归还,0
811,无知,200882465,2024-10-12 12:22:38,外借,1
811,无知,200882465,2024-10-25 06:53:52,归还,0
812,数学史话 ,200996592,2024-09-24 17:17:13,外借,1
812,数学史话 ,200996592,2024-11-07 17:27:49,归还,0
813,数学哲学 ,200933516,2024-09-24 14:33:45,外借,1
813,数学哲学 ,200933516,2025-01-10 10:49:06,归还,0
814,数学建模,201037608,2024-09-04 17:27:25,外借,1
814,数学建模,201037617,2025-05-20 10:21:08,归还,0
815,数学建模实用教程,200915340,2024-09-24 12:24:49,外借,1
815,数学建模实用教程,200915340,2025-01-10 15:02:56,归还,0
816,数学思想与文化 ,200939477,2024-09-24 16:20:34,外借,1
816,数学思想与文化 ,200939477,2024-09-25 11:45:13,归还,0
817,数学猜想与发现,200941437,2024-09-24 13:11:43,外借,1
817,数学猜想与发现,200941437,2024-09-25 11:44:56,归还,0
818,数学珍宝集,200906537,2024-09-12 17:40:28,归还,0
818,数学珍宝集,200906537,2024-09-12 17:40:42,外借,1
819,数学的语言 : 化无形为可见,201049784,2024-09-11 12:18:58,外借,1
819,数学的语言 : 化无形为可见,201049784,2024-09-25 11:43:05,归还,0
820,文学批评导引 (第二版）,201025862,2024-11-18 16:27:52,外借,1
820,文学批评导引 (第二版）,201025862,2025-01-09 07:30:05,归还,0
821,文学术语词典,200967392,2024-10-25 14:46:00,外借,1
821,文学术语词典,200967392,2024-12-26 09:23:59,归还,0
822,文学理论 ,200929291,2025-04-28 16:53:17,外借,1
822,文学理论 ,200929291,2025-04-29 08:06:29,归还,0
823,改变历史的香料商人,200837014,2025-03-13 10:05:11,外借,1
823,改变历史的香料商人,200837014,2025-05-20 15:25:33,归还,0
824,料理图鉴,200535938,2024-12-19 13:38:20,外借,1
824,料理图鉴,200535938,2025-03-25 16:20:53,归还,0
825,斯普特尼克恋人,200883080,2024-11-12 07:21:16,外借,1
825,斯普特尼克恋人,200883080,2025-03-04 16:26:05,归还,0
826,The Official SAT Study Guide,200033882,2025-02-17 17:59:13,外借,1
827,The Personal MBA,200695729,2025-03-26 12:14:00,外借,1
827,The Personal MBA,200695729,2025-03-26 12:42:09,归还,0
828,The Philosophy of Law: A Very Short Introduction,201306853,2025-01-09 07:24:53,外借,1
828,The Philosophy of Law: A Very Short Introduction,201306853,2025-03-18 11:55:39,归还,0
829,The Picture of Dorian Gray (Wordsworth Classics),201324771,2024-10-11 11:29:04,外借,1
829,The Picture of Dorian Gray (Wordsworth Classics),201324771,2024-11-07 10:12:49,归还,0
830,The Pursuit of Glory,200686891,2024-10-31 08:54:14,外借,1
831,The Queens Gambit : Now a Major Netflix Drama,201310722,2025-03-10 16:16:13,外借,1
831,The Queens Gambit : Now a Major Netflix Drama,201310722,2025-05-09 11:38:33,归还,0
832,The Da Vinci Code,200686819,2025-03-14 09:03:47,外借,1
832,The Da Vinci Code,200686819,2025-03-27 15:04:09,归还,0
833,The Door into Summer,201309182,2024-09-03 11:55:57,外借,1
833,The Door into Summer,201309182,2024-10-22 17:12:13,归还,0
834,The Ender Quintet #5： Ender in Exile,200689362,2024-11-06 19:52:11,外借,1
834,The Ender Quintet #5： Ender in Exile,200689362,2025-01-02 17:02:20,归还,0
835,The Gods Themselves,201310401,2025-01-09 15:44:05,外借,1
835,The Gods Themselves,201310401,2025-03-03 10:42:30,归还,0
836,The Gospel of Loki,201302982,2025-03-27 17:35:20,外借,1
837,新哲人,200870352,2024-10-30 17:06:28,外借,1
837,新哲人,200870352,2024-10-31 07:56:16,归还,0
838,新艺术的自然与曲线,200983212,2024-12-09 12:01:55,外借,1
839,新迁移,200949821,2024-11-21 07:29:29,外借,1
840,本巴,200807056,2025-04-01 09:27:48,外借,1
840,本巴,200807056,2025-04-03 07:36:52,归还,0
841,机器学习：原理、算法与应用,200915368,2024-12-09 15:48:49,外借,1
841,机器学习：原理、算法与应用,200915368,2024-12-27 14:41:15,归还,0
842,杀死一只知更鸟:纪念版,200097876,2024-09-02 14:16:45,外借,1
842,杀死一只知更鸟:纪念版,200097876,2024-09-02 14:17:39,归还,0
843,极端的年代:1914-1991,200821370,2025-03-24 08:09:54,外借,1
843,极端的年代:1914-1991,200821370,2025-05-21 07:44:48,归还,0
844,无神话，不艺术！,200807699,2024-12-10 10:19:30,外借,1
844,无神话，不艺术！,200807699,2024-12-18 16:32:01,归还,0
845,日本之镜,200850105,2024-12-18 17:19:32,外借,1
846,早稻田大学日本史.第八卷，安土桃山时代,201005198,2024-09-20 12:17:32,外借,1
846,早稻田大学日本史.第八卷，安土桃山时代,201005198,2024-10-22 17:12:13,归还,0
847,时尚中的数学 ,200916134,2025-03-31 17:28:39,外借,1
848,春之祭,200824590,2024-09-13 11:54:26,外借,1
848,春之祭,200824590,2024-12-26 11:10:33,归还,0
849,昨日的世界,200883213,2025-03-10 09:47:56,外借,1
849,昨日的世界,200883213,2025-04-30 12:31:28,归还,0
850,是我把你蠢哭了吗 ,200925767,2025-05-22 10:53:59,外借,1
851,晓寺,200871805,2024-12-03 16:31:32,外借,1
851,晓寺,200871805,2025-04-09 16:33:25,归还,0
852,普通语言学教程,201028770,2024-09-25 17:18:39,外借,1
852,普通语言学教程,201028770,2024-10-08 16:40:07,归还,0
853,文学的读法,200926463,2024-11-18 16:28:03,外借,1
853,文学的读法,200926463,2025-01-09 07:30:11,归还,0
854,文学阅读指南,200036638,2024-09-10 12:34:45,外借,1
854,文学阅读指南,200036638,2024-10-16 11:43:09,归还,0
855,文明与气候,200987352,2025-05-28 12:49:10,外借,1
856,最后的讲义,200804264,2024-10-24 15:51:20,外借,1
856,最后的讲义,200804264,2024-10-24 15:51:36,归还,0
857,有限与无限的游戏: 有限与无限的游戏,201024541,2024-09-20 13:42:31,外借,1
857,有限与无限的游戏: 有限与无限的游戏,201024541,2024-11-29 09:47:28,归还,0
858,望春风,201012741,2024-12-09 17:05:14,外借,1
858,望春风,201012741,2025-01-08 19:59:04,归还,0
859,The Great Adventures of Sherlock Holmes,201325351,2024-09-04 15:56:11,外借,1
859,The Great Adventures of Sherlock Holmes,201325351,2024-09-30 08:47:44,归还,0
860,The Habsburg Empire: A Very Short Introduction,201312631,2024-10-23 14:21:11,外借,1
860,The Habsburg Empire: A Very Short Introduction,201312631,2024-10-31 08:46:01,归还,0
861,The Highly Sensitive Person,200686622,2024-09-05 12:31:34,外借,1
861,The Highly Sensitive Person,200686622,2025-01-10 09:53:40,归还,0
862,The History of the Decline and Fall of the Roman Empire:vol,201324780,2024-11-20 14:09:10,外借,1
862,The History of the Decline and Fall of the Roman Empire:vol,201324780,2024-11-25 15:48:01,归还,0
863,The Hitchhikers Guide to the Galaxy,201310571,2025-05-23 10:45:44,外借,1
863,The Hitchhikers Guide to the Galaxy,201310571,2025-06-10 12:12:52,归还,0
864,The Human Bone Manual,201407192,2025-04-14 11:16:48,归还,0
864,The Human Bone Manual,201407192,2025-04-14 11:19:08,外借,1
864,The Human Bone Manual,201407192,2025-05-19 12:15:21,归还,0
865,The Karamazov Brothers (Wordsworth Classics),201324806,2025-03-07 13:41:15,外借,1
865,The Karamazov Brothers (Wordsworth Classics),201324806,2025-03-14 08:05:32,归还,0
866,The Lost Hero (Heroes of Olympus Book 1),201310991,2025-02-20 13:54:01,外借,1
866,The Lost Hero (Heroes of Olympus Book 1),201310991,2025-05-30 13:11:17,归还,0
867,Strangers Drowning,200691206,2025-02-18 14:51:26,外借,1
867,Strangers Drowning,200691206,2025-06-13 14:36:02,归还,0
868,"Surely You’re Joking,Mr. Feynman!",201303357,2025-01-10 10:41:22,归还,0
868,"Surely You’re Joking,Mr. Feynman!",201303357,2025-01-10 11:57:47,外借,1
868,"Surely You’re Joking,Mr. Feynman!",201303357,2025-05-20 08:22:01,归还,0
869,Surrounded by Idiots: The Four Types of Human Behavior and How to Effectively Communicate with Each in Business (and in Life),200693767,2024-09-10 16:43:21,外借,1
869,Surrounded by Idiots: The Four Types of Human Behavior and How to Effectively Communicate with Each in Business (and in Life),200693767,2024-09-12 12:07:22,归还,0
870,The 6:2 Man,200686515,2025-04-17 14:11:51,外借,1
871,本书书名无法描述本书内容昂:精装珍藏版,200994549,2024-12-11 11:43:59,外借,1
871,本书书名无法描述本书内容昂:精装珍藏版,200994549,2024-12-27 09:26:54,归还,0
872,永恒的边缘.Ⅱ,200872564,2025-04-28 17:37:56,外借,1
872,永恒的边缘.Ⅱ,200872564,2025-06-06 14:54:58,归还,0
873,永恒的边缘.Ⅲ,200872573,2025-04-28 17:37:56,外借,1
873,永恒的边缘.Ⅲ,200872573,2025-06-06 14:54:58,归还,0
874,汉英词典,Z0035221,2024-11-05 10:46:33,外借,1
874,汉英词典,Z0035221,2024-11-05 14:06:53,归还,0
875,极简天文学 ,200874722,2025-04-03 12:23:44,外借,1
875,极简天文学 ,200874722,2025-06-06 15:07:17,归还,0
876,柏拉图文艺对话图,200986834,2024-09-03 12:05:44,外借,1
877,柏拉图的数学哲学,200963733,2024-09-25 08:54:06,外借,1
877,柏拉图的数学哲学,200963733,2024-09-25 11:39:06,归还,0
878,柠檬,201054777,2024-09-04 16:42:34,外借,1
878,柠檬,201054777,2024-09-05 12:32:39,归还,0
879,查理一世,200825928,2024-11-01 08:08:59,外借,1
879,查理一世,200825928,2024-11-20 13:07:41,归还,0
880,树上的男爵,200823430,2024-09-06 11:54:33,外借,1
880,树上的男爵,200823430,2024-09-06 15:08:37,归还,0
881,桑苏西来客,200836836,2025-04-29 12:03:49,外借,1
881,桑苏西来客,200836836,2025-06-05 11:25:29,归还,0
882,檀香刑,200838059,2024-09-10 07:47:55,归还,0
882,檀香刑,200838059,2024-09-14 12:42:53,外借,1
882,檀香刑,200838059,2024-10-15 07:38:31,归还,0
883,欢迎来到宇宙 ,201044734,2024-10-11 16:08:33,外借,1
883,欢迎来到宇宙 ,201044734,2024-12-02 10:39:51,归还,0
884,欧洲史 ,200889191,2025-03-13 16:54:09,外借,1
884,欧洲史 ,200889191,2025-06-04 07:19:30,归还,0
885,智能革命,201029519,2025-02-17 17:46:36,外借,1
885,智能革命,201029519,2025-03-11 17:35:53,归还,0
886,曹禺戏剧选 ,200974204,2024-09-02 07:11:55,归还,0
886,曹禺戏剧选 ,200974204,2024-10-25 11:16:25,外借,1
886,曹禺戏剧选 ,200974204,2024-11-25 16:37:13,归还,0
887,最伟大的骑士,200833802,2024-09-11 17:22:46,外借,1
887,最伟大的骑士,200833802,2024-09-14 12:17:42,归还,0
888,正义诸领域：为多元主义与平等一辩 ,201039189,2025-04-21 12:16:03,外借,1
888,正义诸领域：为多元主义与平等一辩 ,201039189,2025-04-24 13:07:28,归还,0
889,正在抢救中,200943426,2025-04-03 11:43:35,外借,1
889,正在抢救中,200943426,2025-05-06 06:50:55,归还,0
890,The Bible book,201323004,2024-09-04 16:37:34,外借,1
890,The Bible book,201323004,2024-10-21 16:48:57,归还,0
891,The Call of the Wild,201325672,2024-09-05 11:45:24,外借,1
891,The Call of the Wild,201325672,2025-01-10 09:59:53,归还,0
892,The Castle,201311204,2025-03-14 14:10:04,外借,1
892,The Castle,201311204,2025-04-23 16:25:34,归还,0
893,The Chalk Man,201311847,2024-11-04 11:27:30,外借,1
893,The Chalk Man,201311847,2024-12-05 12:26:34,归还,0
894,The Cider House Rules,201308904,2024-09-19 12:27:13,外借,1
894,The Cider House Rules,201308904,2024-11-07 16:42:11,归还,0
895,The Complete Yes Minister: The Diaries of a ...,200415826,2024-11-08 10:47:40,外借,1
895,The Complete Yes Minister: The Diaries of a ...,200415826,2024-12-03 11:12:01,归还,0
896,Sherlock Holmes: Vol 1,200699903,2024-09-12 10:02:29,外借,1
896,Sherlock Holmes: Vol 1,200699903,2024-10-16 17:39:54,归还,0
897,Signet Classics: Black Beauty,200694533,2025-01-09 16:24:16,外借,1
897,Signet Classics: Black Beauty,200694533,2025-02-25 08:02:08,归还,0
898,Signet Classics: Crime and Punishment,200699743,2025-03-07 13:41:11,外借,1
898,Signet Classics: Crime and Punishment,200699743,2025-03-13 16:21:55,归还,0
899,Signet Classics: Dracula,200696407,2025-03-25 11:34:41,外借,1
899,Signet Classics: Dracula,200696407,2025-04-22 14:32:05,归还,0
900,死魂灵,201024845,2024-11-14 11:46:13,外借,1
900,死魂灵,201024845,2024-11-25 15:24:46,归还,0
901,民国太太的厨房 ,200945077,2025-02-21 14:00:58,外借,1
902,永恒的王妃,200986709,2024-10-23 17:59:14,外借,1
902,永恒的王妃,200986709,2024-10-28 15:53:25,归还,0
903,永恒的边缘.Ⅰ,200872555,2025-03-21 11:49:10,外借,1
903,永恒的边缘.Ⅰ,200872555,2025-04-21 07:50:25,归还,0
904,海明威文集(9),200855930,2024-09-13 17:54:12,外借,1
904,海明威文集(9),200855930,2024-09-26 17:22:26,归还,0
905,海洋的子民,201013544,2025-03-14 12:10:32,外借,1
905,海洋的子民,201013544,2025-06-04 07:19:29,归还,0
906,海浪 ,200879781,2024-11-01 11:07:51,外借,1
906,海浪 ,200879781,2024-11-04 19:33:29,归还,0
907,消失的地平线,200959436,2024-09-13 11:54:01,外借,1
907,消失的地平线,200959436,2024-10-18 08:56:07,归还,0
908,汉魏六朝文选 ,200741475,2024-11-08 11:55:55,外借,1
908,汉魏六朝文选 ,200741475,2025-06-06 14:37:04,归还,0
909,"汪曾祺散文集, 人间知味 ",200935505,2025-05-06 09:27:10,外借,1
910,沉沦·流放与王国,200877514,2025-02-19 11:27:03,外借,1
910,沉沦·流放与王国,200877514,2025-02-24 10:39:13,归还,0
911,沙盘游戏疗法儿童心理案例精析,201616938,2024-09-02 13:47:06,外借,1
911,沙盘游戏疗法儿童心理案例精析,201616938,2024-09-02 13:47:55,归还,0
912,没有人给他写信的上校,200975640,2024-10-14 15:08:00,外借,1
912,没有人给他写信的上校,200975640,2024-10-28 14:20:59,归还,0
913,河边的错误,200221866,2024-11-08 11:36:07,外借,1
913,河边的错误,200221866,2025-01-06 14:40:37,归还,0
914,波提切利：优雅栖身,200939805,2024-12-10 10:20:32,外借,1
914,波提切利：优雅栖身,200939805,2024-12-18 16:32:01,归还,0
915,波洛圣诞探案记,200836435,2024-09-13 11:56:19,外借,1
915,波洛圣诞探案记,200836435,2025-01-08 17:04:50,归还,0
916,泪之地,200935006,2024-09-13 12:18:36,外借,1
916,泪之地,200935006,2024-11-11 16:13:16,归还,0
917,欧洲史 : 古典时代(史前－公元337),200884668,2025-03-13 16:54:09,外借,1
917,欧洲史 : 古典时代(史前－公元337),200884668,2025-06-04 07:19:15,归还,0
918,欧洲史 : 转型时代(约145-1914),200884481,2025-03-13 16:54:09,外借,1
918,欧洲史 : 转型时代(约145-1914),200884481,2025-06-04 07:19:37,归还,0
919,正义的语境,200919998,2025-04-21 12:16:03,外借,1
919,正义的语境,200919998,2025-04-24 13:07:28,归还,0
920,流行病 ,200981759,2024-11-20 16:05:36,外借,1
920,流行病 ,200981759,2024-11-22 11:29:42,归还,0
921,浮出历史地表 : 现代妇女文学研究,201005535,2025-03-18 16:57:41,外借,1
921,浮出历史地表 : 现代妇女文学研究,201005535,2025-04-08 08:20:42,归还,0
922,Simply psychology,201325164,2025-02-18 14:51:32,外借,1
922,Simply psychology,201325164,2025-04-24 15:59:05,归还,0
923,Small Pleasures,200699832,2024-11-12 18:08:44,外借,1
923,Small Pleasures,200699832,2024-12-24 07:23:05,归还,0
923,Small Pleasures,200692385,2025-05-21 15:38:23,归还,0
924,Smile,201303044,2024-09-19 12:28:13,外借,1
924,Smile,201303044,2024-10-09 15:17:33,归还,0
925,Sophie’s World,201301153,2024-09-10 07:48:08,归还,0
925,Sophie’s World,201301153,2024-10-17 12:41:43,外借,1
925,Sophie’s World,201301153,2025-02-18 11:37:25,归还,0
926,Statistics for The Behavioral Sciences,200699084,2024-09-05 11:44:04,外借,1
926,Statistics for The Behavioral Sciences,200699084,2024-10-18 09:06:27,归还,0
927,Stock Market 101,201322363,2024-10-10 11:51:21,外借,1
927,Stock Market 101,201322363,2024-10-21 14:18:16,归还,0
928,Philosophy 101,201322372,2025-01-10 13:54:00,外借,1
928,Philosophy 101,201322372,2025-04-24 10:56:34,归还,0
929,Physics for the IB Diploma Workbook with Digital Access (2 Years),201500848,2024-11-26 15:59:06,外借,1
930,Physics-Giancoli,Z0064561,2024-09-09 16:26:07,外借,1
930,Physics-Giancoli,Z0064559,2024-10-24 08:13:40,归还,0
931,海德格尔的最后之神,200985675,2024-09-05 16:03:18,外借,1
931,海德格尔的最后之神,200985675,2024-10-11 11:42:52,归还,0
932,海明威文集(12),200855967,2024-09-13 17:54:04,外借,1
932,海明威文集(12),200855967,2024-12-05 17:51:07,归还,0
933,海明威文集(13),200855976,2024-09-13 17:53:50,外借,1
933,海明威文集(13),200855976,2025-03-03 17:44:03,归还,0
934,海明威文集(14),200855985,2024-09-13 17:53:39,外借,1
934,海明威文集(14),200855985,2024-09-26 17:22:29,归还,0
935,海明威文集(15),200855994,2024-09-13 17:53:31,外借,1
935,海明威文集(15),200855994,2024-09-26 17:22:26,归还,0
936,牛津拜占庭史,200871306,2024-09-03 11:49:49,外借,1
936,牛津拜占庭史,200871306,2024-09-04 15:59:16,归还,0
937,牛津袖珍英汉双解词·第11版,200319921,2024-11-05 10:46:26,外借,1
937,牛津袖珍英汉双解词·第11版,200319921,2024-11-05 14:06:51,归还,0
938,牛蛙,200174382,2025-02-20 15:30:47,外借,1
938,牛蛙,200174382,2025-04-01 16:50:30,归还,0
939,物种起源(导读注释版)(英文),200880136,2025-02-18 12:42:31,外借,1
939,物种起源(导读注释版)(英文),200880136,2025-04-30 11:42:50,归还,0
940,特朗普自传:从商人到参选总统,200900971,2024-09-05 12:31:20,外借,1
940,特朗普自传:从商人到参选总统,200900971,2025-01-10 09:53:50,归还,0
941,消失的真实,200847691,2024-09-06 11:34:08,外借,1
941,消失的真实,200847691,2024-10-15 11:55:03,归还,0
942,清末民国人口贩卖与家庭生活,200918169,2025-03-18 16:57:41,外借,1
943,清洁女工之死,200836514,2024-09-13 11:56:19,外借,1
943,清洁女工之死,200836514,2025-01-08 17:04:42,归还,0
944,清洁女工手册 ,200975542,2024-09-02 17:19:33,外借,1
944,清洁女工手册 ,200975542,2024-11-26 11:06:34,归还,0
945,漫长的告别,200363775,2024-11-08 15:51:27,外借,1
945,漫长的告别,200363775,2024-12-05 16:29:31,归还,0
946,火星俱乐部,200882768,2024-12-11 12:22:37,外借,1
946,火星俱乐部,200882768,2025-01-06 09:56:34,归还,0
947,烧纸,200895371,2024-10-23 09:50:18,外借,1
947,烧纸,200895371,2024-11-13 14:58:07,归还,0
948,爱伦·坡短篇小说全集. 上,200831617,2024-09-04 17:13:31,外借,1
949,爱你就像爱生命,200847183,2024-10-24 11:54:59,外借,1
949,爱你就像爱生命,200847183,2024-11-19 11:53:44,归还,0
950,爱弥儿 .上卷,200842437,2024-11-07 15:18:10,外借,1
951,洞穴奇案 ,200926089,2025-03-06 08:54:12,外借,1
951,洞穴奇案 ,200926089,2025-03-06 10:12:34,归还,0
952,爱，不可能,200935417,2025-02-24 10:06:42,外借,1
952,爱，不可能,200935417,2025-02-26 14:12:11,归还,0
953,Project Hail Mary,200698405,2025-02-25 16:15:18,外借,1
953,Project Hail Mary,200698405,2025-03-20 12:41:58,归还,0
954,Range: Why Generalists Triumph in a Specialized World,200698307,2024-09-11 12:01:06,外借,1
954,Range: Why Generalists Triumph in a Specialized World,200698307,2024-09-29 15:29:47,归还,0
955,Rebecca,201323558,2025-03-13 13:15:15,外借,1
955,Rebecca,201323558,2025-04-07 09:24:48,归还,0
956,Rhetoric: A Very Short Introduction,201312310,2025-04-02 14:38:36,外借,1
956,Rhetoric: A Very Short Introduction,201312310,2025-05-13 09:16:51,归还,0
957,Rockwell,201321676,2025-05-29 14:27:50,外借,1
957,Rockwell,201321676,2025-06-04 16:15:22,归还,0
958,Science of Gardening,201324469,2025-03-14 11:56:26,外借,1
958,Science of Gardening,201324469,2025-04-30 11:35:23,归还,0
959,Secret Language of Flowers,201325431,2024-10-10 12:28:44,外借,1
959,Secret Language of Flowers,201325431,2024-12-02 11:31:30,归还,0
960,Sense & Sensibility,200054412,2025-05-13 14:22:29,外借,1
960,Sense & Sensibility,200054412,2025-05-13 14:53:12,归还,0
961,Northanger Abbey,200694365,2024-09-11 09:31:32,归还,0
961,Northanger Abbey,201325636,2025-05-23 10:46:06,外借,1
962,Notes from Underground and the Double,201325299,2025-05-23 10:47:01,外借,1
963,"Olive, Again: A Novel",201504292,2025-03-18 16:47:54,外借,1
963,"Olive, Again: A Novel",201504292,2025-04-10 08:25:46,归还,0
964,Outliers : the story of success,201319518,2024-09-06 12:41:53,外借,1
965,Oxford Resources for IB DP Environmental Systems and Societies: Course Book,201500508,2024-09-03 10:48:52,外借,1
965,Oxford Resources for IB DP Environmental Systems and Societies: Course Book,201500508,2024-11-07 17:44:20,归还,0
966,牛奶可乐经济学 4,200992523,2025-01-07 11:34:13,外借,1
966,牛奶可乐经济学 4,200992523,2025-02-18 07:47:16,归还,0
967,牛津古希腊史 ,200867865,2024-09-13 11:53:42,外借,1
967,牛津古希腊史 ,200867865,2025-01-08 17:04:41,归还,0
968,生活世界地理学,201009167,2025-05-28 12:49:01,外借,1
969,犬儒主义,201008435,2024-10-17 08:30:14,外借,1
969,犬儒主义,201008435,2024-10-31 17:51:19,归还,0
970,犯罪心理学 ,200903932,2025-03-24 17:47:40,外借,1
970,犯罪心理学 ,200903932,2025-05-22 07:46:39,归还,0
971,狼图腾,200974856,2024-09-04 15:53:46,外借,1
971,狼图腾,200974856,2024-09-11 11:18:32,归还,0
972,猎人笔记,201010985,2024-12-09 16:24:12,外借,1
972,猎人笔记,201010985,2024-12-26 08:30:05,归还,0
973,王家卫的电影世界,201057612,2025-04-17 16:04:22,外借,1
973,王家卫的电影世界,201057612,2025-05-07 07:37:27,归还,0
974,王座上的幽灵,200826428,2024-12-11 12:23:39,外借,1
974,王座上的幽灵,200826428,2024-12-16 12:04:19,归还,0
975,玩笑,200879745,2025-03-13 17:33:41,外借,1
975,玩笑,200879745,2025-04-24 07:01:41,归还,0
976,现代性的神学起源,200999278,2025-05-15 15:22:52,外借,1
976,现代性的神学起源,200999278,2025-05-16 08:48:30,归还,0
977,现代日本 ,200827702,2025-06-03 09:18:56,外借,1
978,现代汉语修辞学 ,201048400,2025-04-27 15:05:15,外借,1
978,现代汉语修辞学 ,201048400,2025-05-12 17:13:05,归还,0
979,现代生命科学导论 ,200949000,2024-11-22 11:50:53,外借,1
979,现代生命科学导论 ,200949000,2024-12-09 11:24:51,归还,0
980,现代生活的画像：马奈及其追随者艺术中的巴黎,200896771,2024-12-17 17:50:36,外借,1
980,现代生活的画像：马奈及其追随者艺术中的巴黎,200896771,2025-01-09 12:45:05,归还,0
981,爱弥儿 .下卷,200842446,2024-12-06 12:21:48,外借,1
982,爱欲之死,200827105,2024-09-04 13:47:42,外借,1
982,爱欲之死,200827105,2024-10-23 11:57:41,归还,0
983,爱的艺术 ,200861674,2024-12-09 15:39:11,外借,1
983,爱的艺术 ,200861674,2025-01-07 11:25:49,归还,0
984,白杨木的春天,200827150,2025-04-07 15:19:27,外借,1
984,白杨木的春天,200827150,2025-04-10 12:22:54,归还,0
985,百年孤独,200846549,2024-10-24 16:14:00,外借,1
985,百年孤独,200846549,2024-10-28 14:21:06,归还,0
985,百年孤独,200776071,2025-05-19 15:39:02,归还,0
986,百鬼夜行 : 全画集,200893079,2024-12-09 12:01:43,外借,1
987,相对论究竟是什么,200994273,2024-09-05 11:13:15,外借,1
987,相对论究竟是什么,200994273,2024-09-12 09:38:06,归还,0
988,看不见的女性,200804111,2024-09-27 12:22:33,外借,1
988,看不见的女性,200804111,2024-10-12 11:50:01,归还,0
989,现代生物学发展史,200908045,2024-09-24 17:54:11,外借,1
989,现代生物学发展史,200908045,2024-09-25 11:38:28,归还,0
990,现代电影艺术,201057934,2025-04-15 19:16:49,外借,1
991,现代科学简史：从蒸汽机到??求偶,201025835,2024-09-09 11:18:23,外借,1
991,现代科学简史：从蒸汽机到??求偶,201025835,2024-09-25 11:47:16,归还,0
992,现代高级英汉·汉英类义联想词典,Z0032294,2024-11-05 10:46:03,外借,1
992,现代高级英汉·汉英类义联想词典,Z0032294,2024-11-05 14:06:59,归还,0
993,现实的社会建构 ,200973544,2025-05-22 10:40:39,外借,1
993,现实的社会建构 ,200973544,2025-06-03 06:51:32,归还,0
994,珠唾集,200875106,2025-02-20 13:42:47,外借,1
994,珠唾集,200875106,2025-03-03 08:52:38,归还,0
995,琅琊榜之风起长林 上,200937353,2025-05-15 07:19:35,外借,1
995,琅琊榜之风起长林 上,200937353,2025-05-21 17:37:49,归还,0
996,理想国,200921306,2024-09-04 16:41:59,外借,1
996,理想国,200921306,2024-09-04 17:11:03,归还,0
997,理论与真理,200913057,2024-09-24 16:21:00,外借,1
997,理论与真理,200913057,2024-09-24 16:57:08,归还,0
998,生命中那些重要的事,200888931,2024-12-02 12:49:29,外借,1
998,生命中那些重要的事,200888931,2024-12-27 09:26:54,归还,0
999,生命政治的诞生,200920502,2024-10-09 12:14:18,外借,1
999,生命政治的诞生,200920502,2024-10-16 12:05:02,归还,0
1000,神祇与英雄.上,200881251,2024-09-05 11:15:00,外借,1
1001,生物学是什么,200847628,2024-09-25 09:10:38,外借,1
1001,生物学是什么,200847628,2024-10-08 12:08:44,归还,0
1002,生物群落概述 ,200950284,2024-11-22 11:50:49,外借,1
1002,生物群落概述 ,200950284,2024-12-02 15:00:53,归还,0
1003,画地为牢,201053484,2024-09-25 17:21:50,外借,1
1003,画地为牢,201053484,2024-10-17 16:01:20,归还,0
1004,略萨谈博尔赫斯 : 与博尔赫斯在一起的半个世纪,201018870,2024-11-19 12:37:15,外借,1
1004,略萨谈博尔赫斯 : 与博尔赫斯在一起的半个世纪,201018870,2024-11-26 09:23:10,归还,0
1005,Pearson Biology for the IB Diploma Standard Level,201314595,2024-10-29 14:40:48,外借,1
1006,Penguin Great Ideas : Common Sense,200688899,2024-10-10 13:06:03,外借,1
1006,Penguin Great Ideas : Common Sense,200688899,2024-11-27 15:03:30,归还,0
1007,Percy Jackson and the Lightning Thief (Percy Jackson & the O,200692642,2025-05-26 17:34:17,外借,1
1008,Persuasion,200054458,2025-05-13 14:22:40,外借,1
1008,Persuasion,200054458,2025-06-06 14:33:20,归还,0
1009,Peter Pan,201324959,2025-02-27 17:35:21,外借,1
1009,Peter Pan,201324959,2025-03-31 12:27:35,归还,0
1010,MATHEMATICS-HL&SL for the IB Diploma,200031704,2024-09-24 12:24:04,外借,1
1011,MH's PSAT/NMSQT,200418020,2025-02-17 17:59:13,外借,1
1012,Macbeth,201322498,2024-09-19 16:53:57,外借,1
1012,Macbeth,201322498,2024-11-07 17:04:25,归还,0
1013,Mark Zuckerberg: In His Own Words (In Their Own Words Series),201307996,2024-11-25 15:48:35,外借,1
1013,Mark Zuckerberg: In His Own Words (In Their Own Words Series),201307996,2024-11-25 16:41:25,归还,0
1014,疯癫与文明 : 理性时代的疯癫史,200726900,2025-04-25 11:23:19,外借,1
1014,疯癫与文明 : 理性时代的疯癫史,200726900,2025-05-26 14:22:25,归还,0
1015,病菌简史,200881279,2025-05-12 16:11:23,外借,1
1015,病菌简史,200881279,2025-06-06 14:16:52,归还,0
1016,禅与摩托车维修艺术 ,200988958,2024-10-11 16:30:13,外借,1
1016,禅与摩托车维修艺术 ,200988958,2024-12-13 11:08:21,归还,0
1017,种在走廊上的苹果树,200795835,2025-04-07 12:25:31,外借,1
1017,种在走廊上的苹果树,200795835,2025-04-16 07:23:39,归还,0
1018,科学哲学 ,200856065,2024-09-20 08:08:19,外借,1
1018,科学哲学 ,200856065,2024-09-27 13:30:49,归还,0
1019,科学哲学的历史导论,200976916,2024-09-20 08:08:19,外借,1
1019,科学哲学的历史导论,200976916,2024-09-27 13:30:49,归还,0
1020,科学实验哲学,200942944,2024-09-24 17:06:36,外借,1
1020,科学实验哲学,200942944,2024-09-25 12:47:28,归还,0
1021,看见,200979370,2024-12-10 12:09:54,外借,1
1022,真实幸福的形而上学,200803416,2024-12-25 12:25:56,外借,1
1022,真实幸福的形而上学,200803416,2025-01-02 14:29:49,归还,0
1023,礼拜二午睡时刻,200975025,2024-11-11 17:57:01,外借,1
1023,礼拜二午睡时刻,200975025,2024-11-13 17:55:24,归还,0
1024,社会学的想象力 ,201034291,2024-10-10 14:43:55,外借,1
1024,社会学的想象力 ,201034291,2024-10-16 11:39:56,归还,0
1025,社会学的意识,200829700,2024-09-24 17:15:46,外借,1
1025,社会学的意识,200829700,2024-09-25 11:45:13,归还,0
1026,社会学的问题,200878121,2024-09-24 17:53:55,外借,1
1026,社会学的问题,200878121,2024-09-25 11:38:31,归还,0
1027,社会性动物 ,200957152,2025-04-07 10:49:42,外借,1
1027,社会性动物 ,200957152,2025-05-21 10:10:08,归还,0
1028,社会的麦当劳化,201050076,2025-04-18 07:38:21,归还,0
1028,社会的麦当劳化,201050076,2025-06-05 07:26:45,外借,1
1029,社会研究方法 ,200913716,2024-09-24 16:21:09,外借,1
1029,社会研究方法 ,200913716,2024-09-24 16:38:40,归还,0
1030,社会语言学,200996609,2024-09-24 15:28:52,外借,1
1030,社会语言学,200996609,2025-05-22 15:42:55,归还,0
1031,神曲,200853399,2024-12-23 18:08:49,外借,1
1032,神经漫游者,200825946,2024-09-26 16:05:20,外借,1
1032,神经漫游者,200825946,2024-10-29 11:12:43,归还,0
1033,神经网络与深度学习 ,200995879,2024-09-24 15:13:00,外借,1
1033,神经网络与深度学习 ,200995879,2024-09-24 16:12:32,归还,0
1034,神话的心理学,201041648,2025-05-15 15:22:52,外借,1
1034,神话的心理学,201041648,2025-05-15 16:29:25,归还,0
1035,神雕侠侣 .1,201051100,2024-09-20 09:20:05,外借,1
1035,神雕侠侣 .1,201051100,2024-12-25 07:47:14,归还,0
1036,My Name Is Red,201306461,2024-09-14 07:27:31,外借,1
1036,My Name Is Red,201306461,2024-10-11 16:05:06,归还,0
1037,"NEW Cambridge IGCSE First Language English Teacher's Resource, 5e",201305168,2025-05-29 11:05:08,外借,1
1038,NFT元宇宙经济通证,200872127,2025-02-17 17:46:16,外借,1
1038,NFT元宇宙经济通证,200872127,2025-03-13 17:21:47,归还,0
1039,Negotiation Genius,201306194,2025-03-26 12:14:13,外借,1
1039,Negotiation Genius,201306194,2025-03-26 12:42:02,归还,0
1040,Neuromancer (The Best of the SF Masterworks),201308851,2024-09-24 12:06:22,外借,1
1040,Neuromancer (The Best of the SF Masterworks),201308851,2024-10-18 10:15:39,归还,0
1041,Noise: A Flaw in Human Judgment,200687596,2024-12-27 12:20:55,外借,1
1041,Noise: A Flaw in Human Judgment,200687596,2025-01-02 15:31:10,归还,0
1042,Il Duro,200694748,2025-04-11 08:40:14,外借,1
1042,Il Duro,200694748,2025-04-11 12:59:27,归还,0
1043,Intermediate Counting & Probability,200035032,2025-02-17 16:42:59,外借,1
1044,Investing 11,201308646,2024-10-10 11:51:40,外借,1
1044,Investing 11,201308646,2024-10-21 14:18:16,归还,0
1045,Jane Austen,200697406,2024-09-20 12:41:50,外借,1
1045,Jane Austen,200697406,2024-09-23 11:27:22,归还,0
1046,Just Six Numbers: The Deep Forces That Shape the Universe,200695612,2025-01-10 12:46:24,外借,1
1047,Knowledge: A Very Short Introduction,201306826,2025-01-10 12:46:24,外借,1
1048,算法导论 ,200995502,2025-03-20 16:14:07,外借,1
1048,算法导论 ,200995502,2025-05-19 13:03:13,归还,0
1049,米佳的爱情,200859856,2025-04-07 10:54:27,外借,1
1049,米佳的爱情,200859856,2025-04-07 12:03:50,归还,0
1050,精神现象学,200872868,2025-05-28 11:23:11,外借,1
1051,精神病学史 ：从收容院到百忧解,201048197,2024-09-03 15:08:44,外借,1
1051,精神病学史 ：从收容院到百忧解,201048197,2024-10-25 11:06:06,归还,0
1052,科学思想史,201025292,2024-09-24 15:54:45,外借,1
1052,科学思想史,201025292,2024-09-25 15:58:09,归还,0
1053,科学技术史,200898403,2024-09-25 08:32:44,外借,1
1053,科学技术史,200898403,2025-01-07 16:27:45,归还,0
1054,科学革命 ,201012046,2024-09-24 16:44:53,外借,1
1054,科学革命 ,201012046,2024-09-25 11:43:44,归还,0
1055,科学革命的结构 ：新译精装版,201014115,2024-09-24 16:11:56,外借,1
1055,科学革命的结构 ：新译精装版,201014115,2024-12-02 12:33:48,归还,0
1056,科学革命的编史学研究,200988262,2024-09-24 16:12:04,外借,1
1056,科学革命的编史学研究,200988262,2024-09-25 11:41:09,归还,0
1057,秘密结晶,200805263,2025-01-07 17:34:44,外借,1
1057,秘密结晶,200805263,2025-05-20 11:30:52,归还,0
1058,积极心理诗学,201053796,2025-05-06 12:12:34,外借,1
1058,积极心理诗学,201053796,2025-06-06 15:12:00,归还,0
1059,穆夏：新艺术大师,200956304,2024-12-10 10:20:57,外借,1
1059,穆夏：新艺术大师,200956304,2024-12-11 10:35:51,归还,0
1060,穷人的理财经 ,200975472,2024-09-03 11:27:37,外借,1
1060,穷人的理财经 ,200975472,2024-12-24 17:28:09,归还,0
1061,空间的诗学,200879790,2024-11-04 19:40:27,外借,1
1061,空间的诗学,200879790,2024-11-27 06:38:47,归还,0
1062,穿越非洲两百年 ,201056043,2024-09-04 13:38:03,外借,1
1062,穿越非洲两百年 ,201056043,2024-09-12 07:38:06,归还,0
1063,站城一体开发.II：TOD46的魅力,200898485,2025-06-03 09:18:56,外借,1
1064,童话的心理分析,200860880,2024-09-23 15:04:21,外借,1
1064,童话的心理分析,200860880,2024-10-30 07:32:39,归还,0
1065,第二性 Ⅱ,200861638,2025-03-18 12:01:59,外借,1
1065,第二性 Ⅱ,200861638,2025-04-08 08:20:42,归还,0
1066,等待戈多,200963350,2024-09-04 17:13:47,外借,1
1067,K——英国情人,200962645,2024-09-02 16:36:54,外借,1
1067,K——英国情人,200962645,2024-09-04 13:42:03,归还,0
1068,Languages: A Very Short Introduction,201312187,2025-01-10 12:46:24,外借,1
1069,Lichtenstein,201320846,2024-12-10 12:14:40,外借,1
1069,Lichtenstein,201320846,2025-01-10 15:44:21,归还,0
1070,Life is Elsewhere,201311829,2024-09-04 17:47:40,外借,1
1070,Life is Elsewhere,201311829,2024-09-06 11:47:57,归还,0
1071,Literary Theory: A Very Short Introduction,201312757,2024-10-29 15:16:17,外借,1
1071,Literary Theory: A Very Short Introduction,201312757,2025-01-03 09:55:21,归还,0
1072,Little Fires Everywhere(EXP),201300653,2024-10-21 12:03:37,外借,1
1072,Little Fires Everywhere(EXP),201300653,2024-11-04 19:17:22,归还,0
1073,Lolly Willowes,201303295,2024-11-18 12:50:35,外借,1
1073,Lolly Willowes,201303295,2025-03-24 13:29:16,归还,0
1074,How to Stay Sane in an Age of Division : From the Booker shortlisted author of 1 Minutes 38 Seconds in This Strange World,200690047,2025-04-03 12:15:13,外借,1
1074,How to Stay Sane in an Age of Division : From the Booker shortlisted author of 1 Minutes 38 Seconds in This Strange World,200690047,2025-04-14 09:11:52,归还,0
1075,How to write about contemporary art,200671718,2024-11-08 14:24:04,外借,1
1076,"Human, All Too Human",201313676,2024-11-25 15:48:35,外借,1
1076,"Human, All Too Human",201313676,2024-12-27 11:11:55,归还,0
1077,I have a dream,201007677,2025-02-20 13:42:02,外借,1
1077,I have a dream,201007677,2025-03-03 08:52:38,归还,0
1078,IB Biology Student Workbook,200033962,2024-09-20 12:27:40,外借,1
1079,简爱,200884980,2025-02-20 17:14:57,外借,1
1079,简爱,200884980,2025-03-18 07:21:54,归还,0
1080,绝对笑喷之弃业医生日志 ,200887638,2025-04-16 15:33:36,外借,1
1080,绝对笑喷之弃业医生日志 ,200887638,2025-05-30 14:04:40,归还,0
1081,维塔 : 社会遗弃下的疯癫与文明,201028244,2025-03-21 07:16:29,外借,1
1081,维塔 : 社会遗弃下的疯癫与文明,201028244,2025-04-02 06:52:19,归还,0
1082,维特根斯坦与《逻辑哲学论》,200890321,2024-11-22 07:49:37,外借,1
1082,维特根斯坦与《逻辑哲学论》,200890321,2025-02-17 07:34:03,归还,0
1083,维特根斯坦的维也纳,201000040,2024-11-07 11:38:15,外借,1
1083,维特根斯坦的维也纳,201000040,2025-01-03 11:15:13,归还,0
1084,罗伯斯庇尔与法国大革命 ,201008391,2024-11-20 11:57:20,外借,1
1085,罗生门,200877881,2024-09-06 15:17:47,外借,1
1085,罗生门,200877881,2024-09-09 07:15:01,归还,0
1085,罗生门,200877872,2025-03-24 08:08:46,归还,0
1086,罗素 ,200856369,2024-11-22 07:49:37,外借,1
1086,罗素 ,200856369,2025-02-17 07:34:01,归还,0
1087,精选英汉汉英词典(第4版),Z0064962,2024-11-05 10:47:42,外借,1
1087,精选英汉汉英词典(第4版),Z0064962,2024-11-05 14:06:42,归还,0
1088,索拉里斯星 ,200890946,2024-10-31 16:04:58,外借,1
1088,索拉里斯星 ,200890946,2025-01-10 09:56:52,归还,0
1089,红玫瑰与白玫瑰,200847441,2024-11-26 11:07:06,外借,1
1089,红玫瑰与白玫瑰,200847441,2025-05-21 13:03:48,归还,0
1090,纪录片也要讲故事,201058014,2025-01-09 17:48:55,外借,1
1090,纪录片也要讲故事,201058014,2025-02-19 17:37:14,归还,0
1091,纯真年代,200857180,2024-11-05 16:03:32,外借,1
1091,纯真年代,200857180,2024-11-11 12:31:42,归还,0
1092,终极观星指南,200991515,2025-04-02 12:13:55,外借,1
1092,终极观星指南,200991515,2025-04-14 11:16:48,归还,0
1093,"经济学原理, 微观经济学分册 ",200967481,2024-09-03 12:31:38,外借,1
1093,"经济学原理, 微观经济学分册 ",200967481,2025-01-10 07:47:35,归还,0
1093,"经济学原理, 微观经济学分册 ",200967793,2025-04-22 15:10:03,归还,0
1094,经济学家都干了什么 ,200909874,2024-09-24 17:03:27,外借,1
1094,经济学家都干了什么 ,200909874,2024-09-25 11:44:25,归还,0
1095,经济学的世界 ,201024630,2025-01-09 10:57:15,外借,1
1095,经济学的世界 ,201024630,2025-02-17 07:32:43,归还,0
1096,"Girl, woman, other",201310492,2025-02-21 13:55:12,外借,1
1096,"Girl, woman, other",201310492,2025-04-02 09:38:45,归还,0
1097,Go Set a Watchman,201301894,2024-10-09 09:08:54,外借,1
1097,Go Set a Watchman,201301894,2024-10-15 14:48:32,归还,0
1098,美学原理,200972901,2024-09-25 08:53:55,外借,1
1098,美学原理,200972901,2024-09-25 11:39:06,归还,0
1099,美术与世界,200898644,2024-12-17 17:50:36,外借,1
1099,美术与世界,200898644,2025-01-09 12:45:08,归还,0
1100,美的历程,201042503,2024-09-14 12:25:11,外借,1
1100,美的历程,201042503,2024-09-14 12:39:13,归还,0
1101,耶鲁极简科学史 ,200872261,2024-09-24 16:44:11,外借,1
1101,耶鲁极简科学史 ,200872261,2024-09-25 11:43:48,归还,0
1102,聆听音乐,200915304,2024-09-25 08:33:07,外借,1
1102,聆听音乐,200915304,2025-01-07 16:27:45,归还,0
1103,背德者,200814324,2025-03-18 07:02:42,外借,1
1103,背德者,200814324,2025-03-24 15:07:49,归还,0
1104,脑机穿越 : 脑机接口改变人类未来,200991855,2025-04-03 12:32:23,外借,1
1104,脑机穿越 : 脑机接口改变人类未来,200991855,2025-06-06 14:41:29,归还,0
1105,脑研究的新大陆：一位德国工程师与一位中国科学家之间的对话,200880831,2025-04-25 14:49:54,外借,1
1106,经济学的著名寓言 : 市场失灵的神话,200841401,2024-11-12 13:08:53,外借,1
1107,经济学说与方法史论,200987012,2024-09-24 17:53:39,外借,1
1107,经济学说与方法史论,200987012,2024-09-25 11:38:38,归还,0
1108,经济用语图鉴,200779755,2024-12-19 13:36:04,外借,1
1108,经济用语图鉴,200779755,2025-03-25 16:20:29,归还,0
1109,给青年人的哲学十二讲,200803791,2024-09-06 11:56:00,外借,1
1109,给青年人的哲学十二讲,200803791,2024-11-06 15:29:36,归还,0
1110,给青年的二十七堂文学课,201046073,2024-10-25 14:46:00,外借,1
1110,给青年的二十七堂文学课,201046073,2025-04-08 17:06:27,归还,0
1111,绝叫,200871495,2025-04-29 12:04:33,外借,1
1111,绝叫,200871495,2025-06-05 11:25:27,归还,0
1112,舞!舞!舞!,200881849,2025-03-31 15:47:40,外借,1
1112,舞!舞!舞!,200881849,2025-04-22 14:10:19,归还,0
1113,色情,201053572,2024-11-26 14:08:32,外借,1
1113,色情,201053572,2025-05-20 12:09:29,归还,0
1114,美丽与哀愁.3,200804610,2024-10-23 16:53:08,外借,1
1114,美丽与哀愁.3,200804610,2025-04-22 15:10:11,归还,0
1115,美利坚的民族,200822459,2025-03-24 11:53:58,外借,1
1115,美利坚的民族,200822459,2025-04-11 12:10:39,归还,0
1116,美国史. 上册,200987272,2024-12-20 14:16:54,外借,1
1116,美国史. 上册,200987272,2025-03-03 10:42:30,归还,0
1117,IBDP中文A文学课程试卷(1)7分范文点评,Z0068864,2024-12-26 09:28:06,外借,1
1117,IBDP中文A文学课程试卷(1)7分范文点评,Z0068864,2025-01-09 16:57:17,归还,0
1117,IBDP中文A文学课程试卷(1)7分范文点评,Z0068866,2025-05-22 08:17:13,归还,0
1118,IBDP中文A课程文学知识小辞典（简体版）,201503872,2025-02-17 16:42:59,外借,1
1119,IBM和纳粹,200816242,2024-09-24 12:24:49,外借,1
1119,IBM和纳粹,200816242,2025-01-10 15:02:56,归还,0
1120,IB中文A文学个人口试实例,201318127,2025-02-17 16:42:59,外借,1
1120,IB中文A文学个人口试实例,201318127,2025-06-06 09:39:35,归还,0
1121,INTRODUCTION TO TOPOLOGY,Z0063177,2024-12-26 09:28:06,外借,1
1121,INTRODUCTION TO TOPOLOGY,Z0063177,2025-04-08 17:06:22,归还,0
1122,Ib Diploma Programme Biology 223 Edition Student Book,201315656,2024-11-22 09:51:27,外借,1
1123,Ib Diploma Programme Chemistry 2023 Edition Study Guide,201319000,2024-11-27 16:58:37,外借,1
1123,Ib Diploma Programme Chemistry 2023 Edition Study Guide,201319000,2025-02-18 17:55:53,归还,0
1124,Identity,201308842,2024-09-14 07:27:36,外借,1
1124,Identity,201308842,2024-09-19 11:44:57,归还,0
1125,Further Mathematics further prob and stats,201502338,2025-01-08 17:31:41,外借,1
1126,GAUGUIN,201311151,2024-12-23 18:12:17,外借,1
1127,Game theory : a very short introduction,201324094,2024-09-12 17:40:42,外借,1
1128,茨威格中短篇小说选·上,201021170,2024-09-04 16:43:16,外借,1
1128,茨威格中短篇小说选·上,201021170,2024-09-19 12:33:20,归还,0
1129,茶花女,200899803,2024-09-13 11:50:27,外借,1
1129,茶花女,200899803,2024-10-18 08:56:01,归还,0
1130,荒原狼,200868221,2024-09-19 12:03:29,外借,1
1130,荒原狼,200868221,2024-09-23 11:27:19,归还,0
1131,荷马史诗·奥德赛,200831467,2024-09-03 08:09:44,归还,0
1131,荷马史诗·奥德赛,201025489,2024-09-06 11:54:30,外借,1
1131,荷马史诗·奥德赛,201025489,2024-09-23 14:26:41,归还,0
1132,莎士比亚全集.5,200829559,2024-09-23 10:48:11,外借,1
1132,莎士比亚全集.5,200829559,2024-10-08 16:36:19,归还,0
1133,莎士比亚悲剧喜剧全集·悲剧Ⅱ,200963243,2024-09-10 16:50:28,外借,1
1133,莎士比亚悲剧喜剧全集·悲剧Ⅱ,200963243,2024-10-08 16:45:24,归还,0
1134,莎士比亚植物志,201022320,2024-10-09 12:14:36,外借,1
1134,莎士比亚植物志,201022320,2024-10-16 11:49:27,归还,0
1135,莫言作品精选,Z0064882,2025-02-20 15:30:54,外借,1
1135,莫言作品精选,Z0064882,2025-05-30 14:35:37,归还,0
1136,莱特湾海战,200983089,2025-03-14 10:38:32,外借,1
1136,莱特湾海战,200983089,2025-05-20 08:04:17,归还,0
1137,菜根谭,200875222,2024-11-26 11:49:13,外借,1
1137,菜根谭,200875222,2024-12-09 09:35:25,归还,0
1138,自我决定的孤独：难以建立亲密感的社会 ,200933785,2024-10-17 08:36:22,外借,1
1138,自我决定的孤独：难以建立亲密感的社会 ,200933785,2024-10-23 07:32:30,归还,0
1139,自杀论 ,200842972,2025-04-03 11:46:03,外借,1
1139,自杀论 ,200842972,2025-04-03 11:46:42,归还,0
1140,自深深处,201015178,2025-04-28 15:52:57,外借,1
1141,自然科学史,200959560,2024-09-24 17:00:30,外借,1
1141,自然科学史,200959560,2024-09-25 11:44:26,归还,0
1142,自由论,200821469,2025-03-19 11:00:36,外借,1
1142,自由论,200821469,2025-03-19 15:46:11,归还,0
1143,致死的疾病,201002716,2025-04-07 10:38:22,外借,1
1143,致死的疾病,201002716,2025-04-21 12:07:16,归还,0
1144,Environmental Systems and Societies,200665495,2025-05-13 09:16:51,归还,0
1144,Environmental Systems and Societies,201314933,2025-05-29 11:05:25,外借,1
1145,Essays and Aphorisms,201313729,2024-11-25 15:48:35,外借,1
1145,Essays and Aphorisms,201313729,2024-12-27 11:11:56,归还,0
1146,Exam Practice Workbook for Mathematics Analysis and Approaches HL,200676740,2024-09-03 08:27:54,外借,1
1146,Exam Practice Workbook for Mathematics Analysis and Approaches HL,200676731,2025-05-13 14:20:23,归还,0
1146,Exam Practice Workbook for Mathematics Analysis and Approaches HL,200676713,2025-05-16 07:42:59,归还,0
1147,血与火 : 坦格利安王朝史. 第一卷 ,200976881,2025-01-10 11:49:41,外借,1
1147,血与火 : 坦格利安王朝史. 第一卷 ,200976881,2025-02-18 12:21:49,归还,0
1148,血清素,200881750,2025-02-26 14:18:33,外借,1
1148,血清素,200881750,2025-03-03 15:08:03,归还,0
1149,行为心理学,201048838,2025-05-16 10:14:20,外借,1
1149,行为心理学,201048838,2025-06-13 14:49:34,归还,0
1150,行者的迷宫,200987691,2024-09-30 12:23:24,外借,1
1150,行者的迷宫,200987691,2024-10-09 06:55:53,归还,0
1151,街头哲学,201046395,2024-09-05 07:51:59,外借,1
1152,"被讨厌的勇气:""自我启发之父""阿德勒的哲学课",200426413,2025-05-28 11:44:48,外借,1
1153,西方正典,201011109,2025-04-07 12:10:44,外借,1
1153,西方正典,201011109,2025-04-07 12:10:50,归还,0
1154,西班牙史,200896156,2025-02-17 17:16:49,外借,1
1154,西班牙史,200896156,2025-03-11 08:09:38,归还,0
1155,艺术史的艺术,200861022,2024-09-11 12:32:03,外借,1
1155,艺术史的艺术,200861022,2024-09-25 11:43:12,归还,0
1156,艺术哲学 ,201047410,2024-09-24 15:29:09,外借,1
1156,艺术哲学 ,201047410,2025-05-22 15:43:00,归还,0
1157,芳华,201024248,2024-11-11 12:09:00,外借,1
1158,苦炼,200924955,2024-10-25 11:37:43,外借,1
1158,苦炼,200924955,2024-11-21 14:34:26,归还,0
1159,英国鸟类史,200984569,2025-04-24 08:28:02,外借,1
1159,英国鸟类史,200984569,2025-05-08 11:16:35,归还,0
1160,萨摩亚人的成年 ,200842570,2024-11-15 08:39:40,外借,1
1160,萨摩亚人的成年 ,200842570,2024-12-26 08:30:02,归还,0
1161,葡萄柚,200977167,2025-02-24 10:06:28,外借,1
1161,葡萄柚,200977167,2025-02-24 15:05:18,归还,0
1162,蒙田随笔集,200861763,2024-10-11 15:49:36,外借,1
1162,蒙田随笔集,200861763,2024-10-11 16:21:06,归还,0
1163,薛定谔之猫,200960442,2024-09-03 11:57:34,外借,1
1163,薛定谔之猫,200960442,2024-09-03 12:21:39,归还,0
1164,蝇王,200877408,2025-04-28 15:52:57,外借,1
1164,蝇王,200877408,2025-05-07 11:13:43,归还,0
1165,HBRs 1 Must Reads on Strategy,201303035,2025-03-26 12:14:07,外借,1
1165,HBRs 1 Must Reads on Strategy,201303035,2025-03-26 12:42:02,归还,0
1166,"Hamilton : the revolution : being the complete libretto of the Broadway musical, with a true account of its creation, and concise remarks on hip-hop, the power of stories, and the new America",200420954,2024-11-08 12:28:23,外借,1
1166,"Hamilton : the revolution : being the complete libretto of the Broadway musical, with a true account of its creation, and concise remarks on hip-hop, the power of stories, and the new America",200420954,2024-11-11 16:54:01,归还,0
1167,Hans Christian Andersen's Fairy Tales,201324922,2024-12-11 12:23:00,外借,1
1167,Hans Christian Andersen's Fairy Tales,201324922,2025-01-06 09:56:34,归还,0
1168,Harry Potter and the Chamber of Secrets,200689647,2025-03-14 09:04:03,外借,1
1168,Harry Potter and the Chamber of Secrets,200689647,2025-03-27 15:04:09,归还,0
1169,Harry Potter and the Sorcerer's Stone,200689656,2025-03-07 13:33:45,外借,1
1169,Harry Potter and the Sorcerer's Stone,200689656,2025-03-14 08:05:04,归还,0
1170,How We Live,201306666,2024-11-14 11:52:28,外借,1
1170,How We Live,201306666,2025-01-08 08:17:36,归还,0
1171,How the Brain Works: The Facts Visually Explained,201325976,2024-09-04 16:37:42,外借,1
1171,How the Brain Works: The Facts Visually Explained,201325976,2024-10-21 16:48:56,归还,0
1172,"How to Make Small Talk: Conversation Starters, Exercises, and Scenarios",201308003,2025-04-21 15:37:14,外借,1
1172,"How to Make Small Talk: Conversation Starters, Exercises, and Scenarios",201308003,2025-05-19 12:57:03,归还,0
1173,Emma: V&A Collectors Edition,201302526,2025-03-14 14:10:04,外借,1
1173,Emma: V&A Collectors Edition,201302526,2025-04-23 16:25:34,归还,0
1174,Emotional Design,201306504,2025-03-13 10:42:03,外借,1
1174,Emotional Design,201306504,2025-03-26 16:32:38,归还,0
1175,Environment Systems and Societies 3rd Ed,201502971,2024-11-18 12:43:15,外借,1
1175,Environment Systems and Societies 3rd Ed,201502971,2025-05-26 12:47:30,归还,0
1176,贫穷的质感,200889592,2024-09-04 15:36:12,外借,1
1176,贫穷的质感,200889592,2025-01-08 11:22:29,归还,0
1177,赎罪,200877658,2024-09-05 09:54:26,外借,1
1177,赎罪,200877658,2024-09-10 07:17:43,归还,0
1178,走出双相情感障碍,200874170,2024-10-14 17:35:22,外借,1
1178,走出双相情感障碍,200874170,2025-05-16 12:03:51,归还,0
1179,订书匠,201044770,2025-04-27 17:49:08,外借,1
1179,订书匠,201044770,2025-04-29 12:08:51,归还,0
1180,许三观卖血记,200847389,2024-09-05 11:16:43,外借,1
1180,许三观卖血记,200847389,2024-09-23 14:26:54,归还,0
1181,许子东现代文学课,200976961,2025-04-16 17:18:23,外借,1
1182,论灵魂,201066425,2025-05-20 12:10:18,外借,1
1183,设计的细节 : 日本经典设计透析,200779791,2024-12-19 13:38:29,外借,1
1183,设计的细节 : 日本经典设计透析,200779791,2025-03-25 16:20:50,归还,0
1184,诅咒之塔,200824199,2025-02-25 17:00:49,外借,1
1184,诅咒之塔,200824199,2025-02-26 11:50:50,归还,0
1185,试论疲倦,200920824,2024-09-02 09:20:32,外借,1
1185,试论疲倦,200920824,2024-09-11 11:10:07,归还,0
1186,话说科学 ,200971724,2024-09-24 17:07:41,外借,1
1186,话说科学 ,200971724,2024-09-25 11:44:41,归还,0
1187,语法修辞讲话,200922163,2024-11-18 17:56:04,外借,1
1187,语法修辞讲话,200922163,2025-01-10 10:25:30,归还,0
1188,语言学,200856332,2024-09-09 12:32:24,外借,1
1188,语言学,200856332,2024-10-29 11:51:50,归还,0
1189,语言恶女：女性如何夺回语言,201065248,2025-04-01 14:08:20,外借,1
1189,语言恶女：女性如何夺回语言,201065248,2025-04-15 14:36:07,归还,0
1190,说谎心理学,201018923,2024-09-04 17:31:52,外借,1
1190,说谎心理学,201018923,2024-09-10 11:52:38,归还,0
1191,营销管理,201050138,2024-09-12 16:25:20,外借,1
1191,营销管理,201050138,2024-12-27 14:38:24,归还,0
1192,读脑术 ,201033988,2024-09-05 09:53:58,外借,1
1192,读脑术 ,201033988,2024-09-24 17:47:26,归还,0
1193,谁动了我的奶酪．2，走出迷宫,200876800,2025-01-10 14:44:19,外借,1
1193,谁动了我的奶酪．2，走出迷宫,200876800,2025-03-14 12:17:25,归还,0
1194,谋杀启事,200836382,2024-09-13 11:53:26,外借,1
1195,False Justice: Eight Myths that Convict the Innocent,201300289,2025-03-26 12:14:21,外借,1
1195,False Justice: Eight Myths that Convict the Innocent,201300289,2025-05-13 07:05:31,归还,0
1196,Famous Last Words,200689335,2024-09-23 15:23:12,外借,1
1196,Famous Last Words,200689335,2025-06-06 15:37:33,归还,0
1197,Fantastic Beasts: The Crimes of Grindelwald – The Original Screenplay PB,200697665,2025-03-17 16:14:40,外借,1
1197,Fantastic Beasts: The Crimes of Grindelwald – The Original Screenplay PB,200697665,2025-03-24 16:32:52,归还,0
1198,Five Survive,200685892,2024-09-09 12:24:26,归还,0
1198,Five Survive,200685892,2025-03-07 13:33:25,外借,1
1198,Five Survive,200685892,2025-03-26 10:09:47,归还,0
1199,Foundations Edge,200688951,2025-01-09 15:43:48,外借,1
1199,Foundations Edge,200688951,2025-03-03 10:42:28,归还,0
1200,Further Mathematics further mechanics,201502463,2025-01-08 17:31:53,外借,1
1201,Comparative Literature: A Very Short Introduction,201312472,2024-09-20 10:12:37,外借,1
1201,Comparative Literature: A Very Short Introduction,201312472,2024-09-27 16:27:22,归还,0
1202,DP认识论课程学习指导,200668330,2024-09-09 12:39:15,外借,1
1202,DP认识论课程学习指导,200668330,2024-09-25 11:42:45,归还,0
1203,Dadaism,201321532,2024-12-10 12:14:40,外借,1
1203,Dadaism,201321532,2025-01-10 15:44:09,归还,0
1204,David and Goliath,200691064,2024-10-08 12:32:29,外借,1
1204,David and Goliath,200691064,2024-12-11 11:05:31,归还,0
1205,货币幻觉,200834106,2024-10-24 12:10:13,外借,1
1205,货币幻觉,200834106,2024-11-28 07:34:36,归还,0
1206,货币的购买力,200987628,2024-10-28 12:11:41,外借,1
1206,货币的购买力,200987628,2024-12-12 07:38:54,归还,0
1207,贫穷的本质 ,200873965,2024-10-23 18:00:25,外借,1
1207,贫穷的本质 ,200873965,2024-12-11 10:30:00,归还,0
1208,道德动物,200848495,2024-12-02 10:43:34,外借,1
1208,道德动物,200848495,2025-06-06 10:46:51,归还,0
1209,走近艺术史,201066452,2025-05-16 14:20:08,外借,1
1210,趣味二战史,200980493,2024-09-04 11:26:36,外借,1
1210,趣味二战史,200980493,2024-10-08 17:51:25,归还,0
1211,足球守门员圣经：必备技术、训练方法和实战应用,201035968,2024-09-19 17:40:38,外借,1
1212,足球智商 ,200912815,2024-09-04 17:01:14,外借,1
1212,足球智商 ,200912815,2024-09-29 14:33:55,归还,0
1213,足球规则与战术完全图解,201032747,2024-09-19 17:40:44,外借,1
1214,跨越边界的社区：北京“浙江村”的生活史,200817205,2025-04-10 08:13:27,外借,1
1214,跨越边界的社区：北京“浙江村”的生活史,200817205,2025-05-14 14:10:18,归还,0
1215,转角遇见社会学,200974721,2025-04-16 07:22:48,归还,0
1215,转角遇见社会学,200974721,2025-06-05 07:26:40,外借,1
1216,达摩流浪者,200872350,2025-05-13 15:06:48,外借,1
1216,达摩流浪者,200872350,2025-05-19 12:57:03,归还,0
1217,过往,200839860,2025-03-19 16:20:49,外借,1
1218,运动营养全书：全彩图解版,201035218,2024-12-27 15:51:45,外借,1
1218,运动营养全书：全彩图解版,201035218,2025-05-28 13:42:11,归还,0
1219,运气的秘密,200941142,2025-05-22 10:54:05,外借,1
1220,这就是哲学,200958507,2025-03-20 17:41:48,外借,1
1220,这就是哲学,200958507,2025-04-11 12:36:04,归还,0
1221,这就是心理学,200958482,2024-09-24 13:11:34,外借,1
1221,这就是心理学,200958482,2024-09-25 11:44:56,归还,0
1222,诺曼征服 : 黑斯廷斯战役与英格兰诺曼王朝的崛起,200835926,2025-03-04 10:15:12,外借,1
1222,诺曼征服 : 黑斯廷斯战役与英格兰诺曼王朝的崛起,200835926,2025-03-24 11:51:38,归还,0
1223,读水浒,200772510,2024-09-02 13:47:26,外借,1
1223,读水浒,200772510,2024-09-02 13:48:08,归还,0
1224,量子之谜,200846255,2024-11-14 16:22:29,外借,1
1224,量子之谜,200846255,2024-12-09 11:24:55,归还,0
1225,量子矩阵,201036574,2024-09-04 16:47:29,外借,1
1225,量子矩阵,201036574,2024-10-08 17:22:38,归还,0
1226,金枝 .上册,200842874,2025-03-13 12:39:14,外借,1
1226,金枝 .上册,200842874,2025-05-15 10:35:55,归还,0
1227,金银岛·化身博士,200878657,2025-03-28 14:13:24,外借,1
1227,金银岛·化身博士,200878657,2025-03-31 16:13:15,归还,0
1228,金阁寺,200996814,2024-09-26 16:59:19,外借,1
1229,金陵十三钗 ,200507736,2025-04-08 12:17:09,外借,1
1230,钢铁帝国 : 普鲁士的兴衰,201034040,2024-09-04 17:31:45,外借,1
1230,钢铁帝国 : 普鲁士的兴衰,201034040,2025-02-17 17:07:02,归还,0
1231,钱学森传,201002878,2024-09-30 12:23:19,外借,1
1231,钱学森传,201002878,2024-10-08 06:57:56,归还,0
1232,这样读三国,200787210,2024-09-02 13:47:04,外借,1
1232,这样读三国,200787210,2024-09-02 13:48:13,归还,0
1233,违童之愿 ,200851033,2025-03-17 11:46:03,外借,1
1233,违童之愿 ,200851033,2025-03-25 06:58:05,归还,0
1234,连城决,201055311,2025-03-20 11:39:07,外借,1
1234,连城决,201055311,2025-04-24 07:01:47,归还,0
1235,连城诀 ,200850196,2024-09-29 11:34:45,外借,1
1235,连城诀 ,200850196,2024-09-29 16:35:29,归还,0
1236,追忆逝水年华,200862110,2024-10-15 12:18:15,外借,1
1236,追忆逝水年华,200862110,2024-10-17 08:30:33,归还,0
1237,送你一匹马,200862584,2024-09-05 12:23:50,外借,1
1237,送你一匹马,200862584,2024-10-12 12:11:33,归还,0
1238,逆向创新 ,201029396,2024-09-13 11:46:51,外借,1
1238,逆向创新 ,201029396,2024-09-25 17:29:54,归还,0
1239,透明,200802471,2024-10-11 16:29:48,外借,1
1239,透明,200802471,2024-11-25 17:13:25,归还,0
1240,阿拉伯人的梦想宫殿,200809161,2025-02-17 14:48:50,外借,1
1240,阿拉伯人的梦想宫殿,200809161,2025-04-09 11:15:48,归还,0
1241,阿特拉斯耸耸肩. 第三部，同一律,200989886,2024-09-04 15:33:26,外借,1
1241,阿特拉斯耸耸肩. 第三部，同一律,200989886,2024-10-08 11:08:07,归还,0
1242,遥远的小屋,200975267,2024-09-12 17:19:55,外借,1
1242,遥远的小屋,200975267,2024-10-17 12:15:31,归还,0
1243,郁金香热,200822805,2024-09-06 07:17:08,外借,1
1243,郁金香热,200822805,2024-10-08 06:18:04,归还,0
1244,重口味心理学:怎样证明你不是神经病?:百万册纪念完整版,200863495,2024-10-10 17:22:21,外借,1
1244,重口味心理学:怎样证明你不是神经病?:百万册纪念完整版,200863495,2024-10-18 13:36:25,归还,0
1245,重症监护室的故事 ,201013731,2025-04-25 14:50:03,外借,1
1246,"Do It Today: Overcome Procrastination, Improve Productivity, and Achieve More Meaningful Things",201503104,2025-01-09 15:43:59,外借,1
1246,"Do It Today: Overcome Procrastination, Improve Productivity, and Achieve More Meaningful Things",201503104,2025-03-03 10:42:28,归还,0
1247,Dopamine Nation: Finding Balance in the Age of Indulgence,200691876,2024-09-10 14:50:34,外借,1
1247,Dopamine Nation: Finding Balance in the Age of Indulgence,200691876,2025-02-18 14:48:00,归还,0
1248,Dreams of a Final Theory: The Scientists Search for the Ultimate Laws of Nature,200687792,2025-01-10 12:46:24,外借,1
1249,Dubliners,201302054,2025-05-23 10:46:47,外借,1
1249,Dubliners,201302054,2025-06-10 12:44:29,归还,0
1250,Duchamp,201320908,2024-12-10 12:14:40,外借,1
1250,Duchamp,201320908,2025-01-10 15:43:38,归还,0
1251,Biology for the IB Diploma,200030563,2024-09-02 12:17:30,外借,1
1252,Biology for the IB Diploma Study and Revision Guide,200665226,2024-09-20 12:26:43,外借,1
1253,Biology for the IB Diploma Workbook with CD-ROM,200357666,2024-09-03 08:10:34,归还,0
1253,Biology for the IB Diploma Workbook with CD-ROM,200427546,2024-09-03 08:25:28,外借,1
1254,"Book of Laughter and Forgetting, The",200698076,2025-05-23 10:45:44,外借,1
1254,"Book of Laughter and Forgetting, The",200698076,2025-06-10 12:12:52,归还,0
1255,Botero,201321729,2025-05-29 14:27:43,外借,1
1255,Botero,201321729,2025-06-04 16:15:22,归还,0
1256,Breaking dawn,200687122,2025-01-06 15:41:02,外借,1
1256,Breaking dawn,200687122,2025-02-17 09:15:14,归还,0
1257,Brief Answers to the Big Questions,201301741,2024-10-24 18:03:21,外借,1
1257,Brief Answers to the Big Questions,201301741,2024-12-30 08:04:07,归还,0
1258,Cambridge International AS &amp; A Level Further Mathematics Worked Solutions Manual with Cambridge Elevate Edition,201315308,2025-01-08 17:31:41,外借,1
1259,Chemistry for the IB Diploma Coursebook with Digital Access (2 Years) [With Access Code],201500884,2025-05-20 11:17:37,外借,1
1259,Chemistry for the IB Diploma Coursebook with Digital Access (2 Years) [With Access Code],201500884,2025-06-03 07:33:10,归还,0
1260,Chemistry for the Ib Diploma Workbook With CD-ROM,200402849,2024-09-03 08:11:05,归还,0
1260,Chemistry for the Ib Diploma Workbook With CD-ROM,200357817,2024-10-29 14:41:05,外借,1
1261,Children of Dune,200428563,2024-09-14 13:26:06,外借,1
1262,Chocolat,201311231,2025-03-31 09:58:02,外借,1
1262,Chocolat,201311231,2025-04-11 11:52:59,归还,0
1263,All The Light We Cannot See,200695676,2024-12-10 12:12:56,归还,0
1263,All The Light We Cannot See,200695676,2024-12-10 12:13:25,外借,1
1264,Alma Classics: Sense and Sensibility,201311838,2024-09-11 17:41:55,外借,1
1264,Alma Classics: Sense and Sensibility,201311838,2024-10-14 16:54:26,归还,0
1265,Alma Classics:Tales of Horror,201323647,2024-12-27 12:20:45,外借,1
1265,Alma Classics:Tales of Horror,201323647,2025-01-02 15:31:10,归还,0
1266,Among Others,201308717,2025-02-20 13:54:01,外借,1
1267,Anna Karenina,200699208,2025-04-30 09:11:19,外借,1
1267,Anna Karenina,200699208,2025-05-30 13:43:09,归还,0
1268,Art : the definitive visual history,201324735,2025-01-03 12:28:57,外借,1
1269,闪光的氰化物,200836569,2024-11-13 12:32:27,外借,1
1269,闪光的氰化物,200836569,2024-12-17 09:29:18,归还,0
1270,阁楼上的疯女人 :女性作家与19世纪文学想象.上,200919444,2024-09-12 12:19:45,外借,1
1270,阁楼上的疯女人 :女性作家与19世纪文学想象.上,200919444,2024-11-22 07:37:37,归还,0
1271,阿勒泰的角落,200974222,2024-10-28 16:05:21,外借,1
1271,阿勒泰的角落,200974222,2024-11-04 16:27:21,归还,0
1272,骆驼祥子,201021072,2024-09-14 12:42:05,外借,1
1272,骆驼祥子,201021072,2024-10-15 07:38:26,归还,0
1273,5 Things to Do with a Penknife,201308799,2024-10-08 12:35:14,外借,1
1273,5 Things to Do with a Penknife,201308799,2024-10-10 12:15:13,归还,0
1274,55 Successful Harvard Law Essays （2nd Edition）,201307488,2024-10-24 18:03:21,外借,1
1274,55 Successful Harvard Law Essays （2nd Edition）,201307488,2024-12-30 08:04:07,归还,0
1275,5分钟怪诞数学 : 那些看似不可能的生活真相,200932553,2025-03-31 17:28:33,外借,1
1276,A Brief History of Time,201322130,2025-04-03 13:37:30,外借,1
1276,A Brief History of Time,201322130,2025-05-19 15:00:53,归还,0
1277,A Tale of Two Cities,200696112,2025-01-07 07:30:45,外借,1
1277,A Tale of Two Cities,200696112,2025-01-10 07:56:54,归还,0
1278,A Theory of Justice: Original Edition,200693044,2025-04-07 10:12:32,外借,1
1278,A Theory of Justice: Original Edition,200693044,2025-04-16 18:02:49,归还,0
1279,鹿鼎记 .三,200850427,2024-11-07 11:10:36,外借,1
1279,鹿鼎记 .三,200850427,2024-11-07 13:14:00,归还,0
1280,黄金时代,200847209,2024-10-24 16:05:14,外借,1
1280,黄金时代,200847209,2024-11-11 14:59:22,归还,0
1281,龙马史,200824368,2024-09-19 12:07:40,外借,1
1281,龙马史,200824368,2024-09-20 12:14:06,归还,0
1282,24个比利,201033586,2024-09-11 12:19:36,外借,1
1283,陈独秀全传,200824135,2024-09-14 07:16:36,外借,1
1283,陈独秀全传,200824135,2024-09-19 11:45:10,归还,0
1284,雾都孤儿,200862030,2025-04-30 11:42:07,外借,1
1284,雾都孤儿,200862030,2025-06-03 06:51:23,归还,0
1285,霍乱时期的爱情,200945825,2024-11-20 07:22:04,外借,1
1285,霍乱时期的爱情,200945825,2025-06-03 11:36:27,归还,0
1286,Art Song in English: High Voice: 50 Songs by 21 American and British Composers,201504014,2025-03-11 12:40:48,外借,1
1287,Artists : their lives and works,201321934,2024-11-12 11:31:32,外借,1
1287,Artists : their lives and works,201321934,2024-11-27 16:38:13,归还,0
1288,你会杀死那个胖子吗?一个关于对与错的哲学谜题,200833152,2024-10-12 12:17:21,外借,1
1288,你会杀死那个胖子吗?一个关于对与错的哲学谜题,200833152,2024-10-12 12:22:59,归还,0
1289,你在逃避什么,201035593,2024-11-20 08:24:56,外借,1
1290,你的夏天还好吗？,201022213,2024-11-19 17:37:43,外借,1
1290,你的夏天还好吗？,201022213,2025-01-09 19:22:55,归还,0
1291,A glossary of literary terms,200654087,2024-11-08 14:23:50,外借,1
1292,A portrait of the artist as a young man,201307718,2024-09-26 08:23:41,外借,1
1292,A portrait of the artist as a young man,201307718,2024-11-07 14:35:12,归还,0
1293,ABC谋杀案,200836710,2024-09-06 13:25:43,外借,1
1293,ABC谋杀案,200836710,2024-09-30 08:47:47,归还,0
1294,AI经济,201025602,2024-10-24 15:51:19,外借,1
1295,Accounting 11,201301260,2025-03-26 12:13:52,外借,1
1295,Accounting 11,201301260,2025-03-26 12:42:04,归还,0
1296,Advice for a Young Investigator,201307674,2025-01-10 12:46:24,外借,1
1297,鲁迅全集·第二卷,201039697,2024-10-08 17:51:51,外借,1
1297,鲁迅全集·第二卷,201039697,2024-11-20 11:40:08,归还,0
1298,鲜血梅花,Z0070196,2025-02-20 15:30:59,外借,1
1298,鲜血梅花,Z0070196,2025-05-30 14:35:42,归还,0
1299,鸟类的天赋 ,200898430,2025-04-24 08:28:16,外借,1
1299,鸟类的天赋 ,200898430,2025-05-21 14:08:26,归还,0
1300,饺子,200945353,2025-02-19 11:40:56,外借,1
1300,饺子,200945353,2025-03-18 11:57:18,归还,0
1301,香水,200880591,2024-11-06 20:46:53,外借,1
1301,香水,200880591,2024-11-26 16:44:56,归还,0
1302,香水 : 气味的炼金术,200981278,2024-11-07 09:25:26,外借,1
1302,香水 : 气味的炼金术,200981278,2024-12-23 11:17:21,归还,0
1303,马尾树,200923796,2024-11-20 07:59:33,外借,1
1303,马尾树,200923796,2024-11-29 07:45:50,归还,0
