book_key,bucket,Title,ISBN,Author,Publisher,Classification_Number,Price,Grade,total_borrows,record_count,unique_barcodes,first_borrow,last_borrow
isbn:9787520107921,0-9,1453君士坦丁堡之战,9787520107921,(英)克劳利著,上海科学技术文献出版社,K546.3,86.0,IB22G12,0,1,1,2025-02-17 15:24:04,2025-02-17 15:24:04
isbn:9787010130033,0-9,1844年经济学哲学手搞,9787010130033,马克思著,人民出版社,A811.21,48.0,IB23G11,0,1,1,2025-02-18 12:23:15,2025-02-18 12:23:15
isbn:9787532765522,0-9,1973年的弹子球,9787532765522,(日)村上春树著,上海译文出版社,I313.45,47.0,IB22G12,0,1,1,2025-03-04 17:35:39,2025-03-04 17:35:39
isbn:9787508691664,0-9,24个比利,9787508691664,(美)凯斯著,中信出版集团股份有限公司,I712.45,48.0,IB24G10,0,1,1,2024-09-11 12:19:36,2024-09-11 12:19:36
isbn:9787218155913,0-9,3年人类迁徙史,9787218155913,(英) 科恩著,广州 广东人民出版社 2023,C922.1,118.0,IB23G11,0,1,1,2024-11-21 07:29:29,2024-11-21 07:29:29
isbn:9781911216865,0-9,5 Things to Do with a Penknife,9781911216865,Matt Collins,Pavilion Books,621.93,37.0,IB24G10,0,1,1,2024-10-08 12:35:14,2024-10-08 12:35:14
isbn:9781250047236,0-9,55 Successful Harvard Law Essays （2nd Edition）,9781250047236,Staff of the Harvard Crimson,Square Fish,340.07,50.0,IB24G10,0,1,1,2024-10-24 18:03:21,2024-10-24 18:03:21
isbn:9787572208522,0-9,5分钟怪诞数学 : 那些看似不可能的生活真相,9787572208522,(德)克里斯蒂安·黑塞,浙江教育出版社,O1-49,48.0,IB23G11,0,1,1,2025-03-31 17:28:33,2025-03-31 17:28:33
isbn:9781594483073,A,A Thousand Splendid Suns,9781594483073,Khaled Hosseini,Penguin USA,813.6,35.0,IB24G10,1,2,1,2025-03-14 10:05:41,2025-05-13 14:19:41
isbn:9781847496126,A,ALMA Junior Classics:The Canterville Ghost and Other Stories(Secondary-school 12+),9781847496126,"Wilde, Oscar",Alma Books,428.6,36.0,IB23G11,1,1,1,2025-02-27 10:28:51,2025-02-27 10:28:51
isbn:9780553380163,A,A Brief History of Time,9780553380163,"Hawking, Stephen",Bantam,523.1,120.0,IB22G12,0,1,1,2025-04-03 13:37:30,2025-04-03 13:37:30
isbn:9780785839835,A,A Tale of Two Cities,9780785839835,Charles Dickens,Chartwell Books,823.8,42.0,IB23G11,0,1,1,2025-01-07 07:30:45,2025-01-07 07:30:45
isbn:9780674017726,A,A Theory of Justice: Original Edition,9780674017726,"Rawls, John",Harvard University Press,320.01,196.0,IB22G12,0,1,1,2025-04-07 10:12:32,2025-04-07 10:12:32
isbn:9781285465067,A,A glossary of literary terms,9781285465067,"Abrams, M. H. (Meyer Howard), 1912-; Harpham, Geoffrey Galt, 1946-",Cengage Learning,803,375.0,IB23G11,0,1,1,2024-11-08 14:23:50,2024-11-08 14:23:50
isbn:9780143108245,A,A portrait of the artist as a young man,9780143108245,JamesJoyce,Penguin USA,823.91,49.0,IB22G12,0,1,1,2024-09-26 08:23:41,2024-09-26 08:23:41
isbn:9780060736262,A,"A tree grows in Brooklyn, : a novel",9780060736262,"Smith, Betty",Harpercollins,813.52,41.0,IB24G10,0,2,1,2024-11-13 12:21:02,2025-01-09 11:49:21
isbn:9787513341790,A,ABC谋杀案,9787513341790,"(英)阿加莎·克里斯蒂 (Christie, Agatha 1890~1976) 著",新星出版社,I561.45,42.0,IB24G10,0,1,1,2024-09-06 13:25:43,2024-09-06 13:25:43
isbn:9787213100970,A,AI经济,9787213100970,(英)布特尔著,浙江人民出版社,F0-39,109.0,IB24G10,0,1,1,2024-10-24 15:51:19,2024-10-24 15:51:19
isbn:9781507202920,A,Accounting 11,9781507202920,"Cagan, Michele",Adams Media Corporation,657,65.0,IB22G12,0,1,1,2025-03-26 12:13:52,2025-03-26 12:13:52
isbn:9780262681506,A,Advice for a Young Investigator,9780262681506,Ramon y Cajal,MIT Press,507.2,87.0,IB23G11,0,1,1,2025-01-10 12:46:24,2025-01-10 12:46:24
isbn:9781501173219,A,All The Light We Cannot See,9781501173219,Anthony Doerr,Scribner Book,813.6,68.0,IB23G11,0,1,1,2024-12-10 12:13:25,2024-12-10 12:13:25
isbn:9781847494849,A,Alma Classics: Sense and Sensibility,9781847494849,Austen Jane,Alma Books,823.7,23.0,IB23G11,0,1,1,2024-09-11 17:41:55,2024-09-11 17:41:55
isbn:9781847496096,A,Alma Classics:Tales of Horror,9781847496096,Edgar Allan Poe,Alma Books,813.3,32.0,IB22G12,0,1,1,2024-12-27 12:20:45,2024-12-27 12:20:45
isbn:9781472106537,A,Among Others,9781472106537,Jo Walton,Little Brown UK,823.91,32.0,IB24G10,0,1,1,2025-02-20 13:54:01,2025-02-20 13:54:01
isbn:9780143036531,A,Amusing Ourselves to Death[娱乐至死],9780143036531,"Postman, Neil[尼尔·波兹曼]",PENGUIN GROUP,302.234,94.0,IB23G11,0,2,1,2024-10-11 17:24:50,2025-02-26 11:07:49
isbn:9780140449174,A,Anna Karenina,9780140449174,Leo Tolstoy,Macmillan,891.733,65.0,IB24G10,0,1,1,2025-04-30 09:11:19,2025-04-30 09:11:19
isbn:9780241629031,A,Art : the definitive visual history,9780241629031,DK,,709,181.0,IB23G11,0,1,1,2025-01-03 12:28:57,2025-01-03 12:28:57
isbn:9781423418313,A,Art Song in English: High Voice: 50 Songs by 21 American and British Composers,9781423418313,"Kimball, Carol",Boosey &amp; Hawkes Inc,780,400.0,IB23G11,0,1,1,2025-03-11 12:40:48,2025-03-11 12:40:48
isbn:9780241226186,A,Artists : their lives and works,9780241226186,&nbsp,,709.2,113.0,IB24G10,0,1,1,2024-11-12 11:31:32,2024-11-12 11:31:32
isbn:9780553212587,B,Bantam Classics：Wuthering Heights,9780553212587,Emily Bronte,Bantam Classics,823.8,10.0,IB22G12,1,2,1,2025-03-07 13:33:34,2025-03-19 17:14:09
isbn:9781910689066,B,Biology Option A: Neurobiology and Behaviour SL&HL,9781910689066,Ashby Merson-Dabies,OSC,IB-4-BI-2,122.0,IB24G10,1,1,1,2024-09-05 11:35:55,2024-09-05 11:35:55
isbn:9780399588198,B,Born a crime : stories from a South African childhood,9780399588198,"Noah, Trevor, 1984-",Karl Blessing Verlag GmbH,791.450,120.0,IB23G11,1,1,1,2024-10-18 14:11:25,2024-10-18 14:11:25
isbn:9780575094208,B,Babel-17/Empire Star,9780575094208,Samuel R. Delany,Orion Publishing Group,813.54,37.0,IB24G10,0,2,1,2024-09-14 12:28:01,2024-09-19 16:35:50
isbn:9780553211405,B,Bantam Classics：Jane Eyre,9780553211405,Charlotte Bronte,Bantam Classics,823.8,13.0,IB23G11,0,1,1,2024-12-16 16:56:51,2024-12-16 16:56:51
isbn:9780553212976,B,Bantam Classics：King Lear,9780553212976,William Shakespeare,Bantam Classics,822.33,13.0,IB23G11,0,1,1,2024-12-16 16:56:44,2024-12-16 16:56:44
isbn:9780553213102,B,Bantam Classics：Pride And Prejudice,9780553213102,Jane Austen,Bantam Classics,823.7,13.0,IB24G10,0,1,1,2024-11-11 11:43:51,2024-11-11 11:43:51
isbn:9787519211202,B,Barron's巴朗SAT 16 专著 = Barron's SAT 16,9787519211202,卡尔内瓦莱,世界图书出版公司北京公司,IB-7-R.B-1,70.0,IB24G10,0,1,1,2025-02-17 17:59:13,2025-02-17 17:59:13
isbn:9780340980903,B,Before I Fall,9780340980903,Lauren Oliver,Hodder,813.6,45.0,IB24G10,0,1,1,2024-12-09 11:46:24,2024-12-09 11:46:24
isbn:9780198393511,B,Biology for the IB Diploma,9780198393511,Andrew Allott,[出版者不详],IB-4-BI-2,225.0,IB23G11,0,1,1,2024-09-02 12:17:30,2024-09-02 12:17:30
isbn:9781471899706,B,Biology for the IB Diploma Study and Revision Guide,9781471899706,Andrew Davis C.J.Clegg,Hodder Education,IB-4-BI-2,203.0,IB23G11,0,1,1,2024-09-20 12:26:43,2024-09-20 12:26:43
isbn:9781316646090,B,Biology for the IB Diploma Workbook with CD-ROM,9781316646090,"Broderick, Matthew",Cambridge University Press,IB-4-BI-2,176.0,IB23G11,0,1,1,2024-09-03 08:25:28,2024-09-03 08:25:28
isbn:9780571174379,B,"Book of Laughter and Forgetting, The",9780571174379,Milan Kundera,Faber and Faber,891.86,51.0,IB23G11,0,1,1,2025-05-23 10:45:44,2025-05-23 10:45:44
isbn:9783836548823,B,Botero,9783836548823,"Hanstein, Mariana",Taschen,700,110.0,IB23G11,0,1,1,2025-05-29 14:27:43,2025-05-29 14:27:43
isbn:9781907410512,B,Breaking dawn,9781907410512,"Meyer, Stephenie",Atom,813.6,75.0,IB24G10,0,1,1,2025-01-06 15:41:02,2025-01-06 15:41:02
isbn:9781473695993,B,Brief Answers to the Big Questions,9781473695993,Stephen Hawking,John Murray Publisher,500,49.0,IB24G10,0,1,1,2024-10-24 18:03:21,2024-10-24 18:03:21
isbn:9781912714278,C,Chiltern Classic：Northanger Abbey,9781912714278,Jane Austen,Chiltern Publishing,823.7,98.0,IB24G10,1,1,1,2025-04-08 10:10:58,2025-04-08 10:10:58
isbn:9781108770187,C,Cambridge International AS &amp; A Level Further Mathematics Worked Solutions Manual with Cambridge Elevate Edition,9781108770187,"McKelvey, Lee; Crozier, Martin; James, Muriel",Cambridge University Press,AL-5-M-1,306.0,IB23G11,0,1,1,2025-01-08 17:31:41,2025-01-08 17:31:41
isbn:9780133917789,C,Campbell Essential Biology (6th Edition),9780133917789,Simon Dickey Hogan Reece,,IB-4-BI-2,1060.0,IB24G10,0,2,2,2024-10-29 14:40:37,2024-11-07 09:40:10
isbn:9781009052658,C,Chemistry for the IB Diploma Coursebook with Digital Access (2 Years) [With Access Code],9781009052658,"Owen, Steve",Cambridge University Press,IB-4-CH-3,398.0,IB24G10,0,1,1,2025-05-20 11:17:37,2025-05-20 11:17:37
isbn:9781316634950,C,Chemistry for the Ib Diploma Workbook With CD-ROM,9781316634950,"Paris, Jacqueline",Cambridge University Press,IB-4-CH-3,186.0,IB24G10,0,1,1,2024-10-29 14:41:05,2024-10-29 14:41:05
isbn:9780593098240,C,Children of Dune,9780593098240,"Herbert, Frank",Ace Books USA,813.54,68.0,IB24G10,0,1,1,2024-09-14 13:26:06,2024-09-14 13:26:06
isbn:9780552998482,C,Chocolat,9780552998482,Joanne Harris,Black Swan Books,823.91,37.0,IB22G12,0,1,1,2025-03-31 09:58:02,2025-03-31 09:58:02
isbn:9780198807278,C,Comparative Literature: A Very Short Introduction,9780198807278,Ben Hutchinson,Oxford University Press UK,809,48.0,IB23G11,0,1,1,2024-09-20 10:12:37,2024-09-20 10:12:37
isbn:9781510421783,C,cambridge as & a level further math 1 student's book,9781510421783,"Sophie Goldie, Rose Jewell",Hodder,AL-5-M-1,238.0,IB23G11,0,1,1,2025-01-08 17:31:53,2025-01-08 17:31:53
isbn:9781510421790,C,cambridge as & a level further math 2 student's book,9781510421790,"Rose Jewell, Jean-Paul Muscat",Hodder,AL-5-M-1,238.0,IB23G11,0,1,1,2025-01-08 17:31:53,2025-01-08 17:31:53
isbn:9780241298961,D,DK-Big Ideas：The Crime Book,9780241298961,Peter James,DK Publishing,364.1,73.0,IB24G10,1,1,1,2025-01-10 12:34:09,2025-01-10 12:34:09
isbn:9780241410196,D,DK-Big Ideas：The Law Book,9780241410196,DK,DK Publishing,340.09,89.0,IB22G12,1,2,1,2025-01-09 07:25:12,2025-03-18 11:55:52
isbn:9780393319286,D,Disorder in the Court: Great Fractured Moments in Courtroom History,9780393319286,"DIXIT, AVINASH; NAL",W. W. Norton & Company,347.73,74.0,IB24G10,1,2,1,2024-10-12 16:03:40,2025-03-20 09:29:14
isbn:9789620447891,D,DP认识论课程学习指导,9789620447891,李康华等著,香港三聯書店,IB-7-TOK-1,235.0,IB22G12,0,1,1,2024-09-09 12:39:15,2024-09-09 12:39:15
isbn:9783836505628,D,Dadaism,9783836505628,"Elger, Dietmar",TASCHEN,709.04,87.0,IB23G11,0,1,1,2024-12-10 12:14:40,2024-12-10 12:14:40
isbn:9780141978956,D,David and Goliath,9780141978956,Malcolm Gladwell,Penguin UK,155.24,34.0,IB22G12,0,1,1,2024-10-08 12:32:29,2024-10-08 12:32:29
isbn:9781983184529,D,"Do It Today: Overcome Procrastination, Improve Productivity, and Achieve More Meaningful Things",9781983184529,Darius Foroux,Independently published,658,151.0,IB24G10,0,1,1,2025-01-09 15:43:59,2025-01-09 15:43:59
isbn:9781524746728,D,Dopamine Nation: Finding Balance in the Age of Indulgence,9781524746728,Anna Lembke,Dutton Books,152.42,105.0,IB23G11,0,1,1,2024-09-10 14:50:34,2024-09-10 14:50:34
isbn:9780679744085,D,Dreams of a Final Theory: The Scientists Search for the Ultimate Laws of Nature,9780679744085,Steven Weinberg,Vintage USA,530,79.0,IB23G11,0,1,1,2025-01-10 12:46:24,2025-01-10 12:46:24
isbn:9781847496317,D,Dubliners,9781847496317,James Joyce,ALMA BOOKS,823.91,32.0,IB23G11,0,1,1,2025-05-23 10:46:47,2025-05-23 10:46:47
isbn:9783836534321,D,Duchamp,9783836534321,"Mink, Janis",Taschen,700,110.0,IB23G11,0,1,1,2024-12-10 12:14:40,2024-12-10 12:14:40
isbn:9780340960196,D,Dune,9780340960196,Frank Herbert,Hodder,813.54,51.0,IB24G10,0,2,1,2024-09-24 12:06:17,2025-02-18 14:11:47
isbn:9780441172719,D,Dune,9780441172719,Frank Herbert,Ace Books,813.54,50.0,IB24G10,0,2,1,2024-12-13 11:10:30,2025-03-07 13:33:39
isbn:9781108847063,E,Economics for the IB diploma. Coursebook,9781108847063,"Tragakes, Ellie",Cambridge University Press,IB-3-EB-8,353.0,IB23G11,1,2,2,2024-09-03 16:40:51,2024-09-03 16:46:21
isbn:9781984854858,E,Educated : a memoir,9781984854858,"Westover, Tara",Random House US,270.092,75.0,IB24G10,1,1,1,2024-09-25 09:58:34,2024-09-25 09:58:34
isbn:9780099511021,E,Educated: A Memoir,9780099511021,Tara Westover,Hutchinson,270.092,45.0,IB24G10,1,1,1,2025-02-27 17:32:26,2025-02-27 17:32:26
isbn:9780753555644,E,Elon Musk: How the Billionaire CEO of SpaceX and ...,9780753555644,"Vance, Ashlee",Ebury Publishing,338.7629,75.0,IB24G10,0,2,1,2024-10-24 18:03:21,2025-04-21 13:40:13
isbn:9780241432556,E,Emma: V&A Collectors Edition,9780241432556,Jane Austen,penguin uk,823.7,68.0,IB24G10,0,1,1,2025-03-14 14:10:04,2025-03-14 14:10:04
isbn:9780465051366,E,Emotional Design,9780465051366,Don Norman,Basic Books,155.911,55.0,IB24G10,0,1,1,2025-03-13 10:42:03,2025-03-13 10:42:03
isbn:9781292729541,E,Environment Systems and Societies 3rd Ed,9781292729541,"Davis, Andrew",Pearson,IB-4-SC-1,567.0,IB23G11,0,1,1,2024-11-18 12:43:15,2024-11-18 12:43:15
isbn:9781447990420,E,Environmental Systems and Societies,9781447990420,"Andrew Davis,Garrett Nagle",Pearson,IB-4-SC-1,326.0,IB24G10,0,1,1,2025-05-29 11:05:25,2025-05-29 11:05:25
isbn:9780140442274,E,Essays and Aphorisms,9780140442274,Arthur Schopenhauer and R. J. Hollingdale,Penguin UK,193,41.0,IB24G10,0,1,1,2024-11-25 15:48:35,2024-11-25 15:48:35
isbn:9781398321878,E,Exam Practice Workbook for Mathematics Analysis and Approaches HL,9781398321878,"Paul Fannon, Vesna Kadelburg, Stephen Ward",Hodder Education,IB-5-M-1,169.0,IB23G11,0,1,1,2024-09-03 08:27:54,2024-09-03 08:27:54
isbn:9780743477567,F,Folger Shakespeare Library：The Merchant of Venice,9780743477567,William Shakespeare,Square Peg,822.33,27.0,IB23G11,1,1,1,2025-05-20 08:06:05,2025-05-20 08:06:05
isbn:9781138783003,F,False Justice: Eight Myths that Convict the Innocent,9781138783003,Petro,Routledge,320.97,225.0,IB22G12,0,1,1,2025-03-26 12:14:21,2025-03-26 12:14:21
isbn:9780545835626,F,Famous Last Words,9780545835626,Katie Alender,SCHOLASTIC US,813.6,42.0,IB24G10,0,1,1,2024-09-23 15:23:12,2024-09-23 15:23:12
isbn:9780751578287,F,Fantastic Beasts: The Crimes of Grindelwald – The Original Screenplay PB,9780751578287,"Rowling, J.K.",Little Brown UK,791.43,45.0,IB24G10,0,1,1,2025-03-17 16:14:40,2025-03-17 16:14:40
isbn:9780593704899,F,Five Survive,9780593704899,"Jackson, Holly",Delacorte Press,823.92,51.0,IB22G12,0,1,1,2025-03-07 13:33:25,2025-03-07 13:33:25
isbn:9780375811746,F,Flipped,9780375811746,Wendelin Van Draanen,Random House US,813.6,67.0,IB22G12,0,1,1,2025-03-10 16:16:23,2025-03-10 16:16:23
isbn:9781529013245,F,Flipped,9781529013245,Wendelin Van Draanen,Macmillan Education,813.6,45.0,IB22G12,0,1,1,2025-04-21 15:37:19,2025-04-21 15:37:19
isbn:9780553293388,F,Foundations Edge,9780553293388,Isaac Asimov,Ballantine Books,813.08,31.0,IB24G10,0,1,1,2025-01-09 15:43:48,2025-01-09 15:43:48
isbn:9780061956270,F,Freakonomics,9780061956270,Steven D. Levitt,HarperCollins Publishers Inc,330,60.0,IB24G10,0,2,1,2024-09-04 16:55:29,2024-11-19 17:43:38
isbn:9781510421806,F,Further Mathematics further mechanics,9781510421806,"Jean-Paul Muscat, Sophie Goldie",Hodder,AL-5-M-1,238.0,IB23G11,0,1,1,2025-01-08 17:31:53,2025-01-08 17:31:53
isbn:9781510421813,F,Further Mathematics further prob and stats,9781510421813,John du Feu,Hodder,AL-5-M-5,238.0,IB23G11,0,1,1,2025-01-08 17:31:41,2025-01-08 17:31:41
isbn:9781507203590,G,Grammar 101,9781507203590,Kathleen Sears,Adams Media,428.2,57.0,IB24G10,1,1,1,2025-01-10 12:34:32,2025-01-10 12:34:32
isbn:9783836532235,G,GAUGUIN,9783836532235,Ingo F. Walther,TASCHEN,759.4,87.0,IB23G11,0,1,1,2024-12-23 18:12:17,2024-12-23 18:12:17
isbn:9780199218462,G,Game theory : a very short introduction,9780199218462,Binmore,,519.3,32.0,IB23G11,0,1,1,2024-09-12 17:40:42,2024-09-12 17:40:42
isbn:9781913097004,G,Getting Lost,9781913097004,Annie Ernaux,Fitzcarraldo Editions,813.6,61.0,IB23G11,0,2,1,2024-09-02 17:41:46,2024-10-15 08:13:02
isbn:9780241984994,G,"Girl, woman, other",9780241984994,"Evaristo, Bernardine, 1959-",Penguin,823.914,70.0,IB22G12,0,1,1,2025-02-21 13:55:12,2025-02-21 13:55:12
isbn:9781784755287,G,Go Set a Watchman,9781784755287,"Lee, Harper",Cornerstone,813.54,30.0,IB22G12,0,1,1,2024-10-09 09:08:54,2024-10-09 09:08:54
isbn:9781847493811,G,Great Expectations,9781847493811,"Dickens, Charles",ALMA BOOKS,823.8,32.0,IB23G11,0,2,1,2024-09-11 17:41:49,2024-10-15 12:10:06
isbn:9781422157985,H,HBRs 1 Must Reads on Strategy,9781422157985,Harvard Business Review,Harvard Business Review Press,658.401,103.0,IB22G12,0,1,1,2025-03-26 12:14:07,2025-03-26 12:14:07
isbn:9781455539741,H,"Hamilton : the revolution : being the complete libretto of the Broadway musical, with a true account of its creation, and concise remarks on hip-hop, the power of stories, and the new America",9781455539741,"Miranda, Lin-Manuel, 1980-; McCarter, Jeremy, 1976-",Grand Central,792,218.0,IB24G10,0,1,1,2024-11-08 12:28:23,2024-11-08 12:28:23
isbn:9780141329017,H,Hans Christian Andersen's Fairy Tales,9780141329017,retold by Naomi Lewis;illustrations by P,Puffin Books,839.8136,29.95,IB24G10,0,1,1,2024-12-11 12:23:00,2024-12-11 12:23:00
isbn:9781408898154,H,Harry Potter and the Chamber of Secrets,9781408898154,"Rowling, J. K.",Bloomsbury UK,823.914,102.0,IB22G12,0,1,1,2025-03-14 09:04:03,2025-03-14 09:04:03
isbn:9781408883808,H,Harry Potter and the Sorcerer's Stone,9781408883808,"Rowling, J. K.; Dellepiane Rawson, Alicia",Bloomsbury UK,823.914,103.0,IB22G12,0,1,1,2025-03-07 13:33:45,2025-03-07 13:33:45
isbn:9780679781400,H,How We Live,9780679781400,Sherwin B. Nuland,Vintage USA,612,58.0,IB22G12,0,1,1,2024-11-14 11:52:28,2024-11-14 11:52:28
isbn:9780241403372,H,How the Brain Works: The Facts Visually Explained,9780241403372,Editorial Consultant: Rita Carter,DK,612.8,172.0,IB24G10,0,1,1,2024-09-04 16:37:42,2024-09-04 16:37:42
isbn:9781507204993,H,"How to Make Small Talk: Conversation Starters, Exercises, and Scenarios",9781507204993,Melissa Wadsworth,Adams Media,177.2,43.0,IB22G12,0,1,1,2025-04-21 15:37:14,2025-04-21 15:37:14
isbn:9781788165723,H,How to Stay Sane in an Age of Division : From the Booker shortlisted author of 1 Minutes 38 Seconds in This Strange World,9781788165723,Elif Shafak,Profile Books,814.6,26.0,IB24G10,0,1,1,2025-04-03 12:15:13,2025-04-03 12:15:13
isbn:9780500291573,H,How to write about contemporary art,9780500291573,"Williams, Gilda",Thames & Hudson,808.066,104.0,IB23G11,0,1,1,2024-11-08 14:24:04,2024-11-08 14:24:04
isbn:9780140446173,H,"Human, All Too Human",9780140446173,Friedrich Nietzsche,Penguin UK,128,41.0,IB24G10,0,1,1,2024-11-25 15:48:35,2024-11-25 15:48:35
isbn:9781382016599,I,Ib Diploma Programme Physics 223 Edition Student Book,9781382016599,"Homer, David; Heathcote, William; Pietka, Maciej","Oxford University Press, USA",IB-4-PH-5,330.0,IB24G10,2,3,3,2024-11-18 16:30:33,2025-03-26 17:24:43
isbn:9781797200163,I,I Know This to Be True: Ruth Bader Ginsburg ( I Know This to Be True ),9781797200163,"Geoff Blackwell,Ruth Hobday",Chronicle Books,347.73,66.0,IB24G10,0,2,1,2024-10-28 16:05:21,2025-01-09 07:25:01
isbn:9787568905220,I,I have a dream,9787568905220,Tango著,重庆大学出版社,J228.2,39.8,IB24G10,0,1,1,2025-02-20 13:42:02,2025-02-20 13:42:02
isbn:9781927173930,I,IB Biology Student Workbook,9781927173930,,Biozone International Lt,IB-4-BI-2,360.0,IB23G11,0,1,1,2024-09-20 12:27:40,2024-09-20 12:27:40
isbn:9789620441417,I,IBDP中文A文学课程专题拓展论文及个人口头评论优秀范例点评,9789620441417,"苏媛,李萍著",三联书店(香港)有限公司,IB-1-CH-1,128.0,IB23G11,0,3,3,2025-02-17 16:42:59,2025-04-24 16:00:47
isbn:9789620437946,I,IBDP中文A文学课程试卷(1)7分范文点评,9789620437946,李萍,三联书店(香港)有限公司,IB-1-CH-1,0.0,IB23G11,0,1,1,2024-12-26 09:28:06,2024-12-26 09:28:06
isbn:9789620443329,I,IBDP中文A课程文学知识小辞典（简体版）,9789620443329,李萍；彭振；苏媛,三联书店（香港）有限公司,IB-1-CH-1,145.0,IB23G11,0,1,1,2025-02-17 16:42:59,2025-02-17 16:42:59
isbn:9787218131559,I,IBM和纳粹,9787218131559,"（美） 布莱克 Black, Edwin((美)埃德温·布莱克(Edwin Black)著)",广州 广东人民出版社 2018,K152,68.0,IB24G10,0,1,1,2024-09-24 12:24:49,2024-09-24 12:24:49
isbn:9789811866760,I,IB中文A文学个人口试实例,9789811866760,贺一凡、解斐斐,中華書局(新加坡),IB-1-CH-1,103.0,IB23G11,0,1,1,2025-02-17 16:42:59,2025-02-17 16:42:59
isbn:9780486663524,I,INTRODUCTION TO TOPOLOGY,9780486663524,,DOVER,IB-5-M-4,60.0,IB23G11,0,1,1,2024-12-26 09:28:06,2024-12-26 09:28:06
isbn:9781382016339,I,Ib Diploma Programme Biology 223 Edition Student Book,9781382016339,"Allott, Andrew; Mindorff, David","Oxford University Press, USA",IB-4-BI-2,330.0,IB24G10,0,1,1,2024-11-22 09:51:27,2024-11-22 09:51:27
isbn:9781382016568,I,Ib Diploma Programme Chemistry 2023 Edition Study Guide,9781382016568,"Neuss, Geoffrey",Oxford,IB-4-CH-3,288.0,IB24G10,0,1,1,2024-11-27 16:58:37,2024-11-27 16:58:37
isbn:9780571195671,I,Identity,9780571195671,Milan Kundera,Faber and Faber,891.86,35.0,IB24G10,0,1,1,2024-09-14 07:27:36,2024-09-14 07:27:36
isbn:9780141398631,I,Il Duro,9780141398631,"Lawrence, D. H. (David Herbert), 1885-1930",PENGUIN BOOKS,914.504,10.0,IB22G12,0,1,1,2025-04-11 08:40:14,2025-04-11 08:40:14
isbn:9781934124062,I,Intermediate Counting & Probability,9781934124062,David Patrick,David Patrick,IB-5-M-1,389.0,IB23G11,0,1,1,2025-02-17 16:42:59,2025-02-17 16:42:59
isbn:9781440595134,I,Investing 11,9781440595134,Michele Cagan,Adams Media,332.6,45.0,IB24G10,0,1,1,2024-10-10 11:51:40,2024-10-10 11:51:40
isbn:9780141397078,J,Jane Austen,9780141397078,Peter Hainsworth,PENGUIN BOOKS,823.7,10.0,IB24G10,0,1,1,2024-09-20 12:41:50,2024-09-20 12:41:50
isbn:9780465036738,J,Just Six Numbers: The Deep Forces That Shape the Universe,9780465036738,Martin Rees,Basic Books,523.18,65.0,IB23G11,0,1,1,2025-01-10 12:46:24,2025-01-10 12:46:24
isbn:9780141442372,K,Kim,9780141442372,Rudyard Kipling,Penguin UK,823.8,38.0,IB24G10,1,1,1,2025-05-30 11:43:26,2025-05-30 11:43:26
isbn:9780199661268,K,Knowledge: A Very Short Introduction,9780199661268,"Nagel, Jennifer",Oxford University Press UK,121,38.0,IB23G11,0,1,1,2025-01-10 12:46:24,2025-01-10 12:46:24
isbn:9787541144493,K,K——英国情人,9787541144493,虹影著,四川文艺出版社,I561.45,36.0,IB24G10,0,1,1,2024-09-02 16:36:54,2024-09-02 16:36:54
isbn:9783836507462,K,kandinsky,9783836507462,Hajo Düchting,TASCHEN,759.70,87.0,IB22G12,0,1,1,2025-03-18 12:32:12,2025-03-18 12:32:12
isbn:9780399533372,L,Lord of the Flies,9780399533372,William Golding,PENGUIN Group (USA) Inc.,823.914,90.0,IB24G10,2,2,1,2024-11-22 14:56:19,2025-01-10 14:43:51
isbn:9780395393918,L,Line By Line: How To Edit Your Own Writing,9780395393918,Claire Kehrwald Cook,Houghton Mifflin Harcourt,808.04,77.0,IB23G11,1,3,1,2024-11-15 14:50:58,2025-02-17 09:48:12
isbn:9781607747109,L,Lost in translation : an illustrated compendium of untranslatable words from around the world,9781607747109,"Sanders, Ella Frances",Ten Speed Press,410,63.0,IB24G10,1,1,1,2025-01-10 12:34:25,2025-01-10 12:34:25
isbn:9780199590599,L,Languages: A Very Short Introduction,9780199590599,"Anderson, Stephen",Oxford University Press,410,48.0,IB23G11,0,1,1,2025-01-10 12:46:24,2025-01-10 12:46:24
isbn:9783836532075,L,Lichtenstein,9783836532075,"Hendrickson, Janis",Taschen,700,110.0,IB23G11,0,1,1,2024-12-10 12:14:40,2024-12-10 12:14:40
isbn:9780571197774,L,Life is Elsewhere,9780571197774,"Kundera, Milan",Faber and Faber,891.86,35.0,IB24G10,0,1,1,2024-09-04 17:47:40,2024-09-04 17:47:40
isbn:9780199691340,L,Literary Theory: A Very Short Introduction,9780199691340,Jonathan Culler,Oxford University Press UK,801.95,48.0,IB22G12,0,1,1,2024-10-29 15:16:17,2024-10-29 15:16:17
isbn:9780241426432,L,Little Book of Politics,9780241426432,DK,Dorling Kindersley Ltd,320,45.0,IB22G12,0,2,1,2024-10-10 13:06:06,2024-11-07 17:06:09
isbn:9780735224315,L,Little Fires Everywhere(EXP),9780735224315,Celeste Ng,Penguin USA,813.6,49.0,IB24G10,0,1,1,2024-10-21 12:03:37,2024-10-21 12:03:37
isbn:9780241573785,L,Lolly Willowes,9780241573785,Sylvia Townsend Warner,Penguin UK,823.91,47.0,IB23G11,0,1,1,2024-11-18 12:50:35,2024-11-18 12:50:35
isbn:9781925489590,M,Mathematics: Analysis and Approaches HL,9781925489590,Michael Haese,,IB-5-M-1,387.0,IB24G10,1,1,1,2025-03-17 11:42:07,2025-03-17 11:42:07
isbn:9780316438520,M,"Mythology: Timeless Tales of Gods and Heroes, 75th Anniversary Illustrated Edition",9780316438520,Edith Hamilton,Black Dog Books,813.54,122.0,IB24G10,1,1,1,2024-09-25 17:55:07,2024-09-25 17:55:07
isbn:9787547827260,M,MATHEMATICS-HL&SL for the IB Diploma,9787547827260,Wu Bin,上海科学技术出版社,IB-5-M-1,150.0,IB23G11,0,1,1,2024-09-24 12:24:04,2024-09-24 12:24:04
isbn:9780071742115,M,MH's PSAT/NMSQT,9780071742115,McGraw-Hill's,,IB-7-R.B-1,180.0,IB24G10,0,1,1,2025-02-17 17:59:13,2025-02-17 17:59:13
isbn:9780007350988,M,Macbeth,9780007350988,"Shakespeare, William",William Collins,822.33,10.0,IB22G12,0,1,1,2024-09-19 16:53:57,2024-09-19 16:53:57
isbn:9781572842625,M,Mark Zuckerberg: In His Own Words (In Their Own Words Series),9781572842625,Harvard Business Review,Harvard Business Review Press,006.70,34.0,IB24G10,0,1,1,2024-11-25 15:48:35,2024-11-25 15:48:35
isbn:9780375706851,M,My Name Is Red,9780375706851,Orhan Pamuk,Vintage USA,894.35,50.0,IB24G10,0,1,1,2024-09-14 07:27:31,2024-09-14 07:27:31
isbn:9780571258093,N,Never let me go,9780571258093,"Ishiguro, Kazuo",Faber and Faber,823.914,72.0,IB24G10,2,2,1,2024-11-22 14:56:04,2025-01-10 14:43:43
isbn:9781984822185,N,Normal people : a novel,9781984822185,"Rooney, Sally; Baardman, Gerda",Hogarth,823.92,26.0,IB24G10,1,2,1,2024-09-19 12:24:18,2025-01-07 20:25:08
isbn:9781108438940,N,"NEW Cambridge IGCSE First Language English Teacher's Resource, 5e",9781108438940,Marian Cox,Cambridge,AL-2-E-1,385.0,IB24G10,0,1,1,2025-05-29 11:05:08,2025-05-29 11:05:08
isbn:9787576321777,N,NFT元宇宙经济通证,9787576321777,郭小川著,北京理工大学出版社有限责任公司,TP311.135,69.0,IB24G10,0,1,1,2025-02-17 17:46:16,2025-02-17 17:46:16
isbn:9780553384116,N,Negotiation Genius,9780553384116,Deepak Malhotra & Max Bazerman,Bantam,658.40,53.0,IB22G12,0,1,1,2025-03-26 12:14:13,2025-03-26 12:14:13
isbn:9781399607773,N,Neuromancer (The Best of the SF Masterworks),9781399607773,William Gibson,Orion Publishing Group,813.54,37.0,IB24G10,0,1,1,2024-09-24 12:06:22,2024-09-24 12:06:22
isbn:9780307276476,N,Never Let Me Go,9780307276476,Kazuo Ishiguro,Vintage USA,823.914,31.0,IB23G11,0,2,1,2024-10-10 16:51:42,2025-02-17 12:22:21
isbn:9780316266659,N,Noise: A Flaw in Human Judgment,9780316266659,Daniel Kahneman,"Little, Brown US",153.83,73.0,IB22G12,0,1,1,2024-12-27 12:20:55,2024-12-27 12:20:55
isbn:9780099589297,N,Northanger Abbey,9780099589297,"Austen, Jane, 1775-1817; Butler, Marilyn",Random House,823.7,43.0,IB23G11,0,1,1,2025-05-23 10:46:06,2025-05-23 10:46:06
isbn:9780140455120,N,Notes from Underground and the Double,9780140455120,Fyodor Dostoyevsky,Penguin UK,891.73,41.0,IB23G11,0,1,1,2025-05-23 10:47:01,2025-05-23 10:47:01
isbn:9780571224142,N,never let me go,9780571224142,Kazuo Ishiguro,Faber and Faber,823.91,35.0,IB24G10,0,2,1,2024-10-10 11:52:57,2024-10-30 17:25:33
isbn:9780812996548,O,"Olive, Again: A Novel",9780812996548,"Strout, Elizabeth",Random House,813.54,131.0,IB22G12,0,1,1,2025-03-18 16:47:54,2025-03-18 16:47:54
isbn:9780241371961,O,Orlando,9780241371961,"Woolf, Virginia",Penguin Books Ltd,823.912,55.0,IB23G11,0,2,1,2025-03-31 11:25:54,2025-05-16 14:20:46
isbn:9780141036250,O,Outliers : the story of success,9780141036250,"Gladwell, Malcolm, 1963-",Penguin,302,82.5,IB23G11,0,1,1,2024-09-06 12:41:53,2024-09-06 12:41:53
isbn:9781382044011,O,Oxford Resources for IB DP Environmental Systems and Societies: Course Book,9781382044011,Williams,"Oxford University Press, USA",IB-4-SC-1,468.0,IB23G11,0,1,1,2024-09-03 10:48:52,2024-09-03 10:48:52
isbn:9780143106166,P,Penguin Classics Deluxe Edition: Dracula,9780143106166,Bram Stoker,Penguin USA,823.8,54.0,IB24G10,1,1,1,2024-11-21 17:23:53,2024-11-21 17:23:53
isbn:9780198745587,P,Philosophy of Science: Very Short Introduction,9780198745587,"Okasha, Samir",Oxford University Press UK,193,53.0,IB24G10,1,1,1,2024-10-21 11:27:01,2024-10-21 11:27:01
isbn:9781292020761,P,Physics for Scientists and Engineers with Modern Physics Pearson New International Edition,9781292020761,"Giancoli, Douglas C.",Pearson Education Limited,IB-4-PH-5,1059.0,IB24G10,1,2,1,2024-09-10 12:36:56,2025-03-13 16:47:50
isbn:9787115546081,P,Python编程 ：从入门到实践,9787115546081,"(美)马瑟斯 (Matthes, Eric) 著",人民邮电出版社,TP311.561,109.8,IB24G10,1,1,1,2024-10-11 16:03:13,2024-10-11 16:03:13
isbn:9781316634929,P,physics workbook with CD-ROM,9781316634929,Mark Farrington,Cambridge University Pre,IB-4-PH-5,167.0,IB24G10,1,1,1,2025-03-27 12:16:33,2025-03-27 12:16:33
isbn:9780142414934,P,Paper Towns,9780142414934,John Green,Speak,813.6,148.0,IB22G12,0,2,1,2025-03-10 16:16:39,2025-05-12 17:27:38
isbn:9781292427737,P,Pearson Biology for the IB Diploma Standard Level,9781292427737,,Pearson Education Limited,IB-4-BI-2,335.0,IB24G10,0,1,1,2024-10-29 14:40:48,2024-10-29 14:40:48
isbn:9781292427690,P,Pearson Chemistry for the IB Diploma SL,9781292427690,"Brown, Catrin; Ford, Mike; Canning, Oliver; Economou, Andreas; Irwin, Garth",Pearson Education Limited,IB-4-CH-3,335.0,IB24G10,0,2,2,2024-10-18 08:59:27,2024-11-26 17:24:40
isbn:9780141018904,P,Penguin Great Ideas : Common Sense,9780141018904,Thomas Paine,penguin uk,320.01,26.0,IB22G12,0,1,1,2024-10-10 13:06:03,2024-10-10 13:06:03
isbn:9780143134817,P,Penguin Vitae: The Age of Innocence,9780143134817,Edith Wharton,Penguin USA,813.52,77.0,IB22G12,0,2,1,2025-03-24 09:34:41,2025-05-02 12:06:56
isbn:9780141329994,P,Percy Jackson and the Lightning Thief (Percy Jackson & the O,9780141329994,Rick Riordan,Penguin UK,813.6,28.0,IB24G10,0,1,1,2025-05-26 17:34:17,2025-05-26 17:34:17
isbn:9780062065988,P,Persuasion,9780062065988,Jane Austen,HarperTeen,823.7,44.95,IB24G10,0,1,1,2025-05-13 14:22:40,2025-05-13 14:22:40
isbn:9781909621633,P,Peter Pan,9781909621633,"Barrie, J. M.",Macmillan,823.912,51.0,IB24G10,0,1,1,2025-02-27 17:35:21,2025-02-27 17:35:21
isbn:9781440567674,P,Philosophy 101,9781440567674,Paul Kleinman,Adams Media,100,61.0,IB24G10,0,1,1,2025-01-10 13:54:00,2025-01-10 13:54:00
isbn:9781009071888,P,Physics for the IB Diploma Coursebook with Digital Access (2 Years),9781009071888,"Tsokos, K. A.",Cambridge University Press,IB-4-PH-5,418.0,IB24G10,0,2,2,2024-11-26 15:58:54,2024-11-27 16:58:51
isbn:9781009071901,P,Physics for the IB Diploma Workbook with Digital Access (2 Years),9781009071901,"Farrington, Mark",Cambridge University Press,IB-4-PH-5,179.0,IB24G10,0,1,1,2024-11-26 15:59:06,2024-11-26 15:59:06
isbn:9780130606204,P,Physics-Giancoli,9780130606204,Douglas C.Giancoli,Pearson,IB-4-PH-5,695.0,IB24G10,0,1,1,2024-09-09 16:26:07,2024-09-09 16:26:07
isbn:9781292057125,P,Physics: Principles with Applications,9781292057125,Douglas C. Giancoli,Pearson,IB-4-PH-5,609.0,IB24G10,0,3,3,2024-09-23 15:23:07,2024-11-11 14:07:25
isbn:9780593355275,P,Project Hail Mary,9780593355275,Andy Weir,Ballantine Books,813.6,65.0,IB22G12,0,1,1,2025-02-25 16:15:18,2025-02-25 16:15:18
isbn:9780593084496,R,Range: Why Generalists Triumph in a Specialized World,9780593084496,David Epstein,Riverhead Books,153.9,68.0,IB22G12,0,1,1,2024-09-11 12:01:06,2024-09-11 12:01:06
isbn:9781844080380,R,Rebecca,9781844080380,"Du Maurier, Daphne, 1907-1989",Virago Press,823.912,74.0,IB22G12,0,1,1,2025-03-13 13:15:15,2025-03-13 13:15:15
isbn:9780199651368,R,Rhetoric: A Very Short Introduction,9780199651368,"Toye, Richard",Oxford University Press,808,48.0,IB22G12,0,1,1,2025-04-02 14:38:36,2025-04-02 14:38:36
isbn:9783836532044,R,Rockwell,9783836532044,"Marling, Karal Ann",Taschen,700,110.0,IB23G11,0,1,1,2025-05-29 14:27:50,2025-05-29 14:27:50
isbn:9780446617680,S,Sex And The City,9780446617680,Candace Bushnell,Grand Central Publishing,813.6,35.0,IB23G11,1,3,1,2024-09-13 17:17:26,2025-04-17 14:11:42
isbn:9780451530646,S,Signet Classics: Tales From Shakespeare,9780451530646,Charles Lamb,Signet,822.33,9.0,IB24G10,1,1,1,2024-12-04 17:00:10,2024-12-04 17:00:10
isbn:9780451531797,S,Signet Classics: Wuthering Heights,9780451531797,Emily Bronte,Signet,823.8,9.0,IB24G10,1,1,1,2024-10-24 16:47:15,2024-10-24 16:47:15
isbn:9780241559253,S,Science of Gardening,9780241559253,"Farrimond, Dr. Stuart",Dorling Kindersley Ltd,635,91.0,IB24G10,0,1,1,2025-03-14 11:56:26,2025-03-14 11:56:26
isbn:9780241566220,S,Secret Language of Flowers,9780241566220,DK,Dorling Kindersley Ltd,398.36,59.0,IB24G10,0,1,1,2024-10-10 12:28:44,2024-10-10 12:28:44
isbn:9780062015631,S,Sense & Sensibility,9780062015631,Jane Austen,HarperTeen,823.7,44.95,IB24G10,0,1,1,2025-05-13 14:22:29,2025-05-13 14:22:29
isbn:9780553212419,S,Sherlock Holmes: Vol 1,9780553212419,Sir Arthur Conan Doyle,Bantam Classics,823.8,27.5,IB24G10,0,1,1,2024-09-12 10:02:29,2024-09-12 10:02:29
isbn:9780553208849,S,Siddhartha,9780553208849,"Hesse, Hermann",Bantam,833.912,25.0,IB23G11,0,3,1,2024-09-02 09:23:53,2025-04-27 17:22:20
isbn:9780451531742,S,Signet Classics: Black Beauty,9780451531742,Anna Sewell,Signet,823.8,13.0,IB23G11,0,1,1,2025-01-09 16:24:16,2025-01-09 16:24:16
isbn:9780451530066,S,Signet Classics: Crime and Punishment,9780451530066,Fyodor Dostoyevsky,Signet,891.733,13.0,IB22G12,0,1,1,2025-03-07 13:41:11,2025-03-07 13:41:11
isbn:9780451530660,S,Signet Classics: Dracula,9780451530660,Bram Stoker,Signet,823.8,13.0,IB22G12,0,1,1,2025-03-25 11:34:41,2025-03-25 11:34:41
isbn:9780451530912,S,Signet Classics: Jane Eyre,9780451530912,Charlotte Bronte,Signet,823.8,13.0,IB23G11,0,2,1,2024-09-11 17:42:11,2024-10-15 12:09:49
isbn:9780451530882,S,Signet Classics: The Age of Innocence,9780451530882,Edith Wharton,Signet,813.52,13.0,IB22G12,0,2,1,2024-11-13 15:14:25,2025-02-24 16:22:02
isbn:9780241515679,S,Simply psychology,9780241515679,"Eysenck, Michael W",,150,90.0,IB23G11,0,1,1,2025-02-18 14:51:32,2025-02-18 14:51:32
isbn:9781474613903,S,Small Pleasures,9781474613903,Clare Chambers,Orion Publishing Group,823.91,47.0,IB24G10,0,1,1,2024-11-12 18:08:44,2024-11-12 18:08:44
isbn:9781338740264,S,Smile,9781338740264,"Telgemeier, Raina",Graphix,617.6,77.0,IB24G10,0,1,1,2024-09-19 12:28:13,2024-09-19 12:28:13
isbn:9780374530716,S,Sophie’s World,9780374530716,Jostein Gaarder,Macmillan US,839.82374,66.0,IB22G12,0,1,1,2024-10-17 12:41:43,2024-10-17 12:41:43
isbn:9781305504912,S,Statistics for The Behavioral Sciences,9781305504912,Frederick Gravetter； Larry Wallnau,Cengage,519.50,407.0,IB24G10,0,1,1,2024-09-05 11:44:04,2024-09-05 11:44:04
isbn:9781440599194,S,Stock Market 101,9781440599194,Michele Cagan,Adams Media,332.64,57.0,IB24G10,0,1,1,2024-10-10 11:51:21,2024-10-10 11:51:21
isbn:9781846143991,S,Strangers Drowning,9781846143991,Larissa MacFarquhar,penguin uk,170,59.0,IB23G11,0,1,1,2025-02-18 14:51:26,2025-02-18 14:51:26
isbn:9780393355628,S,"Surely You’re Joking,Mr. Feynman!",9780393355628,Richard P. Feynman,W. W. Norton & Company,530.092,84.0,IB22G12,0,1,1,2025-01-10 11:57:47,2025-01-10 11:57:47
isbn:9781250255174,S,Surrounded by Idiots: The Four Types of Human Behavior and How to Effectively Communicate with Each in Business (and in Life),9781250255174,Thomas Erikson,St.Martins Press,302.2,51.0,IB24G10,0,1,1,2024-09-10 16:43:21,2024-09-10 16:43:21
isbn:9780241487556,T,The Tree Book: The Inside Story of Our Greatest Species,9780241487556,DK,DK Publishing,582.16,136.0,IB24G10,2,2,1,2024-10-15 10:02:01,2024-12-12 17:51:20
isbn:9780062930484,T,The A.B.C. murders,9780062930484,"Christie, Agatha",William Morrow,823.912,105.0,IB24G10,1,1,1,2024-11-07 17:36:19,2024-11-07 17:36:19
isbn:9780241597002,T,The Adventure of the Blue Carbuncle,9780241597002,Arthur Conan Doyle,Penguin UK,808.8,47.0,IB24G10,1,2,1,2024-09-06 12:43:28,2024-10-12 12:15:01
isbn:9780061148514,T,The Bell Jar,9780061148514,"Plath, Sylvia",Harper Perennial,813.54,83.0,IB22G12,1,1,1,2024-10-31 15:07:03,2024-10-31 15:07:03
isbn:9780143120452,T,The Birth of Classical Europe: A History from Troy to Augustine,9780143120452,Simon Price,Penguin Books,938,130.0,IB24G10,1,1,1,2024-11-21 17:23:44,2024-11-21 17:23:44
isbn:9780812973815,T,The Black Swan,9780812973815,Nassim Nicholas Taleb,Random House US,003.54,76.0,IB24G10,1,1,1,2025-05-30 11:36:30,2025-05-30 11:36:30
isbn:9781509827978,T,The Count of Monte Cristo,9781509827978,"Dumas, Alexandre, 1802-1870; Maquet, Auguste, 1813-1888; Fiorentino, Pier Angelo, 1811-1864",Macmillan Collectors Library,843.7,51.0,IB24G10,1,2,1,2024-09-06 12:43:51,2024-10-12 12:14:49
isbn:9780241569504,T,The Herb Book,9780241569504,DK,DK Publishing,635.7,136.0,IB24G10,1,2,1,2025-02-17 07:35:36,2025-04-30 11:43:57
isbn:9780241573754,T,The Masque of the Red Death,9780241573754,Edgar Allan Poe,Penguin UK,813.3,47.0,IB23G11,1,3,1,2024-10-18 14:11:25,2025-02-28 08:54:13
isbn:9780525565536,T,The O. Henry Prize Stories 1th Anniversary Edition (219),9780525565536,Laura Furman,Anchor Books,808.83,47.0,IB24G10,1,1,1,2025-01-09 08:06:32,2025-01-09 08:06:32
isbn:9781526611307,T,The Offing,9781526611307,Benjamin Myers,Bloomsbury UK,823.92,48.0,IB24G10,1,1,1,2025-03-10 15:43:17,2025-03-10 15:43:17
isbn:9780345339683,T,"The hobbit, or, There and back again",9780345339683,"Tolkien, J. R. R. (John Ronald Reuel), 1892-1973; Anderson, Douglas A. 1959-",Del Rey Books,823.912,0.0,IB24G10,1,2,1,2025-01-10 14:14:32,2025-04-16 17:30:25
isbn:9780141389431,T,The woman in white,9780141389431,"Collins, Wilkie, 1824-1889; Sutherland, John, 1938-; Sweet, Matthew; Sucksmith, Harvey Peter",Penguin UK,823.8,35.0,IB23G11,1,4,1,2024-11-15 14:51:06,2025-05-16 14:21:54
isbn:9781529061963,T,The 6:2 Man,9781529061963,David Baldacci,Macmillan UK,813.6,63.0,IB24G10,0,1,1,2025-04-17 14:11:51,2025-04-17 14:11:51
isbn:9780062023063,T,The Art of Racing in the Rain Intl,9780062023063,Garth Stein,HARPER COLLINS US BRAND CODE,813.54,70.0,IB22G12,0,2,1,2025-03-20 15:46:14,2025-04-02 12:42:14
isbn:9780241301906,T,The Bible book,9780241301906,DK,DK,220.61,89.0,IB24G10,0,1,1,2024-09-04 16:37:34,2024-09-04 16:37:34
isbn:9780141321059,T,The Call of the Wild,9780141321059,Jack London,Penguin Group,813.52,55.0,IB24G10,0,1,1,2024-09-05 11:45:24,2024-09-05 11:45:24
isbn:9780241197806,T,The Castle,9780241197806,Franz Kafka,Penguin UK,833.91,29.0,IB24G10,0,1,1,2025-03-14 14:10:04,2025-03-14 14:10:04
isbn:9781405930956,T,The Chalk Man,9781405930956,CJ Tudor,Penguin UK,823.92,35.0,IB24G10,0,1,1,2024-11-04 11:27:30,2024-11-04 11:27:30
isbn:9780552992046,T,The Cider House Rules,9780552992046,John Irving,Black Swan Books,813.54,38.0,IB24G10,0,1,1,2024-09-19 12:27:13,2024-09-19 12:27:13
isbn:9780563206651,T,The Complete Yes Minister: The Diaries of a ...,9780563206651,"Lynn, Jonathan; Jay, Anthony",BBC Books,823.914,110.0,IB24G10,0,1,1,2024-11-08 10:47:40,2024-11-08 10:47:40
isbn:9780563207733,T,The Complete Yes Prime Minister: The Diaries of ...,9780563207733,Jonathan Lynn and Sir Anthony Jay,Ebury Publishing,823.914,110.0,IB24G10,0,2,1,2024-11-08 10:47:40,2024-12-10 12:13:25
isbn:9780552161275,T,The Da Vinci Code,9780552161275,Dan Brown,Random House UK,813.54,39.0,IB22G12,0,1,1,2025-03-14 09:03:47,2025-03-14 09:03:47
isbn:9780575120723,T,The Door into Summer,9780575120723,Robert A. Heinlein,Orion Publishing Group,813.54,34.0,IB24G10,0,1,1,2024-09-03 11:55:57,2024-09-03 11:55:57
isbn:9781250773111,T,The Ender Quintet #5： Ender in Exile,9781250773111,Orson Scott Card,TOR Books,813.54,31.0,IB24G10,0,1,1,2024-11-06 19:52:11,2024-11-06 19:52:11
isbn:9780553288100,T,The Gods Themselves,9780553288100,Isaac Asimov,Bantam Classics,813.54,22.0,IB24G10,0,1,1,2025-01-09 15:44:05,2025-01-09 15:44:05
isbn:9781473202375,T,The Gospel of Loki,9781473202375,Joanne M Harris,Gollancz,823.91,47.0,IB24G10,0,1,1,2025-03-27 17:35:20,2025-03-27 17:35:20
isbn:9780141332499,T,The Great Adventures of Sherlock Holmes,9780141332499,Sir Arthur Conan Doyle;introduced by Jos,Puffin Books,823.912,24.95,IB24G10,0,1,1,2024-09-04 15:56:11,2024-09-04 15:56:11
isbn:9780198792963,T,The Habsburg Empire: A Very Short Introduction,9780198792963,Martyn Rady,Oxford University Press UK,943.60,48.0,IB24G10,0,1,1,2024-10-23 14:21:11,2024-10-23 14:21:11
isbn:9780553062182,T,The Highly Sensitive Person,9780553062182,Elaine N. Aron,Harmony Books,155.23,70.0,IB24G10,0,1,1,2024-09-05 12:31:34,2024-09-05 12:31:34
isbn:9780140433937,T,The History of the Decline and Fall of the Roman Empire:vol,9780140433937,Betty Friedan,Penguin UK,937.06,83.0,IB24G10,0,1,1,2024-11-20 14:09:10,2024-11-20 14:09:10
isbn:9781529034523,T,The Hitchhikers Guide to the Galaxy,9781529034523,Douglas Adams,Macmillan UK,823.914,51.0,IB23G11,0,1,1,2025-05-23 10:45:44,2025-05-23 10:45:44
isbn:9780120884674,T,The Human Bone Manual,9780120884674,"White, Tim D.; Folkens, Pieter A.",Academic Press,611.71,394.0,IB22G12,0,1,1,2025-04-14 11:19:08,2025-04-14 11:19:08
isbn:9781840221862,T,The Karamazov Brothers (Wordsworth Classics),9781840221862,Fyodor Dostoevsky,Wordsworth,891.73,32.0,IB22G12,0,1,1,2025-03-07 13:41:15,2025-03-07 13:41:15
isbn:9780141325491,T,The Lost Hero (Heroes of Olympus Book 1),9780141325491,"Riordan, Rick",Penguin Random House Children's UK,741.5,63.0,IB24G10,0,1,1,2025-02-20 13:54:01,2025-02-20 13:54:01
isbn:9781400079148,T,The Lost Symbol,9781400079148,Dan Brown,Anchor Books,813.54,38.0,IB24G10,0,1,1,2024-11-06 19:52:11,2024-11-06 19:52:11
isbn:9781101905555,T,The Martian (MTI),9781101905555,Andy Weir,Crown Publishers,813.6,39.0,IB24G10,0,1,1,2025-04-18 14:53:43,2025-04-18 14:53:43
isbn:9781785031137,T,The Martian : a novel,9781785031137,"Weir, Andy",Penguin,813.6,75.0,IB22G12,0,2,1,2025-02-18 11:37:52,2025-03-03 11:46:43
isbn:9780141984742,T,The Meritocracy Trap,9780141984742,Daniel Markovits,penguin uk,305.55,58.0,IB23G11,0,1,1,2024-09-06 12:41:48,2024-09-06 12:41:48
isbn:9781439168752,T,The New Yorker Stories,9781439168752,Ann Beattie,Simon & Schuster,813.54,57.0,IB22G12,0,1,1,2025-04-02 14:34:04,2025-04-02 14:34:04
isbn:9780141182216,T,The Notebooks of Malte Laurids Brigge,9780141182216,Rainer Maria Rilke,penguin uk,833.91,41.0,IB23G11,0,1,1,2025-05-23 10:45:44,2025-05-23 10:45:44
isbn:9781457304309,T,The Official SAT Study Guide,9781457304309,The College Board,College Board,IB-7-R.B-1,161.0,IB24G10,0,1,1,2025-02-17 17:59:13,2025-02-17 17:59:13
isbn:9780670919536,T,The Personal MBA,9780670919536,Josh Kaufman,penguin uk,650,65.0,IB22G12,0,1,1,2025-03-26 12:14:00,2025-03-26 12:14:00
isbn:9780199687008,T,The Philosophy of Law: A Very Short Introduction,9780199687008,Raymond Wacks,Oxford University Press UK,340.1,36.0,IB22G12,0,1,1,2025-01-09 07:24:53,2025-01-09 07:24:53
isbn:9780785839972,T,The Picture of Dorian Gray,9780785839972,Oscar Wilde,Chartwell Books,823.8,42.0,IB23G11,0,2,1,2024-11-07 10:17:18,2025-02-27 11:48:18
isbn:9781853260155,T,The Picture of Dorian Gray (Wordsworth Classics),9781853260155,Oscar Wilde,Wordsworth,823.8,32.0,IB23G11,0,1,1,2024-10-11 11:29:04,2024-10-11 11:29:04
isbn:9780140166675,T,The Pursuit of Glory,9780140166675,"Blanning, Tim",penguin uk,940.25,100.0,IB24G10,0,1,1,2024-10-31 08:54:14,2024-10-31 08:54:14
isbn:9781474622578,T,The Queens Gambit : Now a Major Netflix Drama,9781474622578,Walter Tevis,Orion Publishing Group,813.54,46.0,IB22G12,0,1,1,2025-03-10 16:16:13,2025-03-10 16:16:13
isbn:9781846684128,T,The Rise of Rome : From the Iron Age to the Punic Wars (1 BC - 264 BC),9781846684128,Dr Kathryn Lomas,Profile Books,937.01,81.0,IB24G10,0,1,1,2024-11-15 13:38:14,2024-11-15 13:38:14
isbn:9780230768086,T,The School of Life: How to Spend Time Alone,9780230768086,"Maitland, Sara",Macmillan UK,155.92,29.0,IB24G10,0,1,1,2024-09-05 12:29:59,2024-09-05 12:29:59
isbn:9780099475019,T,The Sound and the Fury,9780099475019,William Faulkner,Random House UK,813.52,28.0,IB22G12,0,2,1,2025-04-02 14:34:12,2025-06-10 12:13:00
isbn:9780571135394,T,The Unbearable Lightness of Being,9780571135394,"Kundera, Milan",,891.86354,46.0,IB22G12,0,1,1,2025-03-20 08:40:59,2025-03-20 08:40:59
isbn:9781118571231,T,The Wiley guide to writing essays about literature,9781118571231,"Headrick, Paul, 1957-",Wiley,808.0668,289.0,IB23G11,0,1,1,2024-11-08 14:23:57,2024-11-08 14:23:57
isbn:9780375714832,T,The complete Persepolis,9780375714832,"Satrapi, Marjane, 1969-",,955.054,100.0,IB22G12,0,2,2,2024-09-13 16:36:17,2025-06-06 10:18:08
isbn:9780099470434,T,The curious incident of the dog in the night-time,9780099470434,"Haddon, Mark, 1962-",Vintage,823.92,60.0,IB22G12,0,1,1,2025-03-12 11:38:46,2025-03-12 11:38:46
isbn:9780261103573,T,The fellowship of the ring : being the first part of The lord of the rings,9780261103573,"Tolkien, J. R. R.",,823.912,26.0,IB23G11,0,3,1,2024-11-20 16:57:48,2025-01-10 09:54:24
isbn:9780261102217,T,The hobbit,9780261102217,"Tolkien, J. R. R.",HarperCollinsPunlishers,823.912,55.0,IB24G10,0,2,1,2024-09-05 11:43:24,2025-03-14 09:03:31
isbn:9780241015469,T,The literature book,9780241015469,"Atkinson, Sam",DK,809,116.0,IB24G10,0,1,1,2024-09-09 11:56:09,2024-09-09 11:56:09
isbn:9780762452385,T,The little world of Liz Climo,9780762452385,"Climo, Liz",Running Press,741.569,31.0,IB24G10,0,1,1,2024-09-10 17:36:07,2024-09-10 17:36:07
isbn:9780785132974,T,"The new Avengers : Vol. 8,. Secret invasion book 1",9780785132974,"Bendis, Brian Michael",,741.5973,73.0,IB22G12,0,1,1,2024-11-04 16:31:44,2024-11-04 16:31:44
isbn:9781405391245,T,The psychology book,9781405391245,"Collin, Catherine (Clinical psychologist)",DK,150,116.0,IB24G10,0,1,1,2024-09-05 11:48:34,2024-09-05 11:48:34
isbn:9780571322732,T,The remains of the day,9780571322732,"Ishiguro, Kazuo",Faber and Faber,823.914,49.0,IB24G10,0,1,1,2025-05-13 14:22:18,2025-05-13 14:22:18
isbn:9780007488346,T,The return of the king : being the third part of The lord of the rings,9780007488346,"Tolkien, J. R. R. (John Ronald Reuel), 1892-1973",HarperCollins,823.912,21.0,IB23G11,0,1,1,2024-11-20 16:57:48,2024-11-20 16:57:48
isbn:9780140444254,T,The three Theban plays,9780140444254,"Sophocles; Fagles, Robert; Knox, Bernard, 1914-2010",penguin uk,882.01,62.0,IB23G11,0,1,1,2024-09-27 16:26:37,2024-09-27 16:26:37
isbn:9780751541182,T,The time keeper,9780751541182,"Albom, Mitch 1958-",Sphere,813.6,75.0,IB23G11,0,1,1,2025-05-23 10:46:28,2025-05-23 10:46:28
isbn:9780007488322,T,The two towers; : being the second part of The Lord of the rings,9780007488322,"Tolkien, J. R. R. (John Ronald Reuel), 1892-1973",HarperCollins,823.912,21.0,IB23G11,0,1,1,2024-11-20 16:57:48,2024-11-20 16:57:48
isbn:9780141033570,T,"Thinking, fast and slow",9780141033570,"Kahneman, Daniel, 1934-; Kahneman, Daniel, 1934-",Penguin UK,153.42,55.0,IB24G10,0,1,1,2024-09-05 11:01:37,2024-09-05 11:01:37
isbn:9781101911594,T,To Be A Machine,9781101911594,Mark OConnell,Anchor Books,306.46,53.0,IB23G11,0,1,1,2024-10-11 17:24:50,2024-10-11 17:24:50
isbn:9780141183411,T,To the Lighthouse (PMC) Virginia Woolf,9780141183411,Virginia Woolf,Penguin UK,823.91,29.0,IB24G10,0,1,1,2024-09-06 13:27:54,2024-09-06 13:27:54
isbn:9781847494863,T,Treasure Island,9781847494863,"Stevenson, Robert Louis",Alma Books,823.8,32.0,IB24G10,0,2,1,2024-09-09 12:20:06,2025-04-30 12:10:18
isbn:9780345481030,T,Trump: How to Get Rich,9780345481030,Donald J. Trump,Random House US,650,35.0,IB24G10,0,1,1,2024-11-20 14:09:10,2024-11-20 14:09:10
isbn:9780385496490,T,"Tuesdays with Morrie : an old man, a young man, and life's greatest lesson",9780385496490,"Albom, Mitch",Random House,378.120,60.0,IB24G10,0,1,1,2024-09-10 12:13:40,2024-09-10 12:13:40
isbn:9781907410482,T,Twilight,9781907410482,"Meyer, Stephenie",Atom,813.6,75.0,IB24G10,0,1,1,2024-09-09 12:13:00,2024-09-09 12:13:00
isbn:9780751536140,T,the five people you meet in heaven,9780751536140,"Albom, Mitch",SPHERE,813.6,34.0,IB22G12,0,1,1,2025-03-10 16:16:45,2025-03-10 16:16:45
isbn:9781529080407,U,Unraveller,9781529080407,"Hardinge, Frances",Pan Macmillan,823.92,100.0,IB24G10,1,1,1,2024-11-28 17:53:05,2024-11-28 17:53:05
isbn:9780008324209,V,Vanity fair,9780008324209,"Thackeray, William Makepeace, 1811-1863; Dames, Nicholas, 1970-; Stewart, J. I. M. 1906-1994; Ridley, M. R. 1890-1969",Harper Collins UK,823.8,32.0,IB23G11,0,1,1,2024-09-11 12:42:46,2024-09-11 12:42:46
isbn:9781444785203,W,Watching the English: The International Bestseller Revised and Updated,9781444785203,Kate Fox,Hodder,306.094,55.0,IB22G12,1,1,1,2025-03-18 11:56:55,2025-03-18 11:56:55
isbn:9781840228014,W,Wordsworth Collectors Editions：Great Expectations,9781840228014,Charles Dickens,Wordsworth,823.8,38.0,IB23G11,1,2,1,2024-09-03 08:12:49,2024-11-14 11:51:47
isbn:9780241372081,W,Waves,9780241372081,"Woolf, Virginia",Penguin Books Ltd,823.912,55.0,IB22G12,0,1,1,2024-10-17 12:41:43,2024-10-17 12:41:43
isbn:9781526638540,W,What You Can See From Here,9781526638540,Nicole Krauss,Bloomsbury UK,833.92,56.0,IB24G10,0,1,1,2025-04-22 12:16:29,2025-04-22 12:16:29
isbn:9781472154668,W,Where the crawdads sing,9781472154668,"Owens, Delia",Corsair,813.6,75.0,IB23G11,0,1,1,2024-09-10 14:42:28,2024-09-10 14:42:28
isbn:9780008196288,W,Why Didnt They Ask Evans?,9780008196288,Agatha Christie,Harper Collins UK,823.91,36.0,IB22G12,0,1,1,2024-10-09 09:08:54,2024-10-09 09:08:54
isbn:9781626860568,W,Word Cloud Classics: The Age Of Innocence,9781626860568,Edith Wharton,Canterbury Classics,813.52,44.0,IB24G10,0,2,1,2024-11-13 12:20:56,2024-12-24 07:25:34
isbn:9781853260209,W,Wordsworth: Jane Eyre,9781853260209,Bronte,Wordsworth,823.8,13.0,IB24G10,0,1,1,2024-09-05 11:01:37,2024-09-05 11:01:37
isbn:9781853261589,W,Wordsworth: Little Prince,9781853261589,Saint-Exupery,Wordsworth,843.912,13.0,IB24G10,0,1,1,2025-02-27 17:35:33,2025-02-27 17:35:33
isbn:9781853267819,W,Wordsworth: Social Contract,9781853267819,Jean-Jacques Roussea,Wordsworth,320.01,20.0,IB22G12,0,1,1,2025-04-07 10:12:26,2025-04-07 10:12:26
isbn:9789881686862,W,Workbook Mathematics HL,9789881686862,Tim Lee,Cana Academy Limited,IB-5-M-1,218.0,IB23G11,0,1,1,2024-09-12 17:40:42,2024-09-12 17:40:42
isbn:9780140432442,(,(PBC)A Treatise of Human Nature,9780140432442,David Hume,penguin uk,128,63.0,IB24G10,0,1,1,2024-11-25 15:48:35,2024-11-25 15:48:35
isbn:9780140447088,(,(PBC)Essays and Letters,9780140447088,Friedrich Holderlin,penguin uk,838.60,63.0,IB24G10,0,1,1,2024-11-20 14:09:10,2024-11-20 14:09:10
isbn:9780241197790,(,(PMC)The Trial,9780241197790,"Kafka, Franz",Penguin UK,833.91,35.0,IB23G11,0,1,1,2024-11-07 20:28:50,2024-11-07 20:28:50
isbn:9787550289215,一,一个人暖呼呼,9787550289215,（日）高木直子著,北京联合出版公司,J238.2,49.9,IB23G11,1,1,1,2024-11-05 20:34:17,2024-11-05 20:34:17
isbn:9787301297995,一,一战史,9787301297995,"(英)基根 (Keegan, John 1934~2012) 著",北京大学出版社,K143,98.0,IB23G11,1,1,1,2024-10-28 16:35:43,2024-10-28 16:35:43
isbn:9787535666031,一,一个人的美食跑跑跑,9787535666031,(日)高木直子编,湖南美术出版社,J238.2,45.0,IB23G11,0,1,1,2024-11-05 20:26:18,2024-11-05 20:26:18
isbn:9787208178311,一,一个女人的故事,9787208178311,"(法)埃尔诺 (Ernaux, Anne 1940~) 著",上海人民出版社,I565.45,38.0,IB23G11,0,1,1,2024-12-06 10:01:31,2024-12-06 10:01:31
isbn:9787208178335,一,一个女孩的记忆,9787208178335,（法）埃尔诺著,上海人民出版社,I565.45,48.0,IB24G10,0,1,1,2025-04-16 15:33:36,2025-04-16 15:33:36
isbn:9787536097261,一,一句顶一万句,9787536097261,刘震云 著,花城出版社,I247.5,68.0,IB23G11,0,1,1,2025-04-02 16:33:18,2025-04-02 16:33:18
isbn:9787536096608,一,一地鸡毛,9787536096608,刘震云 著,花城出版社,I247.7,60.0,IB24G10,0,1,1,2024-10-17 17:40:49,2024-10-17 17:40:49
isbn:9787544292467,一,一桩事先张扬的凶杀案,9787544292467,(哥伦)马尔克斯著,南海出版公司,I775.45,39.5,IB23G11,0,1,1,2024-09-19 17:31:36,2024-09-19 17:31:36
isbn:9787572225482,一,一间自己的房间,9787572225482,（英）吴尔夫著,浙江教育出版社,I106,42.0,IB22G12,0,1,1,2025-01-07 11:00:16,2025-01-07 11:00:16
isbn:7532522768,丁,丁玲小说 梦珂,7532522768,周伟鸿编选,上海古籍出版社,I246.7,13.4,IB22G12,0,1,1,2025-02-26 12:05:14,2025-02-26 12:05:14
isbn:7501514747,丁,丁玲集,7501514747,丁玲,知识出版社,I266,15.5,IB22G12,0,1,1,2025-02-26 12:05:08,2025-02-26 12:05:08
isbn:9787559823168,万,万物归一,9787559823168,（美）狄勒德著,广西师范大学出版社,I712.65,45.0,IB24G10,1,3,2,2024-09-09 12:21:06,2024-12-27 12:37:57
isbn:9787101101621,万,万历十五年,9787101101621,(美)黄仁宇著,中华书局,K248.307,65.0,IB24G10,0,1,1,2025-03-28 07:13:18,2025-03-28 07:13:18
isbn:9787532766642,万,万尼亚舅舅·三姊妹·樱桃园,9787532766642,契诃夫,上海译文出版社,I512.34,56.0,IB24G10,0,1,1,2025-04-30 11:42:01,2025-04-30 11:42:01
isbn:9787101067316,三,三国演义. 上,9787101067316,(明)罗贯中 (1330?~1400?) 著,中华书局,I242.4,47.0,IB24G10,1,1,1,2024-11-20 12:01:09,2024-11-20 12:01:09
isbn:9787020008728,三,三国演义.下,9787020008728,(明)罗贯中著,人民文学出版社,I242.4,19.5,IB24G10,1,4,3,2024-10-15 12:31:32,2025-03-24 09:35:02
isbn:9787229030933,三,三体Ⅲ,9787229030933,刘慈欣,重庆出版社,I247.5,38.0,IB22G12,0,1,1,2025-04-08 07:55:39,2025-04-08 07:55:39
isbn:9787533955663,三,三匹马,9787533955663,莫言著,浙江文艺出版社,I247.7,45.0,IB24G10,0,1,1,2024-09-04 15:54:56,2024-09-04 15:54:56
isbn:9787532773725,三,三四郎,9787532773725,（日）夏目漱石著,上海译文出版社,I313.45,59.0,IB23G11,0,1,1,2025-05-13 10:32:44,2025-05-13 10:32:44
isbn:9787513332538,三,三幕悲剧,9787513332538,（英）克里斯蒂著,新星出版社,I561.45,39.0,IB24G10,0,1,1,2024-09-05 09:33:54,2024-09-05 09:33:54
isbn:9787550733145,不,不再等待戈多,9787550733145,贝瑟里著,海天出版社,I565.45,38.0,IB24G10,0,1,1,2025-02-26 14:18:19,2025-02-26 14:18:19
isbn:9787571425517,不,不原谅也没关系,9787571425517,(美)沃克著,北京科学技术出版社,R749.05,89.0,IB22G12,0,1,1,2024-10-25 09:20:41,2024-10-25 09:20:41
isbn:9787115440969,不,不可不知的36种电子元器件,9787115440969,张晓东著,人民邮电出版社,TN-49,49.0,IB24G10,0,1,1,2025-01-02 18:43:47,2025-01-02 18:43:47
isbn:9787559656797,不,不安之书,9787559656797,佩索阿著,北京联合出版公司,I552.65,78.0,IB22G12,0,1,1,2024-12-23 09:58:35,2024-12-23 09:58:35
isbn:9787550267381,不,"不完美,才美",9787550267381,海蓝博士著,北京联合出版公司,B821-49,55.0,IB24G10,0,1,1,2024-10-24 15:55:29,2024-10-24 15:55:29
isbn:9787521704495,不,不平等社会：从石器时代到21世纪，人类如何应对不平等,9787521704495,"(美)沃尔特·沙伊德尔 (Scheidel, Walter) 著",中信出版集团股份有限公司,F036,98.0,IB24G10,0,1,1,2025-05-30 11:52:12,2025-05-30 11:52:12
isbn:9787532789900,不,不朽,9787532789900,（法）昆德拉著,上海译文出版社有限公司,I565.45,79.0,IB24G10,0,1,1,2024-10-09 12:14:18,2024-10-09 12:14:18
isbn:9787532766635,不,不能承受的生命之轻,9787532766635,昆德拉著,上海译文出版社,I565.45,88.0,IB23G11,0,2,2,2024-12-13 12:37:57,2025-04-18 08:39:00
isbn:9787301247099,与,与社会学同游,9787301247099,(美)伯格著,北京大学出版社,C91,33.0,IB23G11,0,1,1,2025-06-05 07:26:35,2025-06-05 07:26:35
isbn:9787520156134,与,与神作战,9787520156134,(英)惠特马什著,社会科学文献出版社·甲骨文工作室(分社),B91,65.0,IB24G10,0,1,1,2025-05-15 15:22:52,2025-05-15 15:22:52
isbn:9787111442585,世,世界上最简单的会计书,9787111442585,"(美)达雷尔·穆利斯 (Mullis, Darrell) 著",机械工业出版社,F230,49.0,IB24G10,1,1,1,2024-11-20 12:01:06,2024-11-20 12:01:06
isbn:9787513916387,世,世界历史上的蒙古征服,9787513916387,(美)梅天穆著,民主与建设出版社,K13,68.0,IB24G10,0,1,1,2024-09-02 16:34:43,2024-09-02 16:34:43
isbn:9787201146171,世,世界尽头的咖啡馆,9787201146171,"(美)施特雷勒基 (P. Strelecky, John 1969~) 著",天津人民出版社,B821-49,45.0,IB24G10,0,1,1,2024-10-24 12:11:21,2024-10-24 12:11:21
isbn:9787551429993,世,世界摄影史,9787551429993,顾铮著,杭州 浙江摄影出版社 2020,J409.1,39.0,IB24G10,0,1,1,2025-02-25 15:37:28,2025-02-25 15:37:28
isbn:9787539999074,世,世界的凛冬·Ⅱ,9787539999074,(英)福莱特著,江苏凤凰文艺出版社,I561.45,44.0,IB24G10,0,3,3,2025-01-08 17:20:17,2025-01-08 17:20:17
isbn:9787505743090,世,世界简史,9787505743090,（美）房龙著,中国友谊出版公司,K1,49.8,IB24G10,0,1,1,2024-09-03 17:58:08,2024-09-03 17:58:08
isbn:9787111711612,世,世界金融史,9787111711612,（日）板谷敏彦著,机械工业出版社,F831.9,79.0,IB22G12,0,1,1,2024-09-25 16:27:03,2024-09-25 16:27:03
isbn:9787559664372,世,世间万数,9787559664372,(法)莱宁著,北京联合出版公司,O1-49,98.0,IB22G12,0,1,1,2024-09-24 17:53:16,2024-09-24 17:53:16
isbn:9787559819628,世,世间的每一个清晨,9787559819628,（法）基尼亚尔著,广西师范大学出版社,I565.45,22.5,IB24G10,0,1,1,2025-05-16 12:25:20,2025-05-16 12:25:20
isbn:9787301292761,丛,丛中鸟：观鸟的社会史,9787301292761,"(英)斯蒂芬·莫斯 (Moss, Stephen 1960~) 著",北京大学出版社,Q959.7,78.0,IB24G10,0,1,1,2025-04-24 08:28:10,2025-04-24 08:28:10
isbn:9787542678652,东,东京八平米,9787542678652,(日)吉井忍 著,上海三联书店,I313.65,79.0,IB22G12,0,1,1,2024-11-18 17:04:57,2024-11-18 17:04:57
isbn:9787532782925,东,东京百景,9787532782925,（日）又吉直树著,上海译文出版社有限公司,I313.65,58.0,IB23G11,0,1,1,2024-09-26 16:59:19,2024-09-26 16:59:19
isbn:9787513335270,东,东方快车谋杀案,9787513335270,(英)克里斯蒂,新星出版社,I561.45,49.0,IB23G11,0,2,1,2024-09-10 11:21:10,2024-11-13 12:32:37
isbn:9787521716054,中,中国传统色：故宫里的色彩美学,9787521716054,郭浩 (文化) 著,中信出版集团股份有限公司,J063,168.0,IB22G12,0,1,1,2024-10-18 12:57:44,2024-10-18 12:57:44
isbn:9787512006881,中,中国古典名著百部·传世方术卷：阴符经 握奇经 皇帝宅经 龟策列传 灵棋经 诸葛神薮 推背图 奇门遁甲 梅花易,9787512006881,马松源编,线装书局,Z121.7,198.0,IB23G11,0,1,1,2024-09-10 14:24:05,2024-09-10 14:24:05
isbn:9787305242632,中,中国哲学如何登场,9787305242632,李泽厚 (1930~2021) 著,南京大学出版社,B261,58.0,IB24G10,0,1,1,2024-12-25 12:26:04,2024-12-25 12:26:04
isbn:9787301215692,中,中国哲学简史,9787301215692,冯友兰著,北京大学出版社,B2,49.0,IB23G11,0,1,1,2024-10-28 16:37:58,2024-10-28 16:37:58
isbn:9787208170698,中,中国当代摄影景观 : 198-22,9787208170698,顾铮 (1959~) 著,上海人民出版社,J409.2,188.0,IB24G10,0,1,1,2025-02-25 15:37:35,2025-02-25 15:37:35
isbn:9787301216507,中,中国现当代文学名篇十五讲,9787301216507,陈思和 著,北京大学出版社,I206.6,59.0,IB22G12,0,1,1,2025-04-28 16:53:07,2025-04-28 16:53:07
isbn:9787301295151,临,临床精神药理学手册,9787301295151,"(美)萨茨伯格 (Schatzberg, Alan F.) 著",北京大学出版社,R964-62,208.0,IB24G10,1,2,2,2024-11-11 17:00:37,2024-11-22 12:07:06
isbn:9787508674346,丹,丹麦人为什么幸福,9787508674346,(丹)魏金著;林娟译,中信出版社,B82-49,58.0,IB24G10,0,1,1,2024-12-02 12:49:46,2024-12-02 12:49:46
isbn:9787500173625,为,为什么伟大不能被计划,9787500173625,"(美)肯尼斯·斯坦利(Stanley, Kenneth)",中译出版社,TP18,79.0,IB22G12,0,2,1,2025-02-17 14:17:08,2025-02-18 09:59:32
isbn:9787558027932,为,为什么那是艺术:当代艺术的美学和批评,9787558027932,(美)巴雷特著;徐文涛等译,江苏凤凰美术出版社,J0,118.0,IB22G12,0,1,1,2024-09-24 16:11:51,2024-09-24 16:11:51
isbn:9787307224520,丽,丽达与天鹅 : 叶芝诗歌新译详注,9787307224520,"(爱尔兰)叶芝 (Yeats, William Butler 1865~1939) 著",武汉大学出版社,I562.25,48.0,IB22G12,0,1,1,2024-12-09 16:24:17,2024-12-09 16:24:17
isbn:9787533951702,乌,乌合之众:群体心理学,9787533951702,(法)勒庞著;董强译,浙江文艺出版社,C912.64,49.8,IB24G10,1,2,1,2024-09-02 17:13:36,2025-03-19 11:00:21
isbn:9787301272084,乌,乌合之众,9787301272084,(法)勒庞著,北京大学出版社,C912.64,35.0,IB24G10,0,3,1,2025-05-07 11:26:12,2025-05-07 17:21:44
isbn:9787532781089,乌,乌合之众,9787532781089,(法)勒庞著,上海译文出版社有限公司,C912.64,35.0,IB23G11,0,1,1,2024-09-03 17:38:05,2024-09-03 17:38:05
isbn:9787100131940,乌,乌托邦,9787100131940,"(英)莫尔 (More, Thomas 1478~1535) 著",商务印书馆,D091.6,28.0,IB24G10,0,1,1,2025-03-13 16:54:16,2025-03-13 16:54:16
isbn:9787505729117,九,九三年,9787505729117,"(法)雨果 (Hugo, Victor 1802~1885) 著",中国友谊出版公司,I565.44,68.0,IB23G11,0,1,1,2025-01-09 15:26:46,2025-01-09 15:26:46
isbn:9787503568770,习,习近平新时代中国特色社会主义思想基本问题,9787503568770,中共中央党校著,中共中央党校出版社,D610,95.0,IB24G10,0,1,1,2024-11-27 12:05:49,2024-11-27 12:05:49
isbn:9787514710304,习,习近平新时代中国特色社会主义思想学习问答,9787514710304,中共中央宣传部,学习出版社,D610,42.0,IB24G10,0,2,1,2024-11-27 12:05:17,2024-11-27 12:05:49
isbn:9787201183497,乡,乡土中国,9787201183497,费孝通著,天津人民出版社,C912.82,45.0,IB24G10,0,1,1,2024-09-09 16:29:16,2024-09-09 16:29:16
isbn:9787301174821,乡,乡土中国,9787301174821,费孝通,北京大学出版社,C912.82,26.0,IB24G10,0,2,2,2024-09-04 11:44:00,2024-09-13 17:36:05
isbn:9787533962951,买,买办的女儿,9787533962951,赵柏田著,浙江文艺出版社,I247.5,69.0,IB22G12,0,1,1,2025-03-24 09:34:51,2025-03-24 09:34:51
isbn:9787532751273,乱,乱世佳人 ·上,9787532751273,(美)米切尔著,上海译文出版社,I712.45,44.5,IB22G12,0,1,1,2025-05-06 16:57:16,2025-05-06 16:57:16
isbn:9787513939072,争,争夺非洲,9787513939072,张宏伟著,民主与建设出版社有限责任公司,K4,149.8,IB24G10,0,1,1,2025-04-28 10:29:15,2025-04-28 10:29:15
isbn:9787540487645,云,云边有个小卖部,9787540487645,张嘉佳著,湖南文艺出版社,I247.5,42.0,IB22G12,2,4,2,2024-09-04 16:26:37,2025-01-10 11:30:12
isbn:9787544771344,云,云彩收集者手册,9787544771344,"(美)普雷托尔－平尼 (Pretor-Pinney, Gavin) 著",译林出版社,P426.5,45.0,IB24G10,1,1,1,2024-09-09 12:25:38,2024-09-09 12:25:38
isbn:9787555913139,五,五号屠场,9787555913139,（美）库尔特.冯内古特著,河南文艺出版社,I712.45,59.9,IB22G12,0,1,1,2024-12-17 16:54:02,2024-12-17 16:54:02
isbn:9787115246882,亲,亲密关系,9787115246882,(美)珀尔曼,人民邮电出版社,C912.1,68.0,IB24G10,0,1,1,2024-09-04 13:47:22,2024-09-04 13:47:22
isbn:9787113293208,人,人工智能基础实验教程,9787113293208,潘理虎著,中国铁道出版社有限公司,TP18-33,49.8,IB23G11,1,1,1,2024-09-12 17:39:31,2024-09-12 17:39:31
isbn:9787115471604,人,人工智能简史,9787115471604,尼克 (经济学) 著,人民邮电出版社,TP18,49.0,IB24G10,1,1,1,2024-10-14 17:14:42,2024-10-14 17:14:42
isbn:9787559663283,人,人生无真相,9787559663283,南怀瑾著,北京联合出版公司,B821-49,59.0,IB24G10,1,1,1,2024-10-24 12:11:25,2024-10-24 12:11:25
isbn:9787569520767,人,人世的真相,9787569520767,（英）毛姆著,陕西师范大学出版总社,I561.45,69.0,IB23G11,0,1,1,2024-11-29 07:51:46,2024-11-29 07:51:46
isbn:9787213096471,人,人人都该懂的工程学,9787213096471,(英)娜塔莎·麦卡锡(Natasha McCarthy)著,浙江人民出版社,TB-49,59.9,IB24G10,0,2,1,2024-09-09 16:26:49,2024-12-20 13:11:00
isbn:9787572208539,人,人人都该懂的科学简史,9787572208539,"(英)肖恩·F. 约翰斯顿 (Johnston, Sean F.) 著",浙江教育出版社,N091,59.9,IB22G12,0,1,1,2024-09-20 08:08:19,2024-09-20 08:08:19
isbn:9787557686642,人,人人都该懂的脑科学,9787557686642,"(英)阿马尔·阿尔查拉比 (Al-Chalabi, Ammar) 著",天津科学技术出版社,R338.2-49,65.9,IB24G10,0,1,1,2025-04-03 12:32:18,2025-04-03 12:32:18
isbn:9787213096587,人,人人都该懂的艺术,9787213096587,(加)劳里·施耐德·亚当斯(Laurie Schneider Adams)著,浙江人民出版社,J-49,62.9,IB22G12,0,1,1,2024-09-24 17:07:46,2024-09-24 17:07:46
isbn:9787213096648,人,人人都该懂的认识论,9787213096648,(加)罗伯特·马丁(Robert M. Martin)著,浙江人民出版社,B017,59.9,IB22G12,0,1,1,2024-09-24 16:44:59,2024-09-24 16:44:59
isbn:9787568087124,人,人体形态学,9787568087124,张烨,华中科技大学出版社,R32,69.9,IB24G10,0,1,1,2025-03-28 07:16:52,2025-03-28 07:16:52
isbn:9787559200099,人,人体解剖图谱,9787559200099,"(法)布尔热里 (Bourgery, Jean-Marc 1797~1849) 著",北京美术摄影出版社,R322-64,198.0,IB24G10,0,1,1,2025-02-19 17:22:08,2025-02-19 17:22:08
isbn:9787115565648,人,人力资源规划操作指南：规划概述+实用图表+流程架构+操作方案,9787115565648,乔继玉主编,人民邮电出版社,F243,79.0,IB23G11,0,1,1,2025-03-03 17:55:19,2025-03-03 17:55:19
isbn:9787220110931,人,人工智能不会做什么：1亿人类与1亿机器人共存的未来,9787220110931,(日)羽生善治 著,四川人民出版社,TP18,49.0,IB24G10,0,1,1,2025-02-17 17:46:24,2025-02-17 17:46:24
isbn:9787567146129,人,人工智能的价值反思,9787567146129,孙伟平著,上海大学出版社,TP18,78.0,IB24G10,0,1,1,2025-02-17 17:46:29,2025-02-17 17:46:29
isbn:9787513353465,人,人形爱情故事,9787513353465,（英）珍妮特.温特森著,新星出版社,I561.45,69.0,IB22G12,0,1,1,2025-03-27 11:43:52,2025-03-27 11:43:52
isbn:9787300289601,人,人性实验：改变社会心理学的28项研究,9787300289601,(美) 弗雷著,中国人民大学出版社,C912.6-0,99.0,IB22G12,0,1,1,2024-09-24 17:07:36,2024-09-24 17:07:36
isbn:9787210082903,人,人性的枷锁,9787210082903,"(英)毛姆 (Maugham, William Somerset 1874~1965) 著",江西人民出版社,I561.45,68.0,IB23G11,0,1,1,2024-11-29 07:51:39,2024-11-29 07:51:39
isbn:9787512694040,人,人性能达到的境界,9787512694040,(美)马斯洛著,团结出版社,B84,58.0,IB24G10,0,1,1,2025-04-27 12:39:40,2025-04-27 12:39:40
isbn:9787564580070,人,人文地理学通识:全彩插图,9787564580070,(英)鲁宾斯坦著 罗爽译,郑州大学出版社,K901,228.0,IB24G10,0,1,1,2025-05-08 11:35:28,2025-05-08 11:35:28
isbn:9787530215401,人,人生最美是清欢,9787530215401,林清玄著,北京十月文艺出版社,I267,49.5,IB24G10,0,2,1,2024-09-05 12:31:04,2024-10-17 17:40:55
isbn:9787550289703,人,人生看得几清明,9787550289703,林清玄著,北京联合出版公司,I267,39.5,IB24G10,0,1,1,2024-09-05 12:31:14,2024-09-05 12:31:14
isbn:9787301272961,人,人类学是什么,9787301272961,王铭铭(著,北京 北京大学出版社 2016,Q98-49,48.0,IB24G10,0,1,1,2025-05-28 11:43:58,2025-05-28 11:43:58
isbn:9787508699165,人,人类的进击,9787508699165,唐文 (作家) 著,中信出版集团股份有限公司,Q981.1-49,59.0,IB24G10,0,1,1,2024-12-02 11:35:53,2024-12-02 11:35:53
isbn:9787515304717,从,从“童怀周”到审江青,9787515304717,汪文风著,中国青年出版社,D652,31.0,IB23G11,1,1,1,2024-10-28 16:55:48,2024-10-28 16:55:48
isbn:9787540491949,从,从你的全世界路过,9787540491949,张嘉佳著,湖南文艺出版社,I247.7,45.0,IB24G10,0,2,1,2024-09-06 11:20:55,2025-05-06 11:36:30
isbn:9787544758765,从,从俾斯麦到希特勒,9787544758765,（德）哈夫纳著,译林出版社,K516.42,42.0,IB23G11,0,1,1,2025-02-17 17:16:49,2025-02-17 17:16:49
isbn:9787508649719,从,从到1:开启商业与未来的秘密,9787508649719,"(美)蒂尔著,高玉芳译",中信出版社,F270,69.0,IB24G10,0,1,1,2024-10-31 07:27:09,2024-10-31 07:27:09
isbn:9787301276600,从,从动力学到统计物理学,9787301276600,郑志刚 (1969.8~) 著,北京大学出版社,O313,89.0,IB24G10,0,1,1,2024-09-19 12:35:42,2024-09-19 12:35:42
isbn:9787559656599,从,从夸克到宇宙,9787559656599,(美)林肯著,北京联合出版公司,O572.2-49,128.0,IB23G11,0,2,1,2024-09-20 15:52:06,2024-09-30 12:02:56
isbn:9787301333686,从,从零开始读懂物理学,9787301333686,汪振东著,北京大学出版社,O4-49,59.0,IB24G10,0,1,1,2024-12-20 13:11:00,2024-12-20 13:11:00
isbn:9787557021559,以,以罗马之名 : 缔造罗马伟业的将军们,9787557021559,"(英)阿德里安·戈兹沃西 (Goldsworthy, Adrian Keith 1969~) 著",广东旅游出版社,K126-49,92.0,IB24G10,0,1,1,2024-12-04 17:40:06,2024-12-04 17:40:06
isbn:9787532764778,仲,仲夏之死,9787532764778,(日)三岛由纪夫著,上海译文出版社,I313.45,46.0,IB22G12,0,1,1,2024-11-26 11:49:40,2024-11-26 11:49:40
isbn:9787542667076,伊,伊斯坦布尔三城记,9787542667076,"(英)贝塔妮·休斯 (Hughes, Bettany) 著",上海三联书店,K937.4,138.0,IB22G12,0,1,1,2024-10-29 16:33:03,2024-10-29 16:33:03
isbn:9787513932905,伊,伊朗简史,9787513932905,（英）阿克斯沃西著,民主与建设出版社有限责任公司,K373,80.0,IB24G10,0,1,1,2024-10-24 12:17:15,2024-10-24 12:17:15
isbn:9787544765466,休,休谟,9787544765466,英 艾耶尔 著),南京 译林出版社 2016,B561.291,39.0,IB24G10,0,1,1,2025-03-19 11:00:43,2025-03-19 11:00:43
isbn:9787509791127,伟,伟大的海·上,9787509791127,"(英)阿布拉菲亚 (Abulafia, David) 著",社会科学文献出版社·甲骨文工作室,K10,84.0,IB24G10,0,1,1,2025-05-08 10:19:54,2025-05-08 10:19:54
isbn:9787020142125,伦,伦敦围城,9787020142125,（美）詹姆斯著,人民文学出版社,I712.44,39.0,IB22G12,0,1,1,2025-03-24 09:34:32,2025-03-24 09:34:32
isbn:9787108050519,伦,伦理学,9787108050519,"(英)罗宾逊 (Robinson, Dave) 文",生活·读书·新知三联书店,B82,28.0,IB23G11,0,1,1,2025-02-17 17:16:49,2025-02-17 17:16:49
isbn:9787111464631,伯,伯克利物理学教程:第5卷·统计物理学(英文影印版),9787111464631,(美)F.瑞夫著,机械工业出版社,O4,49.8,IB24G10,0,1,1,2025-03-14 12:10:32,2025-03-14 12:10:32
isbn:9787532779529,低,低欲望社会,9787532779529,（日）大前研一著,上海译文出版社有限公司,C924.313,58.0,IB23G11,0,1,1,2025-06-05 07:29:10,2025-06-05 07:29:10
isbn:9787509016114,体,体内火焰,9787509016114,陈思安,当代世界出版社,I247.7,49.8,IB24G10,1,1,1,2025-01-07 16:37:01,2025-01-07 16:37:01
isbn:9787559414311,佛,佛系,9787559414311,(日)草薙龙瞬著,江苏凤凰文艺出版社,I313.65,39.8,IB23G11,0,1,1,2024-09-03 16:46:27,2024-09-03 16:46:27
isbn:9787553524481,作,作为意志和表象的世界,9787553524481,（德）叔本华著,上海文化出版社,B516.41,68.0,IB24G10,0,2,1,2025-02-17 17:50:19,2025-03-31 06:52:48
isbn:9787300200811,你,你会杀死那个胖子吗?一个关于对与错的哲学谜题,9787300200811,(英)埃德蒙兹著,中国人民大学出版社,B82,38.0,IB24G10,0,1,1,2024-10-12 12:17:21,2024-10-12 12:17:21
isbn:9787115587848,你,你在逃避什么,9787115587848,(美)弗雷德里克森著,人民邮电出版社,B84-49,59.8,IB22G12,0,1,1,2024-11-20 08:24:56,2024-11-20 08:24:56
isbn:9787020171774,你,你的夏天还好吗？,9787020171774,(韩)金爱烂 (女， 1980~) 著,人民文学出版社,I312.645,48.0,IB24G10,0,1,1,2024-11-19 17:37:43,2024-11-19 17:37:43
isbn:9787508666792,你,你的第一本哲学书,9787508666792,(美)内格尔著;宝树译,中信出版社,B-49,38.0,IB24G10,0,1,1,2024-09-10 17:46:31,2024-09-10 17:46:31
isbn:9787544295369,侦,侦探伽利略,9787544295369,(日)东野圭吾 (1958~) 著,南海出版公司,I313.45,49.5,IB22G12,0,1,1,2024-11-26 11:49:27,2024-11-26 11:49:27
isbn:9787500865582,信,信使,9787500865582,刘慈欣著,中国工人出版社,I247.7,29.0,IB24G10,1,2,1,2024-11-19 12:09:40,2024-11-19 12:09:53
isbn:9787530218624,倾,倾城之恋,9787530218624,张爱玲著,北京十月文艺出版社,I246.7,49.5,IB23G11,0,4,2,2024-09-02 13:12:54,2025-05-29 17:22:31
isbn:9787530217559,假,假面山庄,9787530217559,(日)东野圭吾著,北京十月文艺出版社,I313.45,45.0,IB22G12,0,1,1,2025-01-07 17:34:51,2025-01-07 17:34:51
isbn:9787559203908,做,做一杯美味咖啡,9787559203908,堀口俊英,北京美术摄影出版社,TS273,68.0,IB22G12,0,1,1,2024-12-19 13:38:25,2024-12-19 13:38:25
isbn:9787030596451,做,"做中学电子电路, 电路基础",9787030596451,(日)ADWIN株式会社 著,科学出版社,TN7,68.0,IB24G10,0,2,1,2024-12-27 13:24:39,2025-01-02 18:43:47
isbn:9787559617293,做,做哲学,9787559617293,"(美)小西奥多·希克,刘易斯·沃恩著",北京联合出版社,B0,118.0,IB23G11,0,1,1,2025-03-19 17:40:45,2025-03-19 17:40:45
isbn:9787530493885,健,健身营养全书: 关于力量与肌肉的营养策略,9787530493885,"勒费尔霍尔茨 , 克里斯蒂安·冯",北京科学技术出版社,G804.32,98.0,IB24G10,0,1,1,2024-09-06 10:01:14,2024-09-06 10:01:14
isbn:9787532787319,傲,傲慢与偏见,9787532787319,(英)奥斯丁著,上海译文出版社有限公司,I561.44,98.0,IB24G10,0,1,1,2025-02-17 17:36:52,2025-02-17 17:36:52
isbn:9787303207695,像,像我们一样疯狂,9787303207695,(美)伊森·沃特斯,北京师范大学出版社,R395.2,54.0,IB22G12,0,1,1,2024-12-23 17:46:07,2024-12-23 17:46:07
isbn:9787540482961,克,克里斯特汀,9787540482961,(美)金著,湖南文艺出版社,I712.45,49.8,IB24G10,1,1,1,2025-05-22 17:39:59,2025-05-22 17:39:59
isbn:9787532786831,克,克拉拉与太阳,9787532786831,(英)石黑一雄 (1954-) 著,上海译文出版社有限公司,I561.45,68.0,IB24G10,0,1,1,2025-04-16 15:33:36,2025-04-16 15:33:36
isbn:9787521213973,克,克苏鲁神话Ⅳ 异界之色,9787521213973,(美)洛夫克拉夫特著,作家出版社有限公司,I712.45,43.0,IB24G10,0,1,1,2024-09-29 17:36:46,2024-09-29 17:36:46
isbn:9787122346032,克,克莱因壶,9787122346032,(日)冈岛二人 著,化学工业出版社,I313.45,48.0,IB22G12,0,2,1,2024-11-15 08:32:40,2024-12-16 14:22:15
isbn:9787559637222,克,克里姆特：变形的真实,9787559637222,(法)西尔维·吉拉尔-拉戈斯 著,北京联合出版公司,J205.521,98.0,IB23G11,0,1,1,2024-12-10 10:20:46,2024-12-10 10:20:46
isbn:9787552008166,全,全球通史,9787552008166,"(美)斯波德 (Spodek, Howard) 著",上海社会科学院出版社,K10,580.0,IB22G12,0,1,1,2024-09-24 15:52:19,2024-09-24 15:52:19
isbn:9787540482848,公,公寓,9787540482848,(英)格雷,湖南文艺出版社,I561.45,38.0,IB24G10,0,1,1,2025-03-25 16:59:50,2025-03-25 16:59:50
isbn:9787010131566,共,共产党宣言,9787010131566,"马克思,恩格斯著",人民出版社,A122,32.0,IB24G10,0,1,1,2024-10-08 12:15:58,2024-10-08 12:15:58
isbn:9787514513011,共,共情的力量,9787514513011,"(美)乔拉米卡利 (Ciaramicoli, Arthur P.) 著",中国致公出版社,B84-49,49.8,IB24G10,0,1,1,2024-09-10 12:32:54,2024-09-10 12:32:54
isbn:9787559851987,关,关于女儿,9787559851987,金惠珍著,广西师范大学出版社,I312.645,42.0,IB22G12,0,2,1,2024-10-23 09:50:15,2025-03-06 16:51:05
isbn:9787574102293,写,写给大家的平面设计手册,9787574102293,（日）生田信一著,江苏凤凰美术出版社,J511,78.0,IB22G12,1,1,1,2025-04-07 11:55:45,2025-04-07 11:55:45
isbn:9787540482862,农,农场,9787540482862,(英)史密斯著,湖南文艺出版社,I561.45,42.0,IB24G10,0,1,1,2024-10-08 17:35:02,2024-10-08 17:35:02
isbn:9787515314099,冰,冰火传奇,9787515314099,孙琇著,中国青年出版社,K530.6,26.0,IB24G10,0,1,1,2024-09-06 12:38:52,2024-09-06 12:38:52
isbn:9787521715118,净,净化基因,9787521715118,"(美)本·林奇 (Lynch, Ben 1974~) 著",中信出版集团股份有限公司,Q343.1,65.0,IB24G10,0,1,1,2024-11-05 19:58:38,2024-11-05 19:58:38
isbn:9787565842740,凡,凡尔登战役,9787565842740,霍恩著,汕头大学出版社,E194.4,88.0,IB24G10,0,1,1,2024-10-18 12:16:37,2024-10-18 12:16:37
isbn:9787108065506,凯,凯恩斯,9787108065506,"普 (Puph, Peter) 著",生活·读书·新知三联书店,F091.348,35.0,IB24G10,1,1,1,2024-11-12 10:49:47,2024-11-12 10:49:47
isbn:9787100113786,凯,凯恩斯以后,9787100113786,（英）罗宾逊著,商务印书馆,F0-53,24.0,IB24G10,1,1,1,2025-05-21 17:45:21,2025-05-21 17:45:21
isbn:9787559664136,出,出发吧！了不起的身体旅行 .2,9787559664136,邓超 著,北京联合出版公司,R33-49,88.0,IB22G12,0,1,1,2025-03-27 11:52:37,2025-03-27 11:52:37
isbn:9787210095002,刀,刀锋,9787210095002,(英)毛姆著,江西人民出版社,I561.45,36.0,IB22G12,0,1,1,2025-05-13 16:31:55,2025-05-13 16:31:55
isbn:9787547744581,刀,刀锋,9787547744581,(英)毛姆著,北京日报出版社,I561.45,76.0,IB23G11,0,2,1,2024-11-07 17:39:19,2024-11-07 17:47:18
isbn:9787545219531,制,制造宠物,9787545219531,（美）段义孚著,上海光启书局有限公司,S865.3-091,78.0,IB23G11,1,1,1,2024-10-30 17:18:00,2024-10-30 17:18:00
isbn:9787521733266,制,制造东京,9787521733266,(日)藤森照信 (1946~) 著,中信出版社,TU-093.131,79.0,IB23G11,0,2,1,2025-01-06 20:10:13,2025-01-09 17:13:27
isbn:9787544792028,剑,剑桥艺术史·下,9787544792028,(美)伍德福德著,译林出版社,J110.9,249.0,IB22G12,0,4,2,2024-09-24 16:25:32,2024-12-05 18:05:00
isbn:9787521712032,剧,剧变,9787521712032,"(美)戴蒙德 (Diamond, Jared 1937~) 著",中信出版集团股份有限公司,F039,98.0,IB22G12,0,1,1,2024-12-23 09:49:27,2024-12-23 09:49:27
isbn:9787550297746,剪,剪辑的语法 :插图修订第2版,9787550297746,（英）罗伊·汤普森著,北京联合出版公司,J932,45.0,IB23G11,0,2,1,2025-03-03 11:56:10,2025-05-16 14:21:00
isbn:9787301094013,力,力学,9787301094013,舒幼生著,北京大学出版社,O3,50.0,IB24G10,0,4,2,2024-09-25 17:18:07,2025-01-10 09:54:17
isbn:9787532751457,动,动物农场,9787532751457,(英)奥威尔,上海译文出版社,I561.45,32.0,IB24G10,0,1,1,2024-09-04 12:16:48,2024-09-04 12:16:48
isbn:9787532779079,动,动物农场,9787532779079,(英)奥威尔著,上海译文出版社,I561.45,43.0,IB24G10,0,1,1,2024-09-24 12:01:50,2024-09-24 12:01:50
isbn:9787530213636,动,动物凶猛,9787530213636,王朔著,北京十月文艺出版社,I247.5,35.0,IB23G11,0,1,1,2025-03-07 14:30:23,2025-03-07 14:30:23
isbn:9787300188317,助,助推快与慢：人类动因与行为经济学,9787300188317,"(美)卡斯·R.桑斯坦 (Sunstein, Cass R.) 著",中国人民大学出版社,F069.9,52.0,IB24G10,0,2,1,2025-04-30 11:50:45,2025-06-04 17:09:26
isbn:9787508684918,助,助推：如何做出有关健康、财富与幸福的最佳决策,9787508684918,"(美)泰勒 (Thaler, Richard H. 1945~) 著",中信出版集团股份有限公司,F0-49,59.0,IB23G11,0,2,1,2025-02-18 07:53:13,2025-04-02 07:47:37
isbn:9787559631909,匈,匈人王阿提拉,9787559631909,（德）罗森著,北京联合出版公司,K289,78.0,IB24G10,0,1,1,2025-02-25 07:06:46,2025-02-25 07:06:46
isbn:9787570305674,化,化学传奇,9787570305674,李可锋 编著,山西教育出版社,O6-091,19.8,IB22G12,0,1,1,2024-09-25 08:59:19,2024-09-25 08:59:19
isbn:9787559633118,北,北方以北,9787559633118,"(英)巴勒克拉夫 (Barraclough, Eleanor Rosamund) 著",北京联合出版公司,K530.9,108.0,IB24G10,2,2,1,2024-09-06 12:38:42,2024-10-15 09:35:24
isbn:9787513923224,北,北欧神话,9787513923224,"(英)卡罗琳·拉灵顿 (Larrington, Carolyne) 著",民主与建设出版社有限责任公司,I530.73,66.0,IB24G10,1,1,1,2025-03-27 12:22:33,2025-03-27 12:22:33
isbn:9787301114926,北,北宋名家词选讲,9787301114926,(加)叶嘉莹 (女， 1924.6~) 著,北京大学出版社,I207.23,68.0,IB23G11,0,1,1,2025-02-27 11:54:56,2025-02-27 11:54:56
isbn:9787508691176,北,"北欧,凛冽的世界尽头",9787508691176,王家敏编,中信出版社,K953.09,88.0,IB24G10,0,1,1,2024-09-04 16:12:33,2024-09-04 16:12:33
isbn:9787559416735,北,北欧众神,9787559416735,"(英)尼尔·盖曼 (Gaiman, Neil 1960~) 著",江苏凤凰文艺出版社,I561.45,42.0,IB24G10,0,1,1,2025-03-13 17:34:13,2025-03-13 17:34:13
isbn:9787559847010,北,北洋觉梦录,9787559847010,禅心初著,广西师范大学出版社,K258.206,49.0,IB24G10,0,1,1,2025-03-24 13:34:47,2025-03-24 13:34:47
isbn:9787302614210,医,医生与您细聊抑郁症,9787302614210,吴菲著,清华大学出版社,R749.4,49.0,IB22G12,0,1,1,2024-11-20 08:25:14,2024-11-20 08:25:14
isbn:9787532790036,华,华氏451,9787532790036,"(美)雷·布雷德伯里 (Bradbury, Ray 1920~2012) 著",上海译文出版社,I712.45,58.0,IB24G10,1,2,2,2024-09-09 12:24:11,2024-10-16 11:18:43
isbn:9787559825315,华,华丽食物志,9787559825315,（日）涩泽龙彦著,广西师范大学出版社,I313.65,48.0,IB24G10,0,1,1,2024-09-02 09:17:27,2024-09-02 09:17:27
isbn:9787301218211,博,博弈与社会,9787301218211,张维迎著,北京大学出版社,F224.32,68.0,IB23G11,0,2,1,2024-12-17 08:28:50,2025-02-18 07:53:13
isbn:9787532787654,卡,卡夫卡小说全集. 变形记,9787532787654,(奥)卡夫卡著 张荣昌译,上海译文出版社,I521.44,110.0,IB24G10,0,1,1,2024-10-25 11:16:12,2024-10-25 11:16:12
isbn:9787532786992,印,印度,9787532786992,（法）杜拉斯著,上海译文出版社,I565.35,68.0,IB24G10,0,1,1,2024-11-05 16:03:46,2024-11-05 16:03:46
isbn:9787100208680,印,印度六派哲学,9787100208680,木村泰贤著,商务印书馆,B351.2,108.0,IB24G10,0,1,1,2024-12-19 17:09:45,2024-12-19 17:09:45
isbn:9787544729710,历,历史之源,9787544729710,(英)阿诺德著 李里峰译,译林出版社,K0,39.0,IB22G12,0,1,1,2024-09-24 17:49:37,2024-09-24 17:49:37
isbn:9787545821826,历,历史哲学,9787545821826,(德)黑格尔著,上海书店出版社,K01,128.0,IB22G12,0,2,1,2024-09-24 14:44:33,2025-06-04 12:16:35
isbn:9787569932478,历,历史的意外,9787569932478,(法)让-克里斯托弗·布松著,北京时代华文书局,K105,59.8,IB22G12,0,1,1,2024-09-11 08:56:27,2024-09-11 08:56:27
isbn:9787559835895,历,历史的运用与滥用,9787559835895,（加）麦克米伦著,广西师范大学出版社,K107,58.0,IB22G12,0,1,1,2024-09-02 18:11:27,2024-09-02 18:11:27
isbn:9787559676016,厌,厌女简史 ：世界上最古老的偏见,9787559676016,（爱尔兰）杰克.霍兰 著,北京联合出版公司,C913.68,68.0,IB23G11,1,2,1,2025-01-09 19:08:15,2025-01-10 10:27:17
isbn:9787545219753,厌,厌女,9787545219753,（日）上野千鹤子著,上海光启书局有限公司,G131.3,66.0,IB23G11,0,1,1,2024-12-18 17:19:32,2024-12-18 17:19:32
isbn:9787530217306,原,原野,9787530217306,曹禺著,北京十月文艺出版社,I234,36.0,IB22G12,0,3,1,2024-09-12 12:43:34,2024-11-07 17:06:03
isbn:9787532777280,反,反抗者,9787532777280,(法)加缪著 沈志明译,上海译文出版社有限公司,I565.65,58.0,IB24G10,0,2,1,2024-10-08 12:11:45,2025-04-03 08:48:00
isbn:9787208157415,叔,叔本华思想随笔,9787208157415,（德）叔本华著,上海人民出版社,B516.41,78.0,IB24G10,1,1,1,2024-11-01 08:52:21,2024-11-01 08:52:21
isbn:9787559657015,叔,叔凡说法 一看就懂的法律常识,9787559657015,李叔凡 著,北京联合出版公司,D920.5,59.8,IB22G12,0,1,1,2024-12-19 13:36:16,2024-12-19 13:36:16
isbn:9787208152809,叔,叔本华暮年之思,9787208152809,(德)叔本华著,上海人民出版社,B516.41,45.0,IB24G10,0,1,1,2024-10-11 15:49:36,2024-10-11 15:49:36
isbn:9787530211458,受,受戒,9787530211458,汪曾祺著,北京十月文艺出版社,I247.7,36.0,IB23G11,0,2,1,2025-02-27 10:25:33,2025-02-27 10:26:14
isbn:9787532756964,变,变形记,9787532756964,(奥)卡夫卡著,上海译文出版社,I521.45,38.0,IB22G12,0,1,1,2025-03-24 08:35:50,2025-03-24 08:35:50
isbn:9787115448385,变,变态心理学,9787115448385,(美)霍克西玛著,人民邮电出版社,B846-49,128.0,IB24G10,0,1,1,2024-09-14 12:02:19,2024-09-14 12:02:19
isbn:9787521715101,叙,叙事经济学,9787521715101,"(美)罗伯特·希勒 (Shiller, Robert J.) 著",中信出版集团股份有限公司,F0,88.0,IB24G10,0,1,1,2024-11-29 07:53:01,2024-11-29 07:53:01
isbn:9787547817179,古,古今数学思想·第一册,9787547817179,"(美)克莱因著;张理京等译;张理京, 张锦炎",上海科学技术出版社,O11,78.0,IB22G12,0,2,2,2024-09-24 15:52:02,2024-09-24 17:17:01
isbn:9787508694375,古,古典欧洲的诞生：从特洛伊到奥古斯丁,9787508694375,"(英)普莱斯 (Price, Simon) 著",中信出版集团股份有限公司,K502,68.0,IB24G10,0,1,1,2024-12-03 17:12:25,2024-12-03 17:12:25
isbn:9787100182386,古,古埃及《亡灵书》,9787100182386,金寿福著,商务印书馆,B846,118.0,IB22G12,0,1,1,2024-11-26 11:49:55,2024-11-26 11:49:55
isbn:9787540486075,古,古董局中局.1,9787540486075,马伯庸著,湖南文艺出版社,I247.5,45.0,IB23G11,0,1,1,2024-09-23 12:16:45,2024-09-23 12:16:45
isbn:9787573502353,古,古都,9787573502353,(日)川端康成著,南海出版公司,I313.45,49.0,IB23G11,0,1,1,2024-09-02 13:12:57,2024-09-02 13:12:57
isbn:9787532772520,另,另一个，同一个,9787532772520,(阿根廷)博尔赫斯著,上海译文出版社,I783.15,41.0,IB22G12,1,1,1,2024-10-29 16:17:25,2024-10-29 16:17:25
isbn:9787513580878,叩,叩开免疫之门,9787513580878,秦志海 (1960~) 著,外语教学与研究出版社,R392-49,39.0,IB24G10,0,1,1,2024-12-02 11:25:29,2024-12-02 11:25:29
isbn:9787549559886,台,台北人,9787549559886,白先勇著,广西师范大学出版社,I247.7,69.0,IB24G10,0,3,2,2024-09-23 14:56:06,2025-02-21 11:29:39
isbn:9787301334713,史,史学原理,9787301334713,柯林武德著,北京大学出版社,K01,78.0,IB22G12,0,1,1,2024-09-25 08:18:12,2024-09-25 08:18:12
isbn:9787301275009,史,史学引论,9787301275009,王学典著,北京大学出版社,K0,56.0,IB22G12,0,1,1,2024-09-20 08:08:19,2024-09-20 08:08:19
isbn:9787101158687,史,史记.2,9787101158687,陈曦著,中华书局,K204.2,66.8,IB24G10,0,1,1,2024-10-15 12:25:06,2024-10-15 12:25:06
isbn:9787522813684,叶,叶卡捷琳娜大帝与波将金 ：全2册.2,9787522813684,（英）西蒙.赛巴格.蒙蒂菲奥里著,社会科学文献出版社,K835.120.9,99.0,IB23G11,3,7,2,2024-11-14 12:27:41,2025-04-17 17:47:02
isbn:9787521714296,后,后基因组时代：[后基因组时代的伦理、公正和知识],9787521714296,(美)瑞尔丹著,中信出版集团股份有限公司,C91,78.0,IB22G12,0,1,1,2024-09-24 17:49:43,2024-09-24 17:49:43
isbn:9787559857774,后,后电影视觉 :运动影像媒介与观众的共同进化,9787559857774,（美）罗杰·F·库克 著,广西师范大学出版社,J9,88.0,IB24G10,0,1,1,2025-04-15 19:16:34,2025-04-15 19:16:34
isbn:9787020161140,后,后翼弃兵,9787020161140,(美)特维斯著,人民文学出版社,I712.45,55.0,IB24G10,0,1,1,2024-10-10 09:59:04,2024-10-10 09:59:04
isbn:9787305230677,向,向您告知，明天我们一家就要被杀 : 卢旺达大屠杀纪事,9787305230677,"(美)菲利普·古雷维奇 (Gourevitch, Philip) 著",南京大学出版社,K427,56.0,IB24G10,0,1,1,2025-04-28 10:29:22,2025-04-28 10:29:22
isbn:9787020138081,呐,呐喊,9787020138081,鲁迅著,人民文学出版社,I210.6,20.0,IB22G12,0,1,1,2024-09-30 08:00:40,2024-09-30 08:00:40
isbn:9787802143975,周,周易家居环境调理,9787802143975,李计忠,团结出版社,B221.5,49.0,IB23G11,0,1,1,2024-09-06 13:21:09,2024-09-06 13:21:09
isbn:9787100187084,周,周易教程,9787100187084,周山著,商务印书馆,B221.5,98.0,IB23G11,0,1,1,2024-09-06 13:20:59,2024-09-06 13:20:59
isbn:9787559652669,周,周易简释,9787559652669,余秋雨(1946~) 著,北京联合出版公司,B221.5,98.0,IB23G11,0,1,1,2024-09-06 13:21:22,2024-09-06 13:21:22
isbn:9787532751198,呼,呼啸山庄,9787532751198,(英)勃朗特著,上海译文出版社,I561.44,38.0,IB24G10,1,2,1,2025-01-08 15:09:40,2025-04-24 11:01:44
isbn:9787544779319,呼,呼吸,9787544779319,姜,译林出版社,I712.45,42.0,IB24G10,0,1,1,2024-09-14 09:58:29,2024-09-14 09:58:29
isbn:9787532778355,呼,呼啸山庄,9787532778355,(英)勃朗特著,上海译文出版社,I561.44,32.0,IB24G10,0,2,2,2024-10-08 17:14:20,2025-03-17 11:45:57
isbn:9787539938608,哈,哈佛经济学笔记,9787539938608,陈晋 (女) 著,江苏文艺出版社,F0-49,42.0,IB24G10,1,3,2,2024-11-20 12:01:15,2025-04-02 07:47:37
isbn:9787500170969,哈,哈利·波特与历史,9787500170969,（法）里多诺著,中译出版社,I561.078,68.0,IB23G11,0,1,1,2024-12-02 09:21:57,2024-12-02 09:21:57
isbn:9787547739617,哲,哲学小史,9787547739617,（英）沃伯顿著,北京日报出版社,B5-49,49.0,IB24G10,1,1,1,2024-11-07 15:25:00,2024-11-07 15:25:00
isbn:9787508671079,哲,哲学·科学·常识,9787508671079,陈嘉映著,中信出版社,N02,58.0,IB22G12,0,1,1,2024-09-24 15:29:01,2024-09-24 15:29:01
isbn:9787550242234,哲,哲学家们都干了些什么,9787550242234,林欣浩著,北京联合出版公司,B-49,52.0,IB24G10,0,2,2,2024-11-25 12:16:47,2025-02-17 16:55:07
isbn:9787521717372,哲,哲学课,9787521717372,"(美)威尔·杜兰特 (Durant, Will 1885~1981) 著",中信出版社,B,98.0,IB24G10,0,1,1,2025-03-20 17:41:48,2025-03-20 17:41:48
isbn:9787100154710,哲,哲学起步,9787100154710,邓晓芒 (1948~) 著,商务印书馆,B-49,45.0,IB24G10,0,1,1,2025-05-09 07:18:44,2025-05-09 07:18:44
isbn:9787302605935,商,商业广告设计,9787302605935,祝彬著,清华大学出版社,J524.3,69.8,IB24G10,0,1,1,2025-05-26 15:24:31,2025-05-26 15:24:31
isbn:9787302613329,商,商业海报设计,9787302613329,屈正庚著,清华大学出版社,J524.3,69.8,IB23G11,0,1,1,2025-04-07 15:27:43,2025-04-07 15:27:43
isbn:9787020158584,喧,喧哗与骚动,9787020158584,(美)福克纳著,人民文学出版社,I712.45,49.0,IB24G10,0,1,1,2024-10-14 15:08:00,2024-10-14 15:08:00
isbn:9787522803012,器,器官之书,9787522803012,英国惠康博物馆著,社会科学文献出版社,R32-49,69.0,IB24G10,1,1,1,2025-01-09 19:44:09,2025-01-09 19:44:09
isbn:9787101136364,四,四书五经.1,9787101136364,郭丹等著,中华书局,B222.1,31.4,IB24G10,1,1,1,2024-10-15 12:25:14,2024-10-15 12:25:14
isbn:9787547311790,四,"四世同堂. 第一部, 惶惑",9787547311790,老舍 (1899~1966) 著,东方出版中心,I246.5,29.5,IB24G10,0,1,1,2025-05-09 07:24:02,2025-05-09 07:24:02
isbn:9787020136919,四,四百万+西部的心,9787020136919,(美)亨利著,人民文学出版社,I712.44,98.0,IB24G10,0,1,1,2024-10-08 17:51:51,2024-10-08 17:51:51
isbn:9787535794437,四,四维旅行,9787535794437,(英)普瓦德万著;胡凯衡等译,湖南科学技术出版社,O412.1,49.0,IB24G10,0,1,1,2024-11-14 16:22:24,2024-11-14 16:22:24
isbn:9787020127894,围,围城,9787020127894,钱钟书著,人民文学出版社,I247.57,36.0,IB24G10,3,3,2,2024-11-13 11:51:51,2025-02-24 17:41:41
isbn:9787532765485,国,国境以南太阳以西,9787532765485,(日)村上春树著,上海译文出版社,I313.45,52.0,IB22G12,0,1,1,2024-11-11 10:56:57,2024-11-11 10:56:57
isbn:9787519015084,国,国富论,9787519015084,(英)斯密著;陈虹译,中国文联出版公司,F091.33,34.0,IB24G10,0,3,2,2024-09-11 12:06:23,2024-10-23 12:34:10
isbn:9787552024494,国,国王的两个身体,9787552024494,（德）坎托洛维奇著,上海社会科学院出版社,D751.69,188.0,IB24G10,0,1,1,2024-09-25 12:16:03,2024-09-25 12:16:03
isbn:9789620440151,国,国际文凭大学预科项目中文A课程文学术语手册,9789620440151,董宁著,三联书店(香港)有限公司,IB-1-CH-1,95.0,IB23G11,0,1,1,2024-11-01 12:36:21,2024-11-01 12:36:21
isbn:9787504699879,图,图解行为经济学中的思维陷阱,9787504699879,波波工作室著,中国科学技术出版社,F069.9-64,69.0,IB23G11,0,2,1,2025-01-09 10:57:15,2025-01-09 10:58:17
isbn:9789620433641,國,國際文憑大學預科項目中文A語言與文學課程學習指導——文学卷(简体版),9789620433641,禹慧灵编著,三联书店(香港)有限公司,IB-1-CH-1,141.3,IB23G11,0,3,3,2024-12-26 09:28:06,2025-05-14 14:30:23
isbn:9787558043901,圣,圣诞颂歌,9787558043901,(英)狄更斯著,江苏凤凰美术出版社,I561.44,68.0,IB22G12,0,1,1,2024-11-13 09:00:17,2024-11-13 09:00:17
isbn:9787500879701,在,在希腊,9787500879701,（爱尔兰）马哈菲著,中国工人出版社,K125,54.0,IB24G10,1,2,1,2024-11-13 12:10:13,2025-01-08 16:23:16
isbn:9787532780822,在,在轮下,9787532780822,（德）黑塞著,上海译文出版社,I516.15,98.0,IB23G11,1,3,3,2025-01-09 13:10:11,2025-05-22 17:48:00
isbn:9787550022829,在,"在春天,去看一个人",9787550022829,沈从文著,百花洲文艺出版社,I246.7,58.0,IB22G12,0,2,2,2024-10-10 12:05:38,2024-10-22 12:38:39
isbn:9787559660503,在,在绝望之巅,9787559660503,(法)齐奥朗著 唐江译,北京联合出版公司,B565.59,49.8,IB24G10,0,1,1,2025-03-24 15:09:15,2025-03-24 15:09:15
isbn:9787532740260,在,在路上,9787532740260,(美)杰克·凯鲁亚克(Jack Kerouac) 著,上海译文出版社,I712.45,48.0,IB22G12,0,1,1,2024-11-15 08:40:31,2024-11-15 08:40:31
isbn:9787549513697,地,地书,9787549513697,徐冰,桂林,J522,58.0,IB24G10,0,1,1,2025-02-20 13:42:10,2025-02-20 13:42:10
isbn:9787508683003,地,地狱之行:1914-1949,9787508683003,(英)克肖著;林华译,中信出版社,K505,89.0,IB23G11,0,2,2,2024-09-04 17:29:17,2025-01-06 18:55:45
isbn:9787229117498,垃,垃圾DNA,9787229117498,"(英)内莎·凯里 (女，Carey, Nessa) 著",重庆出版社,Q523-49,39.8,IB24G10,0,1,1,2024-11-06 19:43:52,2024-11-06 19:43:52
isbn:9787532778140,基,基督山伯爵:全2册-上册,9787532778140,(法)大仲马著,上海译文出版社,I565.44,44.5,IB24G10,2,4,1,2024-10-22 14:51:47,2025-06-13 14:39:17
isbn:9787508680743,基,基因：不平等的遗传,9787508680743,"(美)道尔顿·康利 (Conley, Dalton) 著",中信出版集团股份有限公司,Q343.1-49,58.0,IB23G11,1,1,1,2024-10-28 16:36:06,2024-10-28 16:36:06
isbn:9787500170952,基,基因开关,9787500170952,（日）生田哲著,中译出版社,Q3-49,58.0,IB24G10,0,1,1,2024-11-04 10:58:50,2024-11-04 10:58:50
isbn:9787559407290,基,基因社会,9787559407290,(美)莱凯尔等著;尹晓虹等译,江苏凤凰文艺出版社,Q343.2,49.8,IB24G10,0,1,1,2024-12-09 11:42:56,2024-12-09 11:42:56
isbn:9787229168629,基,基因论,9787229168629,（美）摩尔根著,重庆出版社,Q343.1,48.0,IB24G10,0,2,1,2024-11-11 14:58:45,2025-05-12 16:07:19
isbn:9787532751242,基,基督山伯爵 （上）,9787532751242,(法)大仲马著,上海译文出版社,I565.44,39.0,IB24G10,0,3,2,2024-09-13 11:54:01,2025-03-20 12:13:00
isbn:9787518814466,基,基督教史：最初的三千年,9787518814466,(英)迪尔梅德·麦卡洛克,宗教文化出版社,B979,218.0,IB24G10,0,1,1,2025-05-15 15:22:52,2025-05-15 15:22:52
isbn:9787544732871,基,基督教神学,9787544732871,(英)福特著;吴周放译,译林出版社,B972,39.0,IB24G10,0,1,1,2025-04-07 10:37:12,2025-04-07 10:37:12
isbn:9787301272121,基,基础有机化学. 上册,9787301272121,邢其毅 (1911~2002) 著,北京大学出版社,O62,89.0,IB24G10,0,1,1,2024-10-11 16:23:12,2024-10-11 16:23:12
isbn:9787540254308,堂,堂吉诃德,9787540254308,（西）塞万提斯著,北京燕山出版社,I551.43,128.0,IB24G10,0,1,1,2025-02-25 15:31:20,2025-02-25 15:31:20
isbn:9787544784405,堕,堕落 流放与王国,9787544784405,（法）加缪著,译林出版社,I565.45,55.0,IB24G10,0,1,1,2025-02-17 11:46:49,2025-02-17 11:46:49
isbn:9787030609915,塑,塑料的世界,9787030609915,魏昕宇著,科学出版社,TB324-49,58.0,IB24G10,0,1,1,2024-09-04 17:58:41,2024-09-04 17:58:41
isbn:9787802204003,塔,塔木德,9787802204003,(美)赫里姆 著,中国画报出版社,F715,36.0,IB24G10,0,1,1,2024-09-04 11:25:54,2024-09-04 11:25:54
isbn:9787535794611,复,复杂的引擎,9787535794611,(美)梅菲尔德著;唐璐译,湖南科学技术出版社,TP301.5-49,59.0,IB24G10,1,1,1,2024-10-14 17:14:53,2024-10-14 17:14:53
isbn:9787532752409,复,复活,9787532752409,(俄罗斯)托尔斯泰著,上海译文出版社,I512.44,48.0,IB24G10,0,1,1,2024-11-29 12:34:08,2024-11-29 12:34:08
isbn:9787544296274,夏,夏天、烟火和我的尸体,9787544296274,（日）乙一著,南海出版公司,I313.45,45.0,IB24G10,0,1,1,2024-11-07 17:54:45,2024-11-07 17:54:45
isbn:9787513598255,夏,夏日终曲,9787513598255,(美)艾席蒙著,外语教学与研究出版社,I712.45,39.9,IB22G12,0,2,1,2024-11-15 12:08:46,2025-04-14 11:19:16
isbn:9787559640918,夏,夏目漱石浮世与病榻,9787559640918,(日)夏目漱石,北京联合出版公司,I313.65,29.0,IB22G12,0,1,1,2024-11-15 12:08:35,2024-11-15 12:08:35
isbn:9787201116693,外,外婆的道歉信,9787201116693,(瑞典)弗雷德里克·巴克曼著;孟汇一译,天津人民出版社,I532.45,42.0,IB24G10,0,1,1,2024-11-13 12:00:43,2024-11-13 12:00:43
isbn:9787559654168,夜,夜莺,9787559654168,(美)汉娜著,北京联合出版公司,I712.45,68.0,IB24G10,1,1,1,2024-09-24 11:46:34,2024-09-24 11:46:34
isbn:9787542669964,夜,夜晚的潜水艇,9787542669964,陈春成 (1990~) 著,上海三联书店,I247.7,52.0,IB24G10,0,1,1,2024-09-06 12:01:11,2024-09-06 12:01:11
isbn:9787540493127,夜,夜莺与玫瑰,9787540493127,（英）王尔德著,湖南文艺出版社,I561.88,45.0,IB24G10,0,1,1,2024-10-15 12:18:15,2024-10-15 12:18:15
isbn:9787544788588,夜,夜莺与玫瑰,9787544788588,（英）王尔德著,译林出版社,I561.88,38.0,IB24G10,0,1,1,2025-03-13 17:34:01,2025-03-13 17:34:01
isbn:9787208152472,大,"大秦帝国·第一部, 黑色裂变. 上卷",9787208152472,孙皓晖著,上海人民出版社,I247.53,18.0,IB24G10,1,9,9,2024-09-12 12:22:23,2025-01-06 07:23:26
isbn:9787115470294,大,大学之路 : 陪女儿在美国选大学. 上册,9787115470294,吴军,人民邮电出版社,G649.712.8,49.5,IB24G10,0,1,1,2025-01-10 10:35:05,2025-01-10 10:35:05
isbn:9787513338134,大,大象的证词,9787513338134,（英）克里斯蒂著,新星出版社,I561.45,42.0,IB23G11,0,1,1,2024-11-13 12:32:19,2024-11-13 12:32:19
isbn:9787302498872,大,大问题,9787302498872,希金斯著;张卜天译,清华大学出版社,B0,98.0,IB24G10,0,1,1,2024-09-12 17:21:00,2024-09-12 17:21:00
isbn:9787532790890,天,天堂,9787532790890,"(英)阿卜杜勒拉扎克·古尔纳 (Gurnah, Abdulrazak 1948~) 著",上海译文出版社,I561.45,78.0,IB24G10,1,1,1,2025-04-27 17:48:56,2025-04-27 17:48:56
isbn:9787801871527,天,天蓝色的彼岸,9787801871527,(英)希尔著;张雪松译,新世界出版社,I561.85,19.8,IB24G10,1,2,1,2024-09-11 11:49:13,2024-11-13 17:36:29
isbn:9787020126897,天,天使与魔鬼,9787020126897,(美)布朗著,人民文学出版社,I712.45,89.0,IB22G12,0,1,1,2025-05-08 11:34:19,2025-05-08 11:34:19
isbn:9787559437372,天,天才基本法：完结篇. 上,9787559437372,长洱 著,江苏凤凰文艺出版社,I247.5,39.0,IB24G10,0,1,1,2025-05-07 11:43:01,2025-05-07 11:43:01
isbn:9787201162638,天,天生有罪,9787201162638,"(南非)诺亚 (Noah, Trevor 1984.2-) 著",天津人民出版社,I478.55,68.0,IB24G10,0,2,2,2024-09-13 11:52:47,2024-11-15 12:08:42
isbn:9787544299787,天,天黑以后,9787544299787,村上春树,南海出版公司,I313.45,49.0,IB24G10,0,1,1,2024-11-26 17:21:35,2024-11-26 17:21:35
isbn:9787500092445,失,失落的一代：中国的上山下乡运动(1968~198),9787500092445,（法）潘鸣啸著,中国大百科全书出版社,D432.9,54.0,IB24G10,1,1,1,2024-09-04 17:25:08,2024-09-04 17:25:08
isbn:9787020126972,失,失落的秘符,9787020126972,(美)布朗著,人民文学出版社,I712.45,79.0,IB24G10,0,1,1,2024-10-23 17:38:20,2024-10-23 17:38:20
isbn:9787115388902,奇,奇妙数学的1个重大突破. 上册,9787115388902,"(英)埃尔威斯 (Elwes, Richard 1978~) 著",人民邮电出版社,O1-49,59.8,IB22G12,0,1,1,2024-09-24 17:07:22,2024-09-24 17:07:22
isbn:9787540237004,契,契诃夫短篇小说集,9787540237004,(俄罗斯)契诃夫著,北京燕山出版社,I512.44,29.0,IB24G10,2,3,2,2024-10-10 17:25:05,2024-11-14 11:47:06
isbn:9787020138074,契,契科夫短篇小说精选,9787020138074,契科夫著;汝龙译,人民文学出版社,I512.44,28.0,IB22G12,0,1,1,2024-12-06 13:38:51,2024-12-06 13:38:51
isbn:9787532788347,契,契诃夫传,9787532788347,（苏）格罗莫夫著,上海译文出版社有限公司,I512.45,98.0,IB22G12,0,1,1,2024-12-02 09:57:39,2024-12-02 09:57:39
isbn:9787302467052,女,女书规范字书法字帖,9787302467052,赵丽明 著,清华大学出版社,J292.1,69.8,IB23G11,1,2,1,2025-01-09 19:08:15,2025-01-10 10:26:44
isbn:9787533964160,女,女孩儿们,9787533964160,(俄)乌利茨卡娅著,浙江文艺出版社,I512.45,52.0,IB24G10,1,1,1,2025-03-17 07:52:54,2025-03-17 07:52:54
isbn:9787559612236,女,女孩们,9787559612236,(美)克莱因著;韩冬译,北京联合出版公司,I712.45,49.8,IB24G10,0,1,1,2025-04-02 16:44:59,2025-04-02 16:44:59
isbn:9787532181759,女,女性影像手册,9787532181759,张屏瑾著,上海文艺出版社,J905-53,49.0,IB23G11,0,1,1,2025-02-27 10:23:50,2025-02-27 10:23:50
isbn:9787201154527,女,女生徒,9787201154527,（日）太宰治(1909-1948)著,天津人民出版社,I313.45,39.8,IB24G10,0,1,1,2024-09-23 14:30:12,2024-09-23 14:30:12
isbn:9787521749571,她,她之所以为她,9787521749571,(法)加西亚,中信出版集团股份有限公司,C913.68,69.0,IB23G11,0,1,1,2025-06-05 07:29:05,2025-06-05 07:29:05
isbn:9787229105457,她,她们,9787229105457,(美)麦卡锡著,重庆出版社,I712.45,48.0,IB24G10,0,1,1,2024-09-26 13:17:08,2024-09-26 13:17:08
isbn:9787572502583,好,好好告别,9787572502583,（英）曼尼克斯著,河南科学技术出版社,I712.55,79.9,IB23G11,2,2,1,2024-09-02 12:22:13,2025-02-20 13:53:14
isbn:9787532789955,好,好笑的爱,9787532789955,（法）昆德拉著,上海译文出版社有限公司,I565.45,72.0,IB24G10,0,1,1,2024-10-16 12:16:06,2024-10-16 12:16:06
isbn:9787550287327,如,如何听爵士,9787550287327,"(美)特德·焦亚 (Gioia, Ted) 著",北京联合出版公司,J609.15,45.0,IB23G11,1,2,1,2024-11-14 11:51:27,2025-03-11 12:40:05
isbn:9787568942515,如,如何阅读达尔文,9787568942515,(英)马克·里德利,重庆大学出版社,Q111.2,52.0,IB24G10,1,1,1,2024-10-15 09:36:34,2024-10-15 09:36:34
isbn:9787521743951,如,如何从头开始做一个苹果派,9787521743951,（英）克利夫著,中信出版集团股份有限公司,O572.2,68.0,IB22G12,0,1,1,2024-12-03 16:34:48,2024-12-03 16:34:48
isbn:9787547320198,如,如何做一个领导者,9787547320198,（古罗马）普鲁塔克著,东方出版中心,C933,55.0,IB23G11,0,1,1,2025-06-05 07:28:56,2025-06-05 07:28:56
isbn:9787559614452,如,如何写影评（插图修订第8版）,9787559614452,"(美)蒂莫西·J. 科里根 (Corrigan, Timothy J.) 著",北京联合出版公司,J905,45.0,IB23G11,0,2,1,2025-03-03 11:56:14,2025-05-16 14:21:11
isbn:9787542673831,如,如何成为幸福的有钱人,9787542673831,(日)和田裕美著 英尔岛译,上海三联书店,F014.41,59.0,IB22G12,0,1,1,2024-12-19 13:36:10,2024-12-19 13:36:10
isbn:9787535691828,如,如何解读中世纪艺术,9787535691828,"(美)温迪·A. 斯坦 (Stein, Wendy A.) 著",湖南美术出版社,J150.093,78.0,IB23G11,0,1,1,2024-12-09 12:02:08,2024-12-09 12:02:08
isbn:9787544722292,如,"如果在冬夜,一个旅人",9787544722292,(意)卡尔维诺著;萧天佑译,译林出版社,I546.45,58.0,IB23G11,0,1,1,2025-04-14 16:56:58,2025-04-14 16:56:58
isbn:9787571015923,如,如果尸体会说话,9787571015923,（美）罗琦著,湖南科学技术出版社,R322,59.0,IB24G10,0,1,1,2025-03-25 16:59:43,2025-03-25 16:59:43
isbn:9787532763238,如,如果我们的语言是威士忌,9787532763238,(日)村上春树,上海译文出版社,I313.65,45.0,IB22G12,0,1,1,2024-10-21 12:41:11,2024-10-21 12:41:11
isbn:9787559843937,妇,妇女、家庭与法律实践,9787559843937,赵刘洋,广西师范大学出版社,D929.49,68.0,IB23G11,0,1,1,2025-03-18 16:57:41,2025-03-18 16:57:41
isbn:9787513349369,始,始于极限 : 女性主义往复书简,9787513349369,(日)上野千鹤子 (1948~) 著,新星出版社,C913.68-49,59.0,IB22G12,0,1,1,2024-09-09 07:47:20,2024-09-09 07:47:20
isbn:9787521704815,娱,娱乐何为,9787521704815,韩炳哲著,中信出版集团股份有限公司,B0,38.0,IB24G10,0,1,1,2024-10-28 12:11:41,2024-10-28 12:11:41
isbn:9787555911425,字,字母表谜案,9787555911425,"(日)大山诚一郎 (Oyama, Seiichiro, 1971~) 著",河南文艺出版社,I313.45,42.0,IB22G12,0,1,1,2025-01-07 17:25:39,2025-01-07 17:25:39
isbn:9787108050984,存,存在与虚无,9787108050984,"(法)萨特 (Sartre, Jean-Paul 1905~1980) 著",生活·读书·新知三联书店,B086,68.0,IB24G10,1,2,1,2024-10-08 12:11:45,2024-11-20 12:00:54
isbn:9787559662347,存,存在主义心理学的邀请,9787559662347,（丹）雅各布森著,北京联合出版公司,B84-066,59.0,IB24G10,1,1,1,2024-09-25 12:38:09,2024-09-25 12:38:09
isbn:9787532758012,存,存在主义是一种人道主义,9787532758012,（法）萨特著,上海译文出版社,B086,32.0,IB24G10,1,1,1,2024-11-25 12:09:14,2024-11-25 12:09:14
isbn:9787108050960,存,存在与时间,9787108050960,(德)海德格尔著;陈嘉映译,三联书店,B086,62.0,IB24G10,0,1,1,2025-05-15 16:55:19,2025-05-15 16:55:19
isbn:9787559814487,存,存在与时间,9787559814487,陈嘉映著,广西师范大学出版社,B086,45.0,IB24G10,0,2,1,2024-10-30 17:06:28,2024-12-05 16:18:40
isbn:9787559610782,存,存在主义咖啡馆:自由、存在和杏子鸡尾酒,9787559610782,(美)贝克韦尔,北京联合出版公司,B085,88.0,IB24G10,0,3,1,2024-11-14 08:31:58,2025-05-12 13:24:47
isbn:9787201140070,孤,孤独力,9787201140070,(日)午堂登纪雄 (1971~) 著,天津人民出版社,B821,42.8,IB24G10,0,1,1,2025-01-10 14:44:19,2025-01-10 14:44:19
isbn:9787572225789,孤,孤独是迷人的,9787572225789,（美）狄金森著,浙江教育出版社,I712.25,42.0,IB24G10,0,1,1,2024-09-06 14:00:10,2024-09-06 14:00:10
isbn:9787540453190,孤,孤独美食家,9787540453190,(日)村上龙 (1952.2~) 著,湖南文艺出版社,I313.45,49.0,IB24G10,0,1,1,2024-09-23 12:31:56,2024-09-23 12:31:56
isbn:9787300276311,宏,宏观经济学,9787300276311,"(美)N. 格里高利·曼昆 (Mankiw, N. Gregory) 著",中国人民大学出版社,F015,79.0,IB23G11,0,1,1,2024-09-03 12:31:38,2024-09-03 12:31:38
isbn:9787564237820,宏,宏观经济数据分析手册,9787564237820,李奇霖 著,上海财经大学出版社,F015-62,128.0,IB24G10,0,1,1,2024-12-18 07:45:18,2024-12-18 07:45:18
isbn:9787301095720,宗,宗教哲学经典选读,9787301095720,（美）斯图尔特著,北京大学出版社,B920,59.8,IB24G10,0,1,1,2025-03-11 17:30:27,2025-03-11 17:30:27
isbn:9787301262788,宗,宗教社会学,9787301262788,孙尚扬著,北京大学出版社,B920,45.0,IB22G12,0,1,1,2024-12-09 09:39:33,2024-12-09 09:39:33
isbn:9787542670540,宗,宗教社会学 宗教与世界,9787542670540,"(德)马克斯·韦伯 (Weber, Max 1864~1920) 著",上海三联书店,B920,80.0,IB24G10,0,1,1,2025-05-16 10:14:20,2025-05-16 10:14:20
isbn:9787513930826,审,审判,9787513930826,(奥)弗兰兹·卡夫卡 著,民主与建设出版社有限责任公司,I521.45,49.8,IB24G10,1,1,1,2025-03-31 06:53:06,2025-03-31 06:53:06
isbn:9787503971327,审,审美人类学,9787503971327,向丽著,文化艺术出版社,B83-05,128.0,IB22G12,0,1,1,2024-10-25 09:20:49,2024-10-25 09:20:49
isbn:9787539981635,密,密室收藏家,9787539981635,（日）大山诚一郎著,江苏凤凰文艺出版社,I313.45,36.0,IB22G12,0,2,1,2024-11-15 08:31:19,2024-12-16 14:22:10
isbn:9787208165212,对,对活人的治理：1979-198,9787208165212,（法）米歇尔·福柯著,上海 上海人民出版社 2020,B920,90.0,IB24G10,0,1,1,2025-03-10 11:19:55,2025-03-10 11:19:55
isbn:9787521727531,对,对称与不对称,9787521727531,"(美)李政道 (Lee,Tsung-Dao 1926.11~) 著",中信出版集团股份有限公司,O342,52.0,IB23G11,0,1,1,2024-09-12 17:33:51,2024-09-12 17:33:51
isbn:9787211089819,寻,寻求平衡,9787211089819,贞尧仔著,福建人民出版社,B821-49,56.0,IB24G10,1,1,1,2024-10-24 15:55:19,2024-10-24 15:55:19
isbn:9787532765492,寻,寻羊冒险记,9787532765492,(日)村上春树著,上海译文出版社,I313.45,46.0,IB22G12,0,1,1,2025-03-10 16:41:29,2025-03-10 16:41:29
isbn:9787221172310,导,导演课,9787221172310,（英）亚历山大·麦肯德里克著,贵州人民出版社,J911,78.0,IB22G12,0,1,1,2025-01-09 17:50:21,2025-01-09 17:50:21
isbn:9787532757008,小,小妇人,9787532757008,(美)奥尔科特著,上海译文出版社,I712.44,48.0,IB24G10,1,2,1,2024-09-05 11:40:40,2025-02-26 11:37:11
isbn:9787532762897,小,小径分岔的花园,9787532762897,(阿根廷)博尔赫斯著;王永年译,上海译文出版社,I783.45,35.0,IB23G11,1,2,1,2024-09-27 14:44:37,2024-11-26 09:26:18
isbn:9787506390507,小,小姨多鹤,9787506390507,(美)严歌苓 (女， 1958~) 著,作家出版社,I247.5,29.0,IB23G11,0,1,1,2025-03-31 17:27:55,2025-03-31 17:27:55
isbn:9787508672960,小,小岛经济学,9787508672960,(美)彼得著;胡晓姣译,中信出版社,F0-49,48.0,IB24G10,0,2,1,2024-09-02 17:42:00,2025-01-07 11:34:13
isbn:9787020156894,小,小说课,9787020156894,毕飞宇著,人民文学出版社,I106.4,49.0,IB23G11,0,1,1,2025-04-16 17:18:23,2025-04-16 17:18:23
isbn:9787521732962,少,少年、胭脂与灵怪,9787521732962,周恺著,中信出版集团股份有限公司,I247.7,49.0,IB24G10,0,1,1,2024-09-20 12:12:47,2024-09-20 12:12:47
isbn:9787544729680,尼,尼采,9787544729680,(英)坦纳著;于洋译,译林出版社,B516.47,39.0,IB24G10,0,1,1,2024-09-24 12:23:59,2024-09-24 12:23:59
isbn:9787532751471,局,局外人,9787532751471,(法)加缪著;柳鸣九译,上海译文出版社,I565.45,22.0,IB23G11,0,1,1,2024-09-12 12:19:57,2024-09-12 12:19:57
isbn:9787532761760,局,局外人,9787532761760,（法）加缪著,上海译文出版社,I565.45,32.0,IB24G10,0,3,1,2024-09-05 10:36:07,2024-11-13 12:00:47
isbn:9787020169283,山,山海变.1指间错,9787020169283,八月槎,人民文学出版社,I247.5,58.0,IB24G10,1,2,1,2025-02-24 11:16:51,2025-04-28 17:42:18
isbn:9787020169276,山,山海变.2绾青丝,9787020169276,八月槎,人民文学出版社,I247.5,58.0,IB24G10,1,2,1,2025-02-24 11:17:00,2025-04-28 17:42:25
isbn:9787020169290,山,山海变.3星野乱,9787020169290,八月槎,人民文学出版社,I247.5,58.0,IB24G10,1,2,1,2025-02-24 11:17:09,2025-04-30 11:43:07
isbn:9787020166732,山,山海变.4奔掠火,9787020166732,八月槎,人民文学出版社,I247.5,58.0,IB24G10,1,2,1,2025-03-14 07:24:08,2025-04-30 11:43:20
isbn:9787020166718,山,山海变.5旧时雨,9787020166718,八月槎,人民文学出版社,I247.5,58.0,IB24G10,1,2,1,2025-03-14 07:24:39,2025-05-06 07:24:08
isbn:9787020166725,山,山海变.6水云乡,9787020166725,八月槎,人民文学出版社,I247.5,58.0,IB24G10,1,2,1,2025-03-21 07:17:23,2025-05-06 07:23:56
isbn:9787544265027,山,山音,9787544265027,(日)川端康成 (1899~1972) 著,南海出版公司,I313.45,49.0,IB23G11,1,1,1,2024-09-10 16:34:59,2024-09-10 16:34:59
isbn:9787540485337,山,山茶文具店,9787540485337,(日)小川系著;王蕴洁译,湖南文艺出版社,I313.45,49.8,IB24G10,0,1,1,2024-09-24 11:01:09,2024-09-24 11:01:09
isbn:9787508681832,峰,峰会:影响2世纪的六场元首会谈,9787508681832,雷诺慈著;马俊译,中信出版社,K150.5,78.0,IB24G10,0,1,1,2024-12-26 11:49:42,2024-12-26 11:49:42
isbn:9787509016565,崔,崔健诗歌集,9787509016565,崔健著,当代世界出版社,I227,79.0,IB24G10,0,1,1,2025-03-11 10:40:46,2025-03-11 10:40:46
isbn:9787111595816,巨,巨人的文明,9787111595816,陈文捷著,机械工业出版社,TU-095.46,69.0,IB24G10,1,1,1,2025-03-06 10:42:15,2025-03-06 10:42:15
isbn:9787539989891,巨,巨人的陨落I,9787539989891,(英)福莱特著;于大卫译,江苏凤凰文艺出版社,I561.45,43.8,IB24G10,1,6,4,2024-09-04 12:16:50,2024-12-20 13:11:00
isbn:9787108056184,巨,巨流河,9787108056184,齐邦媛著,生活·读书·新知三联书店,I247.5,79.0,IB23G11,0,2,1,2025-04-07 17:24:19,2025-04-09 09:36:44
isbn:9787520150446,巴,巴比伦,9787520150446,(英）克里瓦切克著,社会科学文献出版社·甲骨文工作室(分社),K124.3,69.0,IB24G10,0,1,1,2025-03-21 11:57:41,2025-03-21 11:57:41
isbn:9787020137404,巴,巴黎圣母院,9787020137404,雨果著;陈敬容译,人民文学出版社,I565.44,45.0,IB23G11,0,1,1,2024-09-02 17:36:33,2024-09-02 17:36:33
isbn:9787532752355,巴,巴黎圣母院,9787532752355,(法)雨果著,上海译文出版社,I565.44,46.0,IB23G11,0,1,1,2024-09-02 17:36:33,2024-09-02 17:36:33
isbn:9787557026233,布,布匿战争 : 罗马、迦太基与地中海霸权的争夺,9787557026233,"(英)阿德里安·戈兹沃西 (Goldsworthy, Adrian Keith 1969~) 著",广东旅游出版社,K126,89.0,IB24G10,0,1,1,2025-02-19 11:50:25,2025-02-19 11:50:25
isbn:9787301311929,布,布拉格：黑色与金色之城,9787301311929,"(美)德默兹 (Demetz, Peter 1922~) 著",北京大学出版社,K524.9,78.0,IB24G10,0,1,1,2025-01-03 11:31:27,2025-01-03 11:31:27
isbn:9787111626305,布,布雷顿森林货币战,9787111626305,（美）斯泰尔著,,F827.12,79.0,IB22G12,0,1,1,2024-09-25 16:26:53,2024-09-25 16:26:53
isbn:9787544262705,希,希望之线,9787544262705,（日）东野圭吾著,南海出版公司,I313.45,59.0,IB23G11,0,2,1,2024-12-02 09:21:37,2025-04-18 13:32:40
isbn:9787557027476,希,希波战争,9787557027476,（英）格林著,广东旅游出版社,K125,84.0,IB24G10,0,1,1,2024-10-22 17:17:12,2024-10-22 17:17:12
isbn:9787100187718,希,希腊前的哲学,9787100187718,（美）米罗普著,商务印书馆,B302,75.0,IB23G11,0,1,1,2024-09-03 11:26:16,2024-09-03 11:26:16
isbn:9787544790208,帝,帝国的铸就：1861-1871,9787544790208,(美)贝兰著,译林出版社,K14,88.0,IB24G10,0,1,1,2024-09-04 12:33:47,2024-09-04 12:33:47
isbn:9787510892011,幕,幕末史,9787510892011,（日）半藤一利著,九州出版社,K313.36,72.0,IB24G10,0,1,1,2024-09-13 11:54:02,2024-09-13 11:54:02
isbn:9787530470954,平,平面设计完全手册,9787530470954,(德)韦格著,北京科学技术出版社,J506,89.0,IB22G12,2,2,1,2024-10-31 17:44:21,2025-04-07 11:55:50
isbn:9787547737941,平,平原上的摩西,9787547737941,双雪涛 (1983~) 著,北京日报出版社,I247.7,59.0,IB24G10,1,1,1,2024-10-23 12:07:15,2024-10-23 12:07:15
isbn:9787530221396,平,平凡的世界 .第一部,9787530221396,路遥著,北京十月文艺出版社,I247.5,46.0,IB23G11,0,1,1,2024-09-19 16:59:57,2024-09-19 16:59:57
isbn:9787553520643,平,平面国：多维空间传奇往事,9787553520643,"(英)埃德温·艾勃特(Abbott, Edwin A. ,1838-1926) 著",上海文化出版社,I561.45,39.8,IB24G10,0,2,1,2024-09-24 12:01:45,2024-10-18 12:41:56
isbn:9787544281232,平,平面犬,9787544281232,（日）乙一著,南海出版公司,I313.45,59.0,IB24G10,0,2,1,2024-09-04 16:41:30,2024-12-09 15:39:04
isbn:9787511740663,幽,幽默,9787511740663,（英）伊格尔顿著,中央编译出版社,C912.3,48.0,IB22G12,0,1,1,2024-10-12 10:55:21,2024-10-12 10:55:21
isbn:9787520420105,广,广东,9787520420105,澳大利亚Lonely Planet公司著,中国地图出版社,K928.965,79.0,IB23G11,0,1,1,2025-06-03 09:18:56,2025-06-03 09:18:56
isbn:9787100118798,广,广告说服力,9787100118798,（美）阿姆斯特朗著,商务印书馆,F713.80,158.0,IB22G12,0,1,1,2024-09-13 15:21:30,2024-09-13 15:21:30
isbn:9787532765690,广,广岛之恋,9787532765690,(法)杜拉斯著;谭立德译,上海译文出版社,I565.35,30.0,IB24G10,0,1,1,2024-10-09 12:14:30,2024-10-09 12:14:30
isbn:9787302466659,应,应用STATA做统计分析 : 更新至STATA12 : 原书第8版,9787302466659,"(美)劳伦斯·C. 汉密尔顿 (Hamilton, Lawrence C.) 著",清华大学出版社,C819,79.8,IB22G12,0,1,1,2024-12-06 14:36:47,2024-12-06 14:36:47
isbn:9787305249624,庭,庭院深处，是哪辆镀铬把手的小自行车？,9787305249624,（法）佩雷克著,南京大学出版社,I565.45,45.0,IB22G12,0,1,1,2024-09-23 17:48:52,2024-09-23 17:48:52
isbn:9787108065490,康,康德,9787108065490,"库尔-旺特 (Kul-Want, Christopher) (英) 文",生活·读书·新知三联书店,B516.31,32.0,IB22G12,1,1,1,2024-10-30 17:12:07,2024-10-30 17:12:07
isbn:9787100176910,康,康德,9787100176910,（德）布兰特著,商务印书馆,B516.31,45.0,IB24G10,0,1,1,2025-03-14 12:03:16,2025-03-14 12:03:16
isbn:9787511735034,康,康德的世界,9787511735034,（德）盖尔著,中央编译出版社,B516.31,49.0,IB24G10,0,1,1,2025-03-06 09:08:29,2025-03-06 09:08:29
isbn:9787559664976,建,建筑课,9787559664976,林徽因著,北京联合出版公司,TU-0,21.0,IB24G10,1,1,1,2024-09-06 12:30:12,2024-09-06 12:30:12
isbn:9787807680284,建,建筑,9787807680284,（英）弗伦奇著,生活·读书·新知三联书店,TU-092,43.0,IB24G10,0,1,1,2025-01-02 17:31:34,2025-01-02 17:31:34
isbn:9787513565202,建,建筑与文化,9787513565202,（英）巴兰坦 著,外语教学与研究出版社,TU-861,20.0,IB23G11,0,1,1,2025-05-16 14:20:21,2025-05-16 14:20:21
isbn:9787111711544,建,建筑师的1堂必修课,9787111711544,罗松著,机械工业出版社,TU,49.0,IB24G10,0,2,1,2024-12-20 13:11:00,2025-03-21 11:58:34
isbn:9787805018195,建,建筑鉴赏方法,9787805018195,(意)普利纳著,北京美术摄影出版社,TU-861,69.8,IB24G10,0,1,1,2025-04-23 15:45:23,2025-04-23 15:45:23
isbn:9787532186198,弗,弗吉尼亚·伍尔夫传,9787532186198,（英）林德尔.戈登著,上海文艺出版社,K835.615.6,88.0,IB24G10,1,1,1,2025-05-28 15:54:33,2025-05-28 15:54:33
isbn:9787100149914,弗,弗雷格,9787100149914,(英)达米特 著,商务印书馆,B516.59,85.0,IB22G12,0,1,1,2024-10-10 16:41:14,2024-10-10 16:41:14
isbn:9787562490234,弦,弦理论,9787562490234,(美)古布泽著,重庆大学出版社,O41,29.0,IB23G11,0,1,1,2024-10-12 12:41:53,2024-10-12 12:41:53
isbn:9787508661766,当,当下的力量:白金版,9787508661766,(德)托利著;曹植译,中信出版社,B821-49,59.0,IB24G10,2,2,1,2024-10-24 12:11:06,2025-01-10 11:30:18
isbn:9787552039580,当,当代科学事实的争论研究,9787552039580,张帆著,上海社会科学院出版社,N02,88.0,IB22G12,0,1,1,2024-09-25 08:54:32,2024-09-25 08:54:32
isbn:9787020142187,彷,彷徨,9787020142187,鲁迅著,人民文学出版社,I210.6,26.0,IB24G10,1,1,1,2024-11-15 11:40:55,2024-11-15 11:40:55
isbn:9787020142637,彷,彷徨,9787020142637,鲁迅著,人民文学出版社,I210.6,18.0,IB24G10,0,1,1,2024-11-25 17:05:06,2024-11-25 17:05:06
isbn:9787544276207,彷,彷徨之刃,9787544276207,(日)东野圭吾著,南海出版公司,I313.45,39.5,IB22G12,0,1,1,2024-12-16 14:30:26,2024-12-16 14:30:26
isbn:9787532780693,微,微暗的火,9787532780693,（美）纳博科夫著,上海译文出版社有限公司,I712.45,63.0,IB22G12,0,1,1,2024-12-23 10:12:49,2024-12-23 10:12:49
isbn:9787115500557,微,微积分入门,9787115500557,(日)小平邦彦著,人民邮电出版社,O172,99.0,IB24G10,0,1,1,2024-09-04 17:27:25,2024-09-04 17:27:25
isbn:9787030084699,微,微积分和数学分析引论. 第一卷. 第二分册,9787030084699,"(美)R. 柯朗 (Courant, Richard 1888~1972) 著",科学出版社,O17,99.0,IB24G10,0,2,2,2024-09-04 15:48:04,2024-09-05 16:35:10
isbn:9787521723298,微,微积分的力量,9787521723298,"(美)史蒂夫·斯托加茨 (Strogatz, Steven) 著",中信出版社,O172-49,69.0,IB23G11,0,1,1,2024-09-30 12:09:46,2024-09-30 12:09:46
isbn:9787100205900,微,微积分的计算：数理经济学与统计经济学辅助教程,9787100205900,"(美) 费雪( Fisher, Irving)著",商务印书馆,O172,26.0,IB24G10,0,2,1,2024-09-30 09:58:15,2024-11-06 15:43:41
isbn:9787544286107,德,德国简史,9787544286107,（美）帕米利著,南海出版公司,K516.09,35.0,IB23G11,0,1,1,2024-09-04 17:31:45,2024-09-04 17:31:45
isbn:9787559661586,德,德米安,9787559661586,(德)黑塞,北京联合出版公司,I516.45,42.0,IB24G10,0,1,1,2024-09-23 12:23:32,2024-09-23 12:23:32
isbn:9787532775644,心,心理神探:我与FBI心理画像术,9787532775644,(美)道格拉斯,上海译文出版社,I712.45,58.0,IB24G10,1,1,1,2024-09-30 12:27:03,2024-09-30 12:27:03
isbn:9787020175208,心,心向原野,9787020175208,（英）梅比著,人民文学出版社,I561.65,65.0,IB24G10,0,1,1,2024-11-22 10:14:32,2024-11-22 10:14:32
isbn:9787508675534,心,心流:最优体验心理学,9787508675534,(美)契克森米哈赖著;张定绮译,中信出版社,B84-49,49.0,IB24G10,0,1,1,2024-11-07 17:04:00,2024-11-07 17:04:00
isbn:9787108052742,心,心理学,9787108052742,"(英)班森 (Benson, Nigel C.) 文",生活·读书·新知三联书店,B84,28.0,IB22G12,0,1,1,2024-09-24 16:44:02,2024-09-24 16:44:02
isbn:9787562494669,心,心理学之书,9787562494669,"(美)皮克伦著;杨文登,殷融,苏得权译;叶浩生",重庆大学出版社,B84-49,88.0,IB22G12,0,2,2,2024-09-25 08:54:38,2024-09-25 08:59:19
isbn:9787519299118,心,心理治疗为什么有用,9787519299118,（美）科佐利诺著,世界图书出版有限公司北京分公司,R749.055,59.0,IB22G12,0,1,1,2024-11-22 12:07:20,2024-11-22 12:07:20
isbn:9787532168750,快,快乐的死,9787532168750,"(法)阿尔贝·加缪 (Camus, Albert 1913~1960) 著",上海文艺出版社,I565.45,39.0,IB23G11,0,2,1,2024-09-12 12:19:53,2025-04-18 14:43:37
isbn:9787532180127,快,快乐的死,9787532180127,（法）加缪著,上海文艺出版社,I565.45,68.0,IB24G10,0,1,1,2024-10-09 12:14:36,2024-10-09 12:14:36
isbn:9787559621436,怀,怀疑论者:理性看世界,9787559621436,(美)舍默著;李可怡译,北京联合出版公司,B083,42.0,IB24G10,0,1,1,2024-11-11 14:03:22,2024-11-11 14:03:22
isbn:9787521745986,思,思考就是我的抵抗,9787521745986,（英）吴尔夫著,中信出版集团股份有限公司,I561.65,49.0,IB24G10,1,1,1,2024-09-05 11:17:33,2024-09-05 11:17:33
isbn:9787500170662,思,思想经济学,9787500170662,（英）沙著,中译出版社,I561.55,68.0,IB24G10,0,1,1,2024-09-19 12:18:51,2024-09-19 12:18:51
isbn:9787508633558,思,"思考,快与慢",9787508633558,"(美)卡尼曼著,李爱民,何梦莹译",中信出版社,F069.9-49,69.0,IB24G10,0,4,2,2024-12-10 12:08:15,2025-04-28 16:57:00
isbn:9787533941628,性,性学三论,9787533941628,（奥）弗洛伊德著,浙江文艺出版社,C913.14,32.0,IB24G10,1,1,1,2024-10-10 09:57:58,2024-10-10 09:57:58
isbn:9787545910056,性,性格心理学,9787545910056,邹宏明著,鹭江出版社,B848-49,32.0,IB24G10,0,1,1,2024-09-25 12:37:59,2024-09-25 12:37:59
isbn:9787530218723,怨,怨女,9787530218723,张爱玲著,北京十月文艺出版社,I246.7,55.0,IB22G12,0,1,1,2024-09-04 16:26:29,2024-09-04 16:26:29
isbn:9787508681436,怪,"怪诞行为学. 2, 非理性的积极力量",9787508681436,"(美)丹·艾瑞里 (Ariely, Dan) 著",中信出版集团股份有限公司,F069.9,45.0,IB24G10,2,3,1,2024-09-04 17:00:12,2025-06-11 18:05:11
isbn:9787508680965,怪,怪诞行为学,9787508680965,(美)艾瑞里著,中信出版社,F069.9-49,48.0,IB23G11,0,1,1,2025-01-09 10:57:15,2025-01-09 10:57:15
isbn:9787508680972,怪,"怪诞行为学. 3, 非理性的你",9787508680972,"(美)丹·艾瑞里 (Ariely, Dan) 著",中信出版集团股份有限公司,F069.9,42.0,IB23G11,0,1,1,2024-12-12 08:58:06,2024-12-12 08:58:06
isbn:9787508681481,怪,"怪诞行为学. 4, 诚实的真相",9787508681481,"(美)丹·艾瑞里 (Ariely, Dan) 著",中信出版集团股份有限公司,F069.9,45.0,IB23G11,0,1,1,2024-12-17 08:28:50,2024-12-17 08:28:50
isbn:9787521711981,怪,"怪诞行为学. 6, 非凡的决定",9787521711981,"(美)丹·艾瑞里 (Ariely, Dan) 著",中信出版集团股份有限公司,F069.9,49.0,IB23G11,0,1,1,2025-01-09 10:58:49,2025-01-09 10:58:49
isbn:9787532785520,总,总结：毛姆创作生涯回忆录,9787532785520,（英）毛姆著,上海译文出版社有限公司,I561.55,52.0,IB23G11,0,1,1,2024-12-23 18:08:56,2024-12-23 18:08:56
isbn:9787201112695,悉,悉达多,9787201112695,(德)黑塞著 姜乙译,天津人民出版社,I516.45,32.0,IB24G10,0,3,1,2024-09-23 10:48:23,2025-03-27 12:22:26
isbn:9787542872326,悖,悖论与谬误,9787542872326,"(美)马丁·加德纳 (Gardner, Martin) 著",上海科技教育出版社有限公司,O1-49,55.0,IB22G12,0,1,1,2024-09-19 12:04:43,2024-09-19 12:04:43
isbn:9787115598561,悲,悲伤即成长,9787115598561,(美)芬奇著,人民邮电出版社,B821-49,59.8,IB24G10,1,2,1,2024-10-24 15:55:24,2025-01-10 14:44:19
isbn:9787544292870,情,情书,9787544292870,(日)岩井俊二著,南海出版公司,I313.45,45.0,IB23G11,0,1,1,2024-09-26 16:59:19,2024-09-26 16:59:19
isbn:9787208178755,情,情节与历史叙事,9787208178755,(法）利科著,上海人民出版社,B089.2,85.0,IB24G10,0,1,1,2024-12-24 11:56:20,2024-12-24 11:56:20
isbn:9787521311532,惊,惊艳一击：数理史上的绝妙证明,9787521311532,曹则贤 (1966~) 著,外语教学与研究出版社,O-091,69.0,IB22G12,0,1,1,2024-09-11 08:55:09,2024-09-11 08:55:09
isbn:9787559457493,惜,惜别,9787559457493,(日)太宰治著,江苏凤凰文艺出版社,I313.45,52.0,IB23G11,1,1,1,2024-09-10 16:34:19,2024-09-10 16:34:19
isbn:9787555024941,想,想呀想呀想不停,9787555024941,（日）吉竹伸介著,海峡文艺出版社,I313.65,49.8,IB23G11,0,1,1,2024-12-02 09:17:15,2024-12-02 09:17:15
isbn:9787532764082,想,想象,9787532764082,(法)萨特著 杜小真译,上海译文出版社,B565.53,48.0,IB24G10,0,2,1,2024-10-16 12:16:06,2024-12-24 11:56:16
isbn:9787521700381,想,想象一朵未来的玫瑰：佩索阿诗选,9787521700381,（葡）佩索阿著,中信出版社,I552.25,59.8,IB22G12,0,1,1,2024-10-17 08:36:22,2024-10-17 08:36:22
isbn:9787208138490,想,想象的共同体 : 民族主义的起源与散布,9787208138490,"(美)本尼迪克特·安德森 (Anderson, Benedict 1936~) 著",上海人民出版社,D091.5,58.0,IB23G11,0,1,1,2024-09-02 12:37:51,2024-09-02 12:37:51
isbn:9787532172092,惶,惶然录,9787532172092,佩索阿,上海文艺出版社,I552.65,68.0,IB22G12,1,1,1,2024-12-23 09:58:35,2024-12-23 09:58:35
isbn:9787220109010,戏,戏剧概论,9787220109010,"(日)河竹登志夫著;陈秋峰,杨国华译",四川人民出版社,J80,49.8,IB22G12,0,1,1,2024-09-24 15:29:15,2024-09-24 15:29:15
isbn:9787576005127,成,成为人类学家,9787576005127,黄剑波主编 龚浩群主编 李伟华主编,华东师范大学出版社,Q98-53,49.0,IB24G10,0,1,1,2025-05-28 11:44:06,2025-05-28 11:44:06
isbn:9787530223970,我,我们生活在巨大的差距里,9787530223970,余华 著,北京十月文艺出版社,I267.1,59.0,IB24G10,2,2,1,2024-10-25 11:12:22,2025-03-18 17:39:17
isbn:9787573902740,我,我们为什么爱音乐,9787573902740,(美)莱维廷著,浙江科学技术出版社,B849,58.0,IB23G11,1,2,1,2024-11-14 11:51:36,2025-03-11 12:40:19
isbn:9787540478087,我,我与地坛:插图版,9787540478087,史铁生著,湖南文艺出版社,I267,56.0,IB24G10,0,2,1,2024-12-05 16:31:32,2025-01-08 11:33:05
isbn:9787552706673,我,我从未如此眷恋人间,9787552706673,史铁生,读者出版社,I266,49.8,IB22G12,0,1,1,2024-09-04 16:26:56,2024-09-04 16:26:56
isbn:9787108051714,我,我们仨,9787108051714,杨绛著,生活·读书·新知三联书店,I267,35.0,IB24G10,0,1,1,2024-10-24 16:05:14,2024-10-24 16:05:14
isbn:9787559651709,我,我将宇宙随身携带,9787559651709,(葡)佩索阿著,北京联合出版公司,I552.25,58.0,IB24G10,0,1,1,2025-04-27 07:19:22,2025-04-27 07:19:22
isbn:9787020128075,我,我弥留之际,9787020128075,（美）福克纳著,人民文学出版社,I712.45,42.0,IB24G10,0,1,1,2024-09-06 13:59:52,2024-09-06 13:59:52
isbn:9787543987135,我,我想和你谈谈精神病人的世界,9787543987135,(韩)理端 著,上海科学技术文献出版社,R749,59.8,IB22G12,0,1,1,2024-10-12 11:01:28,2024-10-12 11:01:28
isbn:9787505755116,我,我是怎样设计赛车的,9787505755116,（英）纽维著,中国友谊出版公司,K835.61,120.0,IB24G10,0,1,1,2024-09-05 12:31:34,2024-09-05 12:31:34
isbn:9787509775899,我,"我是谁?如果有我,有几个我?",9787509775899,(德)理查德·大卫·普列斯特,社会科学文献出版社,B,62.0,IB24G10,0,1,1,2025-01-10 12:53:14,2025-01-10 12:53:14
isbn:9787100143288,我,我的世界观,9787100143288,（美）爱因斯坦著,商务印书馆,K837.126,46.0,IB24G10,0,1,1,2024-10-12 12:20:35,2024-10-12 12:20:35
isbn:9787203107552,我,我的十堂大体解剖课,9787203107552,何翰蓁 著,山西人民出版社,R322,36.0,IB24G10,0,1,1,2025-03-21 07:16:24,2025-03-21 07:16:24
isbn:9787020120130,我,我的天才女友,9787020120130,"(意)费兰特著,陈英译",人民文学出版社,I546.45,65.0,IB24G10,0,1,1,2024-09-13 11:54:39,2024-09-13 11:54:39
isbn:9787533962418,我,我的心迟到了：佩索阿情诗,9787533962418,"（葡）佩索阿 (Pessoa, Fernando Antonio Nogueira) (1888-1935)著",浙江文艺出版社,I552.25,98.0,IB24G10,0,2,1,2024-09-23 10:48:35,2024-10-17 08:36:22
isbn:9787519283698,我,我需要去看心理医生吗？,9787519283698,（英）波特利著,世界图书出版有限公司北京分公司,R395.6,58.0,IB22G12,0,1,1,2024-11-20 08:24:50,2024-11-20 08:24:50
isbn:9787521717808,战,战争中没有女性,9787521717808,"(白俄)S. A. 阿列克谢耶维奇 (Алекс?ев?ч, СвятланаАляксандра?на 1948~) 著",中信出版社,I511.45,69.0,IB23G11,1,2,1,2025-01-10 11:16:07,2025-04-17 18:01:01
isbn:9787101085686,战,战国策.上册,9787101085686,"缪文远,著",中华书局,K231.04,38.0,IB24G10,0,1,1,2025-05-15 09:31:54,2025-05-15 09:31:54
isbn:9787570209392,战,战神的后裔,9787570209392,郑文光 (1929~2003) 著,长江文艺出版社,I247.5,26.0,IB24G10,0,1,1,2025-05-12 07:23:59,2025-05-12 07:23:59
isbn:9787500171980,戴,戴维营三天,9787500171980,（美）加滕著,中译出版社,F11,89.0,IB24G10,3,3,1,2024-09-24 09:48:33,2025-01-08 15:33:01
isbn:9787559614636,房,房思琪的初恋乐园,9787559614636,林奕含 (1991~2017) 著,北京联合出版公司,I247.5,45.0,IB24G10,0,1,1,2024-10-11 17:16:57,2024-10-11 17:16:57
isbn:9787521727258,房,房间里的大象,9787521727258,(以)泽鲁巴维尔著,中信出版社,C912.6,49.0,IB22G12,0,1,1,2024-10-12 11:00:04,2024-10-12 11:00:04
isbn:9787532582112,才,才女之累：李清照及其接受史,9787532582112,"(美)艾朗诺 (Egan, Ronald C.) 著",上海古籍出版社,I207.23,78.0,IB23G11,0,1,1,2025-02-27 11:54:56,2025-02-27 11:54:56
isbn:9787519306281,托,托福考试官方指南,9787519306281,美国教育考试中心,群言出版社,H310.41,168.0,IB24G10,0,1,1,2024-09-04 16:54:03,2024-09-04 16:54:03
isbn:9787300232317,技,技术哲学讲演录,9787300232317,吴国盛著,中国人民大学出版社,N02,38.0,IB22G12,0,1,1,2024-09-25 08:52:39,2024-09-25 08:52:39
isbn:9787213087912,技,"技术的本质:技术是什么,他是如何进化的",9787213087912,"(美)阿瑟著;曹东溟,王健译",浙江人民出版社,N0,79.9,IB22G12,0,2,2,2024-09-25 08:58:27,2024-09-25 09:06:43
isbn:9787532176953,把,把自己作为方法 : 与项飙谈话,9787532176953,项飚 (1972~) 著,上海文艺出版社,C958-53,48.0,IB22G12,0,1,1,2025-04-21 14:55:33,2025-04-21 14:55:33
isbn:9787576601220,抑,抑郁躯体化的跨文化研究,9787576601220,周晓璐著,东南大学出版社,R749.4,45.0,IB22G12,1,1,1,2024-10-12 11:01:40,2024-10-12 11:01:40
isbn:9787522901213,抑,抑郁、焦虑和药物的那些事,9787522901213,（加）斯莱特著,中国纺织出版社有限公司,R964,109.9,IB22G12,0,2,1,2024-10-12 11:02:36,2024-11-20 08:25:14
isbn:9787507551341,拉,拉丁美洲史,9787507551341,韦伯斯特著,华文出版社,K73,98.0,IB24G10,0,2,1,2024-11-22 13:43:31,2025-03-03 12:11:47
isbn:9787559631282,拉,拉斐尔：柔美与和谐,9787559631282,(法)西尔维·吉拉尔－拉戈斯 著,北京联合出版公司,J205.546,98.0,IB23G11,0,1,1,2024-12-10 10:19:47,2024-12-10 10:19:47
isbn:9787544294041,拍,拍电影时我在想的事,9787544294041,(日)是枝裕和 (1962~) 著,南海出版公司,I313.65,88.0,IB23G11,1,1,1,2024-09-10 16:34:59,2024-09-10 16:34:59
isbn:9787505755987,拒,拒绝平庸：25个引领市场的营销法则,9787505755987,（德）谢勒著,中国友谊出版公司,F713.50,128.0,IB24G10,0,1,1,2024-09-10 17:24:16,2024-09-10 17:24:16
isbn:9787520118156,拜,拜占庭的新生,9787520118156,(美）诺里奇著,社会科学文献出版社,K134,79.0,IB24G10,0,2,1,2024-09-29 17:37:04,2025-02-26 11:53:09
isbn:9787560898292,拼,拼贴城市 Collage city,9787560898292,罗,同济大学出版社,TU-021,128.0,IB23G11,0,1,1,2025-03-03 11:49:32,2025-03-03 11:49:32
isbn:9787502854911,拿,拿起就放不下的经济学,9787502854911,张江生著,地震出版社,F0-49,68.0,IB23G11,0,1,1,2024-12-12 08:58:06,2024-12-12 08:58:06
isbn:9787532765546,挪,挪威的森林,9787532765546,(日)村上春树著,上海译文出版社,I313.45,56.0,IB22G12,0,1,1,2024-10-14 14:36:21,2024-10-14 14:36:21
isbn:9787020164257,推,推拿,9787020164257,毕飞宇著,人民文学出版社,I247.5,59.0,IB23G11,0,1,1,2025-04-08 08:00:32,2025-04-08 08:00:32
isbn:9787532783038,推,推销员之死,9787532783038,"(美)阿瑟·米勒 (Miller, Arthur 1915~2005) 著",上海译文出版社,I712.35,52.0,IB24G10,0,1,1,2024-12-11 12:19:03,2024-12-11 12:19:03
isbn:9787300314990,摆,摆脱内心的白熊,9787300314990,（美）阿布拉莫维茨著,中国人民大学出版社,R749.99,89.0,IB22G12,1,1,1,2024-10-12 11:01:47,2024-10-12 11:01:47
isbn:9787549620616,摩,摩根财团,9787549620616,（美）彻诺著,文汇出版社,F837.12,198.0,IB24G10,1,1,1,2024-09-10 17:27:30,2024-09-10 17:27:30
isbn:9787557024833,改,改变历史的香料商人,9787557024833,（英）米尔顿著,广东旅游出版社,I561.45,72.0,IB22G12,0,1,1,2025-03-13 10:05:11,2025-03-13 10:05:11
isbn:9787115527073,改,改变心理学的4项研究,9787115527073,"(美)霍克 (Hock, Roger R.) 著",人民邮电出版社,B84,88.0,IB24G10,0,2,1,2024-09-04 13:47:49,2024-09-25 08:21:16
isbn:9787115472342,改,改变心理学的4项研究:第7版,9787115472342,(美)霍克著 白学军译,人民邮电出版社,B84,48.0,IB22G12,0,1,1,2024-09-11 08:47:41,2024-09-11 08:47:41
isbn:9787544732819,政,政治哲学与幸福根基,9787544732819,(英)罚勒著;李里峰译,译林出版社,D0,39.0,IB24G10,2,2,1,2024-12-20 15:01:53,2025-03-19 16:28:57
isbn:9787544729826,政,政治的历史与边界,9787544729826,"(英)肯尼思·米诺格 (Minogue, Kenneth) 著",译林出版社,D0,39.0,IB24G10,1,1,1,2024-12-20 15:02:03,2024-12-20 15:02:03
isbn:9787100131889,政,政治学,9787100131889,(古希腊)亚里士多德 (Aristoteles 前384~前322) 著,商务印书馆,D0,62.0,IB24G10,0,1,1,2024-11-25 11:37:52,2024-11-25 11:37:52
isbn:9787300311555,政,政治情感,9787300311555,（美）努斯鲍姆著,中国人民大学出版社,D0-02,118.0,IB24G10,0,1,1,2025-04-24 13:15:50,2025-04-24 13:15:50
isbn:9787100121040,政,政治经济学的特征与逻辑方法,9787100121040,(英)凯尔恩斯著,商务印书馆,F0,28.0,IB22G12,0,1,1,2024-09-24 17:53:48,2024-09-24 17:53:48
isbn:9787100129787,政,政治经济学的范围与方法,9787100129787,"（英）凯恩斯 (Keynes, John Neville)著",商务印书馆,F0,30.0,IB22G12,0,1,1,2024-09-24 16:29:47,2024-09-24 16:29:47
isbn:9787201089560,故,故事新编,9787201089560,鲁迅著,天津人民出版社,I210.6,25.0,IB24G10,1,1,1,2024-11-15 11:42:59,2024-11-15 11:42:59
isbn:9787305232848,效,效率崇拜,9787305232848,"(加)贾尼丝·格罗斯·斯坦 (Stein, Janice Gross 1943-) 著",南京大学出版社,F069.9,59.0,IB24G10,0,2,1,2025-04-30 11:50:29,2025-06-04 17:09:37
isbn:9787532788125,教,教堂尖塔,9787532788125,（英）戈尔丁著,上海译文出版社有限公司,I561.45,68.0,IB24G10,0,1,1,2024-09-06 11:53:41,2024-09-06 11:53:41
isbn:9787559424020,教,教父,9787559424020,(美)普佐著;姚向辉译,江苏凤凰文艺出版社,I712.45,89.9,IB24G10,0,1,1,2024-10-14 15:08:00,2024-10-14 15:08:00
isbn:9787561755211,教,教育研究方法:专题与案例,9787561755211,刘良华著,华东师范大学出版社,G40-034,40.0,IB22G12,0,1,1,2024-09-24 17:00:28,2024-09-24 17:00:28
isbn:9787040589177,数,数学建模教学案例精选,9787040589177,韩中庚著,高等教育出版社,O141.4,41.1,IB24G10,1,1,1,2025-03-31 12:19:45,2025-03-31 12:19:45
isbn:9787544745239,数,数学,9787544745239,"(英)蒂莫西·高尔斯 (Gowers, Timothy) 著",译林出版社,O1-0,39.0,IB22G12,0,2,2,2024-09-24 16:44:42,2024-09-24 17:07:31
isbn:9787520007306,数,数学史,9787520007306,(美)卡约里著,中国大地出版社,O11,99.0,IB22G12,0,1,1,2024-09-24 17:16:51,2024-09-24 17:16:51
isbn:9787543978140,数,数学史话,9787543978140,王渝生 (1943.8~) 编著,上海科学技术文献出版社,O112-49,88.0,IB22G12,0,1,1,2024-09-24 17:17:13,2024-09-24 17:17:13
isbn:9787535295330,数,数学哲学,9787535295330,张景中 (1936~) 著,湖北科学技术出版社,O1-0,58.0,IB22G12,0,1,1,2024-09-24 14:33:45,2024-09-24 14:33:45
isbn:9787111479529,数,数学建模,9787111479529,(美)吉奥丹诺著;叶其孝译,机械工业出版社,O141.4,99.0,IB24G10,0,1,1,2024-09-04 17:27:25,2024-09-04 17:27:25
isbn:9787302587590,数,数学建模实用教程,9787302587590,付丽华著,清华大学出版社,O141.4,56.0,IB24G10,0,1,1,2024-09-24 12:24:49,2024-09-24 12:24:49
isbn:9787030449696,数,数学思想与文化,9787030449696,张若军 (数学) 编著,科学出版社,O1-0,45.0,IB22G12,0,1,1,2024-09-24 16:20:34,2024-09-24 16:20:34
isbn:9787030326393,数,数学猜想与发现,9787030326393,徐品方著,科学出版社,O1-49,48.0,IB22G12,0,1,1,2024-09-24 13:11:43,2024-09-24 13:11:43
isbn:9787519295998,数,数学珍宝集,9787519295998,（美）安德烈埃斯库著,世界图书出版有限公司北京分公司,O1-44,59.0,IB23G11,0,1,1,2024-09-12 17:40:42,2024-09-12 17:40:42
isbn:9787559828804,数,数学的语言 : 化无形为可见,9787559828804,"(美)齐斯·德福林 (Devlin, Keith J. 1947~) 著",广西师范大学出版社,O1-49,56.0,IB22G12,0,1,1,2024-09-11 12:18:58,2024-09-11 12:18:58
isbn:9787508679464,数,数学简史,9787508679464,蔡天新著,中信出版社,O11-49,58.0,IB22G12,0,2,2,2024-09-11 12:18:37,2024-09-24 13:11:27
isbn:9787559610942,数,数理化通俗演义 上,9787559610942,梁衡 (1946~) 著,北京联合出版公司,I247.4,34.0,IB22G12,0,4,4,2024-09-25 08:09:26,2024-09-25 08:09:45
isbn:9787576004441,文,文学批评入门,9787576004441,汤拥华 (1976~) 著,华东师范大学出版社,I06,54.0,IB22G12,0,2,1,2024-11-07 17:06:12,2025-04-16 17:18:23
isbn:9787040401615,文,文学批评导引 (第二版）,9787040401615,王先霈 (1939.7~) 主编,高等教育出版社,I06,33.5,IB24G10,0,1,1,2024-11-18 16:27:52,2024-11-18 16:27:52
isbn:9787301249987,文,文学术语词典,9787301249987,(美)艾布拉姆斯著;吴松江译,北京大学出版社,I-61,138.0,IB23G11,0,1,1,2024-10-25 14:46:00,2024-10-25 14:46:00
isbn:9787020164462,文,文学爆炸”亲历记,9787020164462,(智)多诺索著,人民文学出版社,I784.55,36.0,IB23G11,0,1,1,2024-11-12 11:05:08,2024-11-12 11:05:08
isbn:9787213077272,文,文学理论,9787213077272,"(美)韦勒克 (Wellek, Rene 1903~1995) 著",浙江人民出版社,I0,60.0,IB22G12,0,1,1,2025-04-28 16:53:17,2025-04-28 16:53:17
isbn:9787544729666,文,文学理论入门,9787544729666,(美)卡勒著;李平译,译林出版社,I0,39.0,IB24G10,0,4,3,2024-09-09 11:08:39,2024-10-25 14:46:00
isbn:9787555026006,文,文学的读法,9787555026006,"(英)特里·伊格尔顿(Eagleton, Terry) 著",海峡文艺出版社,I06,68.0,IB24G10,0,1,1,2024-11-18 16:28:03,2024-11-18 16:28:03
isbn:9787564917876,文,文学阅读指南,9787564917876,(英)特里·伊格尔顿著;范浩译,河南大学出版社,I106.62,32.0,IB24G10,0,1,1,2024-09-10 12:34:45,2024-09-10 12:34:45
isbn:9787100183352,文,文明与气候,9787100183352,（美）亨廷顿著,商务印书馆,K901.6,65.0,IB24G10,0,1,1,2025-05-28 12:49:10,2025-05-28 12:49:10
isbn:9787535676238,料,料理图鉴,9787535676238,(日)越智登代子著 (日)平野惠理子绘 杨晓婷译,湖南美术出版社,TS972.11,70.0,IB22G12,0,1,1,2024-12-19 13:38:20,2024-12-19 13:38:20
isbn:9787100168984,斯,斯宾诺莎与表现问题,9787100168984,（法）德勒兹著,商务印书馆,B563.1,39.0,IB24G10,0,2,1,2024-12-25 12:26:21,2025-03-24 15:09:19
isbn:9787532765515,斯,斯普特尼克恋人,9787532765515,(日)村上春树著,上海译文出版社,I313.45,56.0,IB22G12,0,1,1,2024-11-12 07:21:16,2024-11-12 07:21:16
isbn:9787521743920,新,新哲人,9787521743920,澳大利亚新哲人编辑部著,中信出版集团股份有限公司,B1,59.0,IB24G10,0,1,1,2024-10-30 17:06:28,2024-10-30 17:06:28
isbn:9787552029864,新,新艺术的自然与曲线,9787552029864,心安工作室著,上海社会科学院出版社,J509.1,178.0,IB23G11,0,1,1,2024-12-09 12:01:55,2024-12-09 12:01:55
isbn:9787500172048,新,新迁移,9787500172048,康纳,中译出版社,C924.1,98.0,IB23G11,0,1,1,2024-11-21 07:29:29,2024-11-21 07:29:29
isbn:9787100198981,新,新音乐的哲学,9787100198981,（德）阿多诺著,商务印书馆,J60-02,68.0,IB22G12,0,1,1,2024-09-25 08:32:57,2024-09-25 08:32:57
isbn:9787513335287,无,无人生还,9787513335287,9英克里斯蒂著,新星出版社,I561.45,49.0,IB22G12,0,1,1,2024-09-26 17:21:54,2024-09-26 17:21:54
isbn:9787513338288,无,无人生还,9787513338288,（英）克里斯蒂著,新星出版社,I561.45,42.0,IB24G10,0,1,1,2024-09-13 11:53:19,2024-09-13 11:53:19
isbn:9787559433022,无,无依之地,9787559433022,（美）布鲁德著,江苏凤凰文艺出版社,D771.28,39.0,IB23G11,0,3,1,2024-09-02 12:21:58,2025-02-17 12:22:21
isbn:9787544297905,无,无名之町,9787544297905,(日)东野圭吾 (1958-) 著,南海出版公司,I313.45,59.0,IB24G10,0,1,1,2024-09-13 11:54:48,2024-09-13 11:54:48
isbn:9787559850850,无,无用的神学,9787559850850,夏可君著,广西师范大学出版社,B1-03,88.0,IB23G11,0,1,1,2025-04-18 08:06:30,2025-04-18 08:06:30
isbn:9787532766390,无,无知,9787532766390,昆德拉著,上海译文出版社,I565.45,68.0,IB24G10,0,1,1,2024-10-12 12:22:38,2024-10-12 12:22:38
isbn:9787547743270,无,无神话，不艺术！,9787547743270,（英）戴尔著,北京日报出版社,J051,198.0,IB23G11,0,1,1,2024-12-10 10:19:30,2024-12-10 10:19:30
isbn:9787512636217,日,日军“慰安妇”研究,9787512636217,苏智良著,团结出版社,K313.46,68.0,IB23G11,2,3,1,2024-10-28 16:55:42,2025-01-10 11:19:41
isbn:9787513938990,日,日本近代思想史,9787513938990,鹿野政直著,民主与建设出版社有限责任公司,B313.4,58.0,IB23G11,1,1,1,2024-11-11 14:48:26,2024-11-11 14:48:26
isbn:9787542662019,日,日本之镜,9787542662019,（荷）布鲁玛,上海三联书店,G131.3,69.0,IB23G11,0,1,1,2024-12-18 17:19:32,2024-12-18 17:19:32
isbn:9787507553192,早,早稻田大学日本史.第八卷，安土桃山时代,9787507553192,（日）渡边世祐著,华文出版社,K313.2,90.0,IB24G10,0,1,1,2024-09-20 12:17:32,2024-09-20 12:17:32
isbn:9787535794567,时,时间简史,9787535794567,"(英)霍金著;许明贤,吴忠超译",湖南科学技术出版社,P19-49,39.0,IB24G10,1,1,1,2024-10-17 11:33:15,2024-10-17 11:33:15
isbn:9787532761371,时,时代的精神状况,9787532761371,"德 雅斯贝尔斯 Jaspers, Karl 1883-1969)(著)",上海译文出版社,B516.53,48.0,IB24G10,0,4,1,2024-09-05 11:11:14,2025-03-13 14:26:28
isbn:9787030567475,时,时尚中的数学,9787030567475,(美)西蒙斯 (数学) 著,科学出版社,O1-49,49.0,IB23G11,0,1,1,2025-03-31 17:28:39,2025-03-31 17:28:39
isbn:9787535732309,时,时间简史,9787535732309,(英)霍金著;许明贤译,湖南科学技术出版社,P159,45.0,IB24G10,0,1,1,2024-10-30 17:59:12,2024-10-30 17:59:12
isbn:9787559630148,星,星空故事：88站夜空漫游指南,9787559630148,"(英)苏珊娜·希斯洛普 (Hislop, Susanna) 著",北京联合出版公司,P151-49,326.0,IB24G10,1,1,1,2024-10-30 17:58:56,2024-10-30 17:58:56
isbn:9787520130356,春,春之祭,9787520130356,9加）埃克斯坦斯著,社会科学文献出版社,K143,86.0,IB24G10,0,1,1,2024-09-13 11:54:26,2024-09-13 11:54:26
isbn:9787532777150,昨,昨日的世界,9787532777150,(奥)茨威格著;徐友敬等译,上海译文出版社,K835.215.6,49.0,IB22G12,0,1,1,2025-03-10 09:47:56,2025-03-10 09:47:56
isbn:9787533487379,是,是我把你蠢哭了吗,9787533487379,(英)博内特著,福建教育出版社,R338.2-49,42.0,IB24G10,0,1,1,2025-05-22 10:53:59,2025-05-22 10:53:59
isbn:9787559646859,晓,晓寺,9787559646859,(日)三岛由纪夫著,北京联合出版公司,I313.45,56.0,IB22G12,0,1,1,2024-12-03 16:31:32,2024-12-03 16:31:32
isbn:9787301225578,普,普通化学原理,9787301225578,华彤文,北京大学出版社,O6,68.0,IB24G10,2,4,2,2024-09-10 09:40:51,2025-05-19 13:51:28
isbn:9787115435590,普,普林斯顿微积分读本,9787115435590,"(美)班纳 (Banner, Adrian ) 著",人民邮电出版社,O172,99.0,IB24G10,1,3,2,2024-09-04 15:48:05,2024-11-04 15:16:27
isbn:9787100020862,普,普通语言学教程,9787100020862,（瑞士）索绪尔著,商务印书馆,H0,50.0,IB24G10,0,1,1,2024-09-25 17:18:39,2024-09-25 17:18:39
isbn:9787508673219,智,智能革命,9787508673219,李彦宏著,中信出版社,TP18,68.0,IB24G10,0,1,1,2025-02-17 17:46:36,2025-02-17 17:46:36
isbn:9787530221020,曹,曹禺戏剧选,9787530221020,曹禺 (1910~1996) 著,北京十月文艺出版社,I234,69.8,IB24G10,0,1,1,2024-10-25 11:16:25,2024-10-25 11:16:25
isbn:9787513929172,最,最伟大的骑士,9787513929172,（英）阿斯布里奇著,民主与建设出版社有限责任公司,K835.617,92.0,IB24G10,0,1,1,2024-09-11 17:22:46,2024-09-11 17:22:46
isbn:9787556709434,最,最后的讲义,9787556709434,西原理惠子著,海峡书局,B821-49,42.0,IB24G10,0,1,1,2024-10-24 15:51:20,2024-10-24 15:51:20
isbn:9787532749003,月,月亮和六便士,9787532749003,(英)毛姆著 傅惟慈译,上海译文出版社,I561.45,48.0,IB22G12,0,1,1,2025-04-30 14:38:04,2025-04-30 14:38:04
isbn:9787538754858,月,月亮和六便士,9787538754858,(英)毛姆著 苏福忠译,时代文艺出版社,I561.45,27.0,IB23G11,0,1,1,2024-11-14 16:39:44,2024-11-14 16:39:44
isbn:9787551134606,月,月亮和六便士,9787551134606,（英）毛姆著,花山文艺出版社,I561.45,45.0,IB24G10,0,1,1,2024-09-13 11:53:19,2024-09-13 11:53:19
isbn:9787121364259,有,有限与无限的游戏: 有限与无限的游戏,9787121364259,"(美)詹姆斯·卡斯 (Carse, James P.) 著",电子工业出版社,B-49,68.0,IB24G10,0,1,1,2024-09-20 13:42:31,2024-09-20 13:42:31
isbn:9787544762588,望,望春风,9787544762588,格非著,译林出版社,I247.5,48.0,IB22G12,0,1,1,2024-12-09 17:05:14,2024-12-09 17:05:14
isbn:9787559614315,本,本书书名无法描述本书内容昂:精装珍藏版,9787559614315,(美)卡普兰著;袁婧译,北京联合出版公司,B-49,49.8,IB24G10,0,1,1,2024-12-11 11:43:59,2024-12-11 11:43:59
isbn:9787544787932,本,本巴,9787544787932,刘亮程著,译林出版社,I247.5,59.0,IB23G11,0,1,1,2025-04-01 09:27:48,2025-04-01 09:27:48
isbn:9787111665977,机,机器学习实战 : 基于Scikit-Learn、Keras和TensorFlow,9787111665977,"(法)奥雷利安·吉翁 (Géron, Aurélien) 著",机械工业出版社,TP181,149.0,IB24G10,0,2,1,2024-09-03 12:09:55,2024-12-10 14:59:51
isbn:9787302532347,机,机器学习：原理、算法与应用,9787302532347,雷明 (计算机技术) 著,清华大学出版社,TP181,88.0,IB24G10,0,1,1,2024-12-09 15:48:49,2024-12-09 15:48:49
isbn:9787544766500,杀,杀死一只知更鸟,9787544766500,(美)李著,译林出版社,I712.45,58.0,IB23G11,1,3,1,2024-09-03 08:36:55,2025-03-11 12:41:29
isbn:9787544722766,杀,杀死一只知更鸟:纪念版,9787544722766,(美)李著;高红梅译,译林出版社,I712.45,32.0,IB22G12,0,1,1,2024-09-02 14:16:45,2024-09-02 14:16:45
isbn:9787532772360,权,权力意志与永恒轮回,9787532772360,(德)尼采著 (德)沃尔法特著 虞龙发译,上海译文出版社,B516.47,49.0,IB24G10,1,4,1,2024-09-14 12:24:54,2025-03-13 14:26:22
isbn:9787569915006,权,权力精英,9787569915006,"(美)C. 赖特·米尔斯 (Mills, Chales Wright 1916~1962) 著",北京时代华文书局,D771.261,78.0,IB23G11,0,3,1,2024-09-02 12:21:58,2025-02-17 12:22:21
isbn:9787508674629,极,极端的年代:1914-1991,9787508674629,(英)霍布斯鲍姆著;郑明萱译,中信出版社,K1,128.0,IB22G12,0,1,1,2025-03-24 08:09:54,2025-03-24 08:09:54
isbn:9787521700930,极,极简天文学,9787521700930,"(英)科林·斯图尔特 (Stuart, Colin) 著",中信出版集团股份有限公司,P1-49,49.0,IB24G10,0,1,1,2025-04-03 12:23:44,2025-04-03 12:23:44
isbn:9787020142330,林,林家铺子,9787020142330,茅盾著,人民文学出版社,I246.7,28.0,IB24G10,1,1,1,2024-10-12 12:31:10,2024-10-12 12:31:10
isbn:9787229101442,柏,柏拉图文艺对话图,9787229101442,(古希腊)柏拉图著;朱光潜译,重庆出版社,B502.232,38.0,IB24G10,0,1,1,2024-09-03 12:05:44,2024-09-03 12:05:44
isbn:9787220126185,柏,柏拉图的数学哲学,9787220126185,(瑞典)韦德博格著,四川人民出版社,O1-0,76.0,IB22G12,0,1,1,2024-09-25 08:54:06,2024-09-25 08:54:06
isbn:9787533965617,柠,柠檬,9787533965617,（日）梶井基次郎著,浙江文艺出版社,I313.45,58.0,IB24G10,0,1,1,2024-09-04 16:42:34,2024-09-04 16:42:34
isbn:9787532787067,查,查拉图斯特拉如是说,9787532787067,(德)尼采著 黄明嘉译,上海译文出版社,B516.47,58.0,IB24G10,1,1,1,2024-11-20 11:50:18,2024-11-20 11:50:18
isbn:9787208150188,查,查拉图斯特拉如是说,9787208150188,(德)尼采著,上海人民出版社,B516.47,78.0,IB24G10,0,2,1,2025-03-17 16:38:52,2025-04-30 12:32:52
isbn:9787545562354,查,查理一世,9787545562354,(英）莱尔著,天地出版社,K835.61,88.0,IB24G10,0,1,1,2024-11-01 08:08:59,2024-11-01 08:08:59
isbn:9787544722803,树,树上的男爵,9787544722803,(意)卡尔维诺著,译林出版社,I546.45,45.0,IB24G10,0,1,1,2024-09-06 11:54:33,2024-09-06 11:54:33
isbn:9787549563517,树,树犹如此,9787549563517,白先勇著,广西师范大学出版社,I267,68.0,IB24G10,0,2,2,2024-12-10 12:09:10,2025-02-19 15:52:07
isbn:9787513315111,桑,桑苏西来客,9787513315111,(英)克里斯蒂著,新星出版社,I561.45,28.0,IB24G10,0,1,1,2025-04-29 12:03:49,2025-04-29 12:03:49
isbn:9787554617069,梦,梦的解析,9787554617069,(奥)弗洛伊德著,古吴轩出版社,B845.1,59.8,IB24G10,1,1,1,2025-01-08 20:02:33,2025-01-08 20:02:33
isbn:9787539990583,棋,棋王树王孩子王,9787539990583,阿城 (1949~) 著,江苏凤凰文艺出版社,I247.57,38.0,IB24G10,0,3,2,2024-09-29 12:16:15,2025-02-27 11:54:56
isbn:9787533946647,檀,檀香刑,9787533946647,莫言著,浙江文艺出版社,I247.5,56.0,IB23G11,0,1,1,2024-09-14 12:42:53,2024-09-14 12:42:53
isbn:9787533965679,欢,欢乐的葬礼,9787533965679,(俄)乌利茨卡娅著,浙江文艺出版社,I512.45,56.0,IB24G10,1,1,1,2025-03-12 18:00:04,2025-03-12 18:00:04
isbn:9787115560100,欢,欢迎来到宇宙,9787115560100,(美)泰森著,人民邮电出版社,P159,99.9,IB24G10,0,1,1,2024-10-11 16:08:33,2024-10-11 16:08:33
isbn:9787547318621,欧,欧洲的黄昏,9787547318621,(保加利亚)克拉斯特耶夫著,东方出版中心,D75,45.0,IB24G10,1,1,1,2024-10-12 14:50:56,2024-10-12 14:50:56
isbn:9787521731798,欧,欧洲史,9787521731798,(英)戴维斯,中信出版社,K500,78.0,IB24G10,0,1,1,2025-03-13 16:54:09,2025-03-13 16:54:09
isbn:9787521731422,欧,欧洲史 : 古典时代(史前－公元337),9787521731422,"(英)诺曼·戴维斯 (Davies, Norman 1939~) 著",中信出版社,K500,78.0,IB24G10,0,1,1,2025-03-13 16:54:09,2025-03-13 16:54:09
isbn:9787521731804,欧,欧洲史 : 转型时代(约145-1914),9787521731804,"(英)诺曼·戴维斯 (Davies, Norman 1939~) 著",中信出版社,K500,118.0,IB24G10,0,1,1,2025-03-13 16:54:09,2025-03-13 16:54:09
isbn:9787208177994,正,正义的语境,9787208177994,（德）福斯特著,上海人民出版社,D081,98.0,IB24G10,0,1,1,2025-04-21 12:16:03,2025-04-21 12:16:03
isbn:9787544793797,正,正义诸领域：为多元主义与平等一辩,9787544793797,(美) 沃尔泽著,译林出版社,D081,98.0,IB24G10,0,1,1,2025-04-21 12:16:03,2025-04-21 12:16:03
isbn:9787553211213,正,正在抢救中,9787553211213,李鸿政著,贵州科技出版社,R197.1,59.8,IB24G10,0,1,1,2025-04-03 11:43:35,2025-04-03 11:43:35
isbn:9787520121521,武,武曌,9787520121521,（美）罗汉著,社会科学文献出版社,K827,59.0,IB23G11,1,1,1,2024-11-07 12:54:24,2024-11-07 12:54:24
isbn:9787020124701,死,死魂灵,9787020124701,（俄罗斯）果戈理著,人民文学出版社,I512.44,39.0,IB24G10,0,1,1,2024-11-14 11:46:13,2024-11-14 11:46:13
isbn:9787544294126,毕,毕业,9787544294126,(日)东野圭吾著;黄真译,南海出版公司,I313.45,49.5,IB22G12,0,2,1,2024-10-08 16:40:49,2024-11-15 08:28:32
isbn:9787508664163,民,民国太太的厨房,9787508664163,李舒 (女，新闻学) 著,中信出版集团股份有限公司,I247.8,52.0,IB23G11,0,1,1,2025-02-21 14:00:58,2025-02-21 14:00:58
isbn:9787100167765,水,水与梦,9787100167765,巴什拉著,商务印书馆,B565.59,39.0,IB24G10,2,3,1,2024-09-06 12:20:41,2025-03-13 14:26:35
isbn:9787229143510,永,永恒的王妃,9787229143510,（英）格里高利著,重庆出版社,I561.45,88.8,IB24G10,0,1,1,2024-10-23 17:59:14,2024-10-23 17:59:14
isbn:9787559403223,永,永恒的边缘.Ⅰ,9787559403223,(英)福莱特著,江苏凤凰文艺出版社,I561.45,56.0,IB24G10,0,3,3,2025-03-21 11:49:10,2025-04-28 17:37:56
isbn:7560013252,汉,汉英词典,7560013252,"北京外国语大学,英语系词典组编",外语教学与研究出版社,H316,69.9,IB22G12,0,1,1,2024-11-05 10:46:33,2024-11-05 10:46:33
isbn:9787020157624,汉,汉魏六朝文选,9787020157624,刘文忠 (1936~) 选注,人民文学出版社,I222.734,69.0,IB24G10,0,1,1,2024-11-08 11:55:55,2024-11-08 11:55:55
isbn:9787532756728,江,江城,9787532756728,"(美)彼得·海斯勒 (Hessler, Peter) 著",上海译文出版社,I712.65,45.0,IB24G10,1,1,1,2024-09-09 11:28:44,2024-09-09 11:28:44
isbn:9787538756388,汪,汪曾祺小说集. 鸡鸭名家,9787538756388,汪曾祺 (1920~1997) 著,时代文艺出版社,I247,38.0,IB24G10,1,2,2,2025-04-11 14:49:36,2025-05-06 09:27:22
isbn:9787538756579,汪,"汪曾祺散文集, 人间知味",9787538756579,汪曾祺 (1920~1997) 著,时代文艺出版社,I267,38.0,IB23G11,0,1,1,2025-05-06 09:27:10,2025-05-06 09:27:10
isbn:9787544784689,沉,沉默的羔羊,9787544784689,(美)哈里斯著,译林出版社,I712.45,49.0,IB24G10,2,3,1,2024-09-23 16:55:46,2024-11-19 07:07:02
isbn:9787530220368,沉,沉默的大多数,9787530220368,王小波著,北京十月文艺出版社,I267.1,59.0,IB23G11,1,2,1,2024-09-19 10:44:21,2025-02-27 11:53:45
isbn:9787532789115,沉,沉沦·流放与王国,9787532789115,（法）加缪著,上海译文出版社有限公司,I565.45,62.0,IB24G10,0,1,1,2025-02-19 11:27:03,2025-02-19 11:27:03
isbn:9787523604687,沙,沙盘游戏疗法儿童心理案例精析,9787523604687,余文玉 著,中国科学技术出版社,B844.1,89.0,IB22G12,0,1,1,2024-09-02 13:47:06,2024-09-02 13:47:06
isbn:9787544292443,没,没有人给他写信的上校,9787544292443,(哥伦)马尔克斯著,南海出版公司,I775.45,35.0,IB24G10,0,1,1,2024-10-14 15:08:00,2024-10-14 15:08:00
isbn:9787538755961,河,河边的错误,9787538755961,余华著,时代文艺出版社,I247.5,42.0,IB24G10,0,1,1,2024-11-08 11:36:07,2024-11-08 11:36:07
isbn:9787544755054,法,法律,9787544755054,(英)瓦克斯著;殷源源译,译林出版社,D90,39.0,IB23G11,0,3,1,2024-09-02 12:21:58,2025-02-17 12:22:21
isbn:9787559631299,波,波提切利：优雅栖身,9787559631299,(法)米里耶勒·内沃 著,北京联合出版公司,J205.546,98.0,IB23G11,0,1,1,2024-12-10 10:20:32,2024-12-10 10:20:32
isbn:9787513338110,波,波洛圣诞探案记,9787513338110,克里斯蒂,新星出版社,I561.45,42.0,IB24G10,0,1,1,2024-09-13 11:56:19,2024-09-13 11:56:19
isbn:9787218156408,泪,泪之地,9787218156408,（美）哈姆斯著,广东人民出版社,K404,98.0,IB24G10,0,1,1,2024-09-13 12:18:36,2024-09-13 12:18:36
isbn:9787532780686,洛,洛丽塔,9787532780686,（美）弗拉基米尔·纳博科夫(Vladimir Nabokov)著 主万译,上海译文出版社有限公司,I712.45,76.0,IB24G10,1,1,1,2024-12-16 12:41:58,2024-12-16 12:41:58
isbn:9787532738151,洛,洛丽塔,9787532738151,(美)弗拉基米尔·纳博科夫著,上海译文出版社,I712.45,39.0,IB22G12,0,1,1,2025-02-24 10:08:16,2025-02-24 10:08:16
isbn:9787108039873,洞,洞穴奇案,9787108039873,（美）萨伯著,生活·读书·新知三联书店,D971.2,23.0,IB24G10,1,1,1,2024-09-05 11:11:11,2024-09-05 11:11:11
isbn:9787510891779,洞,洞穴奇案,9787510891779,"(美)彼得·萨伯 (Suber, Peter) 著",九州出版社,D971.2,56.0,IB24G10,0,1,1,2025-03-06 08:54:12,2025-03-06 08:54:12
isbn:9787210097143,活,活下去的理由,9787210097143,"(英)马特·海格 (Haig, Matt 1975~) 著",江西人民出版社,I561.65,38.0,IB22G12,1,1,1,2024-09-19 17:14:23,2024-09-19 17:14:23
isbn:9787530221280,流,流俗地,9787530221280,(马来)黎紫书 (女， 1971~) 著,北京十月文艺出版社,I338.45,55.0,IB24G10,1,2,1,2024-09-05 11:11:00,2025-04-14 09:18:52
isbn:9787568060134,流,流行病,9787568060134,"(澳)多尔蒂 (Doherty, Peter C.) 著",华中科技大学出版社,R181,88.0,IB24G10,0,1,1,2024-11-20 16:05:36,2024-11-20 16:05:36
isbn:9787301293577,浮,浮出历史地表 : 现代妇女文学研究,9787301293577,孟悦 (1956~) 著,北京大学出版社,I206.7,59.0,IB23G11,0,1,1,2025-03-18 16:57:41,2025-03-18 16:57:41
isbn:9787020104543,浮,浮士德,9787020104543,"(德)歌德 (Goethe, Johann Wolfgang von 1749~1832) 著",人民文学出版社,I516.34,36.0,IB23G11,0,1,1,2024-09-03 09:01:43,2024-09-03 09:01:43
isbn:9787020151028,浮,浮士德,9787020151028,（德）歌德著,人民文学出版社,I516.34,59.0,IB23G11,0,1,1,2024-12-23 18:08:38,2024-12-23 18:08:38
isbn:9787100203715,浮,浮士德,9787100203715,歌德著,商务印书馆,I516.34,120.0,IB23G11,0,2,2,2024-09-03 09:11:05,2024-09-03 09:11:05
isbn:9787532752607,浮,浮士德,9787532752607,歌德,上海译文出版社,I516.34,78.0,IB23G11,0,1,1,2024-09-03 09:01:43,2024-09-03 09:01:43
isbn:9787540482732,海,海上钢琴师,9787540482732,(意)巴里科著,湖南文艺出版社,I546.45,48.0,IB24G10,0,2,1,2024-09-20 09:16:13,2025-04-03 09:31:55
isbn:9787100213011,海,海德格尔的最后之神,9787100213011,张静宜著,商务印书馆,B089,98.0,IB24G10,0,1,1,2024-09-05 16:03:18,2024-09-05 16:03:18
isbn:9787532781584,海,海明威文集(15),9787532781584,（美）海明威著,上海译文出版社有限公司,I712.15,66.0,IB23G11,0,5,5,2024-09-13 17:53:31,2024-09-13 17:54:12
isbn:9787301323182,海,海洋的子民,9787301323182,(美)汤普森著,北京大学出版社,K606-49,88.0,IB24G10,0,1,1,2025-03-14 12:10:32,2025-03-14 12:10:32
isbn:9787532757459,海,海浪,9787532757459,"(英)弗吉尼亚·吴尔夫 (女，Woolf, Virginia 1882~1941) 著",上海译文出版社,I561.45,45.0,IB24G10,0,1,1,2024-11-01 11:07:51,2024-11-01 11:07:51
isbn:9787547055564,消,消失的地平线,9787547055564,(英) 希尔顿 著,万卷出版公司,I561.45,38.0,IB24G10,0,1,1,2024-09-13 11:54:01,2024-09-13 11:54:01
isbn:9787521735611,消,消失的真实,9787521735611,金观涛著,中信出版集团股份有限公司,N02,88.0,IB24G10,0,1,1,2024-09-06 11:34:08,2024-09-06 11:34:08
isbn:9787115461476,深,深度学习,9787115461476,"(美)伊恩·古德费洛 (Goodfellow, Ian) 著",人民邮电出版社,TP181,168.0,IB23G11,1,2,1,2024-09-12 17:39:31,2024-12-06 12:29:17
isbn:9787508698359,深,深度学习：智能时代的核心驱动力量,9787508698359,"(美)特伦斯·谢诺夫斯基 (Sejnowski, Terrence) 著",中信出版集团股份有限公司,TP181,88.0,IB24G10,1,1,1,2024-10-14 17:14:36,2024-10-14 17:14:36
isbn:9787208170841,清,清末民国人口贩卖与家庭生活,9787208170841,任思梅著,上海人民出版社,D693.98,89.0,IB23G11,0,1,1,2025-03-18 16:57:41,2025-03-18 16:57:41
isbn:9787513339414,清,清洁女工之死,9787513339414,（英）克里斯蒂著,新星出版社,I561.45,42.0,IB24G10,0,1,1,2024-09-13 11:56:19,2024-09-13 11:56:19
isbn:9787530221426,清,清洁女工手册,9787530221426,"(美)露西亚·伯林 (Berlin, Lucia 1936.11~2004.11) 著",北京十月文艺出版社,I712.45,69.0,IB22G12,0,1,1,2024-09-02 17:19:33,2024-09-02 17:19:33
isbn:9787547743126,漫,漫长的余生 : 一个北魏宫女和她的时代,9787547743126,罗新 (1963~) 著,北京日报出版社,K239.210.7,65.0,IB24G10,1,1,1,2024-09-10 12:24:55,2024-09-10 12:24:55
isbn:9787544384636,漫,漫长的告别,9787544384636,(美)钱德勒著;姚向辉译,海南出版社,I712.45,69.0,IB24G10,0,1,1,2024-11-08 15:51:27,2024-11-08 15:51:27
isbn:9787100167789,火,火的精神分析,9787100167789,（法）巴什拉著,商务印书馆,B565.59,25.0,IB24G10,2,4,1,2024-09-14 12:24:38,2024-12-20 08:48:52
isbn:9787532178995,火,火星俱乐部,9787532178995,（美）库什纳著,上海文艺出版社,I712.45,65.0,IB24G10,0,1,1,2024-12-11 12:22:37,2024-12-11 12:22:37
isbn:9787208072107,灿,灿烂千阳,9787208072107,"(美)胡赛尼 (Hosseini, Khaled 1965~) 著",上海人民出版社,I712.45,49.0,IB24G10,0,2,1,2024-11-01 09:54:39,2025-03-18 09:07:45
isbn:9787307207004,烧,烧纸,9787307207004,（韩）李沧东著,武汉大学出版社,I312.645,58.0,IB22G12,0,1,1,2024-10-23 09:50:18,2024-10-23 09:50:18
isbn:9787100202084,爱,爱伦·坡短篇小说全集. 上,9787100202084,（美）爱伦·坡著,商务印书馆,I712.45,69.5,IB24G10,0,3,2,2024-09-04 17:13:31,2025-03-13 17:22:36
isbn:9787530220252,爱,爱你就像爱生命,9787530220252,王小波著,北京十月文艺出版社,K825.6,49.0,IB24G10,0,1,1,2024-10-24 11:54:59,2024-10-24 11:54:59
isbn:9787100132237,爱,爱弥儿 .上卷,9787100132237,"(法)卢梭 (Rousseau, Jean-Jacques 1712~1778) 著",商务印书馆,G40-095.65,49.5,IB23G11,0,2,2,2024-11-07 15:18:10,2024-12-06 12:21:48
isbn:9787508697086,爱,爱欲之死,9787508697086,（德）韩炳哲著,中信出版集团股份有限公司,B84,32.0,IB24G10,0,1,1,2024-09-04 13:47:42,2024-09-04 13:47:42
isbn:9787532779901,爱,爱的艺术,9787532779901,"(美)弗罗姆 (Fromm, Erich 1900~1980) 著",上海译文出版社有限公司,C912.6,39.0,IB24G10,0,1,1,2024-12-09 15:39:11,2024-12-09 15:39:11
isbn:9787508090108,爱,爱的设计,9787508090108,(美)布鲁姆著;胡辛凯译,华夏出版社,I565.064,59.0,IB24G10,0,2,1,2024-12-05 16:18:55,2025-02-19 11:26:58
isbn:9787532964475,爱,爱，不可能,9787532964475,（法）普鲁斯特著,山东文艺出版社,I565.25,59.0,IB24G10,0,1,1,2025-02-24 10:06:42,2025-02-24 10:06:42
isbn:9787550292505,牛,牛奶可乐经济学,9787550292505,(美)弗兰克著;闾佳译,北京联合出版公司,F0-49,49.9,IB24G10,1,1,1,2024-09-19 17:11:50,2024-09-19 17:11:50
isbn:9787550292512,牛,牛奶可乐经济学 2,9787550292512,(美)罗伯特·弗兰克(Robert H. Frank)著,北京联合出版公司,F0-49,49.9,IB23G11,1,2,1,2024-09-04 17:51:39,2024-11-07 17:44:35
isbn:9787213094842,牛,牛奶可乐经济学 4,9787213094842,(美)罗伯特·弗兰克(Robert H. Frank)著,浙江人民出版社,F0-49,69.9,IB23G11,0,1,1,2025-01-07 11:34:13,2025-01-07 11:34:13
isbn:9787550297715,牛,牛奶可乐经济学3,9787550297715,(美)罗伯特·弗兰克 著,北京联合出版公司,F0-49,49.9,IB24G10,0,2,1,2024-09-05 12:31:46,2025-01-10 10:29:45
isbn:9787511560216,牛,牛津古希腊史,9787511560216,(英)博德曼 编,人民日报出版社,K125,119.9,IB24G10,0,1,1,2024-09-13 11:53:42,2024-09-13 11:53:42
isbn:9787511566355,牛,牛津拜占庭史,9787511566355,(英)曼戈著,北京日报出版社,K134,79.9,IB24G10,0,1,1,2024-09-03 11:49:49,2024-09-03 11:49:49
isbn:9787521300628,牛,牛津袖珍英汉双解词·第11版,9787521300628,(英)莫里斯·韦斯主编,外语教学与研究出版社,H316,75.9,IB22G12,0,1,1,2024-11-05 10:46:26,2024-11-05 10:46:26
isbn:9787532778317,牛,牛虻,9787532778317,(爱尔兰)伏尼契著,上海译文出版社,I562.44,30.0,IB24G10,0,3,1,2024-11-05 16:03:39,2025-03-05 10:29:37
isbn:9787510857720,牛,牛蛙,9787510857720,胡迁著,九州出版社,I247.5,39.8,IB22G12,0,1,1,2025-02-20 15:30:47,2025-02-20 15:30:47
isbn:9787532782130,物,物种起源(导读注释版)(英文),9787532782130,查尔斯·达尔文,上海译文出版社,Q111.2,158.0,IB24G10,0,1,1,2025-02-18 12:42:31,2025-02-18 12:42:31
isbn:9787515342634,特,特朗普自传:从商人到参选总统,9787515342634,"(美)唐纳德·特朗普,(美)托尼·施瓦茨著;尹",中国青年出版社,K837.12,59.9,IB24G10,0,1,1,2024-09-05 12:31:20,2024-09-05 12:31:20
isbn:9787100215220,犬,犬儒主义,9787100215220,（英）艾伦著,商务印书馆,B502.25,75.0,IB24G10,0,1,1,2024-10-17 08:30:14,2024-10-17 08:30:14
isbn:9787559436108,犯,犯罪心理学,9787559436108,"(英)格罗斯 (Gross, Hans 1847~) 著",江苏凤凰文艺出版社,D917.2,59.0,IB22G12,0,1,1,2025-03-24 17:47:40,2025-03-24 17:47:40
isbn:9787530220245,狼,狼图腾,9787530220245,姜戎 著,北京十月文艺出版社,I247.5,69.0,IB24G10,0,1,1,2024-09-04 15:53:46,2024-09-04 15:53:46
isbn:9787544775809,猎,猎人笔记,9787544775809,(俄罗斯) 屠格涅夫 著,译林出版社,I512.44,38.0,IB22G12,0,1,1,2024-12-09 16:24:12,2024-12-09 16:24:12
isbn:9787572604164,猫,猫和狗的生活哲学,9787572604164,简单心理著,湖南文艺出版社,B821-49,65.0,IB24G10,0,2,2,2024-10-24 12:11:15,2024-10-24 16:38:20
isbn:9787549506897,王,王氏之死 : 大历史背后的小人物命运,9787549506897,"(美)史景迁 (Spence, Jonathan D. 1936~2021) 著",广西师范大学出版社,D691.9,56.0,IB23G11,1,2,1,2025-01-10 11:16:38,2025-04-17 18:00:32
isbn:9787301311431,王,王家卫的电影世界,9787301311431,（马来）张建德著,北京大学出版社,J905.2,60.0,IB24G10,0,1,1,2025-04-17 16:04:22,2025-04-17 16:04:22
isbn:9787520191999,王,王座上的幽灵,9787520191999,（美）罗姆著,社会科学文献出版社,K125,86.0,IB24G10,0,1,1,2024-12-11 12:23:39,2024-12-11 12:23:39
isbn:9787532789252,玩,玩笑,9787532789252,（意）斯塔尔诺内著,上海译文出版社有限公司,I546.45,59.0,IB24G10,0,1,1,2025-03-13 17:33:41,2025-03-13 17:33:41
isbn:9787112119318,现,现代建筑年鉴,9787112119318,(法）柯布西耶著,中国建筑工业出版社,TU-8,28.0,IB24G10,1,1,1,2025-02-27 11:51:15,2025-02-27 11:51:15
isbn:9787535799715,现,现代性的神学起源,9787535799715,（美）吉莱斯皮著,湖南科学技术出版社,B972,98.0,IB24G10,0,1,1,2025-05-15 15:22:52,2025-05-15 15:22:52
isbn:9787544781015,现,现代拉丁美洲文学,9787544781015,(美)埃切维里亚著,译林出版社,I730.65,39.0,IB23G11,0,2,1,2024-09-27 14:44:37,2024-10-29 08:56:48
isbn:9787544742382,现,现代日本,9787544742382,"英 戈托-琼斯 Goto-Janes, C.(著)",南京 译林出版社 2014,K931.3,39.0,IB23G11,0,1,1,2025-06-03 09:18:56,2025-06-03 09:18:56
isbn:9787309146752,现,现代汉语修辞学,9787309146752,吴礼权 (1964~) 著,复旦大学出版社有限公司,H15,45.0,IB22G12,0,1,1,2025-04-27 15:05:15,2025-04-27 15:05:15
isbn:9787561774588,现,现代生命科学导论,9787561774588,陈铭德 (1953~) 编著,华东师范大学出版社,Q1-0,36.0,IB24G10,0,1,1,2024-11-22 11:50:53,2024-11-22 11:50:53
isbn:9787534459030,现,现代生活的画像：马奈及其追随者艺术中的巴黎,9787534459030,"(英)T. J. 克拉克 (Clark, T. J. 1943~) 著",江苏美术出版社,J205.1,79.0,IB23G11,0,1,1,2024-12-17 17:50:36,2024-12-17 17:50:36
isbn:9787030685292,现,现代生物学发展史,9787030685292,（英）恩德斯比著,科学出版社,Q-091,98.0,IB22G12,0,1,1,2024-09-24 17:54:11,2024-09-24 17:54:11
isbn:9787541163753,现,现代电影艺术,9787541163753,（日）岩崎昶著,四川文艺出版社,J90,32.0,IB24G10,0,1,1,2025-04-15 19:16:49,2025-04-15 19:16:49
isbn:9787121350214,现,现代科学简史：从蒸汽机到??求偶,9787121350214,"(英)大卫·奈特 (Knight, David) 著",电子工业出版社,N091-49,89.0,IB22G12,0,1,1,2024-09-09 11:18:23,2024-09-09 11:18:23
isbn:9787208107878,现,现代艺术,9787208107878,(美)布雷特尔著,上海人民出版社,J110.95,89.0,IB22G12,0,1,1,2024-09-25 08:04:48,2024-09-25 08:04:48
isbn:9787534480775,现,现代艺术,9787534480775,(美)夏皮罗,江苏凤凰美术出版社,J0,88.0,IB22G12,0,1,1,2024-09-11 12:31:56,2024-09-11 12:31:56
isbn:7535128629,现,现代高级英汉·汉英类义联想词典,7535128629,胡汉舫,湖北教育出版社,H316,98.0,IB22G12,0,1,1,2024-11-05 10:46:03,2024-11-05 10:46:03
isbn:9787301302071,现,现实的社会建构,9787301302071,(美)伯格著,北京大学出版社,C912.67,38.0,IB24G10,0,1,1,2025-05-22 10:40:39,2025-05-22 10:40:39
isbn:9787532757039,玻,玻璃球游戏,9787532757039,"(德)赫尔曼·黑塞 (Hesse, Hermann 1877~1962) 著",上海译文出版社,I516.45,27.0,IB24G10,1,2,1,2024-11-19 12:03:11,2025-01-08 16:23:25
isbn:9787540790400,珠,珠唾集,9787540790400,(西)塞尔纳著,漓江出版社有限公司,H343.3,68.0,IB24G10,0,1,1,2025-02-20 13:42:47,2025-02-20 13:42:47
isbn:9787533933906,琅,琅琊榜之风起长林 上,9787533933906,海宴著,浙江文艺出版社,I247.5,43.0,IB24G10,0,1,1,2025-05-15 07:19:35,2025-05-15 07:19:35
isbn:9787100162586,理,理想国,9787100162586,（古希腊）柏拉图著,商务印书馆,B502.23,78.0,IB24G10,0,1,1,2024-09-04 16:41:59,2024-09-04 16:41:59
isbn:9787030401229,理,理论与真理,9787030401229,（美）斯克拉著,科学出版社,N02,58.0,IB22G12,0,1,1,2024-09-24 16:21:00,2024-09-24 16:21:00
isbn:9787532768011,瓦,瓦尔登湖,9787532768011,(美)梭罗著;潘庆舲译,上海译文出版社,I712.64,45.0,IB24G10,1,1,1,2025-01-09 08:06:44,2025-01-09 08:06:44
isbn:9787568900478,生,生物学之书,9787568900478,(美)杰拉尔德著;傅临春译,重庆大学出版社,Q-49,88.0,IB24G10,1,2,2,2024-09-04 17:31:14,2024-09-30 12:15:50
isbn:9787559857538,生,生命中那些重要的事,9787559857538,（澳）辛格著,广西师范大学出版社,B82,69.0,IB24G10,0,1,1,2024-12-02 12:49:29,2024-12-02 12:49:29
isbn:9787208155022,生,生命政治的诞生,9787208155022,（法）福柯著,上海人民出版社,B565.59,78.0,IB24G10,0,1,1,2024-10-09 12:14:18,2024-10-09 12:14:18
isbn:9787508686424,生,生命简史,9787508686424,(英)福提,中信出版社,Q10,68.0,IB24G10,0,1,1,2025-05-12 16:11:41,2025-05-12 16:11:41
isbn:9787543986275,生,生命简史,9787543986275,（西）阿苏亚加著,上海科学技术文献出版社,Q1-0,68.0,IB22G12,0,1,1,2024-09-24 17:54:06,2024-09-24 17:54:06
isbn:9787303271146,生,生活世界地理学,9787303271146,西蒙著,北京师范大学出版社,K901,88.0,IB24G10,0,1,1,2025-05-28 12:49:01,2025-05-28 12:49:01
isbn:9787301319444,生,生物学是什么,9787301319444,吴家睿著,北京大学出版社,Q-49,48.0,IB22G12,0,1,1,2024-09-25 09:10:38,2024-09-25 09:10:38
isbn:9787544516020,生,生物群落概述,9787544516020,"(美)苏珊·L. 伍德沃德 (女，Woodward, Susan L.) 著",长春出版社,Q145-49,23.0,IB24G10,0,1,1,2024-11-22 11:50:49,2024-11-22 11:50:49
isbn:9787301243459,电,电车难题,9787301243459,(美)卡斯卡特著;朱沉之译,北京大学出版社,B82-33,38.0,IB24G10,1,1,1,2024-09-04 17:00:19,2024-09-04 17:00:19
isbn:9787305217098,画,画地为牢,9787305217098,（英）莱辛著,南京大学出版社,I561.65,39.0,IB22G12,0,1,1,2024-09-25 17:21:50,2024-09-25 17:21:50
isbn:9787559840943,界,界限之书,9787559840943,（法）雅贝斯著,广西师范大学出版社,I565.45,76.0,IB24G10,1,4,1,2024-09-14 12:39:41,2025-03-13 14:26:44
isbn:9787020173686,略,略萨谈博尔赫斯 : 与博尔赫斯在一起的半个世纪,9787020173686,"(秘)马里奥·巴尔加斯·略萨 (Vargas Liosa, Mario 1936~) 著",人民文学出版社,I783.065,50.0,IB23G11,0,1,1,2024-11-19 12:37:15,2024-11-19 12:37:15
isbn:9787108065575,疯,疯癫与文明 : 理性时代的疯癫史,9787108065575,"(法米歇尔·)福柯 (Foucault, Michel 1926~1984) 著",生活·读书·新知三联书店,B565.59,49.0,IB22G12,0,1,1,2025-04-25 11:23:19,2025-04-25 11:23:19
isbn:9787572001727,病,病菌简史,9787572001727,张文宏 主编,上海教育出版社,R37-49,58.0,IB24G10,0,1,1,2025-05-12 16:11:23,2025-05-12 16:11:23
isbn:9787544291163,白,白夜行,9787544291163,(日)东野圭吾著,南海出版公司,I313.45,59.6,IB23G11,0,2,1,2025-01-10 12:45:19,2025-03-18 17:32:55
isbn:9787555910411,白,白杨木的春天,9787555910411,吕新著,照片,I247.5,35.0,IB23G11,0,1,1,2025-04-07 15:19:27,2025-04-07 15:19:27
isbn:9787544291170,百,百年孤独,9787544291170,(哥伦)马尔克斯,南海出版公司,I775.45,55.0,IB24G10,0,1,1,2024-10-24 16:14:00,2024-10-24 16:14:00
isbn:9787547048290,百,百鬼夜行 : 全画集,9787547048290,(日)鸟山石燕 (1712~1788) 绘,万卷出版公司,J231,68.0,IB23G11,0,1,1,2024-12-09 12:01:43,2024-12-09 12:01:43
isbn:9787573008459,直,直到时间的尽头,9787573008459,（美）格林著,海南出版社,O4,79.0,IB22G12,0,2,1,2024-12-03 16:35:09,2025-06-05 07:30:09
isbn:9787513340229,相,相对论究竟是什么,9787513340229,万维钢,新星出版社,O412.1-49,49.0,IB24G10,0,1,1,2024-09-05 11:13:15,2024-09-05 11:13:15
isbn:9787513349611,看,看不见的女性,9787513349611,(英)佩雷斯著 詹涓译,新星出版社,C913.68,69.0,IB24G10,0,1,1,2024-09-27 12:22:33,2024-09-27 12:22:33
isbn:9787549529322,看,看见,9787549529322,柴静著,广西师范大学出版社,I267.1,49.8,IB24G10,0,1,1,2024-12-10 12:09:54,2024-12-10 12:09:54
isbn:9787305261527,真,真实幸福的形而上学,9787305261527,（法）巴迪欧著,南京大学出版社,B82,45.0,IB24G10,0,1,1,2024-12-25 12:25:56,2024-12-25 12:25:56
isbn:9787544275606,礼,礼拜二午睡时刻,9787544275606,（哥伦）马尔克斯,南海出版公司,I775.45,29.5,IB24G10,0,1,1,2024-11-11 17:57:01,2024-11-11 17:57:01
isbn:9787301344477,社,社会学基本概念,9787301344477,(英）安东尼·吉登斯 著,北京大学出版社,C91,79.0,IB24G10,1,2,1,2024-12-18 14:48:15,2025-03-10 15:43:38
isbn:9787508696980,社,社交媒体简史：从莎草纸到互联网,9787508696980,"(美)汤姆·斯丹迪奇 (Standage, Tom) 著",中信出版集团股份有限公司,G206.2,48.0,IB24G10,0,2,1,2024-10-10 13:08:48,2024-11-11 13:30:41
isbn:9787108057259,社,社会学的想象力,9787108057259,"(美)C. 赖特·米尔斯 (Mills, Chales Wright 1916~1962) 著",生活·读书·新知三联书店,C91,42.0,IB22G12,0,1,1,2024-10-10 14:43:55,2024-10-10 14:43:55
isbn:9787544729727,社,社会学的意识,9787544729727,(英)布鲁斯著 蒋虹译,译林出版社,C91,39.0,IB22G12,0,1,1,2024-09-24 17:15:46,2024-09-24 17:15:46
isbn:9787532182640,社,社会学的问题,9787532182640,（法）布尔迪厄著,上海文艺出版社,C91-49,72.0,IB22G12,0,1,1,2024-09-24 17:53:55,2024-09-24 17:53:55
isbn:9787115410047,社,社会心理学,9787115410047,(美)迈尔斯著;侯玉波译,人民邮电出版社,C912.6,128.0,IB23G11,0,5,2,2025-04-18 14:26:14,2025-06-04 07:35:24
isbn:9787567599703,社,社会性动物,9787567599703,"(美)艾略特·阿伦森 (Aronson, Elliot) 著",华东师范大学出版社,C912.6,79.0,IB22G12,0,1,1,2025-04-07 10:49:42,2025-04-07 10:49:42
isbn:9787300312590,社,社会的麦当劳化,9787300312590,（美）里茨尔著,中国人民大学出版社,C91,59.0,IB23G11,0,1,1,2025-06-05 07:26:45,2025-06-05 07:26:45
isbn:9787302547778,社,社会研究方法,9787302547778,"(美)巴比 (Babbie, Earl R. 1938~) 著",清华大学出版社,C91-03,108.0,IB22G12,0,1,1,2024-09-24 16:21:09,2024-09-24 16:21:09
isbn:9787030458889,社,社会语言学,9787030458889,刘宝俊著,科学出版社,H0,80.0,IB22G12,0,1,1,2024-09-24 15:28:52,2024-09-24 15:28:52
isbn:9787545162387,祝,祝勇文学笔记,9787545162387,祝勇著,辽海出版社,I217.2,68.0,IB24G10,1,1,1,2025-03-18 17:37:51,2025-03-18 17:37:51
isbn:9787546200705,神,神雕侠侣 .1,9787546200705,金庸 著,广州出版社,I247.5,36.25,IB24G10,2,3,3,2024-09-20 09:20:05,2024-09-30 12:27:26
isbn:9787111430810,神,神经科学原理. 第5版. 下册,9787111430810,(美)坎德尔著,机械工业出版社,R338,149.5,IB24G10,1,1,1,2025-01-08 07:17:59,2025-01-08 07:17:59
isbn:9787532752522,神,神曲,9787532752522,（意）但丁著,上海译文出版社,I546.23,42.0,IB23G11,0,1,1,2024-12-23 18:08:49,2024-12-23 18:08:49
isbn:9787559835864,神,神祇与英雄.上,9787559835864,侯继迎著,广西师范大学出版社,B932.54,49.0,IB24G10,0,1,1,2024-09-05 11:15:00,2024-09-05 11:15:00
isbn:9787539951331,神,神经漫游者,9787539951331,(美)吉布森著,江苏文艺出版社,I712.45,32.0,IB23G11,0,1,1,2024-09-26 16:05:20,2024-09-26 16:05:20
isbn:9787111649687,神,神经网络与深度学习,9787111649687,邱锡鹏 (1983~) 著,机械工业出版社,TP183,149.0,IB22G12,0,1,1,2024-09-24 15:13:00,2024-09-24 15:13:00
isbn:9787108072788,神,神话的心理学,9787108072788,(日)河合隼雄著,生活·读书·新知三联书店,B932.1,39.0,IB24G10,0,1,1,2025-05-15 15:22:52,2025-05-15 15:22:52
isbn:9787229131548,禅,禅与摩托车维修艺术,9787229131548,"(美)罗伯特·M. 波西格 (Pirsig, Robert M. 1928~) 著",重庆出版社,I712.45,79.8,IB24G10,0,1,1,2024-10-11 16:30:13,2024-10-11 16:30:13
isbn:9787568918626,福,福柯,9787568918626,泰勒著,重庆大学出版社,B565.59,48.0,IB24G10,0,2,1,2024-10-16 12:16:06,2025-02-24 17:47:29
isbn:9787559640666,秋,秋园,9787559640666,杨本芬 (女， 1940-) 著,北京联合出版公司,I247.5,38.0,IB23G11,0,2,2,2025-02-27 10:47:59,2025-04-07 17:29:58
isbn:9787224138122,种,种在走廊上的苹果树,9787224138122,残雪,陕西人民出版社,I247.5,35.0,IB23G11,0,1,1,2025-04-07 12:25:31,2025-04-07 12:25:31
isbn:9787810836074,科,科学发现的逻辑,9787810836074,"(英)波普尔 (Popper, Karl Raimund 1902~1994) 著",中国美术学院出版社,N02,60.0,IB22G12,0,2,1,2024-09-24 17:49:49,2025-02-17 07:34:55
isbn:9787108066787,科,科学哲学,9787108066787,"(英)萨达尔 (Sardar, Ziauddin) 文",生活·读书·新知三联书店,N02,32.0,IB22G12,0,1,1,2024-09-20 08:08:19,2024-09-20 08:08:19
isbn:9787544732765,科,科学哲学,9787544732765,"(英)奥卡沙著,韩广忠译",译林出版社,N02,39.0,IB22G12,0,2,1,2024-09-11 08:55:02,2025-02-18 12:01:46
isbn:9787100133104,科,科学哲学的历史导论,9787100133104,(美)洛西著;张卜天译,商务印书馆,N02,88.0,IB22G12,0,1,1,2024-09-20 08:08:19,2024-09-20 08:08:19
isbn:9787030457738,科,科学实验哲学,9787030457738,拉德,科学出版社,N33,86.0,IB22G12,0,1,1,2024-09-24 17:06:36,2024-09-24 17:06:36
isbn:9787305239687,科,科学思想史,9787305239687,林德宏著,南京大学出版社,N091,80.0,IB22G12,0,1,1,2024-09-24 15:54:45,2024-09-24 15:54:45
isbn:9787308225854,科,科学技术史,9787308225854,米丽琴,浙江大学出版社,N091,48.0,IB22G12,0,1,1,2024-09-25 08:32:44,2024-09-25 08:32:44
isbn:9787535798374,科,科学的历程,9787535798374,吴国盛著,湖南科学技术出版社,N091,128.0,IB22G12,0,2,2,2024-09-24 15:55:00,2024-09-24 17:14:37
isbn:9787544745185,科,科学革命,9787544745185,"(美)劳伦斯·普林西比 (Principe, Lawrence M.) 著",译林出版社,N091,39.0,IB22G12,0,1,1,2024-09-24 16:44:53,2024-09-24 16:44:53
isbn:9787301330661,科,科学革命的结构 ：新译精装版,9787301330661,（美）库恩著,北京大学出版社,N02,79.0,IB22G12,0,1,1,2024-09-24 16:11:56,2024-09-24 16:11:56
isbn:9787100211642,科,科学革命的编史学研究,9787100211642,"(荷)科恩 (Cohen, Hendrik Floris 1946~) 著",商务印书馆,N091,138.0,IB22G12,0,1,1,2024-09-24 16:12:04,2024-09-24 16:12:04
isbn:9787544258210,秘,秘密,9787544258210,(日)东野圭吾,南海出版公司,I313.45,45.0,IB24G10,0,3,2,2024-09-05 11:40:20,2025-01-07 17:25:48
isbn:9787532791231,秘,秘密结晶,9787532791231,（日）小川洋子著,上海译文出版社有限公司,I313.45,68.0,IB22G12,0,1,1,2025-01-07 17:34:44,2025-01-07 17:34:44
isbn:9787506888400,积,积极心理诗学,9787506888400,罗辉著,中国书籍出版社,I052,88.0,IB24G10,0,1,1,2025-05-06 12:12:34,2025-05-06 12:12:34
isbn:9787530222362,穆,穆斯林的葬礼,9787530222362,霍达著,北京十月文艺出版社,I247.5,68.0,IB23G11,2,5,2,2024-10-21 17:09:29,2025-05-22 17:47:47
isbn:9787559633620,穆,穆夏：新艺术大师,9787559633620,(法)法比耶纳·艾丽斯 (Biena Alice) 著,北京联合出版公司,J205.514,98.0,IB23G11,0,1,1,2024-12-10 10:20:57,2024-12-10 10:20:57
isbn:9787547312230,穷,穷人的理财经,9787547312230,"(美)默多克 (Morduch, Jonathan) 著",东方出版中心,F830.59,45.0,IB23G11,0,1,1,2024-09-03 11:27:37,2024-09-03 11:27:37
isbn:9787532761913,空,空间的诗学,9787532761913,(法)巴什拉著 张逸婧译,上海译文出版社,B565.59,43.0,IB24G10,0,1,1,2024-11-04 19:40:27,2024-11-04 19:40:27
isbn:9787545553918,穿,穿越非洲两百年,9787545553918,郭建龙 著,天地出版社,K400,88.0,IB24G10,0,1,1,2024-09-04 13:38:03,2024-09-04 13:38:03
isbn:9787201141527,窄,窄门,9787201141527,(法)安德烈·纪德(André Gide)著 顾琪静译,天津人民出版社,I565.45,45.0,IB22G12,0,3,1,2024-10-17 08:36:11,2024-12-05 18:03:58
isbn:9787568287500,窄,窄门,9787568287500,(法）纪德著,北京理工大学出版社有限责任公司,I565.45,33.0,IB23G11,0,1,1,2024-10-11 11:30:47,2024-10-11 11:30:47
isbn:9787559111760,站,站城一体开发.II：TOD46的魅力,9787559111760,日建设计站城一体开发研究会,辽宁科学技术出版社,TU984.313,120.0,IB23G11,0,1,1,2025-06-03 09:18:56,2025-06-03 09:18:56
isbn:9787108070777,童,童话的心理分析,9787108070777,(瑞士)卡斯特著,生活·读书·新知三联书店,B84-069,39.0,IB24G10,0,1,1,2024-09-23 15:04:21,2024-09-23 15:04:21
isbn:9787570210817,第,第三帝国,9787570210817,（英）伯利著,长江文艺出版社,K516.44,39.0,IB23G11,2,3,1,2025-01-09 19:08:15,2025-04-17 17:45:07
isbn:9787532788446,第,第一哲学沉思录,9787532788446,（法）笛卡尔著,上海译文出版社有限公司,B565.21,78.0,IB23G11,0,2,1,2024-09-04 17:31:45,2025-03-31 06:53:01
isbn:9787513321259,第,第三个女郎,9787513321259,（英）克里斯蒂著,新星出版社,I561.45,39.0,IB23G11,0,2,1,2024-09-19 10:44:29,2024-12-18 17:11:26
isbn:9787532763399,第,第二性,9787532763399,(法)波伏瓦著;郑克鲁译,上海译文出版社,C913.68,180.0,IB24G10,0,2,2,2025-03-03 12:18:32,2025-03-25 06:47:02
isbn:9787532749676,第,第二性 Ⅱ,9787532749676,(法)波伏瓦著;郑克鲁译,上海译文出版社,C913.68,68.0,IB23G11,0,1,1,2025-03-18 12:01:59,2025-03-18 12:01:59
isbn:9787572605826,等,等待戈多,9787572605826,(爱尔兰)贝克特著,湖南文艺出版社,I565.35,49.8,IB24G10,0,1,1,2024-09-04 17:13:47,2024-09-04 17:13:47
isbn:9787532778119,简,简爱,9787532778119,(英)勃朗特著,上海译文出版社,I561.44,38.0,IB24G10,0,1,1,2025-02-20 17:14:57,2025-02-20 17:14:57
isbn:9787111407010,算,算法导论,9787111407010,"(美)科尔曼 (Cormen, Thomas H.) 著",机械工业出版社,TP301.6,128.0,IB22G12,0,1,1,2025-03-20 16:14:07,2025-03-20 16:14:07
isbn:9787532783618,米,米佳的爱情,9787532783618,"(俄)蒲宁 (Бунин, ИванАлексеевич 1870~1953) 著",上海译文出版社,I512.45,65.0,IB22G12,0,1,1,2025-04-07 10:54:27,2025-04-07 10:54:27
isbn:9787111543428,粒,粒子物理论,9787111543428,(美)大卫著;王青译,机械工业出版社,O572.2,89.0,IB23G11,0,4,2,2024-09-12 17:33:51,2024-09-30 12:02:56
isbn:9787210104339,精,精准表达,9787210104339,（日）高田贵久著,江西人民出版社,H019-49,38.0,IB24G10,1,1,1,2025-01-10 11:30:07,2025-01-10 11:30:07
isbn:9787111661665,精,精神分析的技术与实践,9787111661665,（美）格林森著,机械工业出版社,B84-065,120.0,IB22G12,0,2,1,2024-11-22 12:07:14,2025-05-28 11:22:59
isbn:9787010125916,精,精神现象学,9787010125916,(德)黑格尔著,人民出版社,B089,98.0,IB24G10,0,1,1,2025-05-28 11:23:11,2025-05-28 11:23:11
isbn:9787542858658,精,精神病学史 ：从收容院到百忧解,9787542858658,"(美)爱德华·肖特 (Shorter, Edward， 1941~) 著",上海科技教育出版社,R74-09,88.0,IB24G10,0,1,1,2024-09-03 15:08:44,2024-09-03 15:08:44
isbn:9787521731460,精,精英的傲慢,9787521731460,（美）桑德尔著,中信出版集团股份有限公司,C91,79.0,IB22G12,0,2,1,2024-09-26 15:52:44,2024-11-29 09:47:36
isbn:7100059453,精,精选英汉汉英词典(第4版),7100059453,吴景荣等编,商务印书馆,H316,48.0,IB22G12,0,1,1,2024-11-05 10:47:42,2024-11-05 10:47:42
isbn:9787541160868,素,素食者,9787541160868,(韩)韩江 (1970-) 著,四川文艺出版社,I312.645,48.0,IB24G10,1,4,2,2024-10-11 10:40:05,2025-03-06 16:51:05
isbn:9787515103884,索,索姆河战役,9787515103884,段雪莲著,西苑出版社,E194.4,34.8,IB24G10,1,1,1,2024-10-25 11:16:25,2024-10-25 11:16:25
isbn:9787507551570,索,索姆河战役,9787507551570,巴肯著,华文出版社,E194.4,75.0,IB24G10,0,1,1,2024-10-25 11:16:25,2024-10-25 11:16:25
isbn:9787544782173,索,索拉里斯星,9787544782173,"(波)斯坦尼斯瓦夫·莱姆(Lem, Stanislaw) 著",译林出版社,I513.45,49.0,IB23G11,0,1,1,2024-10-31 16:04:58,2024-10-31 16:04:58
isbn:9787201108186,红,红与黑,9787201108186,(法)司汤达著;罗新璋译,天津人民出版社,I565.44,42.0,IB24G10,3,6,2,2024-09-05 11:25:41,2024-12-24 11:39:45
isbn:9787020137466,红,红楼梦:上,9787020137466,曹学芹著,人民文学出版社,I242.4,33.5,IB24G10,1,1,1,2025-03-10 17:41:16,2025-03-10 17:41:16
isbn:9787532751228,红,红与黑,9787532751228,(法)司汤达著,上海译文出版社,I565.44,35.0,IB24G10,0,2,1,2024-10-08 12:11:45,2025-02-21 14:00:58
isbn:9787530218617,红,红玫瑰与白玫瑰,9787530218617,张爱玲著,北京十月文艺出版社,I246.7,49.5,IB22G12,0,1,1,2024-11-26 11:07:06,2024-11-26 11:07:06
isbn:9787550250024,纪,纪录片也要讲故事,9787550250024,（美）希拉·柯伦·伯纳德著,北京联合出版公司,J952,45.0,IB22G12,0,1,1,2025-01-09 17:48:55,2025-01-09 17:48:55
isbn:9787559617712,纯,纯真告别,9787559617712,苏珊著;马爱农等译,北京联合出版公司,I712.45,49.8,IB24G10,1,1,1,2025-05-22 17:42:44,2025-05-22 17:42:44
isbn:9787532773459,纯,纯真年代,9787532773459,(美)华顿著 吴其尧译,上海译文出版社,I712.45,48.0,IB24G10,0,1,1,2024-11-05 16:03:32,2024-11-05 16:03:32
isbn:9787532778423,纳,纳博科夫文学讲稿三种·唐吉坷德讲稿,9787532778423,(美)纳博科夫著,上海译文出版社,I106,90.0,IB23G11,1,2,1,2024-11-13 12:31:42,2025-03-24 12:27:51
isbn:9787544281621,细,细雪,9787544281621,（日）谷崎润一郎著,南海出版公司,I313.45,59.0,IB24G10,0,1,1,2024-09-13 11:53:42,2024-09-13 11:53:42
isbn:9787544767620,细,细雪,9787544767620,(日本)谷崎润一郎著;周逸之译,译林出版社,I313.45,65.0,IB24G10,0,1,1,2024-09-23 14:30:23,2024-09-23 14:30:23
isbn:9787556708277,终,终极观星指南,9787556708277,(美)鲍勃·金著,海峡书局,P12-62,98.0,IB22G12,0,1,1,2025-04-02 12:13:55,2025-04-02 12:13:55
isbn:9787108066626,经,经验主义,9787108066626,"(英)罗宾逊 (Robinson, Dave) 文",生活·读书·新知三联书店,B089,32.0,IB24G10,1,1,1,2025-03-19 16:28:50,2025-03-19 16:28:50
isbn:9787301256909,经,"经济学原理, 微观经济学分册",9787301256909,"(美)曼昆 (Mankiw, N. Gregory) 著",北京大学出版社,F0,72.0,IB23G11,0,1,1,2024-09-03 12:31:38,2024-09-03 12:31:38
isbn:9787302590910,经,经济学家都干了什么,9787302590910,梁捷 (1980~) 著,清华大学出版社,F091.3,65.0,IB22G12,0,1,1,2024-09-24 17:03:27,2024-09-24 17:03:27
isbn:9787121367113,经,经济学的世界,9787121367113,"(英)泰吉万·帕丁格 (Pettinger, Tejvan) 著",电子工业出版社,F0-49,128.0,IB23G11,0,1,1,2025-01-09 10:57:15,2025-01-09 10:57:15
isbn:9787559803344,经,经济学的著名寓言 : 市场失灵的神话,9787559803344,"(美)施普尔伯 (Spulber, Daniel F.) 著",广西师范大学出版社,F0-53,98.0,IB24G10,0,1,1,2024-11-12 13:08:53,2024-11-12 13:08:53
isbn:9787100159791,经,经济学说与方法史论,9787100159791,"(美)熊彼特 (Schumpeter, Joseph Alois 1883~1950) 著",商务印书馆,F09,42.0,IB22G12,0,1,1,2024-09-24 17:53:39,2024-09-24 17:53:39
isbn:9787544298841,经,经济用语图鉴,9787544298841,(日)花冈幸子 著,南海出版公司,F0-49,68.0,IB22G12,0,1,1,2024-12-19 13:36:04,2024-12-19 13:36:04
isbn:9787556129133,给,给青年人的哲学十二讲,9787556129133,（德）雅斯贝尔斯著,湖南人民出版社,B-49,49.0,IB24G10,0,1,1,2024-09-06 11:56:00,2024-09-06 11:56:00
isbn:9787513136891,给,给青年的二十七堂文学课,9787513136891,叶圣陶著,开明出版社,I-49,39.8,IB23G11,0,1,1,2024-10-25 14:46:00,2024-10-25 14:46:00
isbn:9787559641182,绝,绝叫,9787559641182,(日)叶真中显著,北京联合出版公司,I313.45,58.0,IB24G10,0,1,1,2025-04-29 12:04:33,2025-04-29 12:04:33
isbn:9787569925326,绝,绝对笑喷之弃业医生日志,9787569925326,"(英)亚当·凯 (Kay, Adam 1980-) 著; 胡逍扬 译",北京时代华文书局,I561.45,56.0,IB24G10,0,1,1,2025-04-16 15:33:36,2025-04-16 15:33:36
isbn:9787514619065,维,维京传奇,9787514619065,（英）美登编著,中国画报出版社,K530.9,70.0,IB24G10,1,2,1,2024-09-06 12:39:02,2024-10-15 09:35:03
isbn:9787305252563,维,维塔 : 社会遗弃下的疯癫与文明,9787305252563,"(巴西)若昂·比尔 (Biehl, Jo?o Guilherme, 1960~) 著",南京大学出版社,R199.777,68.0,IB24G10,0,1,1,2025-03-21 07:16:29,2025-03-21 07:16:29
isbn:9787559851833,维,维特根斯坦与《逻辑哲学论》,9787559851833,（英）莫里斯著,广西师范大学出版社,B561.59,108.0,IB23G11,0,1,1,2024-11-22 07:49:37,2024-11-22 07:49:37
isbn:9787540778903,维,维特根斯坦的维也纳,9787540778903,(美)雅尼克著,漓江出版社有限公司,B561.59,59.0,IB24G10,0,1,1,2024-11-07 11:38:15,2024-11-07 11:38:15
isbn:9787100166461,罗,罗伯斯庇尔与法国大革命,9787100166461,"(英)露丝·斯科尔 (女，Scurr, Ruth 1971~) 著",商务印书馆,K835.657=41,88.0,IB24G10,0,1,1,2024-11-20 11:57:20,2024-11-20 11:57:20
isbn:9787532751495,罗,罗生门,9787532751495,(日)芥川龙之介著;林少华译,上海译文出版社,I313.45,40.0,IB24G10,0,1,1,2024-09-06 15:17:47,2024-09-06 15:17:47
isbn:9787108067081,罗,罗素,9787108067081,"(英)罗宾逊 (Robinson, David) 文",生活·读书·新知三联书店,B561.54,32.0,IB23G11,0,1,1,2024-11-22 07:49:37,2024-11-22 07:49:37
isbn:9787513922494,罗,罗马元老院与人民：一部古罗马史,9787513922494,"(英)玛丽·比尔德 (Beard, Mary 1955~) 著",民主与建设出版社有限责任公司,K126-49,118.0,IB22G12,0,3,1,2024-11-07 17:28:35,2025-03-12 17:27:20
isbn:9787532752485,罪,罪与罚,9787532752485,(俄)陀思妥耶夫斯基著,上海译文出版社,I512.44,42.0,IB24G10,0,1,1,2024-11-05 16:52:52,2024-11-05 16:52:52
isbn:9787532778188,罪,罪与罚,9787532778188,(俄)陀思妥耶夫斯基著,上海译文出版社,I512.44,41.0,IB23G11,0,1,1,2024-10-15 08:19:39,2024-10-15 08:19:39
isbn:9787550284975,羊,羊脂球,9787550284975,(法)莫泊桑著,北京联合出版公司,I565.44,29.0,IB24G10,1,1,1,2025-02-27 11:52:07,2025-02-27 11:52:07
isbn:9787532773404,美,美丽新世界,9787532773404,(英)赫胥黎著,上海译文出版社,I561.45,28.0,IB24G10,2,3,1,2024-09-23 14:29:40,2024-12-24 11:39:39
isbn:9787569936988,美,美国监狱,9787569936988,"(美)鲍尔 (Bauer, Shane) 著",北京时代华文书局,D971.267,58.0,IB24G10,1,1,1,2024-09-05 11:11:02,2024-09-05 11:11:02
isbn:9787220128165,美,美丽与哀愁.3,9787220128165,（日）川端康成著,四川人民出版社,I313.45,49.6,IB22G12,0,3,3,2024-10-23 16:53:08,2025-02-28 14:32:01
isbn:9787532774685,美,美丽新世界,9787532774685,(英)赫胥黎著;陈超译,上海译文出版社,I561.45,45.0,IB24G10,0,3,2,2024-09-04 16:59:07,2024-11-25 12:20:36
isbn:9787520178853,美,美利坚的民族,9787520178853,（美）伍达德著,社会科学文献出版社,K710.03,79.0,IB24G10,0,1,1,2025-03-24 11:53:58,2025-03-24 11:53:58
isbn:9787100056748,美,美国史. 上册,9787100056748,（美）马丁著,商务印书馆,K712.0,190.0,IB24G10,0,1,1,2024-12-20 14:16:54,2024-12-20 14:16:54
isbn:9787301047439,美,美学原理,9787301047439,叶朗 (1938.10~) 著,北京大学出版社,B83-0,58.0,IB22G12,0,1,1,2024-09-25 08:53:55,2024-09-25 08:53:55
isbn:9787569323924,美,美术与世界,9787569323924,周利明,西安交通大学出版社,J1,59.8,IB23G11,0,1,1,2024-12-17 17:50:36,2024-12-17 17:50:36
isbn:9787108030375,美,美的历程,9787108030375,李泽厚著,生活·读书·新知三联书店,J120.9,68.0,IB24G10,0,1,1,2024-09-14 12:25:11,2024-09-14 12:25:11
isbn:9787550238954,耶,耶鲁大学公开课,9787550238954,(美)史密斯著,北京联合出版公司,D0,39.8,IB23G11,1,4,2,2024-09-02 12:21:58,2025-03-19 16:28:43
isbn:9787508695730,耶,耶鲁极简科学史,9787508695730,"(英)拜纳姆 (Bynum, William) 著",中信出版集团股份有限公司,N091-49,49.5,IB22G12,0,1,1,2024-09-24 16:44:11,2024-09-24 16:44:11
isbn:9787302526308,聆,聆听音乐,9787302526308,（美）莱特著,清华大学出版社,J605.1,98.0,IB22G12,0,1,1,2024-09-25 08:33:07,2024-09-25 08:33:07
isbn:9787505735910,背,背德者,9787505735910,"(法)安德烈·纪德 (Gide, André 1869~1951) 著",中国友谊出版公司,I565.45,39.8,IB24G10,0,1,1,2025-03-18 07:02:42,2025-03-18 07:02:42
isbn:9787547057827,脑,脑髓地狱,9787547057827,(日) 梦野久作著,万卷出版公司,I313.45,78.0,IB23G11,1,1,1,2024-09-10 16:35:17,2024-09-10 16:35:17
isbn:9787213065835,脑,脑机穿越 : 脑机接口改变人类未来,9787213065835,"(巴西)米格尔·尼科莱利斯 (Nicolelis, Miguel A.) 著",浙江人民出版社,R338.2,79.9,IB24G10,0,1,1,2025-04-03 12:32:23,2025-04-03 12:32:23
isbn:9787544490207,脑,脑研究的新大陆：一位德国工程师与一位中国科学家之间的对话,9787544490207,顾凡及 著,上海教育出版社有限公司,Q983,68.0,IB23G11,0,1,1,2025-04-25 14:49:54,2025-04-25 14:49:54
isbn:9787559831323,腓,腓特烈大王,9787559831323,"(德)约翰内斯·库尼施 (Kunisch ,Johannes) 著",广西师范大学出版社,K516.42,29.0,IB23G11,1,1,1,2024-11-07 12:54:35,2024-11-07 12:54:35
isbn:9787533943257,自,自卑与超越,9787533943257,(奥)阿德勒著;杨颖译,浙江文艺出版社,B848,32.0,IB24G10,1,1,1,2024-11-12 10:52:48,2024-11-12 10:52:48
isbn:9787559664518,自,自我的探寻,9787559664518,戴军著,北京联合出版公司,B84-065,49.0,IB23G11,1,1,1,2025-06-12 20:33:14,2025-06-12 20:33:14
isbn:9787040228762,自,自然地理学,9787040228762,伍光和著,高等教育出版社,P9,52.8,IB24G10,1,1,1,2025-03-06 10:42:28,2025-03-06 10:42:28
isbn:9787218160177,自,自我决定的孤独：难以建立亲密感的社会,9787218160177,(德) 塔登著,广东人民出版社,C912.11-49,68.0,IB22G12,0,1,1,2024-10-17 08:36:22,2024-10-17 08:36:22
isbn:9787100132343,自,自杀论,9787100132343,"(法)迪尔凯姆 (Durkheim, Emile 1858~1917) 著",商务印书馆,C913.9,52.0,IB24G10,0,1,1,2025-04-03 11:46:03,2025-04-03 11:46:03
isbn:9787544752183,自,自深深处,9787544752183,(英)王尔德著;朱纯深译,译林出版社,I561.64,48.0,IB24G10,0,1,1,2025-04-28 15:52:57,2025-04-28 15:52:57
isbn:9787301095515,自,自然哲学之数学原理,9787301095515,"(英)牛顿 (Newton, Isaac 1642~1727) 著",北京大学出版社,O31,68.0,IB22G12,0,1,1,2024-09-25 08:52:30,2024-09-25 08:52:30
isbn:9787301292341,自,自然哲学之数学原理,9787301292341,"(英)牛顿 (Newton, Isaac 1642~1727) 著",北京大学出版社,O3,168.0,IB22G12,0,1,1,2024-09-24 13:10:27,2024-09-24 13:10:27
isbn:9787802468320,自,自然科学史,9787802468320,(英)金斯著,中国大地出版社,N091,45.0,IB22G12,0,1,1,2024-09-24 17:00:30,2024-09-24 17:00:30
isbn:9787544716741,自,自由论,9787544716741,（英）伯林著,译林出版社,D081,69.0,IB24G10,0,1,1,2025-03-19 11:00:36,2025-03-19 11:00:36
isbn:9787516124512,致,致死的疾病,9787516124512,克尔凯郭尔著,中国社会科学出版社,B534,96.0,IB24G10,0,1,1,2025-04-07 10:38:22,2025-04-07 10:38:22
isbn:9787532765461,舞,舞!舞!舞!,9787532765461,(日)村上春树著,上海译文出版社,I313.45,60.0,IB22G12,0,1,1,2025-03-31 15:47:40,2025-03-31 15:47:40
isbn:9787104020578,舞,舞台灯光设计概要,9787104020578,冯德仲著,中国戏剧出版社,J814.4,46.0,IB24G10,0,3,1,2024-09-19 17:41:20,2025-03-27 17:47:14
isbn:9787305209062,色,色情,9787305209062,（法）巴塔耶著,南京大学出版社,B0,72.0,IB23G11,0,1,1,2024-11-26 14:08:32,2024-11-26 14:08:32
isbn:9787301321898,艺,艺术史导论,9787301321898,【德】汉斯·贝尔廷,北京大学出版社,J110.9,105.0,IB22G12,0,2,2,2024-09-11 12:36:55,2024-09-24 14:41:44
isbn:9787208132139,艺,艺术史的艺术,9787208132139,(美)普雷齐奥西著,上海人民出版社,J110.9-53,89.0,IB22G12,0,1,1,2024-09-11 12:32:03,2024-09-11 12:32:03
isbn:9787301284230,艺,艺术哲学,9787301284230,(法)丹纳著,北京大学出版社,J0-02,69.0,IB22G12,0,1,1,2024-09-02 18:11:36,2024-09-02 18:11:36
isbn:9787309114560,艺,艺术哲学,9787309114560,王德峰 (1956.10~) 著,复旦大学出版社,J0-02,28.0,IB22G12,0,1,1,2024-09-24 15:29:09,2024-09-24 15:29:09
isbn:9787511743046,艺,艺术哲学,9787511743046,（美）奥尔德里奇著,中央编译出版社,J0-02,58.0,IB22G12,0,1,1,2024-09-24 14:07:34,2024-09-24 14:07:34
isbn:9787559426468,艺,艺术哲学,9787559426468,(法)丹纳著;傅雷译,江苏凤凰文艺出版社,J0-02,59.8,IB22G12,0,1,1,2024-09-24 14:07:45,2024-09-24 14:07:45
isbn:9787020123728,芳,芳华,9787020123728,严歌苓,人民文学出版社,I247.5,39.0,IB24G10,0,1,1,2024-11-11 12:09:00,2024-11-11 12:09:00
isbn:9787542674173,苦,苦炼,9787542674173,（法）尤瑟纳尔著,上海三联书店,I565.45,68.0,IB24G10,0,1,1,2024-10-25 11:37:43,2024-10-25 11:37:43
isbn:9787214271426,英,英国鸟类史,9787214271426,（英）亚尔登著,江苏人民出版社,Q959.7,98.0,IB24G10,0,1,1,2025-04-24 08:28:02,2025-04-24 08:28:02
isbn:9787020166244,茨,茨威格中短篇小说选·上,9787020166244,（奥）茨威格著,人民文学出版社,I521.45,39.0,IB24G10,0,1,1,2024-09-04 16:43:16,2024-09-04 16:43:16
isbn:9787511724717,茶,茶花女,9787511724717,(法)小仲马,中央编译出版社,I565.44,24.8,IB24G10,0,1,1,2024-09-13 11:50:27,2024-09-13 11:50:27
isbn:9787533971014,荒,荒原狼,9787533971014,(德)黑塞著,浙江文艺出版社,I516.45,59.8,IB24G10,0,1,1,2024-09-19 12:03:29,2024-09-19 12:03:29
isbn:9787020102792,荷,荷马史诗·奥德赛,9787020102792,(古希腊)荷马著,人民文学出版社,I545.22,37.0,IB24G10,0,1,1,2024-09-06 11:54:30,2024-09-06 11:54:30
isbn:9787544755535,莎,莎士比亚全集.5,9787544755535,(英)莎士比亚著;朱生豪译,译林出版社,I561.13,47.5,IB24G10,0,1,1,2024-09-23 10:48:11,2024-09-23 10:48:11
isbn:9787533947576,莎,莎士比亚悲剧喜剧全集·悲剧Ⅱ,9787533947576,(英)莎士比亚著,浙江文艺出版社,I561.33,59.8,IB24G10,0,1,1,2024-09-10 16:50:28,2024-09-10 16:50:28
isbn:9787020142675,莎,莎士比亚植物志,9787020142675,(英)威尔斯著,人民文学出版社,Q948.556,55.0,IB24G10,0,1,1,2024-10-09 12:14:36,2024-10-09 12:14:36
isbn:9787535459350,莫,莫言作品精选,9787535459350,莫言著,长江文艺出版社,I217.2,25.0,IB22G12,0,1,1,2025-02-20 15:30:54,2025-02-20 15:30:54
isbn:9787513929783,莱,莱特湾海战,9787513929783,"(英)威尔默特 (Willmott, H. P. 1945~) 著",民主与建设出版社有限责任公司,E195.2,129.8,IB22G12,0,1,1,2025-03-14 10:38:32,2025-03-14 10:38:32
isbn:9787551816571,菜,菜根谭,9787551816571,(明)洪应明著;齐白石绘,三秦出版社,B825,98.0,IB22G12,0,1,1,2024-11-26 11:49:13,2024-11-26 11:49:13
isbn:9787521742213,营,营销管理,9787521742213,"科特勒 (Kotler, Philip) (Kotler, Philip)(著);凯勒 (Keller, Kevin Lane) (Keller, Kevin Lane)(著);切尔内夫 (Chernev, Alexander) (Chernev, Alexander)(著)",北京中信出版集团股份有限公司2022,F713.56,158.0,IB23G11,0,1,1,2024-09-12 16:25:20,2024-09-12 16:25:20
isbn:9787100136112,萨,萨摩亚人的成年,9787100136112,"(美)米德 (Mead, Margaret 1901~1978) 著",商务印书馆,C912.4,39.0,IB22G12,0,1,1,2024-11-15 08:39:40,2024-11-15 08:39:40
isbn:9787229143022,落,落叶,9787229143022,（美）杜兰特著,重庆出版社,B-49,49.8,IB24G10,1,3,1,2024-12-05 16:18:46,2025-05-22 17:41:22
isbn:9787549573110,葡,葡萄柚,9787549573110,(日)小野洋子,广西师范大学出版社,I313.25,48.0,IB24G10,0,1,1,2025-02-24 10:06:28,2025-02-24 10:06:28
isbn:9787532762811,蒙,蒙田随笔集,9787532762811,(法)蒙田著,上海译文出版社,I565.63,30.0,IB24G10,0,1,1,2024-10-11 15:49:36,2024-10-11 15:49:36
isbn:9787550710276,薛,薛定谔之猫,9787550710276,(法)福雷斯特著,海天出版社,I565.45,35.0,IB24G10,0,1,1,2024-09-03 11:57:34,2024-09-03 11:57:34
isbn:9787532788132,蝇,蝇王,9787532788132,(英)威廉·戈尔丁(Milliam Golding)著 龚志成译,上海译文出版社有限公司,I561.45,78.0,IB24G10,0,1,1,2025-04-28 15:52:57,2025-04-28 15:52:57
isbn:9787229145781,血,血与火 : 坦格利安王朝史. 第一卷,9787229145781,"(美)乔治·R.R.马丁 (Martin, George Raymond Richard 1948~) 著",重庆出版社,I712.45,180.0,IB24G10,0,1,1,2025-01-10 11:49:41,2025-01-10 11:49:41
isbn:9787532787746,血,血清素,9787532787746,(法)米歇尔·维勒贝克(Michel Houellebecq)著,上海译文出版社有限公司,I565.45,68.0,IB24G10,0,1,1,2025-02-26 14:18:33,2025-02-26 14:18:33
isbn:9787516833452,行,行为心理学,9787516833452,（美）华生著,台海出版社,B84-063,49.0,IB24G10,0,1,1,2025-05-16 10:14:20,2025-05-16 10:14:20
isbn:9787100163521,行,行者的迷宫,9787100163521,朱又可著,商务印书馆,K825.6,65.0,IB24G10,0,1,1,2024-09-30 12:23:24,2024-09-30 12:23:24
isbn:9787213108990,街,街头哲学,9787213108990,芬特著,浙江人民出版社,B0,68.0,IB24G10,0,1,1,2024-09-05 07:51:59,2024-09-05 07:51:59
isbn:9787111495482,被,"被讨厌的勇气:""自我启发之父""阿德勒的哲学课",9787111495482,(日)岸见一郎著,机械工业出版社,B821-49,55.0,IB24G10,0,1,1,2025-05-28 11:44:48,2025-05-28 11:44:48
isbn:9787545565836,西,西南联大诗词课,9787545565836,闻一多 (1899~1946) 著,天地出版社,I207.2,58.0,IB23G11,0,2,1,2024-09-02 09:23:53,2025-01-10 09:57:25
isbn:9787544755450,西,西方正典,9787544755450,"(美)哈罗德·布鲁姆 (Bloom,Harold 1930~) 著",译林出版社,I106,78.0,IB22G12,0,1,1,2025-04-07 12:10:44,2025-04-07 12:10:44
isbn:9787553513720,西,西班牙史,9787553513720,伯尔奈克,上海文化出版社,K551,29.8,IB23G11,0,1,1,2025-02-17 17:16:49,2025-02-17 17:16:49
isbn:9787532775859,西,西西弗神话:散论荒诞,9787532775859,(法)加缪著 沈志明译,译文出版社,B565.59,32.0,IB24G10,0,2,1,2024-12-05 16:18:51,2025-01-06 18:03:33
isbn:9787108065841,规,规训与惩罚,9787108065841,(法)福柯 著,生活·读书·新知三联书店,B565.59,58.0,IB24G10,0,2,1,2024-10-16 12:16:06,2025-02-27 08:49:30
isbn:9787544270878,解,解忧杂货店,9787544270878,(日)东野圭吾著;李盈春译,南海出版公司,I313.45,39.5,IB24G10,0,1,1,2024-09-25 09:58:44,2024-09-25 09:58:44
isbn:9787544298995,解,解忧杂货店,9787544298995,(日)东野圭吾著,南海出版公司,I313.45,59.0,IB22G12,0,2,1,2024-09-02 17:39:14,2024-09-30 08:35:44
isbn:9787541156472,订,订书匠,9787541156472,(英)柯林斯著,四川文艺出版社,I561.45,48.0,IB24G10,0,1,1,2025-04-27 17:49:08,2025-04-27 17:49:08
isbn:9787530216033,许,许三观卖血记,9787530216033,余华著,北京十月文艺出版社,I247.5,39.5,IB24G10,0,1,1,2024-09-05 11:16:43,2024-09-05 11:16:43
isbn:9787542662583,许,许子东现代文学课,9787542662583,许子东 (1954~) 著,上海三联书店,I209.6,69.0,IB23G11,0,1,1,2025-04-16 17:18:23,2025-04-16 17:18:23
isbn:9787502055394,论,论自由,9787502055394,（英）密尔著,煤炭工业出版社,D081,35.0,IB24G10,1,2,1,2024-09-30 10:12:18,2025-03-18 16:57:41
isbn:9787100019163,论,论灵魂,9787100019163,（阿拉伯）伊本.西那著,商务印书馆,B371,29.0,IB23G11,0,1,1,2025-05-20 12:10:18,2025-05-20 12:10:18
isbn:9787115434500,设,设计的细节 : 日本经典设计透析,9787115434500,(日)日经设计 编,人民邮电出版社,TB21,59.0,IB22G12,0,1,1,2024-12-19 13:38:29,2024-12-19 13:38:29
isbn:9787520186902,诅,诅咒之塔,9787520186902,（美）克劳利著,社会科学文献出版社,K560.7,62.0,IB24G10,0,1,1,2025-02-25 17:00:49,2025-02-25 17:00:49
isbn:9787208140813,试,试论疲倦,9787208140813,（奥）汉德克著,上海人民出版社,I521.45,49.0,IB24G10,0,1,1,2024-09-02 09:20:32,2024-09-02 09:20:32
isbn:9787301165935,话,话说科学,9787301165935,"(英)彼得·穆尔 (Moore, Peter D.) 著",北京大学出版社,N091,18.0,IB22G12,0,1,1,2024-09-24 17:07:41,2024-09-24 17:07:41
isbn:9787100092388,语,语法修辞讲话,9787100092388,吕叔湘著,商务印书馆,H14,58.0,IB23G11,0,1,1,2024-11-18 17:56:04,2024-11-18 17:56:04
isbn:9787108069474,语,语言学,9787108069474,"(英)R. L. 特拉斯克 (Trask, R.L.) 文",生活·读书·新知三联书店,H0,38.0,IB24G10,0,1,1,2024-09-09 12:32:24,2024-09-09 12:32:24
isbn:9787559675583,语,语言恶女：女性如何夺回语言,9787559675583,（美）阿曼达.蒙特尔著,北京联合出版公司,H0-49,62.0,IB24G10,0,1,1,2025-04-01 14:08:20,2025-04-01 14:08:20
isbn:9787550249141,说,说谎心理学,9787550249141,（德）艾尔哈特著,北京联合出版公司,C912.69,49.0,IB24G10,0,1,1,2024-09-04 17:31:52,2024-09-04 17:31:52
isbn:9787208132252,诺,诺曼底登陆,9787208132252,（美）西蒙兹著,上海人民出版社,E195.2,75.0,IB24G10,1,1,1,2025-05-07 12:17:52,2025-05-07 12:17:52
"book:诺曼征服 : 黑斯廷斯战役与英格兰诺曼王朝的崛起|(英)莫里斯 (morris, marc) 著|西安出版社",诺,诺曼征服 : 黑斯廷斯战役与英格兰诺曼王朝的崛起,,"(英)莫里斯 (Morris, Marc) 著",西安出版社,K561.07,98.0,IB24G10,0,1,1,2025-03-04 10:15:12,2025-03-04 10:15:12
isbn:9787551825047,读,读水浒,9787551825047,押沙龙 (1976~) 著,三秦出版社,I207.412-53,49.8,IB22G12,0,1,1,2024-09-02 13:47:26,2024-09-02 13:47:26
isbn:9787521715170,读,读脑术,9787521715170,"(美)拉塞尔·A.波德拉克(Poldrack, Russell A. 1967~) 著",中信出版集团股份有限公司,R445.2,58.0,IB24G10,0,1,1,2024-09-05 09:53:58,2024-09-05 09:53:58
isbn:9787521714586,谁,谁动了我的奶酪?,9787521714586,（美）约翰逊著,中信出版集团股份有限公司,B825-49,45.0,IB24G10,0,3,1,2024-10-24 12:11:01,2025-01-10 14:44:19
isbn:9787521711400,谁,谁动了我的奶酪．2，走出迷宫,9787521711400,(美)斯宾塞·约翰逊(Spencer Johnson)著；殷蕾译,中信出版集团股份有限公司,B825-49,45.0,IB24G10,0,1,1,2025-01-10 14:44:19,2025-01-10 14:44:19
isbn:9787513344548,谋,谋杀启事,9787513344548,（英）克里斯蒂著,新星出版社,I561.45,42.0,IB24G10,0,1,1,2024-09-13 11:53:26,2024-09-13 11:53:26
isbn:9787572608322,豆,豆腐,9787572608322,朱赢椿著,湖南文艺出版社,TS214.2,128.0,IB24G10,1,1,1,2025-04-30 11:43:49,2025-04-30 11:43:49
isbn:9787300217543,财,财政学,9787300217543,"(美)哈维·S. 罗森 (Rosen, Harvey S.) 著",中国人民大学出版社,F810,78.0,IB24G10,1,1,1,2024-11-20 11:54:46,2024-11-20 11:54:46
isbn:9787572211874,财,财富、贫穷与政治,9787572211874,（美）索厄尔著,浙江教育出版社,F0-49,45.0,IB24G10,0,3,1,2024-09-02 17:13:11,2025-06-04 17:10:10
isbn:9787559846402,货,货币幻觉,9787559846402,（美）费雪著,广西师范大学出版社,F82,59.0,IB24G10,0,1,1,2024-10-24 12:10:13,2024-10-24 12:10:13
isbn:9787100203944,货,货币的购买力,9787100203944,（美）费雪著,商务印书馆,F820,86.0,IB24G10,0,1,1,2024-10-28 12:11:41,2024-10-28 12:11:41
isbn:9787508687216,贫,贫穷的本质,9787508687216,"(印)班纳吉 (Banerjee, Abhijit V.) 著",中信出版集团股份有限公司,F113.9,58.0,IB24G10,0,1,1,2024-10-23 18:00:25,2024-10-23 18:00:25
isbn:9787532182480,贫,贫穷的质感,9787532182480,王梆,上海文艺出版社,K561.03,52.0,IB24G10,0,1,1,2024-09-04 15:36:12,2024-09-04 15:36:12
isbn:9787532779765,赎,赎罪,9787532779765,(英)麦克尤恩著;郭国良译,上海译文出版社,I561.45,49.0,IB24G10,0,1,1,2024-09-05 09:54:26,2024-09-05 09:54:26
isbn:9787521744354,走,走出双相情感障碍,9787521744354,（英）科尼贝尔著,中信出版集团股份有限公司,R749.4,58.0,IB22G12,0,1,1,2024-10-14 17:35:22,2024-10-14 17:35:22
isbn:9787513564847,走,走近艺术史,9787513564847,（英）阿诺德著,外语教学与研究出版社,J110.9,20.0,IB23G11,0,1,1,2025-05-16 14:20:08,2025-05-16 14:20:08
isbn:9787559454027,趣,趣味二战史,9787559454027,杨亮著,江苏凤凰文艺出版社,K152-49,129.8,IB24G10,0,1,1,2024-09-04 11:26:36,2024-09-04 11:26:36
isbn:9787115439802,足,足球守门员圣经：必备技术、训练方法和实战应用,9787115439802,(日)泽村公康 (1971~) 主编,人民邮电出版社,G843.19-64,49.8,IB24G10,0,1,1,2024-09-19 17:40:38,2024-09-19 17:40:38
isbn:9787530486306,足,足球智商,9787530486306,"(美)丹·布兰克 (Blank, Dan) 著",北京科学技术出版社,G843,59.0,IB24G10,0,1,1,2024-09-04 17:01:14,2024-09-04 17:01:14
isbn:9787115578754,足,足球规则与战术完全图解,9787115578754,苗霖66(编著),北京人民邮电出版社2022,G843-64,49.8,IB24G10,0,1,1,2024-09-19 17:40:44,2024-09-19 17:40:44
isbn:9787807681885,跨,跨越边界的社区：北京“浙江村”的生活史,9787807681885,项飚著,生活书店出版有限公司,C912.81,68.0,IB22G12,0,1,1,2025-04-10 08:13:27,2025-04-10 08:13:27
isbn:9787301322116,转,转角遇见社会学,9787301322116,（加）约翰斯顿著,北京大学出版社,C91,69.0,IB23G11,0,1,1,2025-06-05 07:26:40,2025-06-05 07:26:40
isbn:9787214108463,边,边城,9787214108463,沈从文著,江苏人民出版社,I246.5,32.0,IB22G12,0,2,1,2025-02-21 13:35:06,2025-04-03 11:45:22
isbn:9787020126132,达,达·芬奇密码,9787020126132,(美)布朗著,人民文学出版社,I712.45,75.0,IB23G11,0,2,1,2025-01-09 13:10:11,2025-05-06 16:57:08
isbn:9787571001933,达,达摩流浪者,9787571001933,(美)凯鲁亚克著,湖南科学技术出版社,I712.45,52.0,IB22G12,0,1,1,2025-05-13 15:06:48,2025-05-13 15:06:48
isbn:9787533964337,过,过往,9787533964337,艾伟著,浙江文艺出版社,I247.5,45.0,IB23G11,0,1,1,2025-03-19 16:20:49,2025-03-19 16:20:49
isbn:9787115535276,运,运动营养全书：全彩图解版,9787115535276,"(美)玛利亚·A.斯帕诺 (Spano, Marie A.) 著",人民邮电出版社,G804.32,248.0,IB24G10,0,1,1,2024-12-27 15:51:45,2024-12-27 15:51:45
isbn:9787559620170,运,运气的秘密,9787559620170,(美)史密斯著;洪慧敏译,北京联合出版公司,O211,49.0,IB24G10,0,1,1,2025-05-22 10:54:05,2025-05-22 10:54:05
isbn:9787545477306,这,这就是哲学,9787545477306,（日）山竹伸二著,广东经济出版社,B,52.0,IB24G10,0,1,1,2025-03-20 17:41:48,2025-03-20 17:41:48
isbn:9787545477320,这,这就是心理学,9787545477320,（日）植木理惠著,广东经济出版社,B84,48.0,IB22G12,0,1,1,2024-09-24 13:11:34,2024-09-24 13:11:34
isbn:9787545477283,这,这就是社会学,9787545477283,(日)堀内进之介,广东经济出版社,C91,52.0,IB23G11,0,2,1,2024-12-17 10:23:05,2025-06-05 07:26:49
isbn:9787569929713,这,这才是最好读的数学史,9787569929713,"(美)伯林霍夫 (Berlinghoff, William P.) 著",北京时代华文书局,O11-49,68.0,IB22G12,0,2,2,2024-09-11 12:18:29,2024-09-24 13:10:20
isbn:9787218160481,这,这样读三国,9787218160481,龙镇 (1975~) 著,广东人民出版社,K236.09,48.0,IB22G12,0,1,1,2024-09-02 13:47:04,2024-09-02 13:47:04
isbn:9787532753659,远,远大前程,9787532753659,(英)狄更斯著,上海译文出版社,I561.44,42.0,IB24G10,1,1,1,2025-04-08 17:20:18,2025-04-08 17:20:18
isbn:9787108048455,违,违童之愿,9787108048455,"(美)霍恩布鲁姆 (Hornblum, Allen M.) 著",生活·读书·新知三联书店,R-097,35.0,IB24G10,0,1,1,2025-03-17 11:46:03,2025-03-17 11:46:03
isbn:9787546206141,连,连城决,9787546206141,金庸 (1924~2018) 著,广州出版社,I247.5,35.0,IB24G10,0,1,1,2025-03-20 11:39:07,2025-03-20 11:39:07
isbn:9787546213330,连,连城诀,9787546213330,金庸 (1924~2018) 著,广州出版社,I247.5,35.0,IB24G10,0,1,1,2024-09-29 11:34:45,2024-09-29 11:34:45
isbn:9787532762828,追,追忆逝水年华,9787532762828,"(法)普鲁斯特 (Proust, Marcel 1871~1922) 著",上海译文出版社,I565.45,48.0,IB24G10,0,1,1,2024-10-15 12:18:15,2024-10-15 12:18:15
isbn:9787530214763,送,送你一匹马,9787530214763,三毛,北京十月文艺出版社,I217.2,32.0,IB24G10,0,1,1,2024-09-05 12:23:50,2024-09-05 12:23:50
isbn:9787540486990,逆,逆向创新,9787540486990,"(美)摩根 (Morgan, Adam) 著",湖南文艺出版社,F272-49,48.0,IB24G10,0,1,1,2024-09-13 11:46:51,2024-09-13 11:46:51
isbn:9787508646978,透,透过佛法看世界:给寻找答案的人,9787508646978,希阿荣博堪布著,中信出版社,B948,39.8,IB22G12,1,1,1,2024-11-01 07:40:55,2024-11-01 07:40:55
isbn:9787532787555,透,透明,9787532787555,纳博科夫著,上海译文出版社有限公司,I712.45,55.0,IB24G10,0,1,1,2024-10-11 16:29:48,2024-10-11 16:29:48
isbn:9787500421368,通,通往奴役之路,9787500421368,"(英)弗里德里希·奥古斯特·哈耶克 (Hayek, Friedrich August Von 1899~1992) 著",中国社会科学出版社,F091.352,42.0,IB24G10,0,2,1,2025-03-17 11:12:19,2025-04-01 13:37:59
isbn:9787511384096,逻,逻辑哲学论,9787511384096,（英）维特根斯坦著,中国华侨出版社,B81-05,45.0,IB24G10,1,1,1,2024-09-19 16:35:50,2024-09-19 16:35:50
isbn:9787535794420,逻,逻辑的引擎,9787535794420,(美)戴维斯著;张卜天译,湖南科学技术出版社,TP302.2,49.0,IB24G10,1,2,1,2024-10-14 17:14:47,2025-04-17 20:13:44
isbn:9787301258958,逻,逻辑学是什么,9787301258958,陈波著,北京大学出版社,B81-49,48.0,IB22G12,0,2,1,2024-09-25 08:54:47,2024-10-10 13:08:54
isbn:9787521743630,道,道德动物,9787521743630,（美）赖特著,中信出版集团股份有限公司,B84,88.0,IB24G10,0,1,1,2024-12-02 10:43:34,2024-12-02 10:43:34
isbn:9787544285582,遥,遥远的小屋,9787544285582,（美）贝斯顿著,南海出版公司,I712.65,55.0,IB24G10,0,1,1,2024-09-12 17:19:55,2024-09-12 17:19:55
isbn:9787559418371,遮,遮蔽的天空,9787559418371,(美)鲍尔斯著;阳曦译,江苏凤凰文艺出版社,I712.45,49.0,IB23G11,0,2,1,2024-10-08 07:50:02,2024-11-07 10:17:18
isbn:9787559622822,那,那个特别的疯子,9787559622822,(美)布雷迪著;赵说说译,北京联合出版公司,B84-49,48.0,IB24G10,1,1,1,2024-09-06 12:30:07,2024-09-06 12:30:07
isbn:9787509758885,郁,郁金香热,9787509758885,(英)达什著;冯璇译,社会科学文献出版社,K563.09,49.0,IB24G10,0,1,1,2024-09-06 07:17:08,2024-09-06 07:17:08
isbn:9787532773442,都,都柏林人,9787532773442,(爱尔兰)乔伊斯著;王逢振译,上海译文出版社,I562.45,32.0,IB23G11,1,2,1,2024-11-05 20:33:38,2025-04-07 12:18:25
isbn:9787505737365,重,重口味心理学:怎样证明你不是神经病?:百万册纪念完整版,9787505737365,姚尧著,中国友谊出版公司,B84-49,48.0,IB24G10,0,1,1,2024-10-10 17:22:21,2024-10-10 17:22:21
isbn:9787544783545,重,重症监护室的故事,9787544783545,"(英)马特·摩根(Morgan, Matt) 著",译林出版社,R459.7,68.0,IB23G11,0,1,1,2025-04-25 14:50:03,2025-04-25 14:50:03
isbn:9787504699268,量,量子经济学,9787504699268,（加）欧瑞尔著,中国科学技术出版社,F0,79.0,IB22G12,2,3,1,2024-10-14 16:40:19,2025-05-22 17:48:08
isbn:9787535795144,量,量子之谜,9787535795144,(美)库特钠著;王文浩译,湖南科学技术出版社,O413.1-49,59.0,IB24G10,0,1,1,2024-11-14 16:22:29,2024-11-14 16:22:29
isbn:9787115597878,量,量子矩阵,9787115597878,(以)库里茨基著,人民邮电出版社,O413-49,69.9,IB24G10,0,1,1,2024-09-04 16:47:29,2024-09-04 16:47:29
isbn:9787100136853,金,金枝 .上册,9787100136853,"(英)弗雷泽 (Frazer, James George 1854~1941) 著",商务印书馆,B933,74.0,IB22G12,0,1,1,2025-03-13 12:39:14,2025-03-13 12:39:14
isbn:9787532778225,金,金银岛·化身博士,9787532778225,(英)斯蒂文森著,上海译文出版社,I561.44,28.0,IB22G12,0,1,1,2025-03-28 14:13:24,2025-03-28 14:13:24
isbn:9787530218525,金,金阁寺,9787530218525,(日)三岛由纪夫著;代珂译,北京十月文艺出版社,I313.45,49.5,IB23G11,0,1,1,2024-09-26 16:59:19,2024-09-26 16:59:19
isbn:9787506398541,金,金陵十三钗,9787506398541,(美)严歌苓 (女， 1958~) 著,作家出版社,I712.45,39.0,IB23G11,0,1,1,2025-04-08 12:17:09,2025-04-08 12:17:09
isbn:9787508679778,钢,钢铁帝国 : 普鲁士的兴衰,9787508679778,"(英)克里斯托弗·克拉克 (Clark, Christopher 1960~) 著",中信出版集团股份有限公司,K516.3,88.0,IB23G11,0,1,1,2024-09-04 17:31:45,2024-09-04 17:31:45
isbn:9787515329321,钱,钱学森传,9787515329321,叶永烈著,中国青年出版社,K826.16,36.0,IB24G10,0,1,1,2024-09-30 12:23:19,2024-09-30 12:23:19
isbn:9787510895845,铁,铁壁之围：一战中的德国和奥匈帝国,9787510895845,"(英)亚历山大·沃森 (Watson, Alexander) 著",九州出版社,K143,138.0,IB24G10,0,1,1,2024-09-04 16:43:41,2024-09-04 16:43:41
isbn:9787532764655,银,银河系搭车客指南.1,9787532764655,(英)亚当斯著;姚向辉译,上海译文出版社,I561.45,53.6,IB24G10,1,5,3,2024-09-03 12:35:41,2025-01-09 17:12:22
isbn:9787539983295,银,"银河帝国.1,基地",9787539983295,(美)阿西莫夫著,江苏凤凰文艺出版社,I712.45,45.0,IB22G12,0,1,1,2024-11-25 12:20:36,2024-11-25 12:20:36
isbn:9787536096806,错,错乱,9787536096806,莫亚著,花城出版社,I744.45,52.0,IB24G10,0,2,2,2024-09-05 10:13:32,2024-09-25 17:21:41
isbn:9787508684512,错,错误”的行为,9787508684512,(美)塞勒著,中信出版集团股份有限公司,F069.9-49,69.0,IB23G11,0,2,1,2025-02-18 07:53:13,2025-04-02 07:47:37
isbn:9787301323229,镜,镜与灯,9787301323229,"(美)M. H. 艾布拉姆斯 (Abrams, Meyer Howard 1912~2015) 著",北京大学出版社,I109.9,98.0,IB24G10,1,1,1,2025-04-23 16:26:08,2025-04-23 16:26:08
isbn:9787550297791,镜,镜头的语法 :插图修订第2版,9787550297791,（英）罗伊·汤普森著,北京联合出版公司,J931,45.0,IB23G11,0,2,1,2025-03-03 11:56:03,2025-05-16 14:20:53
isbn:9787572611971,长,长夜难明,9787572611971,紫金陈 著,湖南文艺出版社,I247.5,52.0,IB23G11,0,3,1,2024-09-26 12:24:10,2025-04-27 17:22:27
isbn:9787540478315,长,长安十二时辰 上,9787540478315,马伯庸著,湖南文艺出版社,I247.5,49.8,IB24G10,0,2,2,2025-02-17 07:17:36,2025-02-17 11:17:31
isbn:9787540478339,长,长安十二时辰 下,9787540478339,马伯庸著,湖南文艺出版社,I247.5,49.8,IB24G10,0,2,2,2025-02-20 08:25:41,2025-03-04 17:36:40
isbn:9787572608582,长,长安的荔枝,9787572608582,马伯庸著,湖南文艺出版社,I247.5,45.0,IB23G11,0,2,1,2025-02-26 14:58:17,2025-04-17 20:10:08
isbn:9787513338189,闪,闪光的氰化物,9787513338189,（英）克里斯蒂著,新星出版社,I561.45,42.0,IB23G11,0,1,1,2024-11-13 12:32:27,2024-11-13 12:32:27
isbn:9787208125537,阁,阁楼上的疯女人 :女性作家与19世纪文学想象.上,9787208125537,"(美)吉尔伯特 (女，Gilbert, Sandra M.) 著",上海人民出版社,I106,64.0,IB23G11,0,1,1,2024-09-12 12:19:45,2024-09-12 12:19:45
isbn:9787532773206,阿,阿莱夫,9787532773206,(阿根廷)博尔赫斯著;王永年等译,上海译文出版社,I783.15,39.0,IB23G11,1,2,1,2024-10-25 12:15:22,2024-11-26 09:26:18
isbn:9787513312530,阿,阿勒泰的角落,9787513312530,李娟著,新星出版社,I267,36.0,IB24G10,0,1,1,2024-10-28 16:05:21,2024-10-28 16:05:21
isbn:9787509016480,阿,阿拉伯人的梦想宫殿,9787509016480,（美）阿贾米著,当代世界出版社,K370.07,95.0,IB22G12,0,1,1,2025-02-17 14:48:50,2025-02-17 14:48:50
isbn:9787229141554,阿,阿特拉斯耸耸肩. 第三部，同一律,9787229141554,（美）兰德著,重庆出版社,I712.45,76.0,IB24G10,0,1,1,2024-09-04 15:33:26,2024-09-04 15:33:26
isbn:9787509747698,陈,陈独秀全传,9787509747698,唐宝林 著,社会科学文献出版社,K827,128.0,IB24G10,0,1,1,2024-09-14 07:16:36,2024-09-14 07:16:36
isbn:9787040396317,陈,陈阅增普通生物学,9787040396317,吴相钰 (1924~) 主编,高等教育出版社,Q1,59.0,IB24G10,0,2,2,2024-10-11 16:23:16,2024-11-13 15:59:34
isbn:9787220105135,雨,雨,9787220105135,（马来）黄锦树著,四川人民出版社,I338.45,38.0,IB24G10,2,2,1,2024-09-05 11:10:53,2025-04-16 15:02:53
isbn:9787546206196,雪,雪山飞狐,9787546206196,金庸 (1924~2018) 著,广州出版社,I247.5,35.0,IB24G10,1,1,1,2025-04-27 17:48:41,2025-04-27 17:48:41
isbn:9787532751297,雾,雾都孤儿,9787532751297,(英)狄更斯著,上海译文出版社,I561.44,40.0,IB24G10,0,1,1,2025-04-30 11:42:07,2025-04-30 11:42:07
isbn:9787208111103,霍,霍比特人:精装插图本,9787208111103,(英)托尔金著 (英)李图 吴刚译,上海人民出版社,I561.45,78.0,IB24G10,1,1,1,2024-09-06 11:50:51,2024-09-06 11:50:51
isbn:9787544297059,霍,霍乱时期的爱情,9787544297059,（哥伦）马尔克斯著 杨玲译,南海出版公司,I775.45,69.0,IB24G10,0,1,1,2024-11-20 07:22:04,2024-11-20 07:22:04
isbn:9787513311762,霸,霸王别姬,9787513311762,李碧华著,新星出版社,I247.5,59.0,IB24G10,2,3,2,2024-09-05 12:23:10,2025-02-24 17:43:04
isbn:9787532785872,青,青之炎,9787532785872,(日)贵志祐介著 丁丁虫译,上海译文出版社,I313.45,55.0,IB23G11,1,1,1,2024-09-10 16:34:59,2024-09-10 16:34:59
isbn:9787547055304,青,青梅竹马,9787547055304,(日) 樋口一叶著,万卷出版公司,I313.44,39.0,IB23G11,1,1,1,2024-09-10 16:35:12,2024-09-10 16:35:12
isbn:9787305250965,非,非道德的政治,9787305250965,（以）沙尔夫斯坦著,南京大学出版社,D095.4,78.0,IB24G10,0,1,1,2025-04-21 12:15:47,2025-04-21 12:15:47
isbn:9787100132091,面,面包与自由,9787100132091,"(俄)克鲁泡特金 (Кропоткин, ПётрАлексеевич 1842~1921) 著",商务印书馆,D091.6,38.0,IB24G10,0,1,1,2024-11-19 12:02:55,2024-11-19 12:02:55
isbn:9787210082835,面,面纱,9787210082835,（英）毛姆著,江西人民出版社,I561.45,39.8,IB24G10,0,1,1,2025-02-26 14:18:25,2025-02-26 14:18:25
isbn:9787508674612,革,革命的年代:1789-1848,9787508674612,(英)霍布斯鲍姆著;王章辉译,中信出版社,K1,78.0,IB24G10,0,1,1,2024-10-18 13:25:57,2024-10-18 13:25:57
isbn:9787547855508,音,音乐和数学：谜一般的关系,9787547855508,梁进著,上海科学技术出版社,J6,48.0,IB23G11,1,2,1,2024-09-14 12:41:07,2024-11-14 11:51:59
isbn:9787030658500,音,音乐心理学,9787030658500,陈杰著,科学出版社,J60-051,89.0,IB23G11,1,3,1,2024-09-14 12:41:15,2025-03-20 12:16:01
isbn:9787020139590,额,额尔古纳河右岸,9787020139590,迟子建 (1964~) 著,人民文学出版社,I247.5,32.0,IB24G10,2,4,1,2024-10-24 16:05:14,2025-03-19 16:20:36
isbn:9787519005917,飘,飘:精装版,9787519005917,(美)米切尔著;朱攸若译,中国文联出版公司,I11,26.0,IB24G10,0,1,1,2024-09-13 11:50:27,2024-09-13 11:50:27
isbn:9787544777407,飘,飘·上,9787544777407,(美)米切尔著,译林出版社,I712.45,44.0,IB22G12,0,2,2,2025-03-11 09:11:00,2025-03-31 09:58:13
isbn:9787572616099,食,食南之徒,9787572616099,马伯庸,湖南文艺出版社,I247.5,56.0,IB24G10,0,1,1,2025-03-11 10:38:19,2025-03-11 10:38:19
isbn:9787229167127,饥,饥饿的盛世 : 乾隆时代的得与失,9787229167127,(蒙族)张宏杰 (1972~) 著,重庆出版社,K249.309,58.0,IB22G12,0,1,1,2024-12-23 09:49:27,2024-12-23 09:49:27
isbn:9787513311755,饺,饺子,9787513311755,李碧华著,新星出版社,I247.7,49.0,IB23G11,0,1,1,2025-02-19 11:40:56,2025-02-19 11:40:56
isbn:9787567532700,香,香港重庆大厦,9787567532700,（美）麦高登著,华东师范大学出版社,C912.81,65.0,IB24G10,1,1,1,2024-09-03 13:28:27,2024-09-03 13:28:27
isbn:9787532745449,香,香水,9787532745449,(德)聚斯金德著;李清华译,上海译文出版社,I516.45,48.0,IB23G11,0,1,1,2024-11-06 20:46:53,2024-11-06 20:46:53
isbn:9787559835352,香,香水 : 气味的炼金术,9787559835352,"(法)让-克罗德·艾列纳 (Ellena, Jean-Claude) (1947~) 著",广西师范大学出版社,TQ658.1,98.0,IB22G12,0,1,1,2024-11-07 09:25:26,2024-11-07 09:25:26
isbn:9787533961497,马,马尾树,9787533961497,(英)毛姆著,浙江文艺出版社,I561.45,56.0,IB23G11,0,1,1,2024-11-20 07:59:33,2024-11-20 07:59:33
isbn:9787020137756,骆,骆驼祥子,9787020137756,老舍著,人民文学出版社,I246.5,26.0,IB23G11,0,1,1,2024-09-14 12:42:05,2024-09-14 12:42:05
isbn:9787101083149,鬼,鬼谷子,9787101083149,许富宏著,中华书局,B228,22.0,IB24G10,0,1,1,2024-11-12 17:51:21,2024-11-12 17:51:21
isbn:9787301311479,魏,魏玛德国：希望与悲剧,9787301311479,"(美)埃里克·韦茨(Weitz, Eric D.) 著",北京大学出版社,K516.43,80.0,IB23G11,0,1,1,2025-02-17 17:16:49,2025-02-17 17:16:49
isbn:9787532780525,魔,魔山. 上,9787532780525,"(德)托马斯·曼 (Mann, Thomas 1875~1955) 著",上海译文出版社,I516.45,39.0,IB24G10,4,4,2,2024-11-19 12:03:20,2025-01-08 15:32:47
isbn:9787541160912,鱼,鱼没有脚,9787541160912,（冰）斯特凡松著,四川文艺出版社,I535.45,49.8,IB24G10,1,1,1,2024-09-06 11:50:28,2024-09-06 11:50:28
isbn:9787536094239,鲁,鲁迅全集·第二卷,9787536094239,鲁迅著,花城出版社,I210.1,29.9,IB24G10,0,3,2,2024-10-08 17:51:51,2024-12-11 12:11:58
isbn:9787030704214,鲜,鲜活的语言,9787030704214,(美)劳拉·M. 阿亨(Laura M. Ahearn)著,科学出版社,H0,98.0,IB22G12,0,2,1,2024-09-24 15:29:21,2024-09-24 15:29:43
isbn:9787506371056,鲜,鲜血梅花,9787506371056,余华著,作家出版社,I247.7,18.0,IB22G12,0,1,1,2025-02-20 15:30:59,2025-02-20 15:30:59
isbn:9787121376900,鸟,鸟类的崛起 : 2.25亿年的进化,9787121376900,"(美)桑卡尔·查特吉 (Chatterjee, Sankar) 著",电子工业出版社,Q959.7-49,118.0,IB24G10,1,1,1,2025-04-14 14:49:29,2025-04-14 14:49:29
isbn:9787301312315,鸟,鸟人”应该知道的鸟问题,9787301312315,"(美)劳拉·埃里克森 (Erickson, Laura) 著",北京大学出版社,Q959.7-49,64.0,IB24G10,0,1,1,2025-04-24 08:27:57,2025-04-24 08:27:57
isbn:9787544774970,鸟,鸟类的天赋,9787544774970,"(美)珍妮弗·阿克曼 (Akerman, Jennifer) 著",译林出版社,Q959.7-49,78.0,IB24G10,0,1,1,2025-04-24 08:28:16,2025-04-24 08:28:16
isbn:9787532159062,鸿,鸿沟,9787532159062,(德)萨顿多夫,上海文艺出版社,Q958.12-49,75.0,IB23G11,1,2,1,2025-01-09 16:07:05,2025-02-27 10:28:51
isbn:9787546213415,鹿,鹿鼎记 .一,9787546213415,金庸 (1924~2018) 著,广州出版社,I247.5,36.0,IB24G10,1,3,2,2024-11-04 17:42:51,2025-03-14 07:26:25
isbn:9787530220290,黄,黄金时代,9787530220290,王小波著,北京十月文艺出版社,I247.5,59.0,IB24G10,0,1,1,2024-10-24 16:05:14,2024-10-24 16:05:14
isbn:9787532779505,黑,黑塞童话集,9787532779505,(德)黑塞著,上海译文出版社,I516.88,45.0,IB24G10,0,1,1,2024-09-03 15:46:05,2024-09-03 15:46:05
isbn:9787532752508,鼠,鼠疫,9787532752508,(法)加缪著,上海译文出版社,I565.45,28.0,IB24G10,1,2,1,2024-09-10 10:31:36,2024-10-11 17:48:09
isbn:9787532761753,鼠,鼠疫,9787532761753,（法）加缪著,上海译文出版社,I565.45,45.0,IB24G10,1,1,1,2025-05-07 12:09:35,2025-05-07 12:09:35
isbn:9787520145008,龙,龙马史,9787520145008,（日）矶田道史著,社会科学文献出版社,K313.41,49.0,IB24G10,0,1,1,2024-09-19 12:07:40,2024-09-19 12:07:40
isbn:9780141199788,（,（PEL) Heart of Darkness,9780141199788,Joseph Conrad,Penguin UK,823.912,20.0,IB22G12,0,1,1,2024-10-17 12:41:43,2024-10-17 12:41:43
