Collection Barcode,Title,ISBN,Circulation Type,Circulation Time,Price,Author,Publisher,Publication time,Place of Publication,Pages,Classification Number,UserID,Grade
201300984,DK-Big Ideas：The Shakespeare Book,9780241182611.0,归还,2024-09-02 06:34:00,95.0,Stanley Wells,DK Publishing,2015-07-15,英国,,822.33,450611284779077,IB22G12
201303776,Fathers and Sons,9780141441337.0,归还,2024-09-02 06:34:00,52.0,Ivan Sergeevich  Turgenev,Penguin USA,2009-11-24,美国,,891.73,450611284779077,IB22G12
201322489,DK-Big Ideas：The Law Book,9780241410196.0,归还,2024-09-02 06:34:00,89.0,DK,DK Publishing,2020-09-03,英国,,340.09,450611284779077,IB22G12
201310358,Signet Classics: The Phantom of the Opera,9780451531872.0,归还,2024-09-02 06:34:07,9.0,Gaston Leroux,Signet,2010-10-05,美国,,843.912,450611284779077,IB22G12
201308076,Collected Stories by Franz Kafka,9780679423034.0,归还,2024-09-02 06:34:08,78.0,Franz Kafka,Everyman’s Library USA,1993-10-26,美国,,833.91,450611284779077,IB22G12
201050003,优雅的辩论：关于15个社会热点问题的激辩,9787300214528.0,归还,2024-09-02 06:34:12,55.0,"(美)布鲁斯·N.沃勒 (Waller, Bruce N.) 著", 中国人民大学出版社,2015-01-01,北京 ,338,C913-53,450611284529221,IB22G12
201303197,Camus: The Plague,9780241980620.0,归还,2024-09-02 06:34:49,45.0,Albert Camus,Random House UK,2016-09-12,英国,,843.91,450611284779077,IB22G12
200974204,曹禺戏剧选 ,9787530221020.0,归还,2024-09-02 07:11:55,69.8,曹禺 (1910~1996) 著, 北京十月文艺出版社,2021-01-01,北京 ,598,I234,455798092681285,IB23G11
201057346,如何屠龙：中世纪英雄冒险指南,9787559668684.0,归还,2024-09-02 07:11:55,88.0,(美)凯特琳·史蒂文森 ,北京联合出版公司 ,2023-01-01,北京 ,17222,K109,455798092681285,IB23G11
201057373,流浪地球2 电影制作手记,9787521749724.0,归还,2024-09-02 07:11:55,122.0,朔方 主编 编著,中信出版集团股份有限公司,2023-01-01,北京,475,J905.2,455798092681285,IB23G11
201053386,华丽食物志,9787559825315.0,外借,2024-09-02 09:17:27,48.0,（日）涩泽龙彦著,广西师范大学出版社,2020-01-01,桂林,180,I313.65,584699846897733,IB24G10
200920824,试论疲倦,9787208140813.0,外借,2024-09-02 09:20:32,49.0,（奥）汉德克著,上海人民出版社,2016-01-01,上海,11384,I521.45,584699848847429,IB24G10
200951229,唐诗宋词,9787508547206.0,归还,2024-09-02 09:23:22,68.0,杜爱萍著,五洲传播出版社,2022-01-01,北京,249,I207.2,455798034522181,IB23G11
201601819,佩德罗·巴拉莫,9787544784269.0,归还,2024-09-02 09:23:22,48.0,"(墨)胡安·鲁尔福(Rulfo, Juan)",译林出版社 ,2021-01-01,南京 ,191,I731.45,455798034522181,IB23G11
200659135,Siddhartha,9780553208849.0,归还,2024-09-02 09:23:28,25.0,"Hesse, Hermann",Bantam,,Toronto ; New York :,152,833.912,455798034522181,IB23G11
200826106,西南联大诗词课,9787545565836.0,归还,2024-09-02 09:23:28,58.0,闻一多 (1899~1946) 著,天地出版社,2021-01-01,成都,378,I207.2,455798034522181,IB23G11
200659135,Siddhartha,9780553208849.0,外借,2024-09-02 09:23:53,25.0,"Hesse, Hermann",Bantam,,Toronto ; New York :,152,833.912,455798034522181,IB23G11
200826106,西南联大诗词课,9787545565836.0,外借,2024-09-02 09:23:53,58.0,闻一多 (1899~1946) 著,天地出版社,2021-01-01,成都,378,I207.2,455798034522181,IB23G11
200698067,A Farewell to Arms: The Special Edition,9780099582564.0,归还,2024-09-02 11:38:57,28.0,Ernest Hemingway,Random House UK,2020-02-26,英国,,813.52,455798113673285,IB23G11
200030563,Biology for the IB Diploma,9780198393511.0,外借,2024-09-02 12:17:30,225.0,Andrew Allott,[出版者不详],2014-01-01,[出版地不,202,IB-4-BI-2,455797975019589,IB23G11
200873956,生而为女,9787572610011.0,归还,2024-09-02 12:20:25,68.0,(英)鲁本霍德著,湖南文艺出版社,2023-01-01,长沙,355,I712.55,455798118166597,IB23G11
200988663,好好告别,9787572502583.0,归还,2024-09-02 12:20:25,79.9,（英）曼尼克斯著,河南科学技术出版社,2021-01-01,郑州,11327,I712.55,455798118166597,IB23G11
200881082,权力精英 ,9787569915006.0,归还,2024-09-02 12:20:37,78.0,"(美)C. 赖特·米尔斯 (Mills, Chales Wright 1916~1962) 著", 北京时代华文书局,2019-01-01,北京 ,10401,D771.261,455798118166597,IB23G11
200929585,耶鲁大学公开课,9787550238954.0,归还,2024-09-02 12:20:37,39.8,(美)史密斯著,北京联合出版公司,2015-01-01,北京,299,D0,455798118166597,IB23G11
201011699,法律,9787544755054.0,归还,2024-09-02 12:20:37,39.0,(英)瓦克斯著;殷源源译,译林出版社,2016-01-01,南京,167,D90,455798118166597,IB23G11
200803452,蓝,9787559659132.0,归还,2024-09-02 12:21:01,48.0,（美）尼尔森著,北京联合出版公司,2022-01-01,北京,167,I712.65,455798118166597,IB23G11
201049187,无依之地,9787559433022.0,归还,2024-09-02 12:21:01,39.0,（美）布鲁德著,江苏凤凰文艺出版社,2019-01-01,南京,326,D771.28,455798118166597,IB23G11
200881082,权力精英 ,9787569915006.0,外借,2024-09-02 12:21:58,78.0,"(美)C. 赖特·米尔斯 (Mills, Chales Wright 1916~1962) 著", 北京时代华文书局,2019-01-01,北京 ,10401,D771.261,455798118879301,IB23G11
200929585,耶鲁大学公开课,9787550238954.0,外借,2024-09-02 12:21:58,39.8,(美)史密斯著,北京联合出版公司,2015-01-01,北京,299,D0,455798118879301,IB23G11
201011699,法律,9787544755054.0,外借,2024-09-02 12:21:58,39.0,(英)瓦克斯著;殷源源译,译林出版社,2016-01-01,南京,167,D90,455798118879301,IB23G11
201049187,无依之地,9787559433022.0,外借,2024-09-02 12:21:58,39.0,（美）布鲁德著,江苏凤凰文艺出版社,2019-01-01,南京,326,D771.28,455798118879301,IB23G11
200988663,好好告别,9787572502583.0,外借,2024-09-02 12:22:13,79.9,（英）曼尼克斯著,河南科学技术出版社,2021-01-01,郑州,11327,I712.55,455798118166597,IB23G11
200807733,日本近代思想史,9787513938990.0,归还,2024-09-02 12:29:06,58.0,鹿野政直著,民主与建设出版社有限责任公司,2022-01-01,北京,316,B313.4,455798075973701,IB23G11
200815378,牛奶可乐经济学,9787550292505.0,归还,2024-09-02 12:30:44,49.9,(美)弗兰克著;闾佳译,北京联合出版公司,2017-01-01,北京,230,F0-49,455798115651653,IB23G11
200850490,射雕英雄传 .一,9787546213347.0,归还,2024-09-02 12:30:44,36.0,金庸 (1924~2018) 著, 广州出版社,2013-01-01,广州 ,1383,I247.5,455798115651653,IB23G11
200869211,云雀叫了一整天 ,9787542668974.0,归还,2024-09-02 12:30:44,66.0,木心 (1927-2011) 著, 上海三联书店,2020-01-01,上海 ,245,I227,455798115651653,IB23G11
200873670,藏地密码,9787559429438.0,归还,2024-09-02 12:30:44,49.99,何马著, 江苏凤凰文艺出版社,2018-01-01,南京 ,285,I247.5,455798115651653,IB23G11
201306540,If on a Winters Night a Traveler,9780156439619.0,归还,2024-09-02 12:30:54,45.0,Italo Calvino,Mariner Books,1982-10-20,美国,,853.91,455798115651653,IB23G11
200823298,"如果在冬夜,一个旅人",9787544722292.0,归还,2024-09-02 12:30:59,58.0,(意)卡尔维诺著;萧天佑译,译林出版社,2016-01-01,南京,300,I546.45,455798116724805,IB23G11
200920977,想象的共同体 : 民族主义的起源与散布,9787208138490.0,外借,2024-09-02 12:37:51,58.0,"(美)本尼迪克特·安德森 (Anderson, Benedict 1936~) 著",上海人民出版社,2016-01-01,上海,1520263,D091.5,455797939183685,IB23G11
200921119,一本小小的逻辑书,9787522903019.0,归还,2024-09-02 12:56:14,55.0,杨波著,中国纺织出版社有限公司,2023-01-01,北京,208,B81-49,455797921996869,IB23G11
Z0068607,"Mathematics HL(Option):Discrete Mathematics(HL Topic 1,FM Topic 6)",9781921972348.0,归还,2024-09-02 12:56:18,236.0,Catherine Quinn,[出版者不详],2014-01-01,[出版地不,240,IB-5-M-1,455797921996869,IB23G11
200815314,普林斯顿微积分读本,9787115435590.0,归还,2024-09-02 12:56:25,99.0,"(美)班纳 (Banner, Adrian ) 著",人民邮电出版社,2016-01-01,北京,648,O172,455797921996869,IB23G11
200847450,倾城之恋,9787530218624.0,外借,2024-09-02 13:12:54,49.5,张爱玲著,北京十月文艺出版社,2019-01-01,北京,328,I246.7,455797990740037,IB23G11
200862539,古都,9787573502353.0,外借,2024-09-02 13:12:57,49.0,(日)川端康成著,南海出版公司,2022-01-01,海口,330,I313.45,455797990740037,IB23G11
200787210,这样读三国,9787218160481.0,外借,2024-09-02 13:47:04,48.0,龙镇 (1975~) 著,广东人民出版社,2022-01-01,广州,349,K236.09,450611261075525,IB22G12
201616938,沙盘游戏疗法儿童心理案例精析,9787523604687.0,外借,2024-09-02 13:47:06,89.0,余文玉 著,中国科学技术出版社 ,2024-01-01,北京 ,277,B844.1,450611256987717,IB22G12
200772510,读水浒,9787551825047.0,外借,2024-09-02 13:47:26,49.8,押沙龙 (1976~) 著,三秦出版社,2022-01-01,西安,11245,I207.412-53,450611257241669,IB22G12
201616938,沙盘游戏疗法儿童心理案例精析,9787523604687.0,归还,2024-09-02 13:47:55,89.0,余文玉 著,中国科学技术出版社 ,2024-01-01,北京 ,277,B844.1,450611256987717,IB22G12
200772510,读水浒,9787551825047.0,归还,2024-09-02 13:48:08,49.8,押沙龙 (1976~) 著,三秦出版社,2022-01-01,西安,11245,I207.412-53,450611257241669,IB22G12
200787210,这样读三国,9787218160481.0,归还,2024-09-02 13:48:13,48.0,龙镇 (1975~) 著,广东人民出版社,2022-01-01,广州,349,K236.09,450611261075525,IB22G12
200097876,杀死一只知更鸟:纪念版,9787544722766.0,外借,2024-09-02 14:16:45,32.0,(美)李著;高红梅译,译林出版社,2015-01-01,南京,346,I712.45,450611256987717,IB22G12
200097876,杀死一只知更鸟:纪念版,9787544722766.0,归还,2024-09-02 14:17:39,32.0,(美)李著;高红梅译,译林出版社,2015-01-01,南京,346,I712.45,450611256987717,IB22G12
200835953,世界历史上的蒙古征服,9787513916387.0,外借,2024-09-02 16:34:43,68.0,(美)梅天穆著,民主与建设出版社,2017-01-01,北京,377,K13,584699851386949,IB24G10
200962645,K——英国情人,9787541144493.0,外借,2024-09-02 16:36:54,36.0,虹影著,四川文艺出版社,2017-01-01,成都,257,I561.45,584699847979077,IB24G10
200816581,财富、贫穷与政治,9787572211874.0,外借,2024-09-02 17:13:11,45.0,（美）索厄尔著,浙江教育出版社,2021-01-01,杭州,305,F0-49,584699866955845,IB24G10
200958320,乌合之众:群体心理学,9787533951702.0,外借,2024-09-02 17:13:36,49.8,(法)勒庞著;董强译,浙江文艺出版社,2018-01-01,杭州,247,C912.64,584699866521669,IB24G10
200975542,清洁女工手册 ,9787530221426.0,外借,2024-09-02 17:19:33,69.0,"(美)露西亚·伯林 (Berlin, Lucia 1936.11~2004.11) 著", 北京十月文艺出版社,2021-01-01,北京 ,20450,I712.45,450611277750341,IB22G12
200810186,巴黎圣母院,9787020137404.0,外借,2024-09-02 17:36:33,45.0,雨果著;陈敬容译,人民文学出版社,2018-01-01,北京,523,I565.44,455798120337477,IB23G11
200854450,巴黎圣母院,9787532752355.0,外借,2024-09-02 17:36:33,46.0,(法)雨果著,上海译文出版社,2011-01-01,上海,506,I565.44,455798120337477,IB23G11
200943541,解忧杂货店,9787544298995.0,外借,2024-09-02 17:39:14,59.0,(日)东野圭吾著,南海出版公司,2020-01-01,海口,309,I313.45,450611287269445,IB22G12
200936764,优势谈判心理学,9787540266509.0,归还,2024-09-02 17:41:05,38.0,张维维著,北京燕山出版社有限公司 ,2023-01-01,北京,210,C912.3-49,455798115651653,IB23G11
200692633,Getting Lost,9781913097004.0,外借,2024-09-02 17:41:46,61.0,Annie Ernaux,Fitzcarraldo Editions,2022-09-21,英国,,813.6,455798115651653,IB23G11
200875687,小岛经济学,9787508672960.0,外借,2024-09-02 17:42:00,48.0,(美)彼得著;胡晓姣译,中信出版社,2017-01-01,北京,298,F0-49,584699848196165,IB24G10
200981688,历史的运用与滥用,9787559835895.0,外借,2024-09-02 18:11:27,58.0,（加）麦克米伦著,广西师范大学出版社,2021-01-01,桂林,230,K107,450611311415365,IB22G12
200973535,艺术哲学,9787301284230.0,外借,2024-09-02 18:11:36,69.0,(法)丹纳著,北京大学出版社,2017-01-01,北京,439,J0-02,450611311415365,IB22G12
200831467,荷马史诗·奥德赛,9787020158287.0,归还,2024-09-03 08:09:44,59.0,（古希腊）荷马著,人民文学出版社,1997-01-01,北京,560,I545.22,455797996257349,IB23G11
200357782,Biology for the IB Diploma Exam Preparation Guide,9781107495685.0,归还,2024-09-03 08:09:59,275.0,Brenda Walpole,,,,248,IB-4-BI-2,455797996257349,IB23G11
200996048,你喜欢莫扎特吗,9787559472397.0,归还,2024-09-03 08:10:01,78.0,留声机著,江苏凤凰文艺出版社,2023-01-01,南京,285,J605.52,455797996257349,IB23G11
200804013,变革之声,9787559665010.0,归还,2024-09-03 08:10:08,128.0,焦亚著,北京联合出版公司,2022-01-01,北京,568,J609.1,455797996257349,IB23G11
200357666,Biology for the IB Diploma Workbook with CD-ROM,9781316646090.0,归还,2024-09-03 08:10:34,194.0,"Broderick, Matthew",Cambridge University Press,2017-08-31,,218,IB-4-BI-2,455797996257349,IB23G11
201318528,Circe,9780316556323.0,归还,2024-09-03 08:10:50,88.0,"Miller, Madeline",Back Bay Books,2020-04-14,New York,393,813.6,455797996257349,IB23G11
200402732,Chemistry for the IB Diploma Exam Preparation Guide,9781107495807.0,归还,2024-09-03 08:10:59,268.0,"Steve Owen,Chris Martin",Cambridge University Pre,2016-01-01,UK.,248,IB-4-CH-3,455797996257349,IB23G11
200402849,Chemistry for the Ib Diploma Workbook With CD-ROM,9781316634950.0,归还,2024-09-03 08:11:05,181.0,"Paris, Jacqueline",Cambridge University Press,,,0,IB-4-CH-3,455797996257349,IB23G11
200912708,歌剧,9787807680307.0,归还,2024-09-03 08:11:12,43.0,（英）佩蒂特著,生活·读书·新知三联书店,2014-01-01,北京,144,J809.1,455797996257349,IB23G11
201037948,如何制作音乐剧 ,9787552310375.0,归还,2024-09-03 08:11:18,30.0,"(英)马修·怀特 (White, Matthew) 著", 上海音乐出版社,2016-01-01,上海 ,119,J832,455797996257349,IB23G11
200694588,Wordsworth Collectors Editions：Great Expectations,9781840228014.0,归还,2024-09-03 08:11:22,38.0,Charles Dickens,Wordsworth,2020-09-02,英国,,823.8,455797996257349,IB23G11
201309583,Bantam Classics：The Three Musketeers,9780553213379.0,归还,2024-09-03 08:11:26,19.0,Alexandre Dumas,Bantam Classics,1984-06-01,美国,,843.7,455797996257349,IB23G11
200694588,Wordsworth Collectors Editions：Great Expectations,9781840228014.0,外借,2024-09-03 08:12:49,38.0,Charles Dickens,Wordsworth,2020-09-02,英国,,823.8,455797996257349,IB23G11
200427546,Biology for the IB Diploma Workbook with CD-ROM,9781316646090.0,外借,2024-09-03 08:25:28,176.0,"Broderick, Matthew",Cambridge University Press,2017-08-31,,218,IB-4-BI-2,455797996257349,IB23G11
200676740,Exam Practice Workbook for Mathematics Analysis and Approaches HL,9781398321878.0,外借,2024-09-03 08:27:54,169.0,"Paul Fannon, Vesna Kadelburg, Stephen Ward",Hodder Education,2021-02-26,UK,224,IB-5-M-1,455797996257349,IB23G11
200820889,杀死一只知更鸟,9787544766500.0,外借,2024-09-03 08:36:55,58.0,(美)李著,译林出版社,2017-01-01,南京,,I712.45,455797996257349,IB23G11
201001995,康德哲学讲演录,9787100185431.0,归还,2024-09-03 08:43:54,56.0,邓晓芒著,商务印书馆,2020-01-01,北京,336,B516.31,517464412696645,IB23G11
200991533,费曼经典 : 一个好奇的探险人生,9787559661272.0,归还,2024-09-03 08:43:57,108.0,"(美)理查德·P.费曼(Feynman, Richard P. )著",北京联合出版公司,2022-01-01,北京,556,K837.126.11,517464412696645,IB23G11
200858571,浮士德,9787532752607.0,外借,2024-09-03 09:01:43,78.0,歌德,上海译文出版社,2011-01-01,上海,1810562,I516.34,455798068555845,IB23G11
201022865,浮士德,9787020104543.0,外借,2024-09-03 09:01:43,36.0,"(德)歌德 (Goethe, Johann Wolfgang von 1749~1832) 著",人民文学出版社,1994-01-01,北京,466,I516.34,455798068555845,IB23G11
200807877,浮士德,9787100203715.0,外借,2024-09-03 09:11:05,120.0,歌德著,商务印书馆,2022-01-01,北京,750,I516.34,455798068555845,IB23G11
200807886,浮士德,9787100203715.0,外借,2024-09-03 09:11:05,120.0,歌德著,商务印书馆,2022-01-01,北京,750,I516.34,455798068555845,IB23G11
201500508,Oxford Resources for IB DP Environmental Systems and Societies: Course Book,9781382044011.0,外借,2024-09-03 10:48:52,468.0,Williams,"Oxford University Press, USA",2024-02-29,,792,IB-4-SC-1,455798066937925,IB23G11
200983766,希腊前的哲学,9787100187718.0,外借,2024-09-03 11:26:16,75.0,（美）米罗普著,商务印书馆,2020-01-01,北京,320,B302,455798096085061,IB23G11
200975472,穷人的理财经 ,9787547312230.0,外借,2024-09-03 11:27:37,45.0,"(美)默多克 (Morduch, Jonathan) 著", 东方出版中心,2018-01-01,上海 ,293,F830.59,455798096085061,IB23G11
201300528,Frankenstein: The 1818 Text,9780143131847.0,归还,2024-09-03 11:30:34,39.0,Mary Shelley,Penguin USA,2018-01-16,美国,,823.7,455797957926981,IB23G11
200871306,牛津拜占庭史,9787511566355.0,外借,2024-09-03 11:49:49,79.9,(英)曼戈著,北京日报出版社,2021-01-01,北京,24245,K134,584699851386949,IB24G10
201309182,The Door into Summer,9780575120723.0,外借,2024-09-03 11:55:57,34.0,Robert A. Heinlein,Orion Publishing Group,2013-12-12,英国,,813.54,584699851386949,IB24G10
200960442,薛定谔之猫,9787550710276.0,外借,2024-09-03 11:57:34,35.0,(法)福雷斯特著,海天出版社,2015-01-01,深圳,304,I565.45,584699836620869,IB24G10
200986834,柏拉图文艺对话图,9787229101442.0,外借,2024-09-03 12:05:44,38.0,(古希腊)柏拉图著;朱光潜译,重庆出版社,2016-01-01,重庆,337,B502.232,584699849060421,IB24G10
200988985,机器学习实战 : 基于Scikit-Learn、Keras和TensorFlow,9787111665977.0,外借,2024-09-03 12:09:55,149.0,"(法)奥雷利安·吉翁 (Géron, Aurélien) 著",机械工业出版社,2020-01-01,北京,676,TP181,584699889176645,IB24G10
200960442,薛定谔之猫,9787550710276.0,归还,2024-09-03 12:21:39,35.0,(法)福雷斯特著,海天出版社,2015-01-01,深圳,304,I565.45,584699836620869,IB24G10
200967481,"经济学原理, 微观经济学分册 ",9787301256909.0,外借,2024-09-03 12:31:38,72.0,"(美)曼昆 (Mankiw, N. Gregory) 著", 北京大学出版社,2015-01-01,北京 ,10543,F0,455797948674117,IB23G11
201056105,宏观经济学 ,9787300276311.0,外借,2024-09-03 12:31:38,79.0,"(美)N. 格里高利·曼昆 (Mankiw, N. Gregory) 著", 中国人民大学出版社,2020-01-01,北京 ,454,F015,455797948674117,IB23G11
200883749,银河系搭车客指南.1,9787532764655.0,外借,2024-09-03 12:35:41,53.6,(英)亚当斯著;姚向辉译,上海译文出版社,2014-01-01,上海,279,I561.45,584699846897733,IB24G10
201053386,华丽食物志,9787559825315.0,归还,2024-09-03 12:36:16,48.0,（日）涩泽龙彦著,广西师范大学出版社,2020-01-01,桂林,180,I313.65,584699846897733,IB24G10
200976051,香港重庆大厦,9787567532700.0,外借,2024-09-03 13:28:27,65.0,（美）麦高登著,华东师范大学出版社,2015-01-01,上海,308,C912.81,584699853152325,IB24G10
201307344,You Are Not Alone,9781529010770.0,归还,2024-09-03 13:33:07,35.0,"Greer Hendricks , Sarah Pekkanen",Pan Macmillan,2021-02-02,英国,,813.6,455798079295557,IB23G11
201312980,Nine Lives,9780571358564.0,归还,2024-09-03 13:33:07,48.0,Peter Swanson,Faber and Faber,2022-03-03,英国,,813.6,455798079295557,IB23G11
200697479,TheDiaryofaYoungGirl,9780553577129.0,归还,2024-09-03 13:33:08,31.0,Anne Frank,Bantam,1997-03-01,美国,,940.534,455798079295557,IB23G11
201300216,Alexander Hamilton,9780143034759.0,归还,2024-09-03 13:33:10,145.0,"Chernow, Ron",,,,,973.40,455798079295557,IB23G11
200687989,Out Of My Mind,9781416971719.0,归还,2024-09-03 13:33:21,38.0,Sharon M.Draper,Atria Books,2012-05-01,美国,,813.6,455798079295557,IB23G11
200688498,Moonrise,9781408867815.0,归还,2024-09-03 13:33:21,26.0,"Crossan, Sarah",Bloomsbury UK,2018-07-12,英国,,813.6,455798079295557,IB23G11
201048197,精神病学史 ：从收容院到百忧解,9787542858658.0,外借,2024-09-03 15:08:44,88.0,"(美)爱德华·肖特 (Shorter, Edward， 1941~) 著", 上海科技教育出版社,2017-01-01,上海 ,15593,R74-09,584699852693573,IB24G10
200881867,黑塞童话集,9787532779505.0,外借,2024-09-03 15:46:05,45.0,(德)黑塞著,上海译文出版社,2019-01-01,上海,258,I516.88,584699846897733,IB24G10
200929255,简单统计学,9787210098416.0,归还,2024-09-03 15:53:29,58.0,(美)史密斯著;刘清山译,江西人民出版社,2018-01-01,南昌,365,C8,455798063370309,IB23G11
200664904,Economics for the IB diploma. Coursebook,9781108847063.0,外借,2024-09-03 16:40:51,353.0,"Tragakes, Ellie",Cambridge University Press,2020-01-01,USA,679,IB-3-EB-8,455797946302533,IB23G11
200664913,Economics for the IB diploma. Coursebook,9781108847063.0,外借,2024-09-03 16:46:21,353.0,"Tragakes, Ellie",Cambridge University Press,2020-01-01,USA,679,IB-3-EB-8,455798041292869,IB23G11
200864449,佛系,9787559414311.0,外借,2024-09-03 16:46:27,39.8,(日)草薙龙瞬著,江苏凤凰文艺出版社,2018-01-01,南京,277,I313.65,455798063370309,IB23G11
200860005,乌合之众,9787532781089.0,外借,2024-09-03 17:38:05,35.0,(法)勒庞著,上海译文出版社有限公司,2019-01-01,上海,16202,C912.64,455798041292869,IB23G11
200982268,世界简史,9787505743090.0,外借,2024-09-03 17:58:08,49.8,（美）房龙著,中国友谊出版公司,2018-01-01,北京,348,K1,584699862667333,IB24G10
200965250,塔木德 ,9787802204003.0,外借,2024-09-04 11:25:54,36.0,(美)赫里姆 著, 中国画报出版社,2009-01-01,北京 ,11238,F715,584699866095685,IB24G10
200980493,趣味二战史,9787559454027.0,外借,2024-09-04 11:26:36,129.8,杨亮著,江苏凤凰文艺出版社,2021-01-01,南京,428,K152-49,584699866095685,IB24G10
201008970,乡土中国,9787301174821.0,外借,2024-09-04 11:44:00,26.0,费孝通,北京大学出版社,2012-01-01,北京,185,C912.82,584699876245573,IB24G10
200887004,动物农场,9787532751457.0,外借,2024-09-04 12:16:48,32.0,(英)奥威尔,上海译文出版社,2018-01-01,上海,143,I561.45,584699837075525,IB24G10
200876506,巨人的陨落I,9787539989891.0,外借,2024-09-04 12:16:50,43.8,(英)福莱特著;于大卫译,江苏凤凰文艺出版社,2016-01-01,南京,372,I561.45,584699857674309,IB24G10
201013214,帝国的铸就：1861-1871,9787544790208.0,外借,2024-09-04 12:33:47,88.0,(美)贝兰著,译林出版社,2022-01-01,南京,465,K14,584699837288517,IB24G10
201056043,穿越非洲两百年 ,9787545553918.0,外借,2024-09-04 13:38:03,88.0,郭建龙 著, 天地出版社,2020-01-01,成都 ,379,K400,584699836862533,IB24G10
200962645,K——英国情人,9787541144493.0,归还,2024-09-04 13:42:03,36.0,虹影著,四川文艺出版社,2017-01-01,成都,257,I561.45,584699847979077,IB24G10
200896628,亲密关系,9787115246882.0,外借,2024-09-04 13:47:22,68.0,(美)珀尔曼,人民邮电出版社,2011-01-01,北京,430,C912.1,584699857248325,IB24G10
200827105,爱欲之死,9787508697086.0,外借,2024-09-04 13:47:42,32.0,（德）韩炳哲著,中信出版集团股份有限公司,2019-01-01,北京,87,B84,584699847979077,IB24G10
200896879,改变心理学的4项研究 ,9787115527073.0,外借,2024-09-04 13:47:49,88.0,"(美)霍克 (Hock, Roger R.) 著", 人民邮电出版社,2020-01-01,北京 ,22374,B84,584699847979077,IB24G10
200989886,阿特拉斯耸耸肩. 第三部，同一律,9787229141554.0,外借,2024-09-04 15:33:26,76.0,（美）兰德著,重庆出版社,2020-01-01,重庆,2125,I712.45,584699869589573,IB24G10
200889592,贫穷的质感,9787532182480.0,外借,2024-09-04 15:36:12,52.0,王梆,上海文艺出版社,2022-01-01,上海,350,K561.03,584699868942405,IB24G10
200907000,微积分和数学分析引论. 第一卷. 第二分册,9787030084699.0,外借,2024-09-04 15:48:04,99.0,"(美)R. 柯朗 (Courant, Richard 1888~1972) 著",科学出版社,2001-01-01,北京,365,O17,584699854229573,IB24G10
200815314,普林斯顿微积分读本,9787115435590.0,外借,2024-09-04 15:48:05,99.0,"(美)班纳 (Banner, Adrian ) 著",人民邮电出版社,2016-01-01,北京,648,O172,584699854663749,IB24G10
200974856,狼图腾,9787530220245.0,外借,2024-09-04 15:53:46,69.0,姜戎 著,北京十月文艺出版社,2020-01-01,北京,651,I247.5,584699884843077,IB24G10
200839815,三匹马,9787533955663.0,外借,2024-09-04 15:54:56,45.0,莫言著,浙江文艺出版社,2019-01-01,杭州,259,I247.7,584699868094533,IB24G10
201325351,The Great Adventures of Sherlock Holmes,9780141332499.0,外借,2024-09-04 15:56:11,24.95,Sir Arthur Conan Doyle;introduced by Jos,Puffin Books,2011-01-01,London,276,823.912,584699876016197,IB24G10
200871306,牛津拜占庭史,9787511566355.0,归还,2024-09-04 15:59:16,79.9,(英)曼戈著,北京日报出版社,2021-01-01,北京,24245,K134,584699851386949,IB24G10
201030570,"北欧,凛冽的世界尽头",9787508691176.0,外借,2024-09-04 16:12:33,88.0,王家敏编,中信出版社,2018-01-01,北京,271,K953.09,584699848413253,IB24G10
200862511,怨女,9787530218723.0,外借,2024-09-04 16:26:29,55.0,张爱玲著,北京十月文艺出版社,2019-01-01,,290,I246.7,450611307933765,IB22G12
201053331,云边有个小卖部,9787540487645.0,外借,2024-09-04 16:26:37,42.0,张嘉佳著,湖南文艺出版社,2018-01-01,长沙,306,I247.5,450611307933765,IB22G12
200952111,我从未如此眷恋人间,9787552706673.0,外借,2024-09-04 16:26:56,49.8,史铁生,读者出版社,2022-01-01,兰州,252,I266,450611307933765,IB22G12
200887004,动物农场,9787532751457.0,归还,2024-09-04 16:32:38,32.0,(英)奥威尔,上海译文出版社,2018-01-01,上海,143,I561.45,584699837075525,IB24G10
201323004,The Bible book,9780241301906.0,外借,2024-09-04 16:37:34,89.0,DK,DK,2018-03-01,英国,,220.61,584699851841605,IB24G10
201325976,How the Brain Works: The Facts Visually Explained,9780241403372.0,外借,2024-09-04 16:37:42,172.0,Editorial Consultant: Rita Carter,DK,2020-03-03,,224,612.8,584699851841605,IB24G10
200997591,平面犬,9787544281232.0,外借,2024-09-04 16:41:30,59.0,（日）乙一著,南海出版公司,2021-01-01,海口,265,I313.45,584699864600645,IB24G10
200921306,理想国,9787100162586.0,外借,2024-09-04 16:41:59,78.0,（古希腊）柏拉图著,商务印书馆,2019-01-01,北京,458,B502.23,584699864600645,IB24G10
201054777,柠檬,9787533965617.0,外借,2024-09-04 16:42:34,58.0,（日）梶井基次郎著,浙江文艺出版社,2021-01-01,杭州,265,I313.45,584699864600645,IB24G10
201021170,茨威格中短篇小说选·上,9787020166244.0,外借,2024-09-04 16:43:16,39.0,（奥）茨威格著,人民文学出版社,2021-01-01,北京,324,I521.45,584699877527621,IB24G10
200838442,铁壁之围：一战中的德国和奥匈帝国,9787510895845.0,外借,2024-09-04 16:43:41,138.0,"(英)亚历山大·沃森 (Watson, Alexander) 著", 九州出版社,2020-01-01,北京 ,716,K143,584699851386949,IB24G10
201036574,量子矩阵,9787115597878.0,外借,2024-09-04 16:47:29,69.9,(以)库里茨基著,人民邮电出版社,2023-01-01,北京,325,O413-49,584699841630277,IB24G10
200966188,托福考试官方指南,9787519306281.0,外借,2024-09-04 16:54:03,168.0,美国教育考试中心,群言出版社,2021-01-01,北京,689,H310.41,584699859591237,IB24G10
201323031,Freakonomics,9780061956270.0,外借,2024-09-04 16:55:29,60.0,Steven D. Levitt,HarperCollins Publishers Inc,2009-08-01,,336,330,584699858317381,IB24G10
201056203,美丽新世界,9787532774685.0,外借,2024-09-04 16:59:07,45.0,(英)赫胥黎著;陈超译,上海译文出版社,2017-01-01,上海,349,I561.45,584699837075525,IB24G10
200876016,"怪诞行为学. 2, 非理性的积极力量",9787508681436.0,外借,2024-09-04 17:00:12,45.0,"(美)丹·艾瑞里 (Ariely, Dan) 著",中信出版集团股份有限公司,2017-01-01,北京,18250,F069.9,584699856826437,IB24G10
200847637,电车难题,9787301243459.0,外借,2024-09-04 17:00:19,38.0,(美)卡斯卡特著;朱沉之译,北京大学出版社,2014-01-01,北京,164,B82-33,584699856826437,IB24G10
200847637,电车难题,9787301243459.0,续借,2024-09-04 17:00:32,38.0,(美)卡斯卡特著;朱沉之译,北京大学出版社,2014-01-01,北京,164,B82-33,584699856826437,IB24G10
200876016,"怪诞行为学. 2, 非理性的积极力量",9787508681436.0,续借,2024-09-04 17:00:35,45.0,"(美)丹·艾瑞里 (Ariely, Dan) 著",中信出版集团股份有限公司,2017-01-01,北京,18250,F069.9,584699856826437,IB24G10
200912815,足球智商 ,9787530486306.0,外借,2024-09-04 17:01:14,59.0,"(美)丹·布兰克 (Blank, Dan) 著", 北京科学技术出版社,2017-01-01,北京 ,13244,G843,584699873386565,IB24G10
200921306,理想国,9787100162586.0,归还,2024-09-04 17:11:03,78.0,（古希腊）柏拉图著,商务印书馆,2019-01-01,北京,458,B502.23,584699864600645,IB24G10
200831617,爱伦·坡短篇小说全集. 上,9787100202084.0,外借,2024-09-04 17:13:31,69.5,（美）爱伦·坡著,商务印书馆,2022-01-01,北京,10984,I712.45,584699836416069,IB24G10
200963350,等待戈多,9787572605826.0,外借,2024-09-04 17:13:47,49.8,(爱尔兰)贝克特著,湖南文艺出版社,2022-01-01,长沙,165,I565.35,584699836416069,IB24G10
200822191,失落的一代：中国的上山下乡运动(1968~198),9787500092445.0,外借,2024-09-04 17:25:08,54.0,（法）潘鸣啸著,中国大百科全书出版社,2013-01-01,北京,453,D432.9,584699873386565,IB24G10
200825045,微积分入门,9787115500557.0,外借,2024-09-04 17:27:25,99.0,(日)小平邦彦著,人民邮电出版社,2019-01-01,北京,455,O172,584699860697157,IB24G10
201037608,数学建模,9787111479529.0,外借,2024-09-04 17:27:25,99.0,(美)吉奥丹诺著;叶其孝译,机械工业出版社,2014-01-01,北京,484,O141.4,584699860697157,IB24G10
200873288,地狱之行:1914-1949,9787508683003.0,归还,2024-09-04 17:28:58,89.0,(英)克肖著;林华译,中信出版社,2019-01-01,北京,588,K505,455798107287621,IB23G11
200972117,一战史 ,9787301297995.0,归还,2024-09-04 17:28:58,98.0,"(英)基根 (Keegan, John 1934~2012) 著", 北京大学出版社,2018-01-01,北京 ,429,K143,455798107287621,IB23G11
201005170,法兰西宗教战争,9787507554588.0,归还,2024-09-04 17:28:58,92.0,（英）阿姆斯特朗著,华文出版社,2021-01-01,北京,354,B929.565,455798107287621,IB23G11
200873288,地狱之行:1914-1949,9787508683003.0,外借,2024-09-04 17:29:17,89.0,(英)克肖著;林华译,中信出版社,2019-01-01,北京,588,K505,455798107287621,IB23G11
200916492,生物学之书,9787568900478.0,外借,2024-09-04 17:31:14,88.0,(美)杰拉尔德著;傅临春译,重庆大学出版社,2017-01-01,重庆,264,Q-49,584699864387653,IB24G10
200895200,德国简史,9787544286107.0,外借,2024-09-04 17:31:45,35.0,（美）帕米利著,南海出版公司,2018-01-01,海口,196,K516.09,455798107287621,IB23G11
201034040,钢铁帝国 : 普鲁士的兴衰,9787508679778.0,外借,2024-09-04 17:31:45,88.0,"(英)克里斯托弗·克拉克 (Clark, Christopher 1960~) 著", 中信出版集团股份有限公司,2018-01-01,北京 ,674,K516.3,455798107287621,IB23G11
201053233,第一哲学沉思录,9787532788446.0,外借,2024-09-04 17:31:45,78.0,（法）笛卡尔著,上海译文出版社有限公司,2022-01-01,上海,174,B565.21,455798107287621,IB23G11
201018923,说谎心理学,9787550249141.0,外借,2024-09-04 17:31:52,49.0,（德）艾尔哈特著,北京联合出版公司,2015-01-01,北京,218,C912.69,584699864387653,IB24G10
201311829,Life is Elsewhere,9780571197774.0,外借,2024-09-04 17:47:40,35.0,"Kundera, Milan",Faber and Faber,2000-11-04,英国,,891.86,584699859591237,IB24G10
200989243,牛奶可乐经济学 2,9787550292512.0,归还,2024-09-04 17:51:29,49.9,(美)罗伯特·弗兰克(Robert H. Frank)著 ,北京联合出版公司,2017-01-01,北京,248,F0-49,455798066937925,IB23G11
200989243,牛奶可乐经济学 2,9787550292512.0,外借,2024-09-04 17:51:39,49.9,(美)罗伯特·弗兰克(Robert H. Frank)著 ,北京联合出版公司,2017-01-01,北京,248,F0-49,455798066937925,IB23G11
200989243,牛奶可乐经济学 2,9787550292512.0,续借,2024-09-04 17:51:55,49.9,(美)罗伯特·弗兰克(Robert H. Frank)著 ,北京联合出版公司,2017-01-01,北京,248,F0-49,455798066937925,IB23G11
201020493,塑料的世界,9787030609915.0,外借,2024-09-04 17:58:41,58.0,魏昕宇著,科学出版社,2019-01-01,北京,10265,TB324-49,584699865874501,IB24G10
200876524,巨人的陨落II,9787539989891.0,外借,2024-09-05 07:34:38,43.0,(英)福莱特著;于大卫译,江苏凤凰文艺出版社,2016-01-01,南京,372,I561.45,584699857674309,IB24G10
201046395,街头哲学,9787213108990.0,外借,2024-09-05 07:51:59,68.0,芬特著,浙江人民出版社,2023-01-01,杭州,334,B0,584699865874501,IB24G10
200836257,三幕悲剧,9787513332538.0,外借,2024-09-05 09:33:54,39.0,（英）克里斯蒂著,新星出版社,2018-01-01,,236,I561.45,584699875364933,IB24G10
201033988,读脑术 ,9787521715170.0,外借,2024-09-05 09:53:58,58.0,"(美)拉塞尔·A.波德拉克(Poldrack, Russell A. 1967~) 著", 中信出版集团股份有限公司,2020-01-01,北京 ,242,R445.2,584699842728005,IB24G10
200877658,赎罪,9787532779765.0,外借,2024-09-05 09:54:26,49.0,(英)麦克尤恩著;郭国良译,上海译文出版社,2018-01-01,上海,333,I561.45,584699841843269,IB24G10
200806262,错乱,9787536096806.0,外借,2024-09-05 10:13:32,52.0,莫亚著,花城出版社,2022-01-01,广州,161,I744.45,584699853803589,IB24G10
200857260,局外人,9787532761760.0,外借,2024-09-05 10:36:07,32.0,（法）加缪著,上海译文出版社,2013-01-01,上海,25128,I565.45,584699836194885,IB24G10
200847637,电车难题,9787301243459.0,归还,2024-09-05 11:01:02,38.0,(美)卡斯卡特著;朱沉之译,北京大学出版社,2014-01-01,北京,164,B82-33,584699856826437,IB24G10
200653319,"Thinking, fast and slow",9780141033570.0,外借,2024-09-05 11:01:37,55.0,"Kahneman, Daniel, 1934-; Kahneman, Daniel, 1934-",Penguin UK,2012-01-01,UK,499,153.42,584699881295941,IB24G10
200694301,Wordsworth: Jane Eyre,9781853260209.0,外借,2024-09-05 11:01:37,13.0,Bronte,Wordsworth,1992-05-05,英国,,823.8,584699881295941,IB24G10
200806262,错乱,9787536096806.0,归还,2024-09-05 11:05:48,52.0,莫亚著,花城出版社,2022-01-01,广州,161,I744.45,584699853803589,IB24G10
200927328,雨,9787220105135.0,外借,2024-09-05 11:10:53,38.0,（马来）黄锦树著,四川人民出版社,2018-01-01,成都,270,I338.45,584699853803589,IB24G10
200847361,流俗地 ,9787530221280.0,外借,2024-09-05 11:11:00,55.0,(马来)黎紫书 (女， 1971~) 著, 北京十月文艺出版社,2021-01-01,北京 ,29476,I338.45,584699853803589,IB24G10
200863075,美国监狱 ,9787569936988.0,外借,2024-09-05 11:11:02,58.0,"(美)鲍尔 (Bauer, Shane) 著", 北京时代华文书局,2020-01-01,北京 ,255,D971.267,584699856826437,IB24G10
200850864,洞穴奇案,9787108039873.0,外借,2024-09-05 11:11:11,23.0,（美）萨伯著,生活·读书·新知三联书店,2012-01-01,北京,157,D971.2,584699856826437,IB24G10
200885051,时代的精神状况,9787532761371.0,外借,2024-09-05 11:11:14,48.0,"德 雅斯贝尔斯 Jaspers, Karl 1883-1969)(著)",上海译文出版社,2013-01-01,上海,249,B516.53,584699858317381,IB24G10
200850864,洞穴奇案,9787108039873.0,续借,2024-09-05 11:11:24,23.0,（美）萨伯著,生活·读书·新知三联书店,2012-01-01,北京,157,D971.2,584699856826437,IB24G10
200863075,美国监狱 ,9787569936988.0,续借,2024-09-05 11:11:26,58.0,"(美)鲍尔 (Bauer, Shane) 著", 北京时代华文书局,2020-01-01,北京 ,255,D971.267,584699856826437,IB24G10
200994273,相对论究竟是什么,9787513340229.0,外借,2024-09-05 11:13:15,49.0,万维钢,新星出版社,2020-01-01,北京,226,O412.1-49,584699862667333,IB24G10
200881251,神祇与英雄.上,9787559835864.0,外借,2024-09-05 11:15:00,49.0,侯继迎著,广西师范大学出版社,2021-01-01,桂林,588,B932.54,584699886792773,IB24G10
200847389,许三观卖血记,9787530216033.0,外借,2024-09-05 11:16:43,39.5,余华著,北京十月文艺出版社,2017-01-01,北京,286,I247.5,584699885924421,IB24G10
200802266,思考就是我的抵抗,9787521745986.0,外借,2024-09-05 11:17:33,49.0,（英）吴尔夫著,中信出版集团股份有限公司,2022-01-01,北京,248,I561.65,584699853803589,IB24G10
200987218,红与黑,9787201108186.0,外借,2024-09-05 11:25:41,42.0,(法)司汤达著;罗新璋译,天津人民出版社,2016-01-01,天津,471,I565.44,584699858526277,IB24G10
200875687,小岛经济学,9787508672960.0,归还,2024-09-05 11:29:18,48.0,(美)彼得著;胡晓姣译,中信出版社,2017-01-01,北京,298,F0-49,584699848196165,IB24G10
201030570,"北欧,凛冽的世界尽头",9787508691176.0,归还,2024-09-05 11:29:31,88.0,王家敏编,中信出版社,2018-01-01,北京,271,K953.09,584699848413253,IB24G10
200835953,世界历史上的蒙古征服,9787513916387.0,归还,2024-09-05 11:33:42,68.0,(美)梅天穆著,民主与建设出版社,2017-01-01,北京,377,K13,584699851386949,IB24G10
200405043,Biology Option A: Neurobiology and Behaviour SL&HL,9781910689066.0,外借,2024-09-05 11:35:55,122.0,Ashby Merson-Dabies,OSC,2015-01-01,UK,49,IB-4-BI-2,584699884150853,IB24G10
200945870,秘密,9787544258210.0,外借,2024-09-05 11:40:20,45.0,(日)东野圭吾,南海出版公司,2017-01-01,海口,330,I313.45,584699848413253,IB24G10
200858214,小妇人,9787532757008.0,外借,2024-09-05 11:40:40,48.0,(美)奥尔科特著,上海译文出版社,2012-01-01,上海,535,I712.44,584699857883205,IB24G10
201324156,The hobbit,9780261102217.0,外借,2024-09-05 11:43:24,55.0,"Tolkien, J. R. R.,","HarperCollinsPunlishers,",2006-01-01,London,389,823.912,584699877314629,IB24G10
200699084,Statistics for The Behavioral Sciences,9781305504912.0,外借,2024-09-05 11:44:04,407.0,Frederick Gravetter； Larry Wallnau,Cengage,2016-01-01,美国,,519.50,584699875594309,IB24G10
201325672,The Call of the Wild,9780141321059.0,外借,2024-09-05 11:45:24,55.0,Jack London,Penguin Group,1903-01-01,England,133,813.52,584699857035333,IB24G10
201323969,The psychology book,9781405391245.0,外借,2024-09-05 11:48:34,116.0,"Collin, Catherine (Clinical psychologist)",DK,2012-01-01,London,352,150,584699889389637,IB24G10
200857260,局外人,9787532761760.0,归还,2024-09-05 12:17:41,32.0,（法）加缪著,上海译文出版社,2013-01-01,上海,25128,I565.45,584699836194885,IB24G10
200944602,霸王别姬,9787513311762.0,外借,2024-09-05 12:23:10,59.0,李碧华著,新星出版社,2013-01-01,北京,235,I247.5,584699858100293,IB24G10
200862584,送你一匹马,9787530214763.0,外借,2024-09-05 12:23:50,32.0,三毛,北京十月文艺出版社,2017-01-01,北京,242,I217.2,584699858100293,IB24G10
201308012,The School of Life: How to Spend Time Alone,9780230768086.0,外借,2024-09-05 12:29:59,29.0,"Maitland, Sara",Macmillan UK,2014-01-02,英国,,155.92,584699869802565,IB24G10
200942659,人生最美是清欢,9787530215401.0,外借,2024-09-05 12:31:04,49.5,林清玄著,北京十月文艺出版社,2016-01-01,北京,249,I267,584699864600645,IB24G10
201018969,人生看得几清明,9787550289703.0,外借,2024-09-05 12:31:14,39.5,林清玄著,北京联合出版公司,2016-01-01,北京,208,I267,584699864600645,IB24G10
200900971,特朗普自传:从商人到参选总统,9787515342634.0,外借,2024-09-05 12:31:20,59.9,"(美)唐纳德·特朗普,(美)托尼·施瓦茨著;尹",中国青年出版社,2016-01-01,北京,245,K837.12,584699870675013,IB24G10
200686622,The Highly Sensitive Person,9780553062182.0,外借,2024-09-05 12:31:34,70.0,Elaine N. Aron,Harmony Books,1997-06-02,美国,,155.23,584699869802565,IB24G10
200928586,我是怎样设计赛车的,9787505755116.0,外借,2024-09-05 12:31:34,120.0,（英）纽维著,中国友谊出版公司,2022-01-01,北京,338,K835.61,584699870675013,IB24G10
200990400,牛奶可乐经济学3,9787550297715.0,外借,2024-09-05 12:31:46,49.9,(美)罗伯特·弗兰克 著,北京联合出版公司,2017-01-01,北京,226,F0-49,584699870675013,IB24G10
201054777,柠檬,9787533965617.0,归还,2024-09-05 12:32:39,58.0,（日）梶井基次郎著,浙江文艺出版社,2021-01-01,杭州,265,I313.45,584699864600645,IB24G10
200233746,哲学的故事,9787513306331.0,归还,2024-09-05 15:49:34,49.0,"(美)杜兰特著,张程程译",新星出版社,2013-01-01,北京,420,B1,455797957926981,IB23G11
200985675,海德格尔的最后之神,9787100213011.0,外借,2024-09-05 16:03:18,98.0,张静宜著,商务印书馆,2023-01-01,北京,304,B089,584699851386949,IB24G10
200907019,微积分和数学分析引论. 第一卷. 第二分册,9787030084699.0,外借,2024-09-05 16:35:10,99.0,"(美)R. 柯朗 (Courant, Richard 1888~1972) 著",科学出版社,2001-01-01,北京,365,O17,584699849691205,IB24G10
200876506,巨人的陨落I,9787539989891.0,归还,2024-09-05 16:35:24,43.8,(英)福莱特著;于大卫译,江苏凤凰文艺出版社,2016-01-01,南京,372,I561.45,584699857674309,IB24G10
200822805,郁金香热,9787509758885.0,外借,2024-09-06 07:17:08,49.0,(英)达什著;冯璇译,社会科学文献出版社,2015-01-01,北京,328,K563.09,584699841843269,IB24G10
200978184,台北人,9787549559886.0,归还,2024-09-06 07:33:20,69.0,白先勇著,广西师范大学出版社,2015-01-01,桂林,291,I247.7,450611287269445,IB22G12
201056203,美丽新世界,9787532774685.0,归还,2024-09-06 07:33:43,45.0,(英)赫胥黎著;陈超译,上海译文出版社,2017-01-01,上海,349,I561.45,584699837075525,IB24G10
201310786,"Thinking, fast and slow",9780141033570.0,归还,2024-09-06 09:31:57,55.0,"Kahneman, Daniel, 1934-; Kahneman, Daniel, 1934-",Penguin UK,2012-01-01,UK,499,153.42,455798097236037,IB23G11
201322050,All the bright places,9780385755917.0,归还,2024-09-06 09:31:57,70.0,"Niven, Jennifer",Ember,2015-01-01,New York,388,813.6,455798097236037,IB23G11
200816581,财富、贫穷与政治,9787572211874.0,归还,2024-09-06 09:55:34,45.0,（美）索厄尔著,浙江教育出版社,2021-01-01,杭州,305,F0-49,584699866955845,IB24G10
200908599,健身营养全书: 关于力量与肌肉的营养策略,9787530493885.0,外借,2024-09-06 10:01:14,98.0,"勒费尔霍尔茨 , 克里斯蒂安·冯",北京科学技术出版社,2018-01-01,北京,341,G804.32,584699866955845,IB24G10
201053340,云边有个小卖部,9787540487645.0,外借,2024-09-06 11:20:47,42.0,张嘉佳著,湖南文艺出版社,2018-01-01,长沙,306,I247.5,584699858948165,IB24G10
201049579,从你的全世界路过,9787540491949.0,外借,2024-09-06 11:20:55,45.0,张嘉佳著,湖南文艺出版社,,,,I247.7,584699858948165,IB24G10
200847691,消失的真实,9787521735611.0,外借,2024-09-06 11:34:08,88.0,金观涛著,中信出版集团股份有限公司,2022-01-01,北京,49352,N02,584699851178053,IB24G10
200876515,巨人的陨落I,9787539989891.0,外借,2024-09-06 11:45:03,43.8,(英)福莱特著;于大卫译,江苏凤凰文艺出版社,2016-01-01,南京,372,I561.45,584699837075525,IB24G10
201311829,Life is Elsewhere,9780571197774.0,归还,2024-09-06 11:47:57,35.0,"Kundera, Milan",Faber and Faber,2000-11-04,英国,,891.86,584699859591237,IB24G10
200987227,红与黑,9787201108186.0,外借,2024-09-06 11:49:50,42.0,(法)司汤达著;罗新璋译,天津人民出版社,2016-01-01,天津,471,I565.44,584699885924421,IB24G10
200922797,鱼没有脚,9787541160912.0,外借,2024-09-06 11:50:28,49.8,（冰）斯特凡松著,四川文艺出版社,2021-01-01,成都,335,I535.45,584699885707333,IB24G10
200916063,霍比特人:精装插图本,9787208111103.0,外借,2024-09-06 11:50:51,78.0,(英)托尔金著　(英)李图　吴刚译,上海人民出版社,2013-01-01,上海,411,I561.45,584699885707333,IB24G10
200880065,教堂尖塔,9787532788125.0,外借,2024-09-06 11:53:41,68.0,（英）戈尔丁著,上海译文出版社有限公司,2021-01-01,上海,199,I561.45,584699864600645,IB24G10
201025489,荷马史诗·奥德赛,9787020102792.0,外借,2024-09-06 11:54:30,37.0,(古希腊)荷马著,人民文学出版社,2017-01-01,北京,493,I545.22,584699885924421,IB24G10
200823430,树上的男爵,9787544722803.0,外借,2024-09-06 11:54:33,45.0,(意)卡尔维诺著,译林出版社,2017-01-01,南京,278,I546.45,584699859591237,IB24G10
200803791,给青年人的哲学十二讲,9787556129133.0,外借,2024-09-06 11:56:00,49.0,（德）雅斯贝尔斯著,湖南人民出版社,2022-01-01,长沙,199,B-49,584699862896709,IB24G10
200849966,夜晚的潜水艇 ,9787542669964.0,外借,2024-09-06 12:01:11,52.0,陈春成 (1990~) 著, 上海三联书店,2020-01-01,上海 ,219,I247.7,584699837075525,IB24G10
201001502,水与梦,9787100167765.0,外借,2024-09-06 12:20:41,39.0,巴什拉著,商务印书馆,2019-01-01,北京,244,B565.59,584699852910661,IB24G10
201034219,那个特别的疯子,9787559622822.0,外借,2024-09-06 12:30:07,48.0,(美)布雷迪著;赵说说译,北京联合出版公司,2018-01-01,北京,359,B84-49,584699853152325,IB24G10
200806654,建筑课,9787559664976.0,外借,2024-09-06 12:30:12,21.0,林徽因著,北京联合出版公司,2022-01-01,北京,144,TU-0,584699853152325,IB24G10
200871208,北方以北 ,9787559633118.0,外借,2024-09-06 12:38:42,108.0,"(英)巴勒克拉夫 (Barraclough, Eleanor Rosamund) 著", 北京联合出版公司,2019-01-01,北京 ,20376,K530.9,584699853369413,IB24G10
201002271,冰火传奇,9787515314099.0,外借,2024-09-06 12:38:52,26.0,孙琇著,中国青年出版社,2013-01-01,北京,173,K530.6,584699853369413,IB24G10
200990776,维京传奇,9787514619065.0,外借,2024-09-06 12:39:02,70.0,（英）美登编著,中国画报出版社,2020-01-01,北京,256,K530.9,584699853369413,IB24G10
200698584,The Meritocracy Trap,9780141984742.0,外借,2024-09-06 12:41:48,58.0,Daniel Markovits,penguin uk,2020-08-06,英国,,305.55,455798097236037,IB23G11
201319518,Outliers : the story of success,9780141036250.0,外借,2024-09-06 12:41:53,82.5,"Gladwell, Malcolm, 1963-",Penguin,,UK,309,302,455798097236037,IB23G11
200695961,The Adventure of the Blue Carbuncle,9780241597002.0,外借,2024-09-06 12:43:28,47.0,Arthur Conan Doyle,Penguin UK,2022-11-03,英国,,808.8,584699858100293,IB24G10
201323308,The Count of Monte Cristo,9781509827978.0,外借,2024-09-06 12:43:51,51.0,"Dumas, Alexandre, 1802-1870; Maquet, Auguste, 1813-1888; Fiorentino, Pier Angelo, 1811-1864",Macmillan Collectors Library,2017-01-01,UK,695,843.7,584699858100293,IB24G10
201001753,周易教程,9787100187084.0,外借,2024-09-06 13:20:59,98.0,周山著,商务印书馆,2020-01-01,北京,14508,B221.5,455798101348421,IB23G11
200896370,周易家居环境调理,9787802143975.0,外借,2024-09-06 13:21:09,49.0,李计忠,团结出版社,2010-01-01,北京,327,B221.5,455798101348421,IB23G11
200930724,周易简释 ,9787559652669.0,外借,2024-09-06 13:21:22,98.0,余秋雨(1946~) 著, 北京联合出版公司,2021-01-01,北京 ,24740,B221.5,455798101348421,IB23G11
200876515,巨人的陨落I,9787539989891.0,归还,2024-09-06 13:24:04,43.8,(英)福莱特著;于大卫译,江苏凤凰文艺出版社,2016-01-01,南京,372,I561.45,584699837075525,IB24G10
200836710,ABC谋杀案,9787513341790.0,外借,2024-09-06 13:25:43,42.0,"(英)阿加莎·克里斯蒂 (Christie, Agatha 1890~1976) 著",新星出版社,2020-01-01,北京,235,I561.45,584699876016197,IB24G10
201309244,To the Lighthouse (PMC) Virginia Woolf,9780141183411.0,外借,2024-09-06 13:27:54,29.0,Virginia Woolf,Penguin UK,2000-10-26,英国,,823.91,584699840983109,IB24G10
201020983,我弥留之际,9787020128075.0,外借,2024-09-06 13:59:52,42.0,（美）福克纳著,人民文学出版社,2021-01-01,北京,11221,I712.45,584699864600645,IB24G10
200806869,孤独是迷人的,9787572225789.0,外借,2024-09-06 14:00:10,42.0,（美）狄金森著,浙江教育出版社,2021-01-01,杭州,47372,I712.25,584699864600645,IB24G10
200806869,孤独是迷人的,9787572225789.0,归还,2024-09-06 14:06:18,42.0,（美）狄金森著,浙江教育出版社,2021-01-01,杭州,47372,I712.25,584699864600645,IB24G10
200823430,树上的男爵,9787544722803.0,归还,2024-09-06 15:08:37,45.0,(意)卡尔维诺著,译林出版社,2017-01-01,南京,278,I546.45,584699859591237,IB24G10
200877881,罗生门,9787532751495.0,外借,2024-09-06 15:17:47,40.0,(日)芥川龙之介著;林少华译,上海译文出版社,2010-01-01,上海,249,I313.45,584699859591237,IB24G10
200877881,罗生门,9787532751495.0,归还,2024-09-09 07:15:01,40.0,(日)芥川龙之介著;林少华译,上海译文出版社,2010-01-01,上海,249,I313.45,584699859591237,IB24G10
201054713,呼啸山庄,9787532778355.0,归还,2024-09-09 07:30:26,32.0,(英)勃朗特著,上海译文出版社,2018-01-01,上海,406,I561.44,450611283214405,IB22G12
200804807,我们的乐队也可以成为你的生活,9787542675415.0,归还,2024-09-09 07:39:25,88.0,阿泽拉德著,上海三联书店,2022-01-01,上海,634,J609.712,450611320549445,IB22G12
200803933,始于极限 : 女性主义往复书简,9787513349369.0,外借,2024-09-09 07:47:20,59.0,(日)上野千鹤子 (1948~) 著,新星出版社,2022-01-01,北京,295,C913.68-49,450611283214405,IB22G12
200829755,文学理论入门,9787544729666.0,外借,2024-09-09 11:08:39,39.0,(美)卡勒著;李平译,译林出版社,2013-01-01,南京,143,I0,584699859591237,IB24G10
201025835,现代科学简史：从蒸汽机到??求偶,9787121350214.0,外借,2024-09-09 11:18:23,89.0,"(英)大卫·奈特 (Knight, David) 著", 电子工业出版社,2018-01-01,北京 ,10392,N091-49,450611326623813,IB22G12
201011804,文学理论入门,9787544729666.0,外借,2024-09-09 11:28:20,39.0,(美)卡勒著;李平译,译林出版社,2013-01-01,南京,143,I0,584699857035333,IB24G10
200858330,江城 ,9787532756728.0,外借,2024-09-09 11:28:44,45.0,"(美)彼得·海斯勒 (Hessler, Peter) 著", 上海译文出版社,2012-01-01,上海 ,446,I712.65,584699857461317,IB24G10
201323898,The literature book,9780241015469.0,外借,2024-09-09 11:56:09,116.0,"Atkinson, Sam",DK,2016-01-01,London,352,809,584699885277253,IB24G10
200687159,Twilight ,9781907410482.0,外借,2024-09-09 12:13:00,75.0,"Meyer, Stephenie,","Atom,",2010-01-01,London,434,813.6,584699841417285,IB24G10
201303320,Treasure Island,9781847494863.0,外借,2024-09-09 12:20:06,32.0,"Stevenson, Robert Louis",Alma Books,2016-12-01,英国,,823.8,584699842498629,IB24G10
201049891,万物归一,9787559823168.0,外借,2024-09-09 12:21:06,45.0,（美）狄勒德著,广西师范大学出版社,2022-01-01,桂林,110,I712.65,584699852910661,IB24G10
201049891,万物归一,9787559823168.0,续借,2024-09-09 12:21:39,45.0,（美）狄勒德著,广西师范大学出版社,2022-01-01,桂林,110,I712.65,584699852910661,IB24G10
201001502,水与梦,9787100167765.0,续借,2024-09-09 12:21:41,39.0,巴什拉著,商务印书馆,2019-01-01,北京,244,B565.59,584699852910661,IB24G10
200880537,华氏451,9787532790036.0,外借,2024-09-09 12:24:11,58.0,"(美)雷·布雷德伯里 (Bradbury, Ray 1920~2012) 著",上海译文出版社,2022-01-01,上海,224,I712.45,584699853152325,IB24G10
200685892,Five Survive,9780593704899.0,归还,2024-09-09 12:24:26,51.0,"Jackson, Holly",Delacorte Press,2022-11-29,,0,823.92,455798039793733,IB23G11
200895059,云彩收集者手册 ,9787544771344.0,外借,2024-09-09 12:25:38,45.0,"(美)普雷托尔－平尼 (Pretor-Pinney, Gavin) 著", 译林出版社,2018-01-01,南京 ,111,P426.5,584699853803589,IB24G10
200856332,语言学,9787108069474.0,外借,2024-09-09 12:32:24,38.0,"(英)R. L. 特拉斯克 (Trask, R.L.) 文",生活·读书·新知三联书店,2020-01-01,北京,177,H0,584699864387653,IB24G10
200668330,DP认识论课程学习指导,9789620447891.0,外借,2024-09-09 12:39:15,235.0,李康华等著,香港三聯書店,2021-01-01,香港,275,IB-7-TOK-1,450611294367813,IB22G12
Z0064561,Physics-Giancoli,9780130606204.0,外借,2024-09-09 16:26:07,695.0,Douglas C.Giancoli,Pearson,2005-01-01,,946,IB-4-PH-5,584699848196165,IB24G10
200991267,人人都该懂的工程学,9787213096471.0,外借,2024-09-09 16:26:49,59.9,(英)娜塔莎·麦卡锡(Natasha McCarthy)著 ,浙江人民出版社,2020-01-01,杭州,191,TB-49,584699881758789,IB24G10
200866651,乡土中国,9787201183497.0,外借,2024-09-09 16:29:16,45.0,费孝通著,天津人民出版社,2022-01-01,天津,161,C912.82,584699860484165,IB24G10
200801105,鱼不存在,9787572607943.0,归还,2024-09-09 16:38:24,59.8,米勒著,湖南文艺出版社,2022-01-01,长沙,234,I712.6,455798118166597,IB23G11
200988663,好好告别,9787572502583.0,续借,2024-09-09 16:38:51,79.9,（英）曼尼克斯著,河南科学技术出版社,2021-01-01,郑州,11327,I712.55,455798118166597,IB23G11
200877658,赎罪,9787532779765.0,归还,2024-09-10 07:17:43,49.0,(英)麦克尤恩著;郭国良译,上海译文出版社,2018-01-01,上海,333,I561.45,584699841843269,IB24G10
200912959,第十一根手指,9787559639486.0,归还,2024-09-10 07:47:45,48.0,法医秦明著,北京联合出版公司,2020-01-01,北京,300,I247.5,455798117085253,IB23G11
201008827,魔鬼藏身处,9787544781275.0,归还,2024-09-10 07:47:45,69.0,（英）拉塞尔著,译林出版社,2021-01-01,南京,505,I561.85,455798117085253,IB23G11
201018665,达·芬奇密码,9787020126132.0,归还,2024-09-10 07:47:46,75.0,(美)布朗著,人民文学出版社,2017-01-01,北京,439,I712.45,455798117085253,IB23G11
200696675,Bantam Classics：Wuthering Heights,9780553212587.0,归还,2024-09-10 07:47:49,10.0,Emily Bronte,Bantam Classics,1983-10-01,美国,,823.8,455798117085253,IB23G11
200838059,檀香刑,9787533946647.0,归还,2024-09-10 07:47:55,56.0,莫言著,浙江文艺出版社,2017-01-01,杭州,418,I247.5,455798117085253,IB23G11
200875534,"银河帝国.1,基地",9787539983295.0,归还,2024-09-10 07:48:00,45.0,(美)阿西莫夫著,江苏凤凰文艺出版社,2015-01-01,南京,277,I712.45,455798117085253,IB23G11
200959668,双城记,9787516824689.0,归还,2024-09-10 07:48:05,49.8,（英）狄更斯著, 台海出版社 ,2020-01-01,北京,277,I561.44,455798117085253,IB23G11
201301153,Sophie’s World,9780374530716.0,归还,2024-09-10 07:48:08,66.0,Jostein Gaarder,Macmillan US,2007-03-20,美国,,839.82374,455798117085253,IB23G11
201601169,普通化学原理,9787301225578.0,外借,2024-09-10 09:40:51,68.0,华彤文,北京大学出版社 ,2013-01-01,北京 ,492,O6,584699884150853,IB24G10
200854520,鼠疫,9787532752508.0,外借,2024-09-10 10:31:36,28.0,(法)加缪著,上海译文出版社,2011-01-01,上海,233,I565.45,584699887661125,IB24G10
200889878,东方快车谋杀案,9787513335270.0,外借,2024-09-10 11:21:10,49.0,(英)克里斯蒂,新星出版社,2019-01-01,北京,279,I561.45,455798036811845,IB23G11
201018923,说谎心理学,9787550249141.0,归还,2024-09-10 11:52:38,49.0,（德）艾尔哈特著,北京联合出版公司,2015-01-01,北京,218,C912.69,584699864387653,IB24G10
200659144,"Tuesdays with Morrie : an old man, a young man, and life's greatest lesson",9780385496490.0,外借,2024-09-10 12:13:40,60.0,"Albom, Mitch",Random House,1997-01-01,New York,192,378.120,584699887005765,IB24G10
200869337,漫长的余生 : 一个北魏宫女和她的时代,9787547743126.0,外借,2024-09-10 12:24:55,65.0,罗新 (1963~) 著,北京日报出版社,2022-01-01,北京,322,K239.210.7,584699853803589,IB24G10
200935961,共情的力量 ,9787514513011.0,外借,2024-09-10 12:32:54,49.8,"(美)乔拉米卡利 (Ciaramicoli, Arthur P.) 著", 中国致公出版社,2019-01-01,北京 ,283,B84-49,584699855319109,IB24G10
200036638,文学阅读指南,9787564917876.0,外借,2024-09-10 12:34:45,32.0,(英)特里·伊格尔顿著;范浩译,河南大学出版社,2015-01-01,开封,253,I106.62,584699857035333,IB24G10
200402661,Physics for Scientists and Engineers with Modern Physics Pearson New International Edition,9781292020761.0,外借,2024-09-10 12:36:56,1059.0,"Giancoli, Douglas C.",Pearson Education Limited,2013-07-29,,1440,IB-4-PH-5,584699890253893,IB24G10
200184656,中国古典名著百部·传世方术卷：阴符经 握奇经 皇帝宅经 龟策列传 灵棋经 诸葛神薮 推背图 奇门遁甲 梅花易,9787512006881.0,外借,2024-09-10 14:24:05,198.0,马松源编,线装书局,2012-01-01,北京,442,Z121.7,455798101348421,IB23G11
201310759,Where the crawdads sing,9781472154668.0,外借,2024-09-10 14:42:28,75.0,"Owens, Delia",Corsair,2018-01-01,UK,370,813.6,455798098456645,IB23G11
200691876,Dopamine Nation: Finding Balance in the Age of Indulgence,9781524746728.0,外借,2024-09-10 14:50:34,105.0,Anna Lembke,Dutton Books,2021-08-24,美国,,152.42,455798098456645,IB23G11
200935621,拍电影时我在想的事 ,9787544294041.0,归还,2024-09-10 16:33:28,88.0,(日)是枝裕和 (1962~) 著, 南海出版公司,2018-01-01,海口 ,354,I313.65,455798058176581,IB23G11
200964108,脑髓地狱,9787547057827.0,归还,2024-09-10 16:33:36,78.0,(日) 梦野久作著, 万卷出版公司 ,2022-01-01,沈阳,379,I313.45,455798058176581,IB23G11
200992676,山音,9787544265027.0,归还,2024-09-10 16:33:37,49.0,(日)川端康成 (1899~1972) 著,南海出版公司,2013-01-01,海口,259,I313.45,455798058176581,IB23G11
200877729,青之炎,9787532785872.0,归还,2024-09-10 16:33:41,55.0,(日)贵志祐介著　丁丁虫译,上海译文出版社,2021-01-01,上海,350,I313.45,455798058176581,IB23G11
200923607,无影犯人,9787533966645.0,归还,2024-09-10 16:33:41,56.0,(日)坂口安吾著,浙江文艺出版社,2022-01-01,杭州,336,I313.45,455798058176581,IB23G11
200959445,青梅竹马,9787547055304.0,归还,2024-09-10 16:33:41,39.0,(日) 樋口一叶著,万卷出版公司 ,2021-01-01,沈阳,260,I313.44,455798058176581,IB23G11
200923153,惜别,9787559457493.0,外借,2024-09-10 16:34:19,52.0,(日)太宰治著,江苏凤凰文艺出版社,2021-01-01,南京,242,I313.45,455798058176581,IB23G11
200877729,青之炎,9787532785872.0,外借,2024-09-10 16:34:59,55.0,(日)贵志祐介著　丁丁虫译,上海译文出版社,2021-01-01,上海,350,I313.45,455798058176581,IB23G11
200935621,拍电影时我在想的事 ,9787544294041.0,外借,2024-09-10 16:34:59,88.0,(日)是枝裕和 (1962~) 著, 南海出版公司,2018-01-01,海口 ,354,I313.65,455798058176581,IB23G11
200992676,山音,9787544265027.0,外借,2024-09-10 16:34:59,49.0,(日)川端康成 (1899~1972) 著,南海出版公司,2013-01-01,海口,259,I313.45,455798058176581,IB23G11
200959445,青梅竹马,9787547055304.0,外借,2024-09-10 16:35:12,39.0,(日) 樋口一叶著,万卷出版公司 ,2021-01-01,沈阳,260,I313.44,455798058176581,IB23G11
200964108,脑髓地狱,9787547057827.0,外借,2024-09-10 16:35:17,78.0,(日) 梦野久作著, 万卷出版公司 ,2022-01-01,沈阳,379,I313.45,455798058176581,IB23G11
200964108,脑髓地狱,9787547057827.0,续借,2024-09-10 16:35:42,78.0,(日) 梦野久作著, 万卷出版公司 ,2022-01-01,沈阳,379,I313.45,455798058176581,IB23G11
200959445,青梅竹马,9787547055304.0,续借,2024-09-10 16:35:43,39.0,(日) 樋口一叶著,万卷出版公司 ,2021-01-01,沈阳,260,I313.44,455798058176581,IB23G11
200877729,青之炎,9787532785872.0,续借,2024-09-10 16:35:44,55.0,(日)贵志祐介著　丁丁虫译,上海译文出版社,2021-01-01,上海,350,I313.45,455798058176581,IB23G11
200992676,山音,9787544265027.0,续借,2024-09-10 16:35:46,49.0,(日)川端康成 (1899~1972) 著,南海出版公司,2013-01-01,海口,259,I313.45,455798058176581,IB23G11
200935621,拍电影时我在想的事 ,9787544294041.0,续借,2024-09-10 16:35:47,88.0,(日)是枝裕和 (1962~) 著, 南海出版公司,2018-01-01,海口 ,354,I313.65,455798058176581,IB23G11
200923153,惜别,9787559457493.0,续借,2024-09-10 16:35:49,52.0,(日)太宰治著,江苏凤凰文艺出版社,2021-01-01,南京,242,I313.45,455798058176581,IB23G11
200693767,Surrounded by Idiots: The Four Types of Human Behavior and How to Effectively Communicate with Each in Business (and in Life),9781250255174.0,外借,2024-09-10 16:43:21,51.0,Thomas Erikson,St.Martins Press,2019-07-30,美国,,302.2,584699859591237,IB24G10
200759946,普林斯顿微积分读本,9787115435590.0,外借,2024-09-10 16:44:10,99.0,"(美)班纳 (Banner, Adrian ) 著",人民邮电出版社,2016-01-01,北京,648,O172,584699860697157,IB24G10
200963243,莎士比亚悲剧喜剧全集·悲剧Ⅱ,9787533947576.0,外借,2024-09-10 16:50:28,59.8,(英)莎士比亚著,浙江文艺出版社,2017-01-01,杭州,11551,I561.33,584699842961477,IB24G10
200933589,拒绝平庸：25个引领市场的营销法则,9787505755987.0,外借,2024-09-10 17:24:16,128.0,（德）谢勒著,中国友谊出版公司 ,2023-01-01,北京,372,F713.50,584699872460869,IB24G10
200865929,摩根财团,9787549620616.0,外借,2024-09-10 17:27:30,198.0,（美）彻诺著,文汇出版社,2017-01-01,上海,30837,F837.12,584699888091205,IB24G10
200998509,橘子不是唯一的水果,9787559614711.0,归还,2024-09-10 17:33:36,49.0,(英)温特森著;于是译,北京联合出版公司,2018-01-01,北京,259,I561.4,455797993836613,IB23G11
200689772,The little world of Liz Climo,9780762452385.0,外借,2024-09-10 17:36:07,31.0,"Climo, Liz",Running Press,,,,741.569,584699846897733,IB24G10
201034718,你的第一本哲学书,9787508666792.0,外借,2024-09-10 17:46:31,38.0,(美)内格尔著;宝树译,中信出版社,2016-01-01,北京,108,B-49,584699881295941,IB24G10
200945870,秘密,9787544258210.0,归还,2024-09-11 07:14:48,45.0,(日)东野圭吾,南海出版公司,2017-01-01,海口,330,I313.45,584699848413253,IB24G10
201045760,什么是数学:对思想和方法的基本研究(中文版第四版),9787309128109.0,归还,2024-09-11 08:46:10,60.0,"(美)科朗,罗宾著;斯图尔特修订;左平,张饴慈",复旦大学出版社,2017-01-01,上海,582,O1-49,450611298566213,IB22G12
200959427,改变心理学的4项研究:第7版,9787115472342.0,外借,2024-09-11 08:47:41,48.0,(美)霍克著　白学军译,人民邮电出版社,2018-01-01,北京,424,B84,450611298566213,IB22G12
201011868,科学哲学,9787544732765.0,外借,2024-09-11 08:55:02,39.0,"(英)奥卡沙著,韩广忠译",译林出版社,2015-01-01,南京,139,N02,450611298566213,IB22G12
200940820,惊艳一击：数理史上的绝妙证明,9787521311532.0,外借,2024-09-11 08:55:09,69.0,曹则贤 (1966~) 著, 外语教学与研究出版社,2019-01-01,北京 ,277,O-091,450611298566213,IB22G12
200881108,历史的意外,9787569932478.0,外借,2024-09-11 08:56:27,59.8,(法)让-克里斯托弗·布松著,北京时代华文书局,2020-01-01,北京,262,K105,450611298566213,IB22G12
200689503,Atlas Shrugged,9780451191144.0,归还,2024-09-11 09:31:22,39.0,Ayn Rand,Berkley Books,1996-09-01,美国,,813.52,450611289337925,IB22G12
200694347,Pride and Prejudice,9781853260001.0,归还,2024-09-11 09:31:22,25.0,Jane austen著,Complete and unabridged,2007-01-01,Landon,265,823.7,450611289337925,IB22G12
201309770,This Is Shakespeare: How to Read the Worlds Greatest Playwright (Pelican Books),9780241361634.0,归还,2024-09-11 09:31:22,51.0,Emma Smith,Pelican,2020-04-02,英国,,822.33,450611282698309,IB22G12
200694365,Northanger Abbey,9781853260438.0,归还,2024-09-11 09:31:32,0.0,"Austen, Jane, 1775-1817; Butler, Marilyn",Wordsworth Classics,,,,823.7,450611289337925,IB22G12
201302599,(PBC)Nature and Selected Essays,9780142437629.0,归还,2024-09-11 09:31:32,52.0,Ralph Waldo Emerson,penguin uk,2001-01-01,英国,,814.3,450611289337925,IB22G12
200920824,试论疲倦,9787208140813.0,归还,2024-09-11 11:10:07,49.0,（奥）汉德克著,上海人民出版社,2016-01-01,上海,11384,I521.45,584699848847429,IB24G10
200974856,狼图腾,9787530220245.0,归还,2024-09-11 11:18:32,69.0,姜戎 著,北京十月文艺出版社,2020-01-01,北京,651,I247.5,584699884843077,IB24G10
200178690,天蓝色的彼岸,9787801871527.0,外借,2024-09-11 11:49:13,19.8,(英)希尔著;张雪松译,新世界出版社,2014-01-01,北京,260,I561.85,584699885924421,IB24G10
200695621,Klara and the Sun,9780593311295.0,归还,2024-09-11 11:59:51,68.0,Kazuo Ishiguro,Knopf Publishing Group,2022-03-01,美国,,823.91,450611282698309,IB22G12
200698307,Range: Why Generalists Triumph in a Specialized World,9780593084496.0,外借,2024-09-11 12:01:06,68.0,David Epstein,Riverhead Books,2019-05-28,美国,,153.9,450611282698309,IB22G12
200970832,国富论,9787519015084.0,外借,2024-09-11 12:06:23,34.0,(英)斯密著;陈虹译,中国文联出版公司,2016-01-01,北京,658,F091.33,584699890253893,IB24G10
200886103,这才是最好读的数学史 ,9787569929713.0,外借,2024-09-11 12:18:29,68.0,"(美)伯林霍夫 (Berlinghoff, William P.) 著", 北京时代华文书局,2019-01-01,北京 ,344,O11-49,450611294367813,IB22G12
200864902,数学简史,9787508679464.0,外借,2024-09-11 12:18:37,58.0,蔡天新著,中信出版社,2017-01-01,北京,322,O11-49,450611294367813,IB22G12
201049784,数学的语言 : 化无形为可见,9787559828804.0,外借,2024-09-11 12:18:58,56.0,"(美)齐斯·德福林 (Devlin, Keith J. 1947~) 著",广西师范大学出版社,2020-01-01,桂林,370,O1-49,450611294367813,IB22G12
201033586,24个比利,9787508691664.0,外借,2024-09-11 12:19:36,48.0,(美)凯斯著,中信出版集团股份有限公司,2018-01-01,北京,432,I712.45,584699836416069,IB24G10
200893792,现代艺术,9787534480775.0,外借,2024-09-11 12:31:56,88.0,(美)夏皮罗, 江苏凤凰美术出版社,2015-01-01,南京 ,359,J0,450611294367813,IB22G12
200861022,艺术史的艺术,9787208132139.0,外借,2024-09-11 12:32:03,89.0,(美)普雷齐奥西著,上海人民出版社,2016-01-01,上海,572,J110.9-53,450611294367813,IB22G12
201010208,艺术史导论 ,9787301321898.0,外借,2024-09-11 12:36:55,105.0,【德】汉斯·贝尔廷, 北京大学出版社,2021-01-01,北京 ,404,J110.9,450611294367813,IB22G12
201310508,Vanity fair,9780008324209.0,外借,2024-09-11 12:42:46,32.0,"Thackeray, William Makepeace, 1811-1863; Dames, Nicholas, 1970-; Stewart, J. I. M. 1906-1994; Ridley, M. R. 1890-1969",Harper Collins UK,2018-01-01,UK,918,823.8,455798100992069,IB23G11
200675171,Economics 22 Edition,9781382004961.0,归还,2024-09-11 15:07:16,407.0,"Blink, Jocelyn",Oxford,,UK,540,IB-3-EB-7,455797936062533,IB23G11
200858651,我是猫,9787532752645.0,归还,2024-09-11 15:07:16,38.0,(日)夏目漱石著,上海译文出版社,2011-01-01,上海,407,I313.44,455797936062533,IB23G11
200838442,铁壁之围：一战中的德国和奥匈帝国,9787510895845.0,归还,2024-09-11 17:20:01,138.0,"(英)亚历山大·沃森 (Watson, Alexander) 著", 九州出版社,2020-01-01,北京 ,716,K143,584699851386949,IB24G10
200833802,最伟大的骑士,9787513929172.0,外借,2024-09-11 17:22:46,92.0,（英）阿斯布里奇著,民主与建设出版社有限责任公司,2020-01-01,北京,423,K835.617,584699851386949,IB24G10
201300635,Great Expectations,9781847493811.0,外借,2024-09-11 17:41:49,32.0,"Dickens, Charles",ALMA BOOKS,2014-10-15,英国,,823.8,455798100992069,IB23G11
201311838,Alma Classics: Sense and Sensibility,9781847494849.0,外借,2024-09-11 17:41:55,23.0,Austen Jane,Alma Books,2015-07-15,英国,,823.7,455798100992069,IB23G11
200698496,Signet Classics: Jane Eyre,9780451530912.0,外借,2024-09-11 17:42:11,13.0,Charlotte Bronte,Signet,2008-04-01,美国,,823.8,455798100992069,IB23G11
201056043,穿越非洲两百年 ,9787545553918.0,归还,2024-09-12 07:38:06,88.0,郭建龙 著, 天地出版社,2020-01-01,成都 ,379,K400,584699836862533,IB24G10
200982268,世界简史,9787505743090.0,归还,2024-09-12 09:36:43,49.8,（美）房龙著,中国友谊出版公司,2018-01-01,北京,348,K1,584699862667333,IB24G10
200994273,相对论究竟是什么,9787513340229.0,归还,2024-09-12 09:38:06,49.0,万维钢,新星出版社,2020-01-01,北京,226,O412.1-49,584699862667333,IB24G10
200699903,Sherlock Holmes: Vol 1,9780553212419.0,外借,2024-09-12 10:02:29,27.5,Sir Arthur Conan Doyle,Bantam Classics,1986-11-01,美国,1059,823.8,584699862667333,IB24G10
200693767,Surrounded by Idiots: The Four Types of Human Behavior and How to Effectively Communicate with Each in Business (and in Life),9781250255174.0,归还,2024-09-12 12:07:22,51.0,Thomas Erikson,St.Martins Press,2019-07-30,美国,,302.2,584699859591237,IB24G10
201310508,Vanity fair,9780008324209.0,归还,2024-09-12 12:08:13,32.0,"Thackeray, William Makepeace, 1811-1863; Dames, Nicholas, 1970-; Stewart, J. I. M. 1906-1994; Ridley, M. R. 1890-1969",Harper Collins UK,2018-01-01,UK,918,823.8,455798100992069,IB23G11
200919444,阁楼上的疯女人 :女性作家与19世纪文学想象.上,9787208125537.0,外借,2024-09-12 12:19:45,64.0,"(美)吉尔伯特 (女，Gilbert, Sandra M.) 著", 上海人民出版社,2015-01-01,上海 ,1843897,I106,455797991358533,IB23G11
200878112,快乐的死,9787532168750.0,外借,2024-09-12 12:19:53,39.0,"(法)阿尔贝·加缪 (Camus, Albert 1913~1960) 著",上海文艺出版社,2019-01-01,上海,149,I565.45,455797991358533,IB23G11
200878489,局外人,9787532751471.0,外借,2024-09-12 12:19:57,22.0,(法)加缪著;柳鸣九译,上海译文出版社,2015-01-01,上海,128,I565.45,455797991358533,IB23G11
200917400,"大秦帝国·第一部, 黑色裂变. 上卷",9787208152472.0,外借,2024-09-12 12:22:23,18.0,孙皓晖著,上海人民出版社,2019-01-01,上海,398,I247.53,584699884843077,IB24G10
200975098,原野,9787530217306.0,外借,2024-09-12 12:43:34,36.0,曹禺著,北京十月文艺出版社,2018-01-01,北京,246,I234,450611319373893,IB22G12
201050138,营销管理,9787521742213.0,外借,2024-09-12 16:25:20,158.0,"科特勒 (Kotler, Philip) (Kotler, Philip)(著);凯勒 (Keller, Kevin Lane) (Keller, Kevin Lane)(著);切尔内夫 (Chernev, Alexander) (Chernev, Alexander)(著)",北京中信出版集团股份有限公司2022,2022-01-01,北京,27666,F713.56,455798031200325,IB23G11
200975267,遥远的小屋,9787544285582.0,外借,2024-09-12 17:19:55,55.0,（美）贝斯顿著,南海出版公司,2020-01-01,海口,25205,I712.65,584699852910661,IB24G10
200913690,大问题,9787302498872.0,外借,2024-09-12 17:21:00,98.0,希金斯著;张卜天译,清华大学出版社,2018-01-01,北京,438,B0,584699836416069,IB24G10
201049891,万物归一,9787559823168.0,归还,2024-09-12 17:24:42,45.0,（美）狄勒德著,广西师范大学出版社,2022-01-01,桂林,110,I712.65,584699852910661,IB24G10
200938441,粒子物理论,9787111543428.0,外借,2024-09-12 17:33:51,89.0,(美)大卫著;王青译,机械工业出版社,2016-01-01,北京,353,O572.2,455798066937925,IB23G11
200964947,对称与不对称 ,9787521727531.0,外借,2024-09-12 17:33:51,52.0,"(美)李政道 (Lee,Tsung-Dao 1926.11~) 著", 中信出版集团股份有限公司,2021-01-01,北京 ,193,O342,455798066937925,IB23G11
200939609,人工智能基础实验教程,9787113293208.0,外借,2024-09-12 17:39:31,49.8,潘理虎著,中国铁道出版社有限公司,2022-01-01,北京,305,TP18-33,455797921996869,IB23G11
201033274,深度学习 ,9787115461476.0,外借,2024-09-12 17:39:31,168.0,"(美)伊恩·古德费洛 (Goodfellow, Ian) 著", 人民邮电出版社,2017-01-01,北京 ,10500,TP181,455797921996869,IB23G11
200939609,人工智能基础实验教程,9787113293208.0,续借,2024-09-12 17:39:51,49.8,潘理虎著,中国铁道出版社有限公司,2022-01-01,北京,305,TP18-33,455797921996869,IB23G11
201033274,深度学习 ,9787115461476.0,续借,2024-09-12 17:39:52,168.0,"(美)伊恩·古德费洛 (Goodfellow, Ian) 著", 人民邮电出版社,2017-01-01,北京 ,10500,TP181,455797921996869,IB23G11
200699672,The Pearl,9780141394909.0,归还,2024-09-12 17:40:14,35.0,John Steinbeck,Penguin UK,2015-02-03,英国,,813.52,455797930180677,IB23G11
200049928,Workbook Mathematics HL,9789881686862.0,归还,2024-09-12 17:40:28,218.0,Tim Lee,Cana Academy Limited,2013-01-01,H.K,149,IB-5-M-1,455797930180677,IB23G11
200906537,数学珍宝集,9787519295998.0,归还,2024-09-12 17:40:28,59.0,（美）安德烈埃斯库著,世界图书出版有限公司北京分公司,2022-01-01,北京,253,O1-44,455797930180677,IB23G11
200049928,Workbook Mathematics HL,9789881686862.0,外借,2024-09-12 17:40:42,218.0,Tim Lee,Cana Academy Limited,2013-01-01,H.K,149,IB-5-M-1,455797930180677,IB23G11
200906537,数学珍宝集,9787519295998.0,外借,2024-09-12 17:40:42,59.0,（美）安德烈埃斯库著,世界图书出版有限公司北京分公司,2022-01-01,北京,253,O1-44,455797930180677,IB23G11
201324094,Game theory : a very short introduction,9780199218462.0,外借,2024-09-12 17:40:42,32.0, Binmore,,,,,519.3,455797930180677,IB23G11
200881867,黑塞童话集,9787532779505.0,归还,2024-09-12 17:42:15,45.0,(德)黑塞著,上海译文出版社,2019-01-01,上海,258,I516.88,584699846897733,IB24G10
201011840,文学理论入门,9787544729666.0,外借,2024-09-13 11:14:06,39.0,(美)卡勒著;李平译,译林出版社,2013-01-01,南京,143,I0,584699864387653,IB24G10
200886103,这才是最好读的数学史 ,9787569929713.0,归还,2024-09-13 11:17:16,68.0,"(美)伯林霍夫 (Berlinghoff, William P.) 著", 北京时代华文书局,2019-01-01,北京 ,344,O11-49,450611294367813,IB22G12
201029396,逆向创新 ,9787540486990.0,外借,2024-09-13 11:46:51,48.0,"(美)摩根 (Morgan, Adam) 著", 湖南文艺出版社,2019-01-01,长沙 ,20337,F272-49,584699883278405,IB24G10
200899803,茶花女,9787511724717.0,外借,2024-09-13 11:50:27,24.8,(法)小仲马,中央编译出版社,2015-01-01,北京,232,I565.44,584699880865861,IB24G10
200902853,飘:精装版,9787519005917.0,外借,2024-09-13 11:50:27,26.0,(美)米切尔著;朱攸若译,中国文联出版公司,2015-01-01,北京,238,I11,584699880865861,IB24G10
200883758,银河系搭车客指南.1,9787532764655.0,外借,2024-09-13 11:51:23,53.6,(英)亚当斯著;姚向辉译,上海译文出版社,2014-01-01,上海,279,I561.45,584699880407109,IB24G10
200993096,天生有罪 ,9787201162638.0,外借,2024-09-13 11:52:47,68.0,"(南非)诺亚 (Noah, Trevor 1984.2-) 著", 天津人民出版社,2020-01-01,天津 ,294,I478.55,584699880624197,IB24G10
200836195,无人生还,9787513338288.0,外借,2024-09-13 11:53:19,42.0,（英）克里斯蒂著,新星出版社,2020-01-01,北京,237,I561.45,584699879747653,IB24G10
201018442,月亮和六便士,9787551134606.0,外借,2024-09-13 11:53:19,45.0,（英）毛姆著,花山文艺出版社,2017-01-01,石家庄,254,I561.45,584699879747653,IB24G10
200836382,谋杀启事,9787513344548.0,外借,2024-09-13 11:53:26,42.0,（英）克里斯蒂著,新星出版社,2021-01-01,北京,266,I561.45,584699879747653,IB24G10
200867865,牛津古希腊史 ,9787511560216.0,外借,2024-09-13 11:53:42,119.9,(英)博德曼 编, 人民日报出版社,2020-01-01,北京 ,534,K125,584699881078853,IB24G10
200945978,细雪,9787544281621.0,外借,2024-09-13 11:53:42,59.0,（日）谷崎润一郎著,南海出版公司,2021-01-01,海口,635,I313.45,584699881078853,IB24G10
200858508,基督山伯爵 （上）,9787532751242.0,外借,2024-09-13 11:54:01,39.0,(法)大仲马著,上海译文出版社,2010-01-01,上海,693,I565.44,584699880185925,IB24G10
200858517,基督山伯爵 （下）,9787532751242.0,外借,2024-09-13 11:54:01,39.0,(法)大仲马著,上海译文出版社,2010-01-01,上海,1409,I565.44,584699880185925,IB24G10
200959436,消失的地平线,9787547055564.0,外借,2024-09-13 11:54:01,38.0,(英) 希尔顿 著,万卷出版公司 ,2021-01-01,沈阳,216,I561.45,584699880185925,IB24G10
200833964,幕末史,9787510892011.0,外借,2024-09-13 11:54:02,72.0,（日）半藤一利著,九州出版社,2020-01-01,北京,331,K313.36,584699879964741,IB24G10
200824590,春之祭,9787520130356.0,外借,2024-09-13 11:54:26,86.0,9加）埃克斯坦斯著,社会科学文献出版社,2018-01-01,北京,507,K143,584699879964741,IB24G10
201019600,我的天才女友,9787020120130.0,外借,2024-09-13 11:54:39,65.0,"(意)费兰特著,陈英译",人民文学出版社,2016-01-01,北京,323,I546.45,584699881295941,IB24G10
200993069,无名之町 ,9787544297905.0,外借,2024-09-13 11:54:48,59.0,(日)东野圭吾 (1958-) 著, 南海出版公司,2021-01-01,海口 ,349,I313.45,584699881979973,IB24G10
200836435,波洛圣诞探案记,9787513338110.0,外借,2024-09-13 11:56:19,42.0,克里斯蒂,新星出版社,2023-01-01,北京,269,I561.45,584699881078853,IB24G10
200836514,清洁女工之死,9787513339414.0,外借,2024-09-13 11:56:19,42.0,（英）克里斯蒂著,新星出版社,2022-01-01,北京,236,I561.45,584699881078853,IB24G10
200428153,The American pageant,9789814732345.0,归还,2024-09-13 12:12:02,402.0,"Bailey, Thomas Andrew, 1902-1983; Cohen, Lizabeth; Kennedy, David M.",Cengage,,Singapore,1012,IB-3-H-3,455798122922053,IB23G11
200935006,泪之地,9787218156408.0,外借,2024-09-13 12:18:36,98.0,（美）哈姆斯著,广东人民出版社,,广州,,K404,584699836862533,IB24G10
200186869,第二性 I,9787532749669.0,归还,2024-09-13 14:52:40,36.0,(法)波伏瓦著;郑克鲁译,上海译文出版社,2011-01-01,上海,354,C913.68,450611312689221,IB22G12
201050156,广告说服力,9787100118798.0,外借,2024-09-13 15:21:30,158.0,（美）阿姆斯特朗著,商务印书馆,2016-01-01,北京,18454,F713.80,450611279773765,IB22G12
200829755,文学理论入门,9787544729666.0,归还,2024-09-13 16:23:16,39.0,(美)卡勒著;李平译,译林出版社,2013-01-01,南京,143,I0,584699859591237,IB24G10
201501142,The complete Persepolis,9780375714832.0,外借,2024-09-13 16:36:17,100.0,"Satrapi, Marjane, 1969-",,,USA,, 955.054,450611279773765,IB22G12
200938450,粒子物理论,9787111543428.0,外借,2024-09-13 16:41:14,89.0,(美)大卫著;王青译,机械工业出版社,2016-01-01,北京,353,O572.2,584699890253893,IB24G10
200970841,国富论,9787519015084.0,外借,2024-09-13 16:59:39,34.0,(英)斯密著;陈虹译,中国文联出版公司,2016-01-01,北京,658,F091.33,584699858948165,IB24G10
200688924,Sex And The City,9780446617680.0,外借,2024-09-13 17:17:26,35.0,Candace Bushnell,Grand Central Publishing,2006-08-01,美国,,813.6,455797921996869,IB23G11
200688924,Sex And The City,9780446617680.0,续借,2024-09-13 17:17:36,35.0,Candace Bushnell,Grand Central Publishing,2006-08-01,美国,,813.6,455797921996869,IB23G11
200970841,国富论,9787519015084.0,归还,2024-09-13 17:21:44,34.0,(英)斯密著;陈虹译,中国文联出版公司,2016-01-01,北京,658,F091.33,584699858948165,IB24G10
200861308,乡土中国,9787301174821.0,外借,2024-09-13 17:36:05,26.0,费孝通,北京大学出版社,2012-01-01,北京,185,C912.82,584699864387653,IB24G10
200931466,她们的传奇 ：率性而为的女性们,9787505751767.0,归还,2024-09-13 17:44:07,138.0,"(法)佩内洛普·芭桔 (Bagieu, Penelope) 编绘", 中国友谊出版公司,2021-01-01,北京 ,303,K818.5,455798105178181,IB23G11
200878728,哲学思想录,9787532785186.0,归还,2024-09-13 17:44:16,48.0,（法）狄德罗著,上海译文出版社有限公司,2021-01-01,上海,41154,B565.28,455798105178181,IB23G11
200865607,苏菲的世界,9787506390903.0,归还,2024-09-13 17:44:27,58.0,(挪)贾德著;萧宝森译,作家出版社,2017-01-01,北京,520,I533.45,455798105178181,IB23G11
200855994,海明威文集(15),9787532781584.0,外借,2024-09-13 17:53:31,66.0,（美）海明威著,上海译文出版社有限公司,2019-01-01,上海,326,I712.15,455798105178181,IB23G11
200855985,海明威文集(14),9787532781584.0,外借,2024-09-13 17:53:39,66.0,（美）海明威著,上海译文出版社有限公司,2019-01-01,上海,180,I712.15,455798105178181,IB23G11
200855976,海明威文集(13),9787532781584.0,外借,2024-09-13 17:53:50,66.0,（美）海明威著,上海译文出版社有限公司,2019-01-01,上海,218,I712.15,455798105178181,IB23G11
200855967,海明威文集(12),9787532781584.0,外借,2024-09-13 17:54:04,66.0,（美）海明威著,上海译文出版社有限公司,2019-01-01,上海,250,I712.15,455798105178181,IB23G11
200855930,海明威文集(9),9787532781584.0,外借,2024-09-13 17:54:12,66.0,（美）海明威著,上海译文出版社有限公司,2019-01-01,上海,153,I712.15,455798105178181,IB23G11
200824135,陈独秀全传,9787509747698.0,外借,2024-09-14 07:16:36,128.0,唐宝林 著,社会科学文献出版社,2013-01-01,北京,889,K827,584699859591237,IB24G10
201306461,My Name Is Red,9780375706851.0,外借,2024-09-14 07:27:31,50.0,Orhan Pamuk,Vintage USA,2002-08-27,美国,,894.35,584699859591237,IB24G10
201308842,Identity,9780571195671.0,外借,2024-09-14 07:27:36,35.0,Milan Kundera,Faber and Faber,1999-04-19,英国,,891.86,584699859591237,IB24G10
200890679,呼吸 ,9787544779319.0,外借,2024-09-14 09:58:29,42.0,姜,译林出版社,2019-01-01,南京,329,I712.45,584699861119045,IB24G10
200896879,改变心理学的4项研究 ,9787115527073.0,归还,2024-09-14 11:51:10,88.0,"(美)霍克 (Hock, Roger R.) 著", 人民邮电出版社,2020-01-01,北京 ,22374,B84,584699847979077,IB24G10
200943943,秘密,9787544258210.0,外借,2024-09-14 12:02:13,45.0,(日)东野圭吾,南海出版公司,2017-01-01,海口,330,I313.45,584699847979077,IB24G10
200956386,变态心理学,9787115448385.0,外借,2024-09-14 12:02:19,128.0,(美)霍克西玛著,人民邮电出版社,2017-01-01,北京,612,B846-49,584699847979077,IB24G10
200833802,最伟大的骑士,9787513929172.0,归还,2024-09-14 12:17:42,92.0,（英）阿斯布里奇著,民主与建设出版社有限责任公司,2020-01-01,北京,423,K835.617,584699851386949,IB24G10
200986086,火的精神分析,9787100167789.0,外借,2024-09-14 12:24:38,25.0,（法）巴什拉著,商务印书馆,2019-01-01,北京,113,B565.59,584699852910661,IB24G10
200882054,权力意志与永恒轮回,9787532772360.0,外借,2024-09-14 12:24:54,49.0,(德)尼采著　(德)沃尔法特著　虞龙发译,上海译文出版社,2016-01-01,上海,331,B516.47,584699852910661,IB24G10
201042503,美的历程,9787108030375.0,外借,2024-09-14 12:25:11,68.0,李泽厚著,生活·读书·新知三联书店,2014-01-01,北京,21755,J120.9,584699852910661,IB24G10
201306684,Babel-17/Empire Star,9780575094208.0,外借,2024-09-14 12:28:01,37.0,Samuel R. Delany,Orion Publishing Group,2010-03-29,英国,,813.54,584699836620869,IB24G10
201042503,美的历程,9787108030375.0,归还,2024-09-14 12:39:13,68.0,李泽厚著,生活·读书·新知三联书店,2014-01-01,北京,21755,J120.9,584699852910661,IB24G10
200885569,界限之书,9787559840943.0,外借,2024-09-14 12:39:41,76.0,（法）雅贝斯著,广西师范大学出版社,2021-01-01,桂林,429,I565.45,584699852910661,IB24G10
200989779,音乐和数学：谜一般的关系,9787547855508.0,外借,2024-09-14 12:41:07,48.0,梁进著,上海科学技术出版社,2022-01-01,上海,139,J6,455797996257349,IB23G11
200907956,音乐心理学,9787030658500.0,外借,2024-09-14 12:41:15,89.0,陈杰著,科学出版社,2020-01-01,北京,231,J60-051,455797996257349,IB23G11
201021072,骆驼祥子,9787020137756.0,外借,2024-09-14 12:42:05,26.0,老舍著,人民文学出版社,2018-01-01,北京,243,I246.5,455798100992069,IB23G11
200838059,檀香刑,9787533946647.0,外借,2024-09-14 12:42:53,56.0,莫言著,浙江文艺出版社,2017-01-01,杭州,418,I247.5,455798100992069,IB23G11
200428563,Children of Dune,9780593098240.0,外借,2024-09-14 13:26:06,68.0,"Herbert, Frank",Ace Books USA,2019-01-01,USA,609,813.54,584699861573701,IB24G10
200866651,乡土中国,9787201183497.0,归还,2024-09-19 08:39:13,45.0,费孝通著,天津人民出版社,2022-01-01,天津,161,C912.82,584699860484165,IB24G10
200836417,马普尔小姐最后的案件,9787513321440.0,归还,2024-09-19 10:35:40,28.0,（英）克里斯蒂著,新星出版社,2016-01-01,北京,189,I561.45,455798115278917,IB23G11
200836159,蓝色列车之谜,9787513338097.0,归还,2024-09-19 10:35:47,42.0,（英）克里斯蒂著,新星出版社,2022-01-01,北京,278,I561.45,455798115278917,IB23G11
200847192,沉默的大多数,9787530220368.0,外借,2024-09-19 10:44:21,59.0,王小波著,北京十月文艺出版社,2021-01-01,北京,227,I267.1,455798115278917,IB23G11
200836532,第三个女郎,9787513321259.0,外借,2024-09-19 10:44:29,39.0,（英）克里斯蒂著,新星出版社,2018-01-01,,261,I561.45,455798115278917,IB23G11
200723093,普林斯顿概率论读本 ,9787115543776.0,归还,2024-09-19 11:09:54,139.0,"(美)史蒂文·J.米勒 (Miller, Steven J.) 著", 人民邮电出版社,2020-01-01,北京 ,17645,O211,450611325075525,IB22G12
200710445,机器学习 ,9787302423287.0,归还,2024-09-19 11:09:58,88.0,周志华 (1973.11~) 著, 清华大学出版社,2016-01-01,北京 ,14425,TP181,450611325075525,IB22G12
200356729,尤利西斯,9787559420596.0,归还,2024-09-19 11:10:02,56.0,(爱尔兰)乔伊斯著;萧乾等译,江苏凤凰文艺出版社,2018-01-01,南京,1009,I562.45,450611325075525,IB22G12
200975098,原野,9787530217306.0,归还,2024-09-19 11:10:14,36.0,曹禺著,北京十月文艺出版社,2018-01-01,北京,246,I234,450611319373893,IB22G12
201308842,Identity,9780571195671.0,归还,2024-09-19 11:44:57,35.0,Milan Kundera,Faber and Faber,1999-04-19,英国,,891.86,584699859591237,IB24G10
200824135,陈独秀全传,9787509747698.0,归还,2024-09-19 11:45:10,128.0,唐宝林 著,社会科学文献出版社,2013-01-01,北京,889,K827,584699859591237,IB24G10
200966188,托福考试官方指南,9787519306281.0,归还,2024-09-19 11:45:22,168.0,美国教育考试中心,群言出版社,2021-01-01,北京,689,H310.41,584699859591237,IB24G10
200868221,荒原狼,9787533971014.0,外借,2024-09-19 12:03:29,59.8,(德)黑塞著,浙江文艺出版社,2023-01-01,杭州,250,I516.45,584699864387653,IB24G10
201046643,悖论与谬误 ,9787542872326.0,外借,2024-09-19 12:04:43,55.0,"(美)马丁·加德纳 (Gardner, Martin) 著", 上海科技教育出版社有限公司,2020-01-01,上海 ,245,O1-49,450611294101573,IB22G12
200824368,龙马史,9787520145008.0,外借,2024-09-19 12:07:40,49.0,（日）矶田道史著,社会科学文献出版社,2019-01-01,北京,203,K313.41,584699851386949,IB24G10
200947413,思想经济学,9787500170662.0,外借,2024-09-19 12:18:51,68.0,（英）沙著,中译出版社,2022-01-01,北京,23322,I561.55,584699866955845,IB24G10
201307040,Normal people : a novel,9781984822185.0,外借,2024-09-19 12:24:18,26.0,"Rooney, Sally; Baardman, Gerda",Hogarth,2020-01-01,USA,287,823.92,584699866955845,IB24G10
201308904,The Cider House Rules,9780552992046.0,外借,2024-09-19 12:27:13,38.0,John Irving,Black Swan Books,2010-07-29,英国,,813.54,584699837497413,IB24G10
201303044,Smile,9781338740264.0,外借,2024-09-19 12:28:13,77.0,"Telgemeier, Raina",Graphix,2020-11-10,美国,224,617.6,584699861119045,IB24G10
201021170,茨威格中短篇小说选·上,9787020166244.0,归还,2024-09-19 12:33:20,39.0,（奥）茨威格著,人民文学出版社,2021-01-01,北京,324,I521.45,584699877527621,IB24G10
201010770,从动力学到统计物理学 ,9787301276600.0,外借,2024-09-19 12:35:42,89.0,郑志刚 (1969.8~) 著, 北京大学出版社,2016-01-01,北京 ,491,O313,584699890253893,IB24G10
200902853,飘:精装版,9787519005917.0,归还,2024-09-19 16:00:39,26.0,(美)米切尔著;朱攸若译,中国文联出版公司,2015-01-01,北京,238,I11,584699880865861,IB24G10
200836257,三幕悲剧,9787513332538.0,归还,2024-09-19 16:29:40,39.0,（英）克里斯蒂著,新星出版社,2018-01-01,,236,I561.45,584699875364933,IB24G10
201306684,Babel-17/Empire Star,9780575094208.0,归还,2024-09-19 16:35:41,37.0,Samuel R. Delany,Orion Publishing Group,2010-03-29,英国,,813.54,584699836620869,IB24G10
201039571,逻辑哲学论,9787511384096.0,外借,2024-09-19 16:35:50,45.0,（英）维特根斯坦著,中国华侨出版社,2021-01-01,北京,120,B81-05,584699851386949,IB24G10
201306684,Babel-17/Empire Star,9780575094208.0,外借,2024-09-19 16:35:50,37.0,Samuel R. Delany,Orion Publishing Group,2010-03-29,英国,,813.54,584699851386949,IB24G10
201322498,Macbeth,9780007350988.0,外借,2024-09-19 16:53:57,10.0,"Shakespeare, William",William Collins,2016-09-06,,288,822.33,450611325075525,IB22G12
200975098,原野,9787530217306.0,外借,2024-09-19 16:55:04,36.0,曹禺著,北京十月文艺出版社,2018-01-01,北京,246,I234,450611325075525,IB22G12
200847478,平凡的世界 .第一部,9787530221396.0,外借,2024-09-19 16:59:57,46.0,路遥著,北京十月文艺出版社,2021-01-01,北京,428,I247.5,455798100992069,IB23G11
200815378,牛奶可乐经济学,9787550292505.0,外借,2024-09-19 17:11:50,49.9,(美)弗兰克著;闾佳译,北京联合出版公司,2017-01-01,北京,230,F0-49,584699877527621,IB24G10
200926613,活下去的理由 ,9787210097143.0,外借,2024-09-19 17:14:23,38.0,"(英)马特·海格 (Haig, Matt 1975~) 著", 江西人民出版社,2018-01-01,南昌 ,227,I561.65,450611290882117,IB22G12
200998741,一桩事先张扬的凶杀案,9787544292467.0,外借,2024-09-19 17:31:36,39.5,(哥伦)马尔克斯著,南海出版公司,2018-01-01,,140,I775.45,455797921001541,IB23G11
201035968,足球守门员圣经：必备技术、训练方法和实战应用,9787115439802.0,外借,2024-09-19 17:40:38,49.8,(日)泽村公康 (1971~) 主编, 人民邮电出版社,2017-01-01,北京 ,151,G843.19-64,584699861573701,IB24G10
201032747,足球规则与战术完全图解,9787115578754.0,外借,2024-09-19 17:40:44,49.8,苗霖66(编著),北京人民邮电出版社2022,2022-01-01,北京,134,G843-64,584699861573701,IB24G10
200954413,舞台灯光设计概要,9787104020578.0,外借,2024-09-19 17:41:20,46.0,冯德仲著,中国戏剧出版社,2007-01-01,北京,200,J814.4,584699880865861,IB24G10
200856065,科学哲学 ,9787108066787.0,外借,2024-09-20 08:08:19,32.0,"(英)萨达尔 (Sardar, Ziauddin) 文", 生活·读书·新知三联书店,2020-01-01,北京 ,181,N02,450611309678661,IB22G12
200968480,史学引论,9787301275009.0,外借,2024-09-20 08:08:19,56.0,王学典著,北京大学出版社,2016-01-01,北京,382,K0,450611309678661,IB22G12
200976916,科学哲学的历史导论,9787100133104.0,外借,2024-09-20 08:08:19,88.0,(美)洛西著;张卜天译,商务印书馆,2017-01-01,北京,310,N02,450611309678661,IB22G12
200991294,人人都该懂的科学简史 ,9787572208539.0,外借,2024-09-20 08:08:19,59.9,"(英)肖恩·F. 约翰斯顿 (Johnston, Sean F.) 著", 浙江教育出版社,2020-01-01,杭州 ,244,N091,450611309678661,IB22G12
200874081,海上钢琴师,9787540482732.0,外借,2024-09-20 09:16:13,48.0,(意)巴里科著,湖南文艺出版社,2017-01-01,长沙,173,I546.45,584699853152325,IB24G10
201051100,神雕侠侣 .1,9787546200705.0,外借,2024-09-20 09:20:05,36.25,金庸 著, 广州出版社,2010-01-01,广州,1564,I247.5,584699853152325,IB24G10
201312472,Comparative Literature: A Very Short Introduction,9780198807278.0,外借,2024-09-20 10:12:37,48.0,Ben Hutchinson,Oxford University Press UK,2018-05-22,英国,,809,455797921001541,IB23G11
201323898,The literature book,9780241015469.0,归还,2024-09-20 11:59:08,116.0,"Atkinson, Sam",DK,2016-01-01,London,352,809,584699885277253,IB24G10
201017112,少年、胭脂与灵怪,9787521732962.0,外借,2024-09-20 12:12:47,49.0,周恺著,中信出版集团股份有限公司,2021-01-01,北京,209,I247.7,584699837497413,IB24G10
200824368,龙马史,9787520145008.0,归还,2024-09-20 12:14:06,49.0,（日）矶田道史著,社会科学文献出版社,2019-01-01,北京,203,K313.41,584699851386949,IB24G10
201005198,早稻田大学日本史.第八卷，安土桃山时代,9787507553192.0,外借,2024-09-20 12:17:32,90.0,（日）渡边世祐著,华文出版社,2020-01-01,北京,327,K313.2,584699851386949,IB24G10
200665226,Biology for the IB Diploma Study and Revision Guide,9781471899706.0,外借,2024-09-20 12:26:43,203.0,Andrew Davis C.J.Clegg,Hodder Education,2017-01-01,UK.,320,IB-4-BI-2,455797996257349,IB23G11
200033962,IB Biology Student Workbook,9781927173930.0,外借,2024-09-20 12:27:40,360.0,,Biozone International Lt,2014-01-01,,450,IB-4-BI-2,455797996257349,IB23G11
200697406,Jane Austen,9780141397078.0,外借,2024-09-20 12:41:50,10.0,Peter Hainsworth,PENGUIN BOOKS,2019-01-01,New York,,823.7,584699864387653,IB24G10
200916492,生物学之书,9787568900478.0,续借,2024-09-20 12:42:24,88.0,(美)杰拉尔德著;傅临春译,重庆大学出版社,2017-01-01,重庆,264,Q-49,584699864387653,IB24G10
201024541,有限与无限的游戏: 有限与无限的游戏,9787121364259.0,外借,2024-09-20 13:42:31,68.0,"(美)詹姆斯·卡斯 (Carse, James P.) 著", 电子工业出版社,2019-01-01,北京 ,191,B-49,584699843399749,IB24G10
200943943,秘密,9787544258210.0,归还,2024-09-20 14:21:53,45.0,(日)东野圭吾,南海出版公司,2017-01-01,海口,330,I313.45,584699847979077,IB24G10
200964947,对称与不对称 ,9787521727531.0,归还,2024-09-20 15:51:52,52.0,"(美)李政道 (Lee,Tsung-Dao 1926.11~) 著", 中信出版集团股份有限公司,2021-01-01,北京 ,193,O342,455798066937925,IB23G11
200938441,粒子物理论,9787111543428.0,归还,2024-09-20 15:51:59,89.0,(美)大卫著;王青译,机械工业出版社,2016-01-01,北京,353,O572.2,455798066937925,IB23G11
200873206,从夸克到宇宙 ,9787559656599.0,外借,2024-09-20 15:52:06,128.0,(美)林肯著,北京联合出版公司,2022-01-01,北京,566,O572.2-49,455798066937925,IB23G11
200938441,粒子物理论,9787111543428.0,外借,2024-09-20 15:52:06,89.0,(美)大卫著;王青译,机械工业出版社,2016-01-01,北京,353,O572.2,455798066937925,IB23G11
200829559,莎士比亚全集.5,9787544755535.0,外借,2024-09-23 10:48:11,47.5,(英)莎士比亚著;朱生豪译,译林出版社,2016-01-01,南京,513,I561.13,584699859378245,IB24G10
200979183,悉达多,9787201112695.0,外借,2024-09-23 10:48:23,32.0,(德)黑塞著 姜乙译,天津人民出版社,2017-01-01,天津,137,I516.45,584699859378245,IB24G10
200986923,我的心迟到了：佩索阿情诗,9787533962418.0,外借,2024-09-23 10:48:35,98.0,"（葡）佩索阿 (Pessoa, Fernando Antonio Nogueira) (1888-1935)著",浙江文艺出版社,2020-01-01,杭州,210,I552.25,584699859378245,IB24G10
200868221,荒原狼,9787533971014.0,归还,2024-09-23 11:27:19,59.8,(德)黑塞著,浙江文艺出版社,2023-01-01,杭州,250,I516.45,584699864387653,IB24G10
200697406,Jane Austen,9780141397078.0,归还,2024-09-23 11:27:22,10.0,Peter Hainsworth,PENGUIN BOOKS,2019-01-01,New York,,823.7,584699864387653,IB24G10
200889878,东方快车谋杀案,9787513335270.0,归还,2024-09-23 11:54:47,49.0,(英)克里斯蒂,新星出版社,2019-01-01,北京,279,I561.45,455798036811845,IB23G11
200831920,古董局中局.1,9787540486075.0,外借,2024-09-23 12:16:45,45.0,马伯庸著,湖南文艺出版社,2018-01-01,长沙,293,I247.5,455798059569221,IB23G11
200896405,德米安,9787559661586.0,外借,2024-09-23 12:23:32,42.0,(德)黑塞,北京联合出版公司,2022-01-01,北京,12185,I516.45,584699852910661,IB24G10
200872369,孤独美食家 ,9787540453190.0,外借,2024-09-23 12:31:56,49.0,(日)村上龙 (1952.2~) 著, 湖南文艺出版社,2013-01-01,长沙 ,286,I313.45,584699847979077,IB24G10
200988985,机器学习实战 : 基于Scikit-Learn、Keras和TensorFlow,9787111665977.0,归还,2024-09-23 14:25:20,149.0,"(法)奥雷利安·吉翁 (Géron, Aurélien) 著",机械工业出版社,2020-01-01,北京,676,TP181,584699889176645,IB24G10
201025489,荷马史诗·奥德赛,9787020102792.0,归还,2024-09-23 14:26:41,37.0,(古希腊)荷马著,人民文学出版社,2017-01-01,北京,493,I545.22,584699885924421,IB24G10
200847389,许三观卖血记,9787530216033.0,归还,2024-09-23 14:26:54,39.5,余华著,北京十月文艺出版社,2017-01-01,北京,286,I247.5,584699885924421,IB24G10
200178690,天蓝色的彼岸,9787801871527.0,续借,2024-09-23 14:28:01,19.8,(英)希尔著;张雪松译,新世界出版社,2014-01-01,北京,260,I561.85,584699885924421,IB24G10
200987227,红与黑,9787201108186.0,续借,2024-09-23 14:28:04,42.0,(法)司汤达著;罗新璋译,天津人民出版社,2016-01-01,天津,471,I565.44,584699885924421,IB24G10
200859133,美丽新世界,9787532773404.0,外借,2024-09-23 14:29:40,28.0,(英)赫胥黎著,上海译文出版社,2017-01-01,上海,298,I561.45,584699885924421,IB24G10
200986932,女生徒,9787201154527.0,外借,2024-09-23 14:30:12,39.8,（日）太宰治(1909-1948)著,天津人民出版社,2020-01-01,天津,192,I313.45,584699885277253,IB24G10
201012750,细雪,9787544767620.0,外借,2024-09-23 14:30:23,65.0,(日本)谷崎润一郎著;周逸之译,译林出版社,2017-01-01,南京,578,I313.45,584699885277253,IB24G10
200980064,台北人,9787549559886.0,外借,2024-09-23 14:56:06,69.0,白先勇著,广西师范大学出版社,2015-01-01,桂林,291,I247.7,584699888959557,IB24G10
200860880,童话的心理分析,9787108070777.0,外借,2024-09-23 15:04:21,39.0,(瑞士)卡斯特著,生活·读书·新知三联书店,2021-01-01,北京,184,B84-069,584699887439941,IB24G10
200035648,Physics: Principles with Applications,9781292057125.0,外借,2024-09-23 15:23:07,609.0,Douglas C. Giancoli,Pearson,2016-01-01,England,1080,IB-4-PH-5,584699868516421,IB24G10
200689335,Famous Last Words,9780545835626.0,外借,2024-09-23 15:23:12,42.0,Katie Alender,SCHOLASTIC US,2015-07-28,美国,,813.6,584699868516421,IB24G10
200839815,三匹马,9787533955663.0,归还,2024-09-23 16:51:10,45.0,莫言著,浙江文艺出版社,2019-01-01,杭州,259,I247.7,584699868094533,IB24G10
200820978,沉默的羔羊,9787544784689.0,外借,2024-09-23 16:55:46,49.0,(美)哈里斯著,译林出版社,2021-01-01,南京,369,I712.45,584699889602629,IB24G10
200820978,沉默的羔羊,9787544784689.0,续借,2024-09-23 16:56:02,49.0,(美)哈里斯著,译林出版社,2021-01-01,南京,369,I712.45,584699889602629,IB24G10
200803425,庭院深处，是哪辆镀铬把手的小自行车？,9787305249624.0,外借,2024-09-23 17:48:52,45.0,（法）佩雷克著,南京大学出版社,2022-01-01,南京,10118,I565.45,450611279773765,IB22G12
200872369,孤独美食家 ,9787540453190.0,归还,2024-09-24 07:15:09,49.0,(日)村上龙 (1952.2~) 著, 湖南文艺出版社,2013-01-01,长沙 ,286,I313.45,584699847979077,IB24G10
200815314,普林斯顿微积分读本,9787115435590.0,续借,2024-09-24 09:35:31,99.0,"(美)班纳 (Banner, Adrian ) 著",人民邮电出版社,2016-01-01,北京,648,O172,584699854663749,IB24G10
200907000,微积分和数学分析引论. 第一卷. 第二分册,9787030084699.0,归还,2024-09-24 09:39:18,99.0,"(美)R. 柯朗 (Courant, Richard 1888~1972) 著",科学出版社,2001-01-01,北京,365,O17,584699854229573,IB24G10
200865929,摩根财团,9787549620616.0,续借,2024-09-24 09:48:09,198.0,（美）彻诺著,文汇出版社,2017-01-01,上海,30837,F837.12,584699888091205,IB24G10
200948216,戴维营三天,9787500171980.0,外借,2024-09-24 09:48:33,89.0,（美）加滕著,中译出版社,2023-01-01,北京,13373,F11,584699888091205,IB24G10
201031347,山茶文具店,9787540485337.0,外借,2024-09-24 11:01:09,49.8,(日)小川系著;王蕴洁译,湖南文艺出版社,2018-01-01,长沙,315,I313.45,584699848413253,IB24G10
Z0040772,WESTERN CIVILIZATION:SECOND EDITION,395870682.0,归还,2024-09-24 11:20:48,12.0,,[出版者不详],,[出版地不,656,IB-3-AS-1,455797952864325,IB23G11
200403296,"Oxford IB Diploma Programme: IB Mathematics: analysis and approaches, Higher Level, Print and Enhanced Online Course Book Pack",9780198427179.0,归还,2024-09-24 11:21:08,570.0,Jennifer Chang Wathall,,,,,IB-5-M-1,455797960462405,IB23G11
200518145,崩溃 -社会如何选择成败兴亡,9787532755127.0,归还,2024-09-24 11:21:21,68.0,"(美)戴蒙德 (Diamond, Jared) 著", 上海译文出版社,2011-01-01,上海 ,25659,K02,455797960462405,IB23G11
200874161,文明的崩塌:公元前1177年的地中海世界,9787508691183.0,归还,2024-09-24 11:21:29,58.0,(美)克莱因著;贾磊译,中信出版社,2018-01-01,北京,317,K12,455797960462405,IB23G11
200865395,夜莺,9787559654168.0,外借,2024-09-24 11:46:34,68.0,(美)汉娜著,北京联合出版公司,2021-01-01,北京,521,I712.45,584699847979077,IB24G10
200979281,平面国：多维空间传奇往事,9787553520643.0,外借,2024-09-24 12:01:45,39.8,"(英)埃德温·艾勃特(Abbott, Edwin A. ,1838-1926) 著", 上海文化出版社,2020-01-01,上海 ,198,I561.45,584699840745541,IB24G10
200854343,动物农场,9787532779079.0,外借,2024-09-24 12:01:50,43.0,(英)奥威尔著,上海译文出版社,2018-01-01,上海,119,I561.45,584699840745541,IB24G10
200694436,Dune,9780340960196.0,外借,2024-09-24 12:06:17,51.0,Frank Herbert,Hodder,2015-07-16,英国,,813.54,584699866955845,IB24G10
201308851,Neuromancer (The Best of the SF Masterworks),9781399607773.0,外借,2024-09-24 12:06:22,37.0,William Gibson,Orion Publishing Group,2022-11-24,英国,,813.54,584699866955845,IB24G10
200863075,美国监狱 ,9787569936988.0,归还,2024-09-24 12:19:51,58.0,"(美)鲍尔 (Bauer, Shane) 著", 北京时代华文书局,2020-01-01,北京 ,255,D971.267,584699856826437,IB24G10
200829602,尼采,9787544729680.0,外借,2024-09-24 12:23:59,39.0,(英)坦纳著;于洋译,译林出版社,2013-01-01,南京,109,B516.47,584699856826437,IB24G10
200031704,MATHEMATICS-HL&SL for the IB Diploma,9787547827260.0,外借,2024-09-24 12:24:04,150.0,Wu Bin,上海科学技术出版社,,上海,187,IB-5-M-1,455797996257349,IB23G11
200816242,IBM和纳粹,9787218131559.0,外借,2024-09-24 12:24:49,68.0,"（美） 布莱克 Black, Edwin((美)埃德温·布莱克(Edwin Black)著)",广州 广东人民出版社 2018,2018-01-01,广州,456,K152,584699890499653,IB24G10
200915340,数学建模实用教程,9787302587590.0,外借,2024-09-24 12:24:49,56.0,付丽华著,清华大学出版社,2022-01-01,北京,254,O141.4,584699890499653,IB24G10
200886112,这才是最好读的数学史 ,9787569929713.0,外借,2024-09-24 13:10:20,68.0,"(美)伯林霍夫 (Berlinghoff, William P.) 著", 北京时代华文书局,2019-01-01,北京 ,344,O11-49,450611327131717,IB22G12
200981893,自然哲学之数学原理 ,9787301292341.0,外借,2024-09-24 13:10:27,168.0,"(英)牛顿 (Newton, Isaac 1642~1727) 著", 北京大学出版社,2018-01-01,北京 ,10363,O3,450611327131717,IB22G12
200864895,数学简史,9787508679464.0,外借,2024-09-24 13:11:27,58.0,蔡天新著,中信出版社,2017-01-01,北京,322,O11-49,450611325571141,IB22G12
200958482,这就是心理学,9787545477320.0,外借,2024-09-24 13:11:34,48.0,（日）植木理惠著,广东经济出版社,2021-01-01,广州,267,B84,450611325571141,IB22G12
200941437,数学猜想与发现,9787030326393.0,外借,2024-09-24 13:11:43,48.0,徐品方著,科学出版社,2012-01-01,北京,236,O1-49,450611325571141,IB22G12
200904263,艺术哲学,9787511743046.0,外借,2024-09-24 14:07:34,58.0,（美）奥尔德里奇著,中央编译出版社,2023-01-01,北京,229,J0-02,450611310669893,IB22G12
200862888,艺术哲学,9787559426468.0,外借,2024-09-24 14:07:45,59.8,(法)丹纳著;傅雷译,江苏凤凰文艺出版社,2018-01-01,南京,327,J0-02,450611310669893,IB22G12
200933516,数学哲学 ,9787535295330.0,外借,2024-09-24 14:33:45,58.0,张景中 (1936~) 著, 湖北科学技术出版社,2017-01-01,武汉 ,229,O1-0,450611310669893,IB22G12
201010191,艺术史导论 ,9787301321898.0,外借,2024-09-24 14:41:44,105.0,【德】汉斯·贝尔廷, 北京大学出版社,2021-01-01,北京 ,404,J110.9,450611283214405,IB22G12
200862888,艺术哲学,9787559426468.0,归还,2024-09-24 14:43:22,59.8,(法)丹纳著;傅雷译,江苏凤凰文艺出版社,2018-01-01,南京,327,J0-02,450611310669893,IB22G12
200920290,历史哲学,9787545821826.0,外借,2024-09-24 14:44:33,128.0,(德)黑格尔著,上海书店出版社,2022-01-01,上海,17514,K01,450611310669893,IB22G12
201050156,广告说服力,9787100118798.0,归还,2024-09-24 15:06:53,158.0,（美）阿姆斯特朗著,商务印书馆,2016-01-01,北京,18454,F713.80,450611279773765,IB22G12
200803425,庭院深处，是哪辆镀铬把手的小自行车？,9787305249624.0,归还,2024-09-24 15:06:54,45.0,（法）佩雷克著,南京大学出版社,2022-01-01,南京,10118,I565.45,450611279773765,IB22G12
200995879,神经网络与深度学习 ,9787111649687.0,外借,2024-09-24 15:13:00,149.0,邱锡鹏 (1983~) 著, 机械工业出版社,2020-01-01,北京 ,16448,TP183,450611288313925,IB22G12
200996609,社会语言学,9787030458889.0,外借,2024-09-24 15:28:52,80.0,刘宝俊著,科学出版社,2016-01-01,北京,11303,H0,450611308945477,IB22G12
200875972,哲学·科学·常识,9787508671079.0,外借,2024-09-24 15:29:01,58.0,陈嘉映著,中信出版社,2018-01-01,北京,359,N02,450611308945477,IB22G12
201047410,艺术哲学 ,9787309114560.0,外借,2024-09-24 15:29:09,28.0,王德峰 (1956.10~) 著, 复旦大学出版社,2015-01-01,上海 ,196,J0-02,450611308945477,IB22G12
200929424,戏剧概论,9787220109010.0,外借,2024-09-24 15:29:15,49.8,"(日)河竹登志夫著;陈秋峰,杨国华译",四川人民出版社,2018-01-01,成都,303,J80,450611308945477,IB22G12
200907830,鲜活的语言,9787030704214.0,外借,2024-09-24 15:29:21,98.0,(美)劳拉·M. 阿亨(Laura M. Ahearn)著,科学出版社,2021-01-01,北京,275,H0,450611308945477,IB22G12
200907830,鲜活的语言,9787030704214.0,归还,2024-09-24 15:29:36,98.0,(美)劳拉·M. 阿亨(Laura M. Ahearn)著,科学出版社,2021-01-01,北京,275,H0,450611308945477,IB22G12
200907830,鲜活的语言,9787030704214.0,外借,2024-09-24 15:29:43,98.0,(美)劳拉·M. 阿亨(Laura M. Ahearn)著,科学出版社,2021-01-01,北京,275,H0,450611308945477,IB22G12
201041121,古今数学思想·第一册,9787547817179.0,外借,2024-09-24 15:52:02,78.0,"(美)克莱因著;张理京等译;张理京, 张锦炎,",上海科学技术出版社,2014-01-01,上海,324,O11,450611288313925,IB22G12
200978932,全球通史 ,9787552008166.0,外借,2024-09-24 15:52:19,580.0,"(美)斯波德 (Spodek, Howard) 著", 上海社会科学院出版社,2018-01-01,上海 ,2225965,K10,450611288313925,IB22G12
201025292,科学思想史,9787305239687.0,外借,2024-09-24 15:54:45,80.0,林德宏著,南京大学出版社,2020-01-01,南京,10528,N091,450611288313925,IB22G12
201031178,科学的历程,9787535798374.0,外借,2024-09-24 15:55:00,128.0,吴国盛著,湖南科学技术出版社,2018-01-01,长沙,753,N091,450611288313925,IB22G12
200903022,为什么那是艺术:当代艺术的美学和批评,9787558027932.0,外借,2024-09-24 16:11:51,118.0,(美)巴雷特著;徐文涛等译,江苏凤凰美术出版社,2018-01-01,南京,551,J0,450611288313925,IB22G12
201014115,科学革命的结构 ：新译精装版,9787301330661.0,外借,2024-09-24 16:11:56,79.0,（美）库恩著,北京大学出版社 ,2022-01-01,北京,299,N02,450611288313925,IB22G12
200988262,科学革命的编史学研究,9787100211642.0,外借,2024-09-24 16:12:04,138.0,"(荷)科恩 (Cohen, Hendrik Floris 1946~) 著",商务印书馆,2022-01-01,北京,969,N091,450611288313925,IB22G12
200995879,神经网络与深度学习 ,9787111649687.0,归还,2024-09-24 16:12:32,149.0,邱锡鹏 (1983~) 著, 机械工业出版社,2020-01-01,北京 ,16448,TP183,450611288313925,IB22G12
200939477,数学思想与文化 ,9787030449696.0,外借,2024-09-24 16:20:34,45.0,张若军 (数学) 编著, 科学出版社,2015-01-01,北京 ,238,O1-0,450611320549445,IB22G12
200913057,理论与真理,9787030401229.0,外借,2024-09-24 16:21:00,58.0,（美）斯克拉著,科学出版社,2014-01-01,北京,10174,N02,450611320549445,IB22G12
200913716,社会研究方法 ,9787302547778.0,外借,2024-09-24 16:21:09,108.0,"(美)巴比 (Babbie, Earl R. 1938~) 著", 清华大学出版社,2020-01-01,北京 ,24512,C91-03,450611320549445,IB22G12
200827445,剑桥艺术史·下,9787544792028.0,外借,2024-09-24 16:25:32,249.0,(美)伍德福德著,译林出版社,2023-01-01,南京,499,J110.9,450611283480645,IB22G12
200986433,政治经济学的范围与方法,9787100129787.0,外借,2024-09-24 16:29:47,30.0,"（英）凯恩斯 (Keynes, John Neville)著",商务印书馆,2017-01-01,北京,244,F0,450611317665861,IB22G12
200837201,中世纪欧洲,9787513939720.0,归还,2024-09-24 16:31:28,92.0,"(英)克里斯·威克姆 (Wickham, Chris) 著",民主与建设出版社,2022-01-01,北京,482,K503,450611286782021,IB22G12
200908599,健身营养全书: 关于力量与肌肉的营养策略,9787530493885.0,归还,2024-09-24 16:37:29,98.0,"勒费尔霍尔茨 , 克里斯蒂安·冯",北京科学技术出版社,2018-01-01,北京,341,G804.32,584699866955845,IB24G10
201307040,Normal people : a novel,9781984822185.0,归还,2024-09-24 16:37:29,26.0,"Rooney, Sally; Baardman, Gerda",Hogarth,2020-01-01,USA,287,823.92,584699866955845,IB24G10
200913716,社会研究方法 ,9787302547778.0,归还,2024-09-24 16:38:40,108.0,"(美)巴比 (Babbie, Earl R. 1938~) 著", 清华大学出版社,2020-01-01,北京 ,24512,C91-03,450611320549445,IB22G12
200856038,心理学 ,9787108052742.0,外借,2024-09-24 16:44:02,28.0,"(英)班森 (Benson, Nigel C.) 文", 生活·读书·新知三联书店,2016-01-01,北京 ,177,B84,450611279773765,IB22G12
200872261,耶鲁极简科学史 ,9787508695730.0,外借,2024-09-24 16:44:11,49.5,"(英)拜纳姆 (Bynum, William) 著", 中信出版集团股份有限公司,2019-01-01,北京 ,344,N091-49,450611279773765,IB22G12
201011957,数学 ,9787544745239.0,外借,2024-09-24 16:44:42,39.0,"(英)蒂莫西·高尔斯 (Gowers, Timothy) 著", 译林出版社,2014-01-01,南京 ,139140,O1-0,450611279773765,IB22G12
201012046,科学革命 ,9787544745185.0,外借,2024-09-24 16:44:53,39.0,"(美)劳伦斯·普林西比 (Principe, Lawrence M.) 著", 译林出版社,2013-01-01,南京 ,140,N091,450611279773765,IB22G12
200991276,人人都该懂的认识论,9787213096648.0,外借,2024-09-24 16:44:59,59.9,(加)罗伯特·马丁(Robert M. Martin)著 ,浙江人民出版社,2020-01-01,杭州,243,B017,450611279773765,IB22G12
200913057,理论与真理,9787030401229.0,归还,2024-09-24 16:57:08,58.0,（美）斯克拉著,科学出版社,2014-01-01,北京,10174,N02,450611320549445,IB22G12
200947280,教育研究方法:专题与案例,9787561755211.0,外借,2024-09-24 17:00:28,40.0,刘良华著,华东师范大学出版社,2007-01-01,上海,334,G40-034,450611325075525,IB22G12
200959560,自然科学史,9787802468320.0,外借,2024-09-24 17:00:30,45.0,(英)金斯著, 中国大地出版社,2016-01-01,北京,285,N091,450611325075525,IB22G12
200909874,经济学家都干了什么 ,9787302590910.0,外借,2024-09-24 17:03:27,65.0,梁捷 (1980~) 著, 清华大学出版社,2021-01-01,北京 ,24249,F091.3,450611325075525,IB22G12
200942944,科学实验哲学,9787030457738.0,外借,2024-09-24 17:06:36,86.0,拉德,科学出版社,2015-01-01,北京,272,N33,450611325075525,IB22G12
201038581,奇妙数学的1个重大突破. 上册,9787115388902.0,外借,2024-09-24 17:07:22,59.8,"(英)埃尔威斯 (Elwes, Richard 1978~) 著",人民邮电出版社,2015-01-01,北京,204,O1-49,450611279773765,IB22G12
201011966,数学 ,9787544745239.0,外借,2024-09-24 17:07:31,39.0,"(英)蒂莫西·高尔斯 (Gowers, Timothy) 著", 译林出版社,2014-01-01,南京 ,139140,O1-0,450611279773765,IB22G12
200934686,人性实验：改变社会心理学的28项研究,9787300289601.0,外借,2024-09-24 17:07:36,99.0,(美) 弗雷著,中国人民大学出版社 ,2021-01-01,北京,366,C912.6-0,450611279773765,IB22G12
200971724,话说科学 ,9787301165935.0,外借,2024-09-24 17:07:41,18.0,"(英)彼得·穆尔 (Moore, Peter D.) 著", 北京大学出版社,2010-01-01,北京 ,127,N091,450611279773765,IB22G12
200991301,人人都该懂的艺术,9787213096587.0,外借,2024-09-24 17:07:46,62.9,(加)劳里·施耐德·亚当斯(Laurie Schneider Adams)著 ,浙江人民出版社,2020-01-01,杭州,277,J-49,450611279773765,IB22G12
201031169,科学的历程,9787535798374.0,外借,2024-09-24 17:14:37,128.0,吴国盛著,湖南科学技术出版社,2018-01-01,长沙,753,N091,450611320549445,IB22G12
200829700,社会学的意识,9787544729727.0,外借,2024-09-24 17:15:46,39.0,(英)布鲁斯著　蒋虹译,译林出版社,2013-01-01,南京,103,C91,450611320549445,IB22G12
200871226,数学史,9787520007306.0,外借,2024-09-24 17:16:51,99.0,(美)卡约里著,中国大地出版社,2022-01-01,北京,541,O11,450611286782021,IB22G12
201041130,古今数学思想·第一册,9787547817179.0,外借,2024-09-24 17:17:01,78.0,"(美)克莱因著;张理京等译;张理京, 张锦炎,",上海科学技术出版社,2014-01-01,上海,324,O11,450611286782021,IB22G12
200996592,数学史话 ,9787543978140.0,外借,2024-09-24 17:17:13,88.0,王渝生 (1943.8~) 编著, 上海科学技术文献出版社,2019-01-01,上海 ,320,O112-49,450611286782021,IB22G12
201033988,读脑术 ,9787521715170.0,归还,2024-09-24 17:47:26,58.0,"(美)拉塞尔·A.波德拉克(Poldrack, Russell A. 1967~) 著", 中信出版集团股份有限公司,2020-01-01,北京 ,242,R445.2,584699842728005,IB24G10
201011243,历史之源,9787544729710.0,外借,2024-09-24 17:49:37,39.0,(英)阿诺德著　李里峰译,译林出版社,2013-01-01,南京,132,K0,450611278254149,IB22G12
200848468,后基因组时代：[后基因组时代的伦理、公正和知识],9787521714296.0,外借,2024-09-24 17:49:43,78.0,(美)瑞尔丹著,中信出版集团股份有限公司,2021-01-01,北京,,C91,450611278254149,IB22G12
200895120,科学发现的逻辑 ,9787810836074.0,外借,2024-09-24 17:49:49,60.0,"(英)波普尔 (Popper, Karl Raimund 1902~1994) 著", 中国美术学院出版社,2008-01-01,杭州 ,18483,N02,450611278254149,IB22G12
200865439,世间万数,9787559664372.0,外借,2024-09-24 17:53:16,98.0,(法)莱宁著,北京联合出版公司,2022-01-01,北京,13441,O1-49,450611279503429,IB22G12
200987012,经济学说与方法史论,9787100159791.0,外借,2024-09-24 17:53:39,42.0,"(美)熊彼特 (Schumpeter, Joseph Alois 1883~1950) 著",商务印书馆,2018-01-01,北京,177,F09,450611279503429,IB22G12
200922449,政治经济学的特征与逻辑方法,9787100121040.0,外借,2024-09-24 17:53:48,28.0,(英)凯尔恩斯著,商务印书馆,2016-01-01,北京,182,F0,450611279503429,IB22G12
200878121,社会学的问题,9787532182640.0,外借,2024-09-24 17:53:55,72.0,（法）布尔迪厄著,上海文艺出版社,2022-01-01,上海,10379,C91-49,450611279503429,IB22G12
201044360,生命简史,9787543986275.0,外借,2024-09-24 17:54:06,68.0,（西）阿苏亚加著,上海科学技术文献出版社,2022-01-01,上海,425,Q1-0,450611279503429,IB22G12
200908045,现代生物学发展史,9787030685292.0,外借,2024-09-24 17:54:11,98.0,（英）恩德斯比著,科学出版社,2021-01-01,北京,11318,Q-091,450611279503429,IB22G12
200861004,现代艺术,9787208107878.0,外借,2024-09-25 08:04:48,89.0,(美)布雷特尔著,上海人民出版社,2013-01-01,上海,298,J110.95,450611281657925,IB22G12
200904600,数理化通俗演义 上,9787559610942.0,外借,2024-09-25 08:09:26,34.0,梁衡 (1946~) 著, 北京联合出版公司,2018-01-01,北京 ,10228,I247.4,450611310669893,IB22G12
200904593,数理化通俗演义 上,9787559610942.0,外借,2024-09-25 08:09:31,34.0,梁衡 (1946~) 著, 北京联合出版公司,2018-01-01,北京 ,10228,I247.4,450611310669893,IB22G12
200904628,数理化通俗演义 下,9787559610942.0,外借,2024-09-25 08:09:37,34.0,梁衡 (1946~) 著, 北京联合出版公司,2018-01-01,北京 ,10228,I247.4,450611310669893,IB22G12
200904619,数理化通俗演义 下,9787559610942.0,外借,2024-09-25 08:09:45,34.0,梁衡 (1946~) 著, 北京联合出版公司,2018-01-01,北京 ,10228,I247.4,450611310669893,IB22G12
201010128,史学原理,9787301334713.0,外借,2024-09-25 08:18:12,78.0,柯林武德著,北京大学出版社,2023-01-01,北京,74307,K01,450611279503429,IB22G12
200896879,改变心理学的4项研究 ,9787115527073.0,外借,2024-09-25 08:21:16,88.0,"(美)霍克 (Hock, Roger R.) 著", 人民邮电出版社,2020-01-01,北京 ,22374,B84,450611325075525,IB22G12
200898403,科学技术史,9787308225854.0,外借,2024-09-25 08:32:44,48.0,米丽琴,浙江大学出版社,2022-01-01,杭州,169,N091,450611280855109,IB22G12
200986184,新音乐的哲学,9787100198981.0,外借,2024-09-25 08:32:57,68.0,（德）阿多诺著,商务印书馆,2022-01-01,北京,270,J60-02,450611280855109,IB22G12
200915304,聆听音乐,9787302526308.0,外借,2024-09-25 08:33:07,98.0,（美）莱特著,清华大学出版社,2019-01-01,北京,525,J605.1,450611280855109,IB22G12
200849225,自然哲学之数学原理 ,9787301095515.0,外借,2024-09-25 08:52:30,68.0,"(英)牛顿 (Newton, Isaac 1642~1727) 著", 北京大学出版社,2006-01-01,北京 ,354,O31,450611280855109,IB22G12
201050094,技术哲学讲演录,9787300232317.0,外借,2024-09-25 08:52:39,38.0,吴国盛著,中国人民大学出版社,2016-01-01,北京,252,N02,450611280855109,IB22G12
200972901,美学原理,9787301047439.0,外借,2024-09-25 08:53:55,58.0,叶朗 (1938.10~) 著, 北京大学出版社,2009-01-01,北京,460,B83-0,450611280855109,IB22G12
200963733,柏拉图的数学哲学,9787220126185.0,外借,2024-09-25 08:54:06,76.0,(瑞典)韦德博格著,四川人民出版社,2022-01-01,成都,198,O1-0,450611280855109,IB22G12
200979833,当代科学事实的争论研究,9787552039580.0,外借,2024-09-25 08:54:32,88.0,张帆著,上海社会科学院出版社,2022-01-01,上海,276,N02,450611280855109,IB22G12
201007846,心理学之书,9787562494669.0,外借,2024-09-25 08:54:38,88.0,"(美)皮克伦著;杨文登,殷融,苏得权译;叶浩生",重庆大学出版社,2016-01-01,重庆,266,B84-49,450611280855109,IB22G12
200847520,逻辑学是什么,9787301258958.0,外借,2024-09-25 08:54:47,48.0,陈波著,北京大学出版社,2015-01-01,北京,312,B81-49,450611280855109,IB22G12
200849225,自然哲学之数学原理 ,9787301095515.0,归还,2024-09-25 08:57:44,68.0,"(英)牛顿 (Newton, Isaac 1642~1727) 著", 北京大学出版社,2006-01-01,北京 ,354,O31,450611280855109,IB22G12
200991837,"技术的本质:技术是什么,他是如何进化的",9787213087912.0,外借,2024-09-25 08:58:27,79.9,"(美)阿瑟著;曹东溟,王健译",浙江人民出版社,2018-01-01,杭州,259,N0,450611280855109,IB22G12
200902504,化学传奇 ,9787570305674.0,外借,2024-09-25 08:59:19,19.8,李可锋 编著, 山西教育出版社,2020-01-01,太原 ,204,O6-091,450611287269445,IB22G12
201007855,心理学之书,9787562494669.0,外借,2024-09-25 08:59:19,88.0,"(美)皮克伦著;杨文登,殷融,苏得权译;叶浩生",重庆大学出版社,2016-01-01,重庆,266,B84-49,450611287269445,IB22G12
200979833,当代科学事实的争论研究,9787552039580.0,归还,2024-09-25 09:01:39,88.0,张帆著,上海社会科学院出版社,2022-01-01,上海,276,N02,450611280855109,IB22G12
200991828,"技术的本质:技术是什么,他是如何进化的",9787213087912.0,外借,2024-09-25 09:06:43,79.9,"(美)阿瑟著;曹东溟,王健译",浙江人民出版社,2018-01-01,杭州,259,N0,450611280855109,IB22G12
200847628,生物学是什么,9787301319444.0,外借,2024-09-25 09:10:38,48.0,吴家睿著,北京大学出版社,2021-01-01,北京,,Q-49,450611291619397,IB22G12
200659037,Educated : a memoir,9781984854858.0,外借,2024-09-25 09:58:34,75.0,"Westover, Tara",Random House US,2018-01-01,New York,334,270.092,584699884150853,IB24G10
200139493,解忧杂货店,9787544270878.0,外借,2024-09-25 09:58:44,39.5,(日)东野圭吾著;李盈春译,南海出版公司,2014-01-01,海口,291,I313.45,584699884150853,IB24G10
201601169,普通化学原理,9787301225578.0,续借,2024-09-25 09:58:52,68.0,华彤文,北京大学出版社 ,2013-01-01,北京 ,492,O6,584699884150853,IB24G10
200973535,艺术哲学,9787301284230.0,归还,2024-09-25 11:35:58,69.0,(法)丹纳著,北京大学出版社,2017-01-01,北京,439,J0-02,450611311415365,IB22G12
200981688,历史的运用与滥用,9787559835895.0,归还,2024-09-25 11:35:58,58.0,（加）麦克米伦著,广西师范大学出版社,2021-01-01,桂林,230,K107,450611311415365,IB22G12
201010128,史学原理,9787301334713.0,归还,2024-09-25 11:38:22,78.0,柯林武德著,北京大学出版社,2023-01-01,北京,74307,K01,450611279503429,IB22G12
200908045,现代生物学发展史,9787030685292.0,归还,2024-09-25 11:38:28,98.0,（英）恩德斯比著,科学出版社,2021-01-01,北京,11318,Q-091,450611279503429,IB22G12
200878121,社会学的问题,9787532182640.0,归还,2024-09-25 11:38:31,72.0,（法）布尔迪厄著,上海文艺出版社,2022-01-01,上海,10379,C91-49,450611279503429,IB22G12
201044360,生命简史,9787543986275.0,归还,2024-09-25 11:38:34,68.0,（西）阿苏亚加著,上海科学技术文献出版社,2022-01-01,上海,425,Q1-0,450611279503429,IB22G12
200922449,政治经济学的特征与逻辑方法,9787100121040.0,归还,2024-09-25 11:38:36,28.0,(英)凯尔恩斯著,商务印书馆,2016-01-01,北京,182,F0,450611279503429,IB22G12
200987012,经济学说与方法史论,9787100159791.0,归还,2024-09-25 11:38:38,42.0,"(美)熊彼特 (Schumpeter, Joseph Alois 1883~1950) 著",商务印书馆,2018-01-01,北京,177,F09,450611279503429,IB22G12
200865439,世间万数,9787559664372.0,归还,2024-09-25 11:38:45,98.0,(法)莱宁著,北京联合出版公司,2022-01-01,北京,13441,O1-49,450611279503429,IB22G12
200963733,柏拉图的数学哲学,9787220126185.0,归还,2024-09-25 11:39:06,76.0,(瑞典)韦德博格著,四川人民出版社,2022-01-01,成都,198,O1-0,450611280855109,IB22G12
200972901,美学原理,9787301047439.0,归还,2024-09-25 11:39:06,58.0,叶朗 (1938.10~) 著, 北京大学出版社,2009-01-01,北京,460,B83-0,450611280855109,IB22G12
200991837,"技术的本质:技术是什么,他是如何进化的",9787213087912.0,归还,2024-09-25 11:39:06,79.9,"(美)阿瑟著;曹东溟,王健译",浙江人民出版社,2018-01-01,杭州,259,N0,450611280855109,IB22G12
201007846,心理学之书,9787562494669.0,归还,2024-09-25 11:39:28,88.0,"(美)皮克伦著;杨文登,殷融,苏得权译;叶浩生",重庆大学出版社,2016-01-01,重庆,266,B84-49,450611280855109,IB22G12
200847520,逻辑学是什么,9787301258958.0,归还,2024-09-25 11:39:30,48.0,陈波著,北京大学出版社,2015-01-01,北京,312,B81-49,450611280855109,IB22G12
200991828,"技术的本质:技术是什么,他是如何进化的",9787213087912.0,归还,2024-09-25 11:39:30,79.9,"(美)阿瑟著;曹东溟,王健译",浙江人民出版社,2018-01-01,杭州,259,N0,450611280855109,IB22G12
200986433,政治经济学的范围与方法,9787100129787.0,归还,2024-09-25 11:40:50,30.0,"（英）凯恩斯 (Keynes, John Neville)著",商务印书馆,2017-01-01,北京,244,F0,450611317665861,IB22G12
201050094,技术哲学讲演录,9787300232317.0,归还,2024-09-25 11:41:06,38.0,吴国盛著,中国人民大学出版社,2016-01-01,北京,252,N02,450611280855109,IB22G12
200988262,科学革命的编史学研究,9787100211642.0,归还,2024-09-25 11:41:09,138.0,"(荷)科恩 (Cohen, Hendrik Floris 1946~) 著",商务印书馆,2022-01-01,北京,969,N091,450611288313925,IB22G12
200668330,DP认识论课程学习指导,9789620447891.0,归还,2024-09-25 11:42:45,235.0,李康华等著,香港三聯書店,2021-01-01,香港,275,IB-7-TOK-1,450611294367813,IB22G12
200864902,数学简史,9787508679464.0,归还,2024-09-25 11:42:45,58.0,蔡天新著,中信出版社,2017-01-01,北京,322,O11-49,450611294367813,IB22G12
200893792,现代艺术,9787534480775.0,归还,2024-09-25 11:43:01,88.0,(美)夏皮罗, 江苏凤凰美术出版社,2015-01-01,南京 ,359,J0,450611294367813,IB22G12
201049784,数学的语言 : 化无形为可见,9787559828804.0,归还,2024-09-25 11:43:05,56.0,"(美)齐斯·德福林 (Devlin, Keith J. 1947~) 著",广西师范大学出版社,2020-01-01,桂林,370,O1-49,450611294367813,IB22G12
200861022,艺术史的艺术,9787208132139.0,归还,2024-09-25 11:43:12,89.0,(美)普雷齐奥西著,上海人民出版社,2016-01-01,上海,572,J110.9-53,450611294367813,IB22G12
201010208,艺术史导论 ,9787301321898.0,归还,2024-09-25 11:43:18,105.0,【德】汉斯·贝尔廷, 北京大学出版社,2021-01-01,北京 ,404,J110.9,450611294367813,IB22G12
201011957,数学 ,9787544745239.0,归还,2024-09-25 11:43:43,39.0,"(英)蒂莫西·高尔斯 (Gowers, Timothy) 著", 译林出版社,2014-01-01,南京 ,139140,O1-0,450611279773765,IB22G12
201038581,奇妙数学的1个重大突破. 上册,9787115388902.0,归还,2024-09-25 11:43:43,59.8,"(英)埃尔威斯 (Elwes, Richard 1978~) 著",人民邮电出版社,2015-01-01,北京,204,O1-49,450611279773765,IB22G12
201012046,科学革命 ,9787544745185.0,归还,2024-09-25 11:43:44,39.0,"(美)劳伦斯·普林西比 (Principe, Lawrence M.) 著", 译林出版社,2013-01-01,南京 ,140,N091,450611279773765,IB22G12
200872261,耶鲁极简科学史 ,9787508695730.0,归还,2024-09-25 11:43:48,49.5,"(英)拜纳姆 (Bynum, William) 著", 中信出版集团股份有限公司,2019-01-01,北京 ,344,N091-49,450611279773765,IB22G12
200991301,人人都该懂的艺术,9787213096587.0,归还,2024-09-25 11:43:50,62.9,(加)劳里·施耐德·亚当斯(Laurie Schneider Adams)著 ,浙江人民出版社,2020-01-01,杭州,277,J-49,450611279773765,IB22G12
200856038,心理学 ,9787108052742.0,归还,2024-09-25 11:43:58,28.0,"(英)班森 (Benson, Nigel C.) 文", 生活·读书·新知三联书店,2016-01-01,北京 ,177,B84,450611279773765,IB22G12
200991276,人人都该懂的认识论,9787213096648.0,归还,2024-09-25 11:44:06,59.9,(加)罗伯特·马丁(Robert M. Martin)著 ,浙江人民出版社,2020-01-01,杭州,243,B017,450611279773765,IB22G12
200947280,教育研究方法:专题与案例,9787561755211.0,归还,2024-09-25 11:44:18,40.0,刘良华著,华东师范大学出版社,2007-01-01,上海,334,G40-034,450611325075525,IB22G12
200896879,改变心理学的4项研究 ,9787115527073.0,归还,2024-09-25 11:44:19,88.0,"(美)霍克 (Hock, Roger R.) 著", 人民邮电出版社,2020-01-01,北京 ,22374,B84,450611325075525,IB22G12
200909874,经济学家都干了什么 ,9787302590910.0,归还,2024-09-25 11:44:25,65.0,梁捷 (1980~) 著, 清华大学出版社,2021-01-01,北京 ,24249,F091.3,450611325075525,IB22G12
200959560,自然科学史,9787802468320.0,归还,2024-09-25 11:44:26,45.0,(英)金斯著, 中国大地出版社,2016-01-01,北京,285,N091,450611325075525,IB22G12
200934686,人性实验：改变社会心理学的28项研究,9787300289601.0,归还,2024-09-25 11:44:41,99.0,(美) 弗雷著,中国人民大学出版社 ,2021-01-01,北京,366,C912.6-0,450611279773765,IB22G12
200971724,话说科学 ,9787301165935.0,归还,2024-09-25 11:44:41,18.0,"(英)彼得·穆尔 (Moore, Peter D.) 著", 北京大学出版社,2010-01-01,北京 ,127,N091,450611279773765,IB22G12
201011966,数学 ,9787544745239.0,归还,2024-09-25 11:44:41,39.0,"(英)蒂莫西·高尔斯 (Gowers, Timothy) 著", 译林出版社,2014-01-01,南京 ,139140,O1-0,450611279773765,IB22G12
200848468,后基因组时代：[后基因组时代的伦理、公正和知识],9787521714296.0,归还,2024-09-25 11:44:45,78.0,(美)瑞尔丹著,中信出版集团股份有限公司,2021-01-01,北京,,C91,450611278254149,IB22G12
201011243,历史之源,9787544729710.0,归还,2024-09-25 11:44:45,39.0,(英)阿诺德著　李里峰译,译林出版社,2013-01-01,南京,132,K0,450611278254149,IB22G12
200895120,科学发现的逻辑 ,9787810836074.0,归还,2024-09-25 11:44:47,60.0,"(英)波普尔 (Popper, Karl Raimund 1902~1994) 著", 中国美术学院出版社,2008-01-01,杭州 ,18483,N02,450611278254149,IB22G12
200864895,数学简史,9787508679464.0,归还,2024-09-25 11:44:56,58.0,蔡天新著,中信出版社,2017-01-01,北京,322,O11-49,450611325571141,IB22G12
200941437,数学猜想与发现,9787030326393.0,归还,2024-09-25 11:44:56,48.0,徐品方著,科学出版社,2012-01-01,北京,236,O1-49,450611325571141,IB22G12
200958482,这就是心理学,9787545477320.0,归还,2024-09-25 11:44:56,48.0,（日）植木理惠著,广东经济出版社,2021-01-01,广州,267,B84,450611325571141,IB22G12
200829700,社会学的意识,9787544729727.0,归还,2024-09-25 11:45:13,39.0,(英)布鲁斯著　蒋虹译,译林出版社,2013-01-01,南京,103,C91,450611320549445,IB22G12
200939477,数学思想与文化 ,9787030449696.0,归还,2024-09-25 11:45:13,45.0,张若军 (数学) 编著, 科学出版社,2015-01-01,北京 ,238,O1-0,450611320549445,IB22G12
201031169,科学的历程,9787535798374.0,归还,2024-09-25 11:45:13,128.0,吴国盛著,湖南科学技术出版社,2018-01-01,长沙,753,N091,450611320549445,IB22G12
201025835,现代科学简史：从蒸汽机到??求偶,9787121350214.0,归还,2024-09-25 11:47:16,89.0,"(英)大卫·奈特 (Knight, David) 著", 电子工业出版社,2018-01-01,北京 ,10392,N091-49,450611326623813,IB22G12
200861004,现代艺术,9787208107878.0,归还,2024-09-25 11:56:41,89.0,(美)布雷特尔著,上海人民出版社,2013-01-01,上海,298,J110.95,450611281657925,IB22G12
200979968,国王的两个身体,9787552024494.0,外借,2024-09-25 12:16:03,188.0,（德）坎托洛维奇著,上海社会科学院出版社,2020-01-01,上海,4610863,D751.69,584699851386949,IB24G10
200892230,性格心理学,9787545910056.0,外借,2024-09-25 12:37:59,32.0,邹宏明著,鹭江出版社,2015-01-01,厦门,212,B848-49,584699836194885,IB24G10
200868677,存在主义心理学的邀请,9787559662347.0,外借,2024-09-25 12:38:09,59.0,（丹）雅各布森著,北京联合出版公司,2022-01-01,北京,19265,B84-066,584699836194885,IB24G10
200691536,The Tyranny of Merit：Why the Promise of Moving Up is Pulling America Apart,9780141991177.0,归还,2024-09-25 12:39:41,51.0,Michael J. Sandel,penguin uk,2021-09-14,英国,,306.09,450611289337925,IB22G12
200942944,科学实验哲学,9787030457738.0,归还,2024-09-25 12:47:28,86.0,拉德,科学出版社,2015-01-01,北京,272,N33,450611325075525,IB22G12
201010191,艺术史导论 ,9787301321898.0,归还,2024-09-25 14:23:17,105.0,【德】汉斯·贝尔廷, 北京大学出版社,2021-01-01,北京 ,404,J110.9,450611283214405,IB22G12
201041121,古今数学思想·第一册,9787547817179.0,归还,2024-09-25 15:58:06,78.0,"(美)克莱因著;张理京等译;张理京, 张锦炎,",上海科学技术出版社,2014-01-01,上海,324,O11,450611288313925,IB22G12
201025292,科学思想史,9787305239687.0,归还,2024-09-25 15:58:09,80.0,林德宏著,南京大学出版社,2020-01-01,南京,10528,N091,450611288313925,IB22G12
200940116,布雷顿森林货币战,9787111626305.0,外借,2024-09-25 16:26:53,79.0,（美）斯泰尔著,,,,,F827.12,450611288313925,IB22G12
200988351,世界金融史,9787111711612.0,外借,2024-09-25 16:27:03,79.0,（日）板谷敏彦著,机械工业出版社,2022-01-01,北京,352,F831.9,450611288313925,IB22G12
200998741,一桩事先张扬的凶杀案,9787544292467.0,归还,2024-09-25 16:55:26,39.5,(哥伦)马尔克斯著,南海出版公司,2018-01-01,,140,I775.45,455797921001541,IB23G11
200981955,力学,9787301094013.0,外借,2024-09-25 17:18:07,50.0,舒幼生著,北京大学出版社,2005-01-01,北京,397,O3,584699862667333,IB24G10
201028770,普通语言学教程,9787100020862.0,外借,2024-09-25 17:18:39,50.0,（瑞士）索绪尔著,商务印书馆,1980-01-01,北京,347,H0,584699854016581,IB24G10
200806271,错乱,9787536096806.0,外借,2024-09-25 17:21:41,52.0,莫亚著,花城出版社,2022-01-01,广州,161,I744.45,450611279773765,IB22G12
201053484,画地为牢,9787305217098.0,外借,2024-09-25 17:21:50,39.0,（英）莱辛著,南京大学出版社,2019-01-01,南京,129,I561.65,450611279773765,IB22G12
201029396,逆向创新 ,9787540486990.0,归还,2024-09-25 17:29:54,48.0,"(美)摩根 (Morgan, Adam) 著", 湖南文艺出版社,2019-01-01,长沙 ,20337,F272-49,584699883278405,IB24G10
200689834,"Mythology: Timeless Tales of Gods and Heroes, 75th Anniversary Illustrated Edition",9780316438520.0,外借,2024-09-25 17:55:07,122.0,Edith Hamilton,Black Dog Books,2017-09-26,美国,,813.54,584699875807301,IB24G10
200917428,"大秦帝国·第一部, 黑色裂变. 下卷",9787208152472.0,外借,2024-09-26 07:22:53,58.0,孙皓晖著,上海人民出版社,2019-01-01,上海,426,I247.53,584699884843077,IB24G10
201307718,A portrait of the artist as a young man,9780143108245.0,外借,2024-09-26 08:23:41,49.0,JamesJoyce,Penguin USA,2016-05-24,美国,,823.91,450611325075525,IB22G12
201058611,长夜难明,9787572611971.0,外借,2024-09-26 12:24:10,52.0,紫金陈 著,湖南文艺出版社 ,2023-01-01,长沙 ,299,I247.5,455798034522181,IB23G11
200917400,"大秦帝国·第一部, 黑色裂变. 上卷",9787208152472.0,归还,2024-09-26 12:26:07,18.0,孙皓晖著,上海人民出版社,2019-01-01,上海,398,I247.53,584699884843077,IB24G10
200876524,巨人的陨落II,9787539989891.0,续借,2024-09-26 13:00:13,43.0,(英)福莱特著;于大卫译,江苏凤凰文艺出版社,2016-01-01,南京,372,I561.45,584699857674309,IB24G10
201044208,她们,9787229105457.0,外借,2024-09-26 13:17:08,48.0,(美)麦卡锡著,重庆出版社,2016-01-01,重庆,386,I712.45,584699859591237,IB24G10
200892230,性格心理学,9787545910056.0,归还,2024-09-26 13:51:25,32.0,邹宏明著,鹭江出版社,2015-01-01,厦门,212,B848-49,584699836194885,IB24G10
200981893,自然哲学之数学原理 ,9787301292341.0,归还,2024-09-26 14:29:50,168.0,"(英)牛顿 (Newton, Isaac 1642~1727) 著", 北京大学出版社,2018-01-01,北京 ,10363,O3,450611327131717,IB22G12
200886112,这才是最好读的数学史 ,9787569929713.0,归还,2024-09-26 14:29:51,68.0,"(美)伯林霍夫 (Berlinghoff, William P.) 著", 北京时代华文书局,2019-01-01,北京 ,344,O11-49,450611327131717,IB22G12
201031784,精英的傲慢,9787521731460.0,外借,2024-09-26 15:52:44,79.0,（美）桑德尔著,中信出版集团股份有限公司,2021-01-01,北京,26309,C91,450611279773765,IB22G12
200825946,神经漫游者,9787539951331.0,外借,2024-09-26 16:05:20,32.0,(美)吉布森著,江苏文艺出版社,2013-01-01,南京,325,I712.45,455798036811845,IB23G11
200877907,东京百景,9787532782925.0,外借,2024-09-26 16:59:19,58.0,（日）又吉直树著,上海译文出版社有限公司,2020-01-01,上海,274,I313.65,455798058176581,IB23G11
200945889,情书,9787544292870.0,外借,2024-09-26 16:59:19,45.0,(日)岩井俊二著,南海出版公司,2018-01-01,海口,180,I313.45,455798058176581,IB23G11
200996814,金阁寺,9787530218525.0,外借,2024-09-26 16:59:19,49.5,(日)三岛由纪夫著;代珂译,北京十月文艺出版社,2018-01-01,北京,273,I313.45,455798058176581,IB23G11
200888209,无人生还,9787513335287.0,外借,2024-09-26 17:21:54,49.0,9英克里斯蒂著,新星出版社,2019-01-01,北京,280,I561.45,450611285540933,IB22G12
200855930,海明威文集(9),9787532781584.0,归还,2024-09-26 17:22:26,66.0,（美）海明威著,上海译文出版社有限公司,2019-01-01,上海,153,I712.15,455798105178181,IB23G11
200855994,海明威文集(15),9787532781584.0,归还,2024-09-26 17:22:26,66.0,（美）海明威著,上海译文出版社有限公司,2019-01-01,上海,326,I712.15,455798105178181,IB23G11
200855985,海明威文集(14),9787532781584.0,归还,2024-09-26 17:22:29,66.0,（美）海明威著,上海译文出版社有限公司,2019-01-01,上海,180,I712.15,455798105178181,IB23G11
200988351,世界金融史,9787111711612.0,归还,2024-09-27 08:34:26,79.0,（日）板谷敏彦著,机械工业出版社,2022-01-01,北京,352,F831.9,450611288313925,IB22G12
201303320,Treasure Island,9781847494863.0,归还,2024-09-27 12:20:11,32.0,"Stevenson, Robert Louis",Alma Books,2016-12-01,英国,,823.8,584699842498629,IB24G10
200804111,看不见的女性,9787513349611.0,外借,2024-09-27 12:22:33,69.0,(英)佩雷斯著　詹涓译,新星出版社,2022-01-01,北京,390,C913.68,584699885277253,IB24G10
200856065,科学哲学 ,9787108066787.0,归还,2024-09-27 13:30:49,32.0,"(英)萨达尔 (Sardar, Ziauddin) 文", 生活·读书·新知三联书店,2020-01-01,北京 ,181,N02,450611309678661,IB22G12
200968480,史学引论,9787301275009.0,归还,2024-09-27 13:30:49,56.0,王学典著,北京大学出版社,2016-01-01,北京,382,K0,450611309678661,IB22G12
200976916,科学哲学的历史导论,9787100133104.0,归还,2024-09-27 13:30:49,88.0,(美)洛西著;张卜天译,商务印书馆,2017-01-01,北京,310,N02,450611309678661,IB22G12
200991294,人人都该懂的科学简史 ,9787572208539.0,归还,2024-09-27 13:30:49,59.9,"(英)肖恩·F. 约翰斯顿 (Johnston, Sean F.) 著", 浙江教育出版社,2020-01-01,杭州 ,244,N091,450611309678661,IB22G12
200829915,现代拉丁美洲文学,9787544781015.0,外借,2024-09-27 14:44:37,39.0,(美)埃切维里亚著,译林出版社,2020-01-01,南京,126,I730.65,455797921001541,IB23G11
200887068,小径分岔的花园,9787532762897.0,外借,2024-09-27 14:44:37,35.0,(阿根廷)博尔赫斯著;王永年译,上海译文出版社,2015-01-01,上海,99,I783.45,455797921001541,IB23G11
201324637,The three Theban plays,9780140444254.0,外借,2024-09-27 16:26:37,62.0,"Sophocles; Fagles, Robert; Knox, Bernard, 1914-2010",penguin uk,,UK,430,882.01,455797921001541,IB23G11
201312472,Comparative Literature: A Very Short Introduction,9780198807278.0,归还,2024-09-27 16:27:22,48.0,Ben Hutchinson,Oxford University Press UK,2018-05-22,英国,,809,455797921001541,IB23G11
200987218,红与黑,9787201108186.0,续借,2024-09-28 22:17:08,42.0,(法)司汤达著;罗新璋译,天津人民出版社,2016-01-01,天津,471,I565.44,584699858526277,IB24G10
200822191,失落的一代：中国的上山下乡运动(1968~198),9787500092445.0,续借,2024-09-28 22:34:42,54.0,（法）潘鸣啸著,中国大百科全书出版社,2013-01-01,北京,453,D432.9,584699873386565,IB24G10
201324637,The three Theban plays,9780140444254.0,归还,2024-09-29 09:08:44,62.0,"Sophocles; Fagles, Robert; Knox, Bernard, 1914-2010",penguin uk,,UK,430,882.01,455797921001541,IB23G11
200896405,德米安,9787559661586.0,归还,2024-09-29 09:32:30,42.0,(德)黑塞,北京联合出版公司,2022-01-01,北京,12185,I516.45,584699852910661,IB24G10
200850196,连城诀 ,9787546213330.0,外借,2024-09-29 11:34:45,35.0,金庸 (1924~2018) 著, 广州出版社,2013-01-01,广州 ,357,I247.5,584699851386949,IB24G10
200687159,Twilight ,9781907410482.0,归还,2024-09-29 12:10:14,75.0,"Meyer, Stephenie,","Atom,",2010-01-01,London,434,813.6,584699841417285,IB24G10
201042371,棋王树王孩子王 ,9787539990583.0,外借,2024-09-29 12:16:15,38.0,阿城 (1949~) 著, 江苏凤凰文艺出版社,2016-01-01,南京 ,179,I247.57,584699858317381,IB24G10
200912815,足球智商 ,9787530486306.0,归还,2024-09-29 14:33:55,59.0,"(美)丹·布兰克 (Blank, Dan) 著", 北京科学技术出版社,2017-01-01,北京 ,13244,G843,584699873386565,IB24G10
200698307,Range: Why Generalists Triumph in a Specialized World,9780593084496.0,归还,2024-09-29 15:29:47,68.0,David Epstein,Riverhead Books,2019-05-28,美国,,153.9,450611282698309,IB22G12
200850196,连城诀 ,9787546213330.0,归还,2024-09-29 16:35:29,35.0,金庸 (1924~2018) 著, 广州出版社,2013-01-01,广州 ,357,I247.5,584699851386949,IB24G10
201306684,Babel-17/Empire Star,9780575094208.0,归还,2024-09-29 16:35:29,37.0,Samuel R. Delany,Orion Publishing Group,2010-03-29,英国,,813.54,584699851386949,IB24G10
201053340,云边有个小卖部,9787540487645.0,归还,2024-09-29 16:52:07,42.0,张嘉佳著,湖南文艺出版社,2018-01-01,长沙,306,I247.5,584699858948165,IB24G10
200864804,克苏鲁神话Ⅳ 异界之色,9787521213973.0,外借,2024-09-29 17:36:46,43.0,(美)洛夫克拉夫特著,作家出版社有限公司,2022-01-01,北京,202,I712.45,584699851386949,IB24G10
200822440,拜占庭的新生,9787520118156.0,外借,2024-09-29 17:37:04,79.0,(美）诺里奇著,社会科学文献出版社,2020-01-01,北京,27498,K134,584699851386949,IB24G10
200916063,霍比特人:精装插图本,9787208111103.0,续借,2024-09-29 21:58:59,78.0,(英)托尔金著　(英)李图　吴刚译,上海人民出版社,2013-01-01,上海,411,I561.45,584699885707333,IB24G10
200922797,鱼没有脚,9787541160912.0,续借,2024-09-29 21:59:00,49.8,（冰）斯特凡松著,四川文艺出版社,2021-01-01,成都,335,I535.45,584699885707333,IB24G10
201034219,那个特别的疯子,9787559622822.0,续借,2024-09-30 07:23:57,48.0,(美)布雷迪著;赵说说译,北京联合出版公司,2018-01-01,北京,359,B84-49,584699853152325,IB24G10
200976051,香港重庆大厦,9787567532700.0,续借,2024-09-30 07:24:13,65.0,（美）麦高登著,华东师范大学出版社,2015-01-01,上海,308,C912.81,584699853152325,IB24G10
200834865,呐喊,9787020138081.0,外借,2024-09-30 08:00:40,20.0,鲁迅著,人民文学出版社,2018-01-01,北京,180,I210.6,450611287269445,IB22G12
200695890,One of Us Is Lying,9781524764722.0,归还,2024-09-30 08:22:38,42.0,Karen M. McManus,Delacorte Press,2017-05-30,美国,,813.6,450611289841733,IB22G12
200985130,陶说,9787229136109.0,归还,2024-09-30 08:22:38,69.8,（日）北大路鲁山人著,重庆出版社,2019-01-01,重庆,387,I313.65,450611289841733,IB22G12
200943541,解忧杂货店,9787544298995.0,归还,2024-09-30 08:35:31,59.0,(日)东野圭吾著,南海出版公司,2020-01-01,海口,309,I313.45,450611287269445,IB22G12
200943541,解忧杂货店,9787544298995.0,外借,2024-09-30 08:35:44,59.0,(日)东野圭吾著,南海出版公司,2020-01-01,海口,309,I313.45,450611287269445,IB22G12
201325351,The Great Adventures of Sherlock Holmes,9780141332499.0,归还,2024-09-30 08:47:44,24.95,Sir Arthur Conan Doyle;introduced by Jos,Puffin Books,2011-01-01,London,276,823.912,584699876016197,IB24G10
200836710,ABC谋杀案,9787513341790.0,归还,2024-09-30 08:47:47,42.0,"(英)阿加莎·克里斯蒂 (Christie, Agatha 1890~1976) 著",新星出版社,2020-01-01,北京,235,I561.45,584699876016197,IB24G10
200987021,微积分的计算：数理经济学与统计经济学辅助教程 ,9787100205900.0,外借,2024-09-30 09:58:15,26.0,"(美) 费雪( Fisher, Irving)著",商务印书馆,2022-01-01,北京,89,O172,584699862667333,IB24G10
200937709,论自由,9787502055394.0,外借,2024-09-30 10:12:18,35.0,（英）密尔著,煤炭工业出版社,2017-01-01,北京,274,D081,584699874275397,IB24G10
200873206,从夸克到宇宙 ,9787559656599.0,归还,2024-09-30 12:02:51,128.0,(美)林肯著,北京联合出版公司,2022-01-01,北京,566,O572.2-49,455798066937925,IB23G11
200938441,粒子物理论,9787111543428.0,归还,2024-09-30 12:02:51,89.0,(美)大卫著;王青译,机械工业出版社,2016-01-01,北京,353,O572.2,455798066937925,IB23G11
200873206,从夸克到宇宙 ,9787559656599.0,外借,2024-09-30 12:02:56,128.0,(美)林肯著,北京联合出版公司,2022-01-01,北京,566,O572.2-49,455798066937925,IB23G11
200938441,粒子物理论,9787111543428.0,外借,2024-09-30 12:02:56,89.0,(美)大卫著;王青译,机械工业出版社,2016-01-01,北京,353,O572.2,455798066937925,IB23G11
200942702,微积分的力量,9787521723298.0,外借,2024-09-30 12:09:46,69.0,"(美)史蒂夫·斯托加茨 (Strogatz, Steven) 著",中信出版社,2021-01-01,北京,371,O172-49,455798066937925,IB23G11
200916508,生物学之书,9787568900478.0,外借,2024-09-30 12:15:50,88.0,(美)杰拉尔德著;傅临春译,重庆大学出版社,2017-01-01,重庆,264,Q-49,584699859591237,IB24G10
201002878,钱学森传,9787515329321.0,外借,2024-09-30 12:23:19,36.0,叶永烈著,中国青年出版社,2014-01-01,北京,338,K826.16,584699859591237,IB24G10
200987691,行者的迷宫,9787100163521.0,外借,2024-09-30 12:23:24,65.0,朱又可著,商务印书馆,2018-01-01,北京,440,K825.6,584699859591237,IB24G10
200884070,心理神探:我与FBI心理画像术,9787532775644.0,外借,2024-09-30 12:27:03,58.0,(美)道格拉斯,上海译文出版社,2017-01-01,上海,384,I712.45,584699864387653,IB24G10
201051128,神雕侠侣 .3,9787546200705.0,外借,2024-09-30 12:27:21,36.25,金庸 著, 广州出版社,2010-01-01,广州,1564,I247.5,584699853152325,IB24G10
201051119,神雕侠侣 .2,9787546200705.0,外借,2024-09-30 12:27:26,36.25,金庸 著, 广州出版社,2010-01-01,广州,1564,I247.5,584699853152325,IB24G10
200981955,力学,9787301094013.0,归还,2024-09-30 12:27:36,50.0,舒幼生著,北京大学出版社,2005-01-01,北京,397,O3,584699862667333,IB24G10
200806654,建筑课,9787559664976.0,续借,2024-09-30 12:29:32,21.0,林徽因著,北京联合出版公司,2022-01-01,北京,144,TU-0,584699853152325,IB24G10
200880537,华氏451,9787532790036.0,续借,2024-09-30 12:29:42,58.0,"(美)雷·布雷德伯里 (Bradbury, Ray 1920~2012) 著",上海译文出版社,2022-01-01,上海,224,I712.45,584699853152325,IB24G10
200849804,宇宙发展史概论 ,9787301267608.0,归还,2024-09-30 13:39:29,59.0,"(德)康德 (Kant, Immanuel 1724~1804) 著", 北京大学出版社,2016-01-01,北京 ,142,P159.3,450611316064325,IB22G12
200940811,追逐类星体 ,9787513555845.0,归还,2024-09-30 13:39:29,56.0,何香涛 (1938~) 著, 外语教学与研究出版社,2015-01-01,北京 ,282,P158-49,450611316064325,IB22G12
200978932,全球通史 ,9787552008166.0,归还,2024-09-30 14:37:12,580.0,"(美)斯波德 (Spodek, Howard) 著", 上海社会科学院出版社,2018-01-01,上海 ,2225965,K10,450611288313925,IB22G12
200827445,剑桥艺术史·下,9787544792028.0,归还,2024-09-30 14:37:16,249.0,(美)伍德福德著,译林出版社,2023-01-01,南京,499,J110.9,450611283480645,IB22G12
201031178,科学的历程,9787535798374.0,归还,2024-09-30 14:37:21,128.0,吴国盛著,湖南科学技术出版社,2018-01-01,长沙,753,N091,450611288313925,IB22G12
200927328,雨,9787220105135.0,续借,2024-10-01 12:58:23,38.0,（马来）黄锦树著,四川人民出版社,2018-01-01,成都,270,I338.45,584699853803589,IB24G10
200847361,流俗地 ,9787530221280.0,续借,2024-10-01 12:58:24,55.0,(马来)黎紫书 (女， 1971~) 著, 北京十月文艺出版社,2021-01-01,北京 ,29476,I338.45,584699853803589,IB24G10
200802266,思考就是我的抵抗,9787521745986.0,续借,2024-10-01 12:58:26,49.0,（英）吴尔夫著,中信出版集团股份有限公司,2022-01-01,北京,248,I561.65,584699853803589,IB24G10
200895059,云彩收集者手册 ,9787544771344.0,续借,2024-10-01 12:58:31,45.0,"(美)普雷托尔－平尼 (Pretor-Pinney, Gavin) 著", 译林出版社,2018-01-01,南京 ,111,P426.5,584699853803589,IB24G10
200869337,漫长的余生 : 一个北魏宫女和她的时代,9787547743126.0,续借,2024-10-01 12:58:34,65.0,罗新 (1963~) 著,北京日报出版社,2022-01-01,北京,322,K239.210.7,584699853803589,IB24G10
200859133,美丽新世界,9787532773404.0,续借,2024-10-01 15:37:20,28.0,(英)赫胥黎著,上海译文出版社,2017-01-01,上海,298,I561.45,584699885924421,IB24G10
200405043,Biology Option A: Neurobiology and Behaviour SL&HL,9781910689066.0,续借,2024-10-07 19:18:13,122.0,Ashby Merson-Dabies,OSC,2015-01-01,UK,49,IB-4-BI-2,584699884150853,IB24G10
200948216,戴维营三天,9787500171980.0,续借,2024-10-07 22:36:07,89.0,（美）加滕著,中译出版社,2023-01-01,北京,13373,F11,584699888091205,IB24G10
200822805,郁金香热,9787509758885.0,归还,2024-10-08 06:18:04,49.0,(英)达什著;冯璇译,社会科学文献出版社,2015-01-01,北京,328,K563.09,584699841843269,IB24G10
201002878,钱学森传,9787515329321.0,归还,2024-10-08 06:57:56,36.0,叶永烈著,中国青年出版社,2014-01-01,北京,338,K826.16,584699859591237,IB24G10
200902504,化学传奇 ,9787570305674.0,归还,2024-10-08 07:24:08,19.8,李可锋 编著, 山西教育出版社,2020-01-01,太原 ,204,O6-091,450611287269445,IB22G12
201007855,心理学之书,9787562494669.0,归还,2024-10-08 07:24:08,88.0,"(美)皮克伦著;杨文登,殷融,苏得权译;叶浩生",重庆大学出版社,2016-01-01,重庆,266,B84-49,450611287269445,IB22G12
200878504,查拉图斯特拉如是说,9787532787067.0,归还,2024-10-08 07:49:45,58.0,(德)尼采著　黄明嘉译,上海译文出版社,2021-01-01,上海,411,B516.47,455798116724805,IB23G11
201022909,额尔古纳河右岸 ,9787020139590.0,归还,2024-10-08 07:49:45,32.0,迟子建 (1964~) 著, 人民文学出版社,2010-01-01,北京 ,266,I247.5,455798116724805,IB23G11
201306700,The Baron in the Trees,9780544959118.0,归还,2024-10-08 07:49:45,49.0,Italo Calvino,Mariner Books,2017-10-03,美国,,853.91,455798116724805,IB23G11
200870744,遮蔽的天空,9787559418371.0,外借,2024-10-08 07:50:02,49.0,(美)鲍尔斯著;阳曦译,江苏凤凰文艺出版社,2018-01-01,南京,370,I712.45,455798116724805,IB23G11
200869435,同名同姓受害者协会,9787549637270.0,归还,2024-10-08 07:59:56,45.0,(日)下村敦史著,文汇出版社,2022-01-01,上海,297,I313.45,450611280293957,IB22G12
201303801,Under the Knife: A History of Surgery in 28 Remarkable Operations,9781473633681.0,归还,2024-10-08 08:07:33,51.0,Arnold van de Laar,John Murray Publisher,2018-11-01,英国,,617,450611288834117,IB22G12
200989886,阿特拉斯耸耸肩. 第三部，同一律,9787229141554.0,归还,2024-10-08 11:08:07,76.0,（美）兰德著,重庆出版社,2020-01-01,重庆,2125,I712.45,584699869589573,IB24G10
200979281,平面国：多维空间传奇往事,9787553520643.0,归还,2024-10-08 12:01:30,39.8,"(英)埃德温·艾勃特(Abbott, Edwin A. ,1838-1926) 著", 上海文化出版社,2020-01-01,上海 ,198,I561.45,584699840745541,IB24G10
200847628,生物学是什么,9787301319444.0,归还,2024-10-08 12:08:44,48.0,吴家睿著,北京大学出版社,2021-01-01,北京,,Q-49,450611291619397,IB22G12
200854735,存在与虚无,9787108050984.0,外借,2024-10-08 12:11:45,68.0,"(法)萨特 (Sartre, Jean-Paul 1905~1980) 著", 生活·读书·新知三联书店,2014-01-01,北京,762,B086,584699865665605,IB24G10
200857260,局外人,9787532761760.0,外借,2024-10-08 12:11:45,32.0,（法）加缪著,上海译文出版社,2013-01-01,上海,25128,I565.45,584699865665605,IB24G10
200859865,反抗者,9787532777280.0,外借,2024-10-08 12:11:45,58.0,(法)加缪著　沈志明译,上海译文出版社有限公司,2018-01-01,上海,425,I565.65,584699865665605,IB24G10
200862067,红与黑,9787532751228.0,外借,2024-10-08 12:11:45,35.0,(法)司汤达著,上海译文出版社,2010-01-01,上海,18537,I565.44,584699865665605,IB24G10
200861282,共产党宣言,9787010131566.0,外借,2024-10-08 12:15:58,32.0,"马克思,恩格斯著",人民出版社,2017-01-01,北京,188,A122,584699865665605,IB24G10
200864804,克苏鲁神话Ⅳ 异界之色,9787521213973.0,归还,2024-10-08 12:26:17,43.0,(美)洛夫克拉夫特著,作家出版社有限公司,2022-01-01,北京,202,I712.45,584699851386949,IB24G10
200688023,In a Different Voice : Psychological Theory and Womens Development,9780674970960.0,归还,2024-10-08 12:30:53,122.0,Carol Gilligan,Harvard University Press,2016-08-30,美国,,305.42,450611289337925,IB22G12
200693749,Calvino: Invisible Cities,9781784871888.0,归还,2024-10-08 12:30:53,45.0,Italo Calvino,Random House UK,2009-01-01,英国,,813.6,450611289337925,IB22G12
200691064,David and Goliath,9780141978956.0,外借,2024-10-08 12:32:29,34.0,Malcolm Gladwell,Penguin UK,2014-06-01,英国,,155.24,450611289337925,IB22G12
201308799,5 Things to Do with a Penknife,9781911216865.0,外借,2024-10-08 12:35:14,37.0,Matt Collins,Pavilion Books,2017-08-03,英国,,621.93,584699842498629,IB24G10
200858330,江城 ,9787532756728.0,续借,2024-10-08 15:44:07,45.0,"(美)彼得·海斯勒 (Hessler, Peter) 著", 上海译文出版社,2012-01-01,上海 ,446,I712.65,584699857461317,IB24G10
200829559,莎士比亚全集.5,9787544755535.0,归还,2024-10-08 16:36:19,47.5,(英)莎士比亚著;朱生豪译,译林出版社,2016-01-01,南京,513,I561.13,584699859378245,IB24G10
200986923,我的心迟到了：佩索阿情诗,9787533962418.0,归还,2024-10-08 16:36:19,98.0,"（葡）佩索阿 (Pessoa, Fernando Antonio Nogueira) (1888-1935)著",浙江文艺出版社,2020-01-01,杭州,210,I552.25,584699859378245,IB24G10
201028770,普通语言学教程,9787100020862.0,归还,2024-10-08 16:40:07,50.0,（瑞士）索绪尔著,商务印书馆,1980-01-01,北京,347,H0,584699854016581,IB24G10
200938708,毕业,9787544294126.0,外借,2024-10-08 16:40:49,49.5,(日)东野圭吾著;黄真译,南海出版公司,2019-01-01,海口,266,I313.45,450611280293957,IB22G12
200963243,莎士比亚悲剧喜剧全集·悲剧Ⅱ,9787533947576.0,归还,2024-10-08 16:45:24,59.8,(英)莎士比亚著,浙江文艺出版社,2017-01-01,杭州,11551,I561.33,584699842961477,IB24G10
201054722,呼啸山庄,9787532778355.0,外借,2024-10-08 17:14:20,32.0,(英)勃朗特著,上海译文出版社,2018-01-01,上海,406,I561.44,584699868303429,IB24G10
201036574,量子矩阵,9787115597878.0,归还,2024-10-08 17:22:38,69.9,(以)库里茨基著,人民邮电出版社,2023-01-01,北京,325,O413-49,584699841630277,IB24G10
201054722,呼啸山庄,9787532778355.0,归还,2024-10-08 17:26:36,32.0,(英)勃朗特著,上海译文出版社,2018-01-01,上海,406,I561.44,584699868303429,IB24G10
201047704,农场,9787540482862.0,外借,2024-10-08 17:35:02,42.0,(英)史密斯著,湖南文艺出版社,2017-01-01,长沙,315,I561.45,584699868303429,IB24G10
200965250,塔木德 ,9787802204003.0,归还,2024-10-08 17:51:25,36.0,(美)赫里姆 著, 中国画报出版社,2009-01-01,北京 ,11238,F715,584699866095685,IB24G10
200980493,趣味二战史,9787559454027.0,归还,2024-10-08 17:51:25,129.8,杨亮著,江苏凤凰文艺出版社,2021-01-01,南京,428,K152-49,584699866095685,IB24G10
200821735,四百万+西部的心,9787020136919.0,外借,2024-10-08 17:51:51,98.0,(美)亨利著,人民文学出版社,2003-01-01,北京,400,I712.44,584699866095685,IB24G10
201039688,鲁迅全集·第一卷,9787536094239.0,外借,2024-10-08 17:51:51,29.9,鲁迅著,花城出版社,2021-01-01,广州,20,I210.1,584699866095685,IB24G10
201039697,鲁迅全集·第二卷,9787536094239.0,外借,2024-10-08 17:51:51,29.9,鲁迅著,花城出版社,2021-01-01,广州,20,I210.1,584699866095685,IB24G10
200987691,行者的迷宫,9787100163521.0,归还,2024-10-09 06:55:53,65.0,朱又可著,商务印书馆,2018-01-01,北京,440,K825.6,584699859591237,IB24G10
201301894,Go Set a Watchman,9781784755287.0,外借,2024-10-09 09:08:54,30.0,"Lee, Harper",Cornerstone,2016-05-05,,288,813.54,450611289337925,IB22G12
201307932,Why Didnt They Ask Evans?,9780008196288.0,外借,2024-10-09 09:08:54,36.0,Agatha Christie,Harper Collins UK,2017-04-20,英国,,823.91,450611289337925,IB22G12
201011840,文学理论入门,9787544729666.0,归还,2024-10-09 11:11:00,39.0,(美)卡勒著;李平译,译林出版社,2013-01-01,南京,143,I0,584699864387653,IB24G10
200861308,乡土中国,9787301174821.0,归还,2024-10-09 11:11:05,26.0,费孝通,北京大学出版社,2012-01-01,北京,185,C912.82,584699864387653,IB24G10
200192594,国际文凭大学预科项目中文A课程文学术语手册,9789620440151.0,归还,2024-10-09 11:45:07,95.0,董宁著,三联书店(香港)有限公司,2016-01-01,香港,309,IB-1-CH-1,450611289092165,IB22G12
200915411,好玩的生物学 : 陪中学生一起阅读生命,9787302564133.0,归还,2024-10-09 11:45:10,58.0,张超 (生物学) 编著,清华大学出版社,2020-01-01,北京,239,G633.913,450611289092165,IB22G12
200917437,"大秦帝国·第二部, 国命纵横. 上卷",9787208152472.0,外借,2024-10-09 12:08:20,58.0,孙皓晖著,上海人民出版社,2019-01-01,上海,426,I247.53,584699884843077,IB24G10
200857894,不朽,9787532789900.0,外借,2024-10-09 12:14:18,79.0,（法）昆德拉著,上海译文出版社有限公司,2022-01-01,上海,468,I565.45,584699859378245,IB24G10
200920502,生命政治的诞生,9787208155022.0,外借,2024-10-09 12:14:18,78.0,（法）福柯著,上海人民出版社,2018-01-01,上海,454,B565.59,584699859378245,IB24G10
200879139,广岛之恋,9787532765690.0,外借,2024-10-09 12:14:30,30.0,(法)杜拉斯著;谭立德译,上海译文出版社,2014-01-01,上海,218,I565.35,584699859378245,IB24G10
200879291,快乐的死,9787532180127.0,外借,2024-10-09 12:14:36,68.0,（法）加缪著,上海文艺出版社,2022-01-01,上海,241,I565.45,584699859378245,IB24G10
201022320,莎士比亚植物志,9787020142675.0,外借,2024-10-09 12:14:36,55.0,(英)威尔斯著,人民文学出版社,2019-01-01,北京,205,Q948.556,584699859378245,IB24G10
200890679,呼吸 ,9787544779319.0,归还,2024-10-09 15:17:33,42.0,姜,译林出版社,2019-01-01,南京,329,I712.45,584699861119045,IB24G10
201303044,Smile,9781338740264.0,归还,2024-10-09 15:17:33,77.0,"Telgemeier, Raina",Graphix,2020-11-10,美国,224,617.6,584699861119045,IB24G10
200659144,"Tuesdays with Morrie : an old man, a young man, and life's greatest lesson",9780385496490.0,归还,2024-10-09 17:56:58,60.0,"Albom, Mitch",Random House,1997-01-01,New York,192,378.120,584699887005765,IB24G10
200885051,时代的精神状况,9787532761371.0,归还,2024-10-10 09:56:14,48.0,"德 雅斯贝尔斯 Jaspers, Karl 1883-1969)(著)",上海译文出版社,2013-01-01,上海,249,B516.53,584699858317381,IB24G10
201323031,Freakonomics,9780061956270.0,归还,2024-10-10 09:56:23,60.0,Steven D. Levitt,HarperCollins Publishers Inc,2009-08-01,,336,330,584699858317381,IB24G10
200858214,小妇人,9787532757008.0,归还,2024-10-10 09:56:30,48.0,(美)奥尔科特著,上海译文出版社,2012-01-01,上海,535,I712.44,584699857883205,IB24G10
200885051,时代的精神状况,9787532761371.0,外借,2024-10-10 09:57:09,48.0,"德 雅斯贝尔斯 Jaspers, Karl 1883-1969)(著)",上海译文出版社,2013-01-01,上海,249,B516.53,584699858317381,IB24G10
200833811,性学三论,9787533941628.0,外借,2024-10-10 09:57:58,32.0,（奥）弗洛伊德著,浙江文艺出版社,2015-01-01,杭州,222,C913.14,584699858317381,IB24G10
201024202,后翼弃兵,9787020161140.0,外借,2024-10-10 09:59:04,55.0,(美)特维斯著,人民文学出版社,2022-01-01,北京,397,I712.45,584699857883205,IB24G10
201322363,Stock Market 101,9781440599194.0,外借,2024-10-10 11:51:21,57.0,Michele Cagan,Adams Media,2011-04-16,美国,,332.64,584699863535685,IB24G10
201308646,Investing 11,9781440595134.0,外借,2024-10-10 11:51:40,45.0,Michele Cagan,Adams Media,2016-01-29,美国,,332.6,584699863535685,IB24G10
200686686,never let me go,9780571224142.0,外借,2024-10-10 11:52:57,35.0,Kazuo Ishiguro,Faber and Faber,2006-03-14,英国,,823.91,584699856592965,IB24G10
200888245,"在春天,去看一个人",9787550022829.0,外借,2024-10-10 12:05:38,58.0,沈从文著,百花洲文艺出版社,2018-01-01,南昌,316,I246.7,450611276476485,IB22G12
201308799,5 Things to Do with a Penknife,9781911216865.0,归还,2024-10-10 12:15:13,37.0,Matt Collins,Pavilion Books,2017-08-03,英国,,621.93,584699842498629,IB24G10
200917428,"大秦帝国·第一部, 黑色裂变. 下卷",9787208152472.0,归还,2024-10-10 12:20:09,58.0,孙皓晖著,上海人民出版社,2019-01-01,上海,426,I247.53,584699884843077,IB24G10
201325431,Secret Language of Flowers,9780241566220.0,外借,2024-10-10 12:28:44,59.0,DK,Dorling Kindersley Ltd,2023-01-05,美国,,398.36,584699842498629,IB24G10
200688899,Penguin Great Ideas : Common Sense,9780141018904.0,外借,2024-10-10 13:06:03,26.0,Thomas Paine,penguin uk,2004-09-02,英国,,320.01,450611325075525,IB22G12
201319563,Little Book of Politics,9780241426432.0,外借,2024-10-10 13:06:06,45.0,DK,Dorling Kindersley Ltd,2020-05-07,美国,,320,450611325075525,IB22G12
200865091,社交媒体简史：从莎草纸到互联网,9787508696980.0,外借,2024-10-10 13:08:48,48.0,"(美)汤姆·斯丹迪奇 (Standage, Tom) 著", 中信出版集团股份有限公司,2019-01-01,北京 ,303,G206.2,584699875364933,IB24G10
200847520,逻辑学是什么,9787301258958.0,外借,2024-10-10 13:08:54,48.0,陈波著,北京大学出版社,2015-01-01,北京,312,B81-49,584699875364933,IB24G10
201034291,社会学的想象力 ,9787108057259.0,外借,2024-10-10 14:43:55,42.0,"(美)C. 赖特·米尔斯 (Mills, Chales Wright 1916~1962) 著", 生活·读书·新知三联书店,2016-01-01,北京 ,265,C91,450611273154629,IB22G12
200511357,弗雷格 ,9787100149914.0,外借,2024-10-10 16:41:14,85.0,(英)达米特 著, 商务印书馆,2017-01-01,北京 ,47954,B516.59,450611266056261,IB22G12
200881082,权力精英 ,9787569915006.0,归还,2024-10-10 16:50:55,78.0,"(美)C. 赖特·米尔斯 (Mills, Chales Wright 1916~1962) 著", 北京时代华文书局,2019-01-01,北京 ,10401,D771.261,455798118879301,IB23G11
201011699,法律,9787544755054.0,归还,2024-10-10 16:50:55,39.0,(英)瓦克斯著;殷源源译,译林出版社,2016-01-01,南京,167,D90,455798118879301,IB23G11
200929585,耶鲁大学公开课,9787550238954.0,归还,2024-10-10 16:51:02,39.8,(美)史密斯著,北京联合出版公司,2015-01-01,北京,299,D0,455798118879301,IB23G11
201049187,无依之地,9787559433022.0,归还,2024-10-10 16:51:04,39.0,（美）布鲁德著,江苏凤凰文艺出版社,2019-01-01,南京,326,D771.28,455798118879301,IB23G11
200881082,权力精英 ,9787569915006.0,外借,2024-10-10 16:51:31,78.0,"(美)C. 赖特·米尔斯 (Mills, Chales Wright 1916~1962) 著", 北京时代华文书局,2019-01-01,北京 ,10401,D771.261,455798118879301,IB23G11
200929585,耶鲁大学公开课,9787550238954.0,外借,2024-10-10 16:51:31,39.8,(美)史密斯著,北京联合出版公司,2015-01-01,北京,299,D0,455798118879301,IB23G11
201011699,法律,9787544755054.0,外借,2024-10-10 16:51:31,39.0,(英)瓦克斯著;殷源源译,译林出版社,2016-01-01,南京,167,D90,455798118879301,IB23G11
201049187,无依之地,9787559433022.0,外借,2024-10-10 16:51:31,39.0,（美）布鲁德著,江苏凤凰文艺出版社,2019-01-01,南京,326,D771.28,455798118879301,IB23G11
200689433,Never Let Me Go,9780307276476.0,外借,2024-10-10 16:51:42,31.0,Kazuo Ishiguro,Vintage USA,2006-01-09,美国,,823.914,455798118879301,IB23G11
200879139,广岛之恋,9787532765690.0,归还,2024-10-10 16:57:58,30.0,(法)杜拉斯著;谭立德译,上海译文出版社,2014-01-01,上海,218,I565.35,584699859378245,IB24G10
200979183,悉达多,9787201112695.0,归还,2024-10-10 16:58:04,32.0,(德)黑塞著 姜乙译,天津人民出版社,2017-01-01,天津,137,I516.45,584699859378245,IB24G10
200822440,拜占庭的新生,9787520118156.0,归还,2024-10-10 17:19:47,79.0,(美）诺里奇著,社会科学文献出版社,2020-01-01,北京,27498,K134,584699851386949,IB24G10
200863495,重口味心理学:怎样证明你不是神经病?:百万册纪念完整版,9787505737365.0,外借,2024-10-10 17:22:21,48.0,姚尧著,中国友谊出版公司,2016-01-01,北京,418,B84-49,584699852480581,IB24G10
200950612,契诃夫短篇小说集,9787540237004.0,外借,2024-10-10 17:25:05,29.0,(俄罗斯)契诃夫著,北京燕山出版社,2017-01-01,北京,387,I512.44,584699853586501,IB24G10
200950612,契诃夫短篇小说集,9787540237004.0,续借,2024-10-10 17:25:17,29.0,(俄罗斯)契诃夫著,北京燕山出版社,2017-01-01,北京,387,I512.44,584699853586501,IB24G10
200935961,共情的力量 ,9787514513011.0,归还,2024-10-11 07:51:08,49.8,"(美)乔拉米卡利 (Ciaramicoli, Arthur P.) 著", 中国致公出版社,2019-01-01,北京 ,283,B84-49,584699855319109,IB24G10
200876524,巨人的陨落II,9787539989891.0,归还,2024-10-11 10:37:17,43.0,(英)福莱特著;于大卫译,江苏凤凰文艺出版社,2016-01-01,南京,372,I561.45,584699857674309,IB24G10
200921592,素食者 ,9787541160868.0,外借,2024-10-11 10:40:05,48.0,(韩)韩江 (1970-) 著, 四川文艺出版社,2021-01-01,成都 ,191,I312.645,584699857674309,IB24G10
201324771,The Picture of Dorian Gray (Wordsworth Classics),9781853260155.0,外借,2024-10-11 11:29:04,32.0,Oscar Wilde,Wordsworth,1992-05-05,英国,,823.8,455798075973701,IB23G11
200869872,窄门,9787568287500.0,外借,2024-10-11 11:30:47,33.0,(法）纪德著,北京理工大学出版社有限责任公司,2021-01-01,北京,180,I565.45,455798075973701,IB23G11
200985675,海德格尔的最后之神,9787100213011.0,归还,2024-10-11 11:42:52,98.0,张静宜著,商务印书馆,2023-01-01,北京,304,B089,584699851386949,IB24G10
200687514,The Flatshare,9781787474413.0,归还,2024-10-11 13:35:23,44.0,Beth OLeary,Quercus Publishing,2020-02-20,英国,,823.92,450611290632261,IB22G12
200921592,素食者 ,9787541160868.0,归还,2024-10-11 15:14:09,48.0,(韩)韩江 (1970-) 著, 四川文艺出版社,2021-01-01,成都 ,191,I312.645,584699857674309,IB24G10
200861763,蒙田随笔集,9787532762811.0,外借,2024-10-11 15:49:36,30.0,(法)蒙田著,上海译文出版社,2014-01-01,上海,350,I565.63,584699859591237,IB24G10
200918775,叔本华暮年之思,9787208152809.0,外借,2024-10-11 15:49:36,45.0,(德)叔本华著,上海人民出版社,2018-01-01,上海,29192,B516.41,584699859591237,IB24G10
201035842,Python编程 ：从入门到实践,9787115546081.0,外借,2024-10-11 16:03:13,109.8,"(美)马瑟斯 (Matthes, Eric) 著", 人民邮电出版社,2020-01-01,北京 ,18444,TP311.561,584699848413253,IB24G10
201044208,她们,9787229105457.0,归还,2024-10-11 16:05:06,48.0,(美)麦卡锡著,重庆出版社,2016-01-01,重庆,386,I712.45,584699859591237,IB24G10
201306461,My Name Is Red,9780375706851.0,归还,2024-10-11 16:05:06,50.0,Orhan Pamuk,Vintage USA,2002-08-27,美国,,894.35,584699859591237,IB24G10
201044734,欢迎来到宇宙 ,9787115560100.0,外借,2024-10-11 16:08:33,99.9,(美)泰森著,人民邮电出版社,2021-01-01,北京,12475,P159,584699862667333,IB24G10
200861763,蒙田随笔集,9787532762811.0,归还,2024-10-11 16:21:06,30.0,(法)蒙田著,上海译文出版社,2014-01-01,上海,350,I565.63,584699859591237,IB24G10
200918775,叔本华暮年之思,9787208152809.0,归还,2024-10-11 16:21:06,45.0,(德)叔本华著,上海人民出版社,2018-01-01,上海,29192,B516.41,584699859591237,IB24G10
200967926,基础有机化学. 上册 ,9787301272121.0,外借,2024-10-11 16:23:12,89.0,邢其毅 (1911~2002) 著, 北京大学出版社,2016-01-01,北京 ,10660,O62,584699859591237,IB24G10
201021731,陈阅增普通生物学 ,9787040396317.0,外借,2024-10-11 16:23:16,59.0,吴相钰 (1924~) 主编, 高等教育出版社,2014-01-01,北京 ,539,Q1,584699859591237,IB24G10
200802471,透明,9787532787555.0,外借,2024-10-11 16:29:48,55.0,纳博科夫著,上海译文出版社有限公司,2022-01-01,上海,130,I712.45,584699861119045,IB24G10
200988958,禅与摩托车维修艺术 ,9787229131548.0,外借,2024-10-11 16:30:13,79.8,"(美)罗伯特·M. 波西格 (Pirsig, Robert M. 1928~) 著", 重庆出版社,2018-01-01,重庆 ,494,I712.45,584699861119045,IB24G10
200923386,房思琪的初恋乐园 ,9787559614636.0,外借,2024-10-11 17:16:57,45.0,林奕含 (1991~2017) 著, 北京联合出版公司,2018-01-01,北京 ,256,I247.5,584699857674309,IB24G10
201307549,To Be A Machine,9781101911594.0,外借,2024-10-11 17:24:50,53.0,Mark OConnell,Anchor Books,2018-01-16,美国,,306.46,455797921996869,IB23G11
201407655,Amusing Ourselves to Death[娱乐至死],9780143036531.0,外借,2024-10-11 17:24:50,94.0,"Postman, Neil[尼尔·波兹曼]",PENGUIN GROUP,2006-01-01,NEW YORK,184,302.234,455797921996869,IB23G11
200854520,鼠疫,9787532752508.0,归还,2024-10-11 17:37:56,28.0,(法)加缪著,上海译文出版社,2011-01-01,上海,233,I565.45,584699887661125,IB24G10
201039571,逻辑哲学论,9787511384096.0,续借,2024-10-11 17:39:28,45.0,（英）维特根斯坦著,中国华侨出版社,2021-01-01,北京,120,B81-05,584699851386949,IB24G10
200854520,鼠疫,9787532752508.0,外借,2024-10-11 17:48:09,28.0,(法)加缪著,上海译文出版社,2011-01-01,上海,233,I565.45,584699887661125,IB24G10
200927649,幽默,9787511740663.0,外借,2024-10-12 10:55:21,48.0,（英）伊格尔顿著,中央编译出版社,2022-01-01,北京,170,C912.3,450611279773765,IB22G12
200874955,房间里的大象 ,9787521727258.0,外借,2024-10-12 11:00:04,49.0,(以)泽鲁巴维尔著,中信出版社,2021-01-01,北京,183,C912.6,450611279773765,IB22G12
200866553,我想和你谈谈精神病人的世界,9787543987135.0,外借,2024-10-12 11:01:28,59.8,(韩)理端 著,上海科学技术文献出版社,2023-01-01,上海,269,R749,450611279773765,IB22G12
200901916,抑郁躯体化的跨文化研究,9787576601220.0,外借,2024-10-12 11:01:40,45.0,周晓璐著,东南大学出版社,2022-01-01,南京,120,R749.4,450611290882117,IB22G12
201050824,摆脱内心的白熊,9787300314990.0,外借,2024-10-12 11:01:47,89.0,（美）阿布拉莫维茨著,中国人民大学出版社,2023-01-01,北京,14335,R749.99,450611290882117,IB22G12
200926613,活下去的理由 ,9787210097143.0,续借,2024-10-12 11:02:15,38.0,"(英)马特·海格 (Haig, Matt 1975~) 著", 江西人民出版社,2018-01-01,南昌 ,227,I561.65,450611290882117,IB22G12
200901916,抑郁躯体化的跨文化研究,9787576601220.0,续借,2024-10-12 11:02:16,45.0,周晓璐著,东南大学出版社,2022-01-01,南京,120,R749.4,450611290882117,IB22G12
201050824,摆脱内心的白熊,9787300314990.0,续借,2024-10-12 11:02:17,89.0,（美）阿布拉莫维茨著,中国人民大学出版社,2023-01-01,北京,14335,R749.99,450611290882117,IB22G12
200989216,抑郁、焦虑和药物的那些事,9787522901213.0,外借,2024-10-12 11:02:36,109.9,（加）斯莱特著,中国纺织出版社有限公司,2023-01-01,北京,277,R964,450611288834117,IB22G12
200986932,女生徒,9787201154527.0,归还,2024-10-12 11:49:59,39.8,（日）太宰治(1909-1948)著,天津人民出版社,2020-01-01,天津,192,I313.45,584699885277253,IB24G10
201012750,细雪,9787544767620.0,归还,2024-10-12 11:49:59,65.0,(日本)谷崎润一郎著;周逸之译,译林出版社,2017-01-01,南京,578,I313.45,584699885277253,IB24G10
200804111,看不见的女性,9787513349611.0,归还,2024-10-12 11:50:01,69.0,(英)佩雷斯著　詹涓译,新星出版社,2022-01-01,北京,390,C913.68,584699885277253,IB24G10
200695961,The Adventure of the Blue Carbuncle,9780241597002.0,归还,2024-10-12 12:11:14,47.0,Arthur Conan Doyle,Penguin UK,2022-11-03,英国,,808.8,584699858100293,IB24G10
200944602,霸王别姬,9787513311762.0,归还,2024-10-12 12:11:14,59.0,李碧华著,新星出版社,2013-01-01,北京,235,I247.5,584699858100293,IB24G10
201323308,The Count of Monte Cristo,9781509827978.0,归还,2024-10-12 12:11:14,51.0,"Dumas, Alexandre, 1802-1870; Maquet, Auguste, 1813-1888; Fiorentino, Pier Angelo, 1811-1864",Macmillan Collectors Library,2017-01-01,UK,695,843.7,584699858100293,IB24G10
200862584,送你一匹马,9787530214763.0,归还,2024-10-12 12:11:33,32.0,三毛,北京十月文艺出版社,2017-01-01,北京,242,I217.2,584699858100293,IB24G10
201323308,The Count of Monte Cristo,9781509827978.0,外借,2024-10-12 12:14:49,51.0,"Dumas, Alexandre, 1802-1870; Maquet, Auguste, 1813-1888; Fiorentino, Pier Angelo, 1811-1864",Macmillan Collectors Library,2017-01-01,UK,695,843.7,584699858100293,IB24G10
200695961,The Adventure of the Blue Carbuncle,9780241597002.0,外借,2024-10-12 12:15:01,47.0,Arthur Conan Doyle,Penguin UK,2022-11-03,英国,,808.8,584699858100293,IB24G10
200944602,霸王别姬,9787513311762.0,外借,2024-10-12 12:15:09,59.0,李碧华著,新星出版社,2013-01-01,北京,235,I247.5,584699858100293,IB24G10
200833152,你会杀死那个胖子吗?一个关于对与错的哲学谜题,9787300200811.0,外借,2024-10-12 12:17:21,38.0,(英)埃德蒙兹著,中国人民大学出版社,2014-01-01,北京,240,B82,584699859591237,IB24G10
200985808,我的世界观,9787100143288.0,外借,2024-10-12 12:20:35,46.0,（美）爱因斯坦著,商务印书馆,2018-01-01,北京,247,K837.126,584699859591237,IB24G10
200882465,无知,9787532766390.0,外借,2024-10-12 12:22:38,68.0,昆德拉著,上海译文出版社,2014-01-01,上海,202,I565.45,584699859591237,IB24G10
200833152,你会杀死那个胖子吗?一个关于对与错的哲学谜题,9787300200811.0,归还,2024-10-12 12:22:59,38.0,(英)埃德蒙兹著,中国人民大学出版社,2014-01-01,北京,240,B82,584699859591237,IB24G10
201022151,林家铺子,9787020142330.0,外借,2024-10-12 12:31:10,28.0,茅盾著,人民文学出版社,2021-01-01,北京,147,I246.7,584699853152325,IB24G10
200864449,佛系,9787559414311.0,归还,2024-10-12 12:37:33,39.8,(日)草薙龙瞬著,江苏凤凰文艺出版社,2018-01-01,南京,277,I313.65,455798063370309,IB23G11
201004448,弦理论,9787562490234.0,外借,2024-10-12 12:41:53,29.0,(美)古布泽著,重庆大学出版社,2017-01-01,重庆,222,O41,455798063370309,IB23G11
200883758,银河系搭车客指南.1,9787532764655.0,归还,2024-10-12 14:32:49,53.6,(英)亚当斯著;姚向辉译,上海译文出版社,2014-01-01,上海,279,I561.45,584699880407109,IB24G10
200973358,欧洲的黄昏,9787547318621.0,外借,2024-10-12 14:50:56,45.0,(保加利亚)克拉斯特耶夫著,东方出版中心,2021-01-01,上海,16153,D75,584699845550149,IB24G10
200690626,Disorder in the Court: Great Fractured Moments in Courtroom History,9780393319286.0,外借,2024-10-12 16:03:40,74.0,"DIXIT, AVINASH; NAL",W. W. Norton & Company,1999-08-17,美国,,347.73,584699880865861,IB24G10
200849966,夜晚的潜水艇 ,9787542669964.0,归还,2024-10-14 07:15:43,52.0,陈春成 (1990~) 著, 上海三联书店,2020-01-01,上海 ,219,I247.7,584699837075525,IB24G10
200866553,我想和你谈谈精神病人的世界,9787543987135.0,归还,2024-10-14 07:21:07,59.8,(韩)理端 著,上海科学技术文献出版社,2023-01-01,上海,269,R749,450611279773765,IB22G12
200815378,牛奶可乐经济学,9787550292505.0,续借,2024-10-14 12:14:47,49.9,(美)弗兰克著;闾佳译,北京联合出版公司,2017-01-01,北京,230,F0-49,584699877527621,IB24G10
200967613,力学,9787301094013.0,外借,2024-10-14 12:20:03,50.0,舒幼生著,北京大学出版社,2005-01-01,北京,397,O3,584699877527621,IB24G10
200901916,抑郁躯体化的跨文化研究,9787576601220.0,归还,2024-10-14 14:17:35,45.0,周晓璐著,东南大学出版社,2022-01-01,南京,120,R749.4,450611290882117,IB22G12
200997591,平面犬,9787544281232.0,归还,2024-10-14 14:29:52,59.0,（日）乙一著,南海出版公司,2021-01-01,海口,265,I313.45,584699864600645,IB24G10
201020983,我弥留之际,9787020128075.0,归还,2024-10-14 14:29:52,42.0,（美）福克纳著,人民文学出版社,2021-01-01,北京,11221,I712.45,584699864600645,IB24G10
200884962,挪威的森林,9787532765546.0,外借,2024-10-14 14:36:21,56.0,(日)村上春树著,上海译文出版社,2014-01-01,上海,398,I313.45,450611310915653,IB22G12
200859865,反抗者,9787532777280.0,归还,2024-10-14 15:03:27,58.0,(法)加缪著　沈志明译,上海译文出版社有限公司,2018-01-01,上海,425,I565.65,584699865665605,IB24G10
200861282,共产党宣言,9787010131566.0,归还,2024-10-14 15:03:27,32.0,"马克思,恩格斯著",人民出版社,2017-01-01,北京,188,A122,584699865665605,IB24G10
200854735,存在与虚无,9787108050984.0,归还,2024-10-14 15:03:28,68.0,"(法)萨特 (Sartre, Jean-Paul 1905~1980) 著", 生活·读书·新知三联书店,2014-01-01,北京,762,B086,584699865665605,IB24G10
200857260,局外人,9787532761760.0,归还,2024-10-14 15:03:46,32.0,（法）加缪著,上海译文出版社,2013-01-01,上海,25128,I565.45,584699865665605,IB24G10
200874811,教父,9787559424020.0,外借,2024-10-14 15:08:00,89.9,(美)普佐著;姚向辉译,江苏凤凰文艺出版社,2018-01-01,南京,514,I712.45,584699865665605,IB24G10
200975640,没有人给他写信的上校,9787544292443.0,外借,2024-10-14 15:08:00,35.0,(哥伦)马尔克斯著,南海出版公司,2018-01-01,,109,I775.45,584699865665605,IB24G10
201024177,喧哗与骚动,9787020158584.0,外借,2024-10-14 15:08:00,49.0,(美)福克纳著,人民文学出版社,2019-01-01,北京,10367,I712.45,584699865665605,IB24G10
201018969,人生看得几清明,9787550289703.0,归还,2024-10-14 15:57:46,39.5,林清玄著,北京联合出版公司,2016-01-01,北京,208,I267,584699864600645,IB24G10
200926169,量子经济学,9787504699268.0,外借,2024-10-14 16:40:19,79.0,（加）欧瑞尔著,中国科学技术出版社,2023-01-01,北京,406,F0,450611288313925,IB22G12
201300635,Great Expectations,9781847493811.0,归还,2024-10-14 16:54:14,32.0,"Dickens, Charles",ALMA BOOKS,2014-10-15,英国,,823.8,455798100992069,IB23G11
200698496,Signet Classics: Jane Eyre,9780451530912.0,归还,2024-10-14 16:54:23,13.0,Charlotte Bronte,Signet,2008-04-01,美国,,823.8,455798100992069,IB23G11
201311838,Alma Classics: Sense and Sensibility,9781847494849.0,归还,2024-10-14 16:54:26,23.0,Austen Jane,Alma Books,2015-07-15,英国,,823.7,455798100992069,IB23G11
200876203,深度学习：智能时代的核心驱动力量,9787508698359.0,外借,2024-10-14 17:14:36,88.0,"(美)特伦斯·谢诺夫斯基 (Sejnowski, Terrence) 著", 中信出版集团股份有限公司,2019-01-01,北京 ,17378,TP181,584699863957573,IB24G10
201036556,人工智能简史 ,9787115471604.0,外借,2024-10-14 17:14:42,49.0,尼克 (经济学) 著, 人民邮电出版社,2017-01-01,北京 ,313,TP18,584699863957573,IB24G10
200845979,逻辑的引擎,9787535794420.0,外借,2024-10-14 17:14:47,49.0,(美)戴维斯著;张卜天译,湖南科学技术出版社,2018-01-01,长沙,291,TP302.2,584699863957573,IB24G10
200846237,复杂的引擎,9787535794611.0,外借,2024-10-14 17:14:53,59.0,(美)梅菲尔德著;唐璐译,湖南科学技术出版社,2018-01-01,长沙,384,TP301.5-49,584699863957573,IB24G10
200874170,走出双相情感障碍,9787521744354.0,外借,2024-10-14 17:35:22,58.0,（英）科尼贝尔著,中信出版集团股份有限公司,2022-01-01,北京,232,R749.4,450611296202821,IB22G12
200847478,平凡的世界 .第一部,9787530221396.0,归还,2024-10-15 07:38:21,46.0,路遥著,北京十月文艺出版社,2021-01-01,北京,428,I247.5,455798100992069,IB23G11
201021072,骆驼祥子,9787020137756.0,归还,2024-10-15 07:38:26,26.0,老舍著,人民文学出版社,2018-01-01,北京,243,I246.5,455798100992069,IB23G11
200838059,檀香刑,9787533946647.0,归还,2024-10-15 07:38:31,56.0,莫言著,浙江文艺出版社,2017-01-01,杭州,418,I247.5,455798100992069,IB23G11
200692633,Getting Lost,9781913097004.0,归还,2024-10-15 08:12:51,61.0,Annie Ernaux,Fitzcarraldo Editions,2022-09-21,英国,,813.6,455798115651653,IB23G11
200692633,Getting Lost,9781913097004.0,外借,2024-10-15 08:13:02,61.0,Annie Ernaux,Fitzcarraldo Editions,2022-09-21,英国,,813.6,455798115651653,IB23G11
200878639,罪与罚,9787532778188.0,外借,2024-10-15 08:19:39,41.0,(俄)陀思妥耶夫斯基著,上海译文出版社,2018-01-01,上海,532,I512.44,455798117085253,IB23G11
200688924,Sex And The City,9780446617680.0,归还,2024-10-15 08:39:45,35.0,Candace Bushnell,Grand Central Publishing,2006-08-01,美国,,813.6,455797921996869,IB23G11
200676786,Exam Practice Workbook for Mathematics Applications and Interpretation,9781398321885.0,归还,2024-10-15 09:06:39,169.0,"Fannon, Paul; Kadelburg, Vesna; Ward, Stephen",Hodder Education,2021-05-04,UK,248,IB-5-M-1,455797972279365,IB23G11
200942702,微积分的力量,9787521723298.0,归还,2024-10-15 09:26:18,69.0,"(美)史蒂夫·斯托加茨 (Strogatz, Steven) 著",中信出版社,2021-01-01,北京,371,O172-49,455798066937925,IB23G11
200990776,维京传奇,9787514619065.0,归还,2024-10-15 09:31:48,70.0,（英）美登编著,中国画报出版社,2020-01-01,北京,256,K530.9,584699853369413,IB24G10
201002271,冰火传奇,9787515314099.0,归还,2024-10-15 09:32:05,26.0,孙琇著,中国青年出版社,2013-01-01,北京,173,K530.6,584699853369413,IB24G10
200871208,北方以北 ,9787559633118.0,归还,2024-10-15 09:34:15,108.0,"(英)巴勒克拉夫 (Barraclough, Eleanor Rosamund) 著", 北京联合出版公司,2019-01-01,北京 ,20376,K530.9,584699853369413,IB24G10
200990776,维京传奇,9787514619065.0,外借,2024-10-15 09:35:03,70.0,（英）美登编著,中国画报出版社,2020-01-01,北京,256,K530.9,584699853369413,IB24G10
200871208,北方以北 ,9787559633118.0,外借,2024-10-15 09:35:24,108.0,"(英)巴勒克拉夫 (Barraclough, Eleanor Rosamund) 著", 北京联合出版公司,2019-01-01,北京 ,20376,K530.9,584699853369413,IB24G10
200871208,北方以北 ,9787559633118.0,续借,2024-10-15 09:36:20,108.0,"(英)巴勒克拉夫 (Barraclough, Eleanor Rosamund) 著", 北京联合出版公司,2019-01-01,北京 ,20376,K530.9,584699853369413,IB24G10
200990776,维京传奇,9787514619065.0,续借,2024-10-15 09:36:23,70.0,（英）美登编著,中国画报出版社,2020-01-01,北京,256,K530.9,584699853369413,IB24G10
201057462,如何阅读达尔文,9787568942515.0,外借,2024-10-15 09:36:34,52.0,(英)马克·里德利 ,重庆大学出版社 ,2024-01-01,重庆 ,17168,Q111.2,584699853369413,IB24G10
201325949,The Tree Book: The Inside Story of Our Greatest Species,9780241487556.0,外借,2024-10-15 10:02:01,136.0,DK,DK Publishing,2022-03-31,英国,,582.16,584699853369413,IB24G10
200926613,活下去的理由 ,9787210097143.0,归还,2024-10-15 10:09:32,38.0,"(英)马特·海格 (Haig, Matt 1975~) 著", 江西人民出版社,2018-01-01,南昌 ,227,I561.65,450611290882117,IB22G12
200847691,消失的真实,9787521735611.0,归还,2024-10-15 11:55:03,88.0,金观涛著,中信出版集团股份有限公司,2022-01-01,北京,49352,N02,584699851178053,IB24G10
200698496,Signet Classics: Jane Eyre,9780451530912.0,外借,2024-10-15 12:09:49,13.0,Charlotte Bronte,Signet,2008-04-01,美国,,823.8,455798100992069,IB23G11
201300635,Great Expectations,9781847493811.0,外借,2024-10-15 12:10:06,32.0,"Dickens, Charles",ALMA BOOKS,2014-10-15,英国,,823.8,455798100992069,IB23G11
200857894,不朽,9787532789900.0,归还,2024-10-15 12:16:02,79.0,（法）昆德拉著,上海译文出版社有限公司,2022-01-01,上海,468,I565.45,584699859378245,IB24G10
200862110,追忆逝水年华,9787532762828.0,外借,2024-10-15 12:18:15,48.0,"(法)普鲁斯特 (Proust, Marcel 1871~1922) 著",上海译文出版社,2014-01-01,上海,436,I565.45,584699859378245,IB24G10
201046796,夜莺与玫瑰,9787540493127.0,外借,2024-10-15 12:18:15,45.0,（英）王尔德著,湖南文艺出版社,2019-01-01,长沙,186,I561.88,584699859378245,IB24G10
200880065,教堂尖塔,9787532788125.0,归还,2024-10-15 12:20:42,68.0,（英）戈尔丁著,上海译文出版社有限公司,2021-01-01,上海,199,I561.45,584699864600645,IB24G10
200942659,人生最美是清欢,9787530215401.0,归还,2024-10-15 12:20:42,49.5,林清玄著,北京十月文艺出版社,2016-01-01,北京,249,I267,584699864600645,IB24G10
200812852,史记.2,9787101158687.0,外借,2024-10-15 12:25:06,66.8,陈曦著,中华书局,2022-01-01,北京,138422,K204.2,584699864600645,IB24G10
200817759,四书五经.1,9787101136364.0,外借,2024-10-15 12:25:14,31.4,郭丹等著,中华书局,2019-01-01,北京,305,B222.1,584699864600645,IB24G10
201027904,三国演义.下,9787020008728.0,外借,2024-10-15 12:31:32,19.5,(明)罗贯中著,人民文学出版社,2017-01-01,北京,990,I242.4,584699836194885,IB24G10
201027897,三国演义.上,9787020008728.0,外借,2024-10-15 12:31:41,20.0,(明)罗贯中著,人民文学出版社,2017-01-01,北京,990,I242.4,584699836194885,IB24G10
201301894,Go Set a Watchman,9781784755287.0,归还,2024-10-15 14:48:32,30.0,"Lee, Harper",Cornerstone,2016-05-05,,288,813.54,450611289337925,IB22G12
200874955,房间里的大象 ,9787521727258.0,归还,2024-10-15 16:33:02,49.0,(以)泽鲁巴维尔著,中信出版社,2021-01-01,北京,183,C912.6,450611279773765,IB22G12
201050824,摆脱内心的白熊,9787300314990.0,归还,2024-10-16 09:36:05,89.0,（美）阿布拉莫维茨著,中国人民大学出版社,2023-01-01,北京,14335,R749.99,450611290882117,IB22G12
200807467,华氏451,9787532790036.0,外借,2024-10-16 11:18:43,58.0,"(美)雷·布雷德伯里 (Bradbury, Ray 1920~2012) 著",上海译文出版社,2022-01-01,上海,224,I712.45,584699840745541,IB24G10
201034291,社会学的想象力 ,9787108057259.0,归还,2024-10-16 11:39:56,42.0,"(美)C. 赖特·米尔斯 (Mills, Chales Wright 1916~1962) 著", 生活·读书·新知三联书店,2016-01-01,北京 ,265,C91,450611273154629,IB22G12
200036638,文学阅读指南,9787564917876.0,归还,2024-10-16 11:43:09,32.0,(英)特里·伊格尔顿著;范浩译,河南大学出版社,2015-01-01,开封,253,I106.62,584699857035333,IB24G10
201011804,文学理论入门,9787544729666.0,归还,2024-10-16 11:43:09,39.0,(美)卡勒著;李平译,译林出版社,2013-01-01,南京,143,I0,584699857035333,IB24G10
201022320,莎士比亚植物志,9787020142675.0,归还,2024-10-16 11:49:27,55.0,(英)威尔斯著,人民文学出版社,2019-01-01,北京,205,Q948.556,584699859378245,IB24G10
200989216,抑郁、焦虑和药物的那些事,9787522901213.0,归还,2024-10-16 11:50:19,109.9,（加）斯莱特著,中国纺织出版社有限公司,2023-01-01,北京,277,R964,450611288834117,IB22G12
200920502,生命政治的诞生,9787208155022.0,归还,2024-10-16 12:05:02,78.0,（法）福柯著,上海人民出版社,2018-01-01,上海,454,B565.59,584699859378245,IB24G10
200857885,好笑的爱,9787532789955.0,外借,2024-10-16 12:16:06,72.0,（法）昆德拉著,上海译文出版社有限公司,2022-01-01,上海,347,I565.45,584699859378245,IB24G10
200859641,想象,9787532764082.0,外借,2024-10-16 12:16:06,48.0,(法)萨特著　杜小真译,上海译文出版社,2014-01-01,上海,188,B565.53,584699859378245,IB24G10
201004554,福柯,9787568918626.0,外借,2024-10-16 12:16:06,48.0,泰勒著,重庆大学出版社,2019-01-01,重庆,253,B565.59,584699859378245,IB24G10
201043922,规训与惩罚,9787108065841.0,外借,2024-10-16 12:16:06,58.0,(法)福柯 著,生活·读书·新知三联书店,2019-01-01,北京,353,B565.59,584699859378245,IB24G10
200699903,Sherlock Holmes: Vol 1,9780553212419.0,归还,2024-10-16 17:39:54,27.5,Sir Arthur Conan Doyle,Bantam Classics,1986-11-01,美国,1059,823.8,584699862667333,IB24G10
201008435,犬儒主义,9787100215220.0,外借,2024-10-17 08:30:14,75.0,（英）艾伦著,商务印书馆,2023-01-01,北京,10333,B502.25,584699861790789,IB24G10
200862110,追忆逝水年华,9787532762828.0,归还,2024-10-17 08:30:33,48.0,"(法)普鲁斯特 (Proust, Marcel 1871~1922) 著",上海译文出版社,2014-01-01,上海,436,I565.45,584699859378245,IB24G10
201046796,夜莺与玫瑰,9787540493127.0,归还,2024-10-17 08:30:33,45.0,（英）王尔德著,湖南文艺出版社,2019-01-01,长沙,186,I561.88,584699859378245,IB24G10
200817651,窄门,9787201141527.0,外借,2024-10-17 08:36:11,45.0,(法)安德烈·纪德(André Gide)著 顾琪静译,天津人民出版社,2018-01-01,天津,171,I565.45,450611290882117,IB22G12
200876445,想象一朵未来的玫瑰：佩索阿诗选,9787521700381.0,外借,2024-10-17 08:36:22,59.8,（葡）佩索阿著,中信出版社,2019-01-01,,282,I552.25,450611290882117,IB22G12
200933785,自我决定的孤独：难以建立亲密感的社会 ,9787218160177.0,外借,2024-10-17 08:36:22,68.0,(德) 塔登著,广东人民出版社,2023-01-01,广州,196,C912.11-49,450611290882117,IB22G12
200986923,我的心迟到了：佩索阿情诗,9787533962418.0,外借,2024-10-17 08:36:22,98.0,"（葡）佩索阿 (Pessoa, Fernando Antonio Nogueira) (1888-1935)著",浙江文艺出版社,2020-01-01,杭州,210,I552.25,450611290882117,IB22G12
200997314,时间简史,9787535794567.0,外借,2024-10-17 11:33:15,39.0,"(英)霍金著;许明贤,吴忠超译",湖南科学技术出版社,2018-01-01,长沙,190,P19-49,584699863957573,IB24G10
200882054,权力意志与永恒轮回,9787532772360.0,归还,2024-10-17 12:15:31,49.0,(德)尼采著　(德)沃尔法特著　虞龙发译,上海译文出版社,2016-01-01,上海,331,B516.47,584699852910661,IB24G10
200885569,界限之书,9787559840943.0,归还,2024-10-17 12:15:31,76.0,（法）雅贝斯著,广西师范大学出版社,2021-01-01,桂林,429,I565.45,584699852910661,IB24G10
200975267,遥远的小屋,9787544285582.0,归还,2024-10-17 12:15:31,55.0,（美）贝斯顿著,南海出版公司,2020-01-01,海口,25205,I712.65,584699852910661,IB24G10
200986086,火的精神分析,9787100167789.0,归还,2024-10-17 12:15:38,25.0,（法）巴什拉著,商务印书馆,2019-01-01,北京,113,B565.59,584699852910661,IB24G10
200986086,火的精神分析,9787100167789.0,外借,2024-10-17 12:16:46,25.0,（法）巴什拉著,商务印书馆,2019-01-01,北京,113,B565.59,584699852910661,IB24G10
200885569,界限之书,9787559840943.0,外借,2024-10-17 12:16:56,76.0,（法）雅贝斯著,广西师范大学出版社,2021-01-01,桂林,429,I565.45,584699852910661,IB24G10
200882054,权力意志与永恒轮回,9787532772360.0,外借,2024-10-17 12:17:03,49.0,(德)尼采著　(德)沃尔法特著　虞龙发译,上海译文出版社,2016-01-01,上海,331,B516.47,584699852910661,IB24G10
200882054,权力意志与永恒轮回,9787532772360.0,续借,2024-10-17 12:17:19,49.0,(德)尼采著　(德)沃尔法特著　虞龙发译,上海译文出版社,2016-01-01,上海,331,B516.47,584699852910661,IB24G10
200885569,界限之书,9787559840943.0,续借,2024-10-17 12:17:21,76.0,（法）雅贝斯著,广西师范大学出版社,2021-01-01,桂林,429,I565.45,584699852910661,IB24G10
200986086,火的精神分析,9787100167789.0,续借,2024-10-17 12:17:24,25.0,（法）巴什拉著,商务印书馆,2019-01-01,北京,113,B565.59,584699852910661,IB24G10
200986086,火的精神分析,9787100167789.0,归还,2024-10-17 12:17:46,25.0,（法）巴什拉著,商务印书馆,2019-01-01,北京,113,B565.59,584699852910661,IB24G10
200986086,火的精神分析,9787100167789.0,外借,2024-10-17 12:37:16,25.0,（法）巴什拉著,商务印书馆,2019-01-01,北京,113,B565.59,584699852910661,IB24G10
200986086,火的精神分析,9787100167789.0,续借,2024-10-17 12:37:25,25.0,（法）巴什拉著,商务印书馆,2019-01-01,北京,113,B565.59,584699852910661,IB24G10
200692456,（PEL) Heart of Darkness,9780141199788.0,外借,2024-10-17 12:41:43,20.0,Joseph Conrad,Penguin UK,2016-09-21,英国,,823.912,450611289337925,IB22G12
201301153,Sophie’s World,9780374530716.0,外借,2024-10-17 12:41:43,66.0,Jostein Gaarder,Macmillan US,2007-03-20,美国,,839.82374,450611289337925,IB22G12
201323674,Waves,9780241372081.0,外借,2024-10-17 12:41:43,55.0,"Woolf, Virginia",Penguin Books Ltd,2019-04-04,,288,823.912,450611289337925,IB22G12
200876016,"怪诞行为学. 2, 非理性的积极力量",9787508681436.0,归还,2024-10-17 15:45:27,45.0,"(美)丹·艾瑞里 (Ariely, Dan) 著",中信出版集团股份有限公司,2017-01-01,北京,18250,F069.9,584699856826437,IB24G10
200923386,房思琪的初恋乐园 ,9787559614636.0,归还,2024-10-17 15:45:27,45.0,林奕含 (1991~2017) 著, 北京联合出版公司,2018-01-01,北京 ,256,I247.5,584699857674309,IB24G10
200806271,错乱,9787536096806.0,归还,2024-10-17 16:01:20,52.0,莫亚著,花城出版社,2022-01-01,广州,161,I744.45,450611279773765,IB22G12
201053484,画地为牢,9787305217098.0,归还,2024-10-17 16:01:20,39.0,（英）莱辛著,南京大学出版社,2019-01-01,南京,129,I561.65,450611279773765,IB22G12
201501142,The complete Persepolis,9780375714832.0,归还,2024-10-17 16:01:20,100.0,"Satrapi, Marjane, 1969-",,,USA,, 955.054,450611279773765,IB22G12
200817651,窄门,9787201141527.0,归还,2024-10-17 16:49:53,45.0,(法)安德烈·纪德(André Gide)著 顾琪静译,天津人民出版社,2018-01-01,天津,171,I565.45,450611290882117,IB22G12
200841820,一地鸡毛,9787536096608.0,外借,2024-10-17 17:40:49,60.0,刘震云 著,花城出版社,2022-01-01,广州,503,I247.7,584699864600645,IB24G10
200942659,人生最美是清欢,9787530215401.0,外借,2024-10-17 17:40:55,49.5,林清玄著,北京十月文艺出版社,2016-01-01,北京,249,I267,584699864600645,IB24G10
200659037,Educated : a memoir,9781984854858.0,续借,2024-10-17 20:35:39,75.0,"Westover, Tara",Random House US,2018-01-01,New York,334,270.092,584699884150853,IB24G10
200899803,茶花女,9787511724717.0,归还,2024-10-18 08:56:01,24.8,(法)小仲马,中央编译出版社,2015-01-01,北京,232,I565.44,584699880865861,IB24G10
200959436,消失的地平线,9787547055564.0,归还,2024-10-18 08:56:07,38.0,(英) 希尔顿 著,万卷出版公司 ,2021-01-01,沈阳,216,I561.45,584699880185925,IB24G10
200858508,基督山伯爵 （上）,9787532751242.0,归还,2024-10-18 08:56:10,39.0,(法)大仲马著,上海译文出版社,2010-01-01,上海,693,I565.44,584699880185925,IB24G10
200858517,基督山伯爵 （下）,9787532751242.0,归还,2024-10-18 08:56:11,39.0,(法)大仲马著,上海译文出版社,2010-01-01,上海,1409,I565.44,584699880185925,IB24G10
201314755,Pearson Chemistry for the IB Diploma SL,9781292427690.0,外借,2024-10-18 08:59:27,335.0,"Brown, Catrin; Ford, Mike; Canning, Oliver; Economou, Andreas; Irwin, Garth",Pearson Education Limited,2023-04-14,London,656,IB-4-CH-3,584699880865861,IB24G10
200699084,Statistics for The Behavioral Sciences,9781305504912.0,归还,2024-10-18 09:06:27,407.0,Frederick Gravetter； Larry Wallnau,Cengage,2016-01-01,美国,,519.50,584699875594309,IB24G10
200987021,微积分的计算：数理经济学与统计经济学辅助教程 ,9787100205900.0,归还,2024-10-18 09:47:24,26.0,"(美) 费雪( Fisher, Irving)著",商务印书馆,2022-01-01,北京,89,O172,584699862667333,IB24G10
201308851,Neuromancer (The Best of the SF Masterworks),9781399607773.0,归还,2024-10-18 10:15:39,37.0,William Gibson,Orion Publishing Group,2022-11-24,英国,,813.54,584699866955845,IB24G10
201031347,山茶文具店,9787540485337.0,归还,2024-10-18 11:05:47,49.8,(日)小川系著;王蕴洁译,湖南文艺出版社,2018-01-01,长沙,315,I313.45,584699848413253,IB24G10
200139493,解忧杂货店,9787544270878.0,归还,2024-10-18 11:59:32,39.5,(日)东野圭吾著;李盈春译,南海出版公司,2014-01-01,海口,291,I313.45,584699884150853,IB24G10
200839600,凡尔登战役,9787565842740.0,外借,2024-10-18 12:16:37,88.0,霍恩著,汕头大学出版社,2021-01-01,汕头,456,E194.4,584699877527621,IB24G10
201307932,Why Didnt They Ask Evans?,9780008196288.0,归还,2024-10-18 12:36:12,36.0,Agatha Christie,Harper Collins UK,2017-04-20,英国,,823.91,450611289337925,IB22G12
200803933,始于极限 : 女性主义往复书简,9787513349369.0,归还,2024-10-18 12:39:50,59.0,(日)上野千鹤子 (1948~) 著,新星出版社,2022-01-01,北京,295,C913.68-49,450611283214405,IB22G12
200950621,契诃夫短篇小说集,9787540237004.0,外借,2024-10-18 12:41:51,29.0,(俄罗斯)契诃夫著,北京燕山出版社,2017-01-01,北京,387,I512.44,584699866955845,IB24G10
200979281,平面国：多维空间传奇往事,9787553520643.0,外借,2024-10-18 12:41:56,39.8,"(英)埃德温·艾勃特(Abbott, Edwin A. ,1838-1926) 著", 上海文化出版社,2020-01-01,上海 ,198,I561.45,584699866955845,IB24G10
200827445,剑桥艺术史·下,9787544792028.0,外借,2024-10-18 12:57:15,249.0,(美)伍德福德著,译林出版社,2023-01-01,南京,499,J110.9,450611283214405,IB22G12
200847806,中国传统色：故宫里的色彩美学 ,9787521716054.0,外借,2024-10-18 12:57:44,168.0,郭浩 (文化) 著, 中信出版集团股份有限公司,2020-01-01,北京 ,13279,J063,450611283214405,IB22G12
200821389,革命的年代:1789-1848,9787508674612.0,外借,2024-10-18 13:25:57,78.0,(英)霍布斯鲍姆著;王章辉译,中信出版社,2017-01-01,北京,368,K1,584699864600645,IB24G10
200988663,好好告别,9787572502583.0,归还,2024-10-18 13:31:26,79.9,（英）曼尼克斯著,河南科学技术出版社,2021-01-01,郑州,11327,I712.55,455798118166597,IB23G11
200863495,重口味心理学:怎样证明你不是神经病?:百万册纪念完整版,9787505737365.0,归还,2024-10-18 13:36:25,48.0,姚尧著,中国友谊出版公司,2016-01-01,北京,418,B84-49,584699852480581,IB24G10
200697157,The Masque of the Red Death,9780241573754.0,外借,2024-10-18 14:11:25,47.0,Edgar Allan Poe,Penguin UK,2022-08-25,英国,,813.3,455798118166597,IB23G11
201322087,Born a crime : stories from a South African childhood,9780399588198.0,外借,2024-10-18 14:11:25,120.0,"Noah, Trevor, 1984-",Karl Blessing Verlag GmbH,2016-01-01,New York,288,791.450,455798118166597,IB23G11
201301938,Philosophy of Science: Very Short Introduction,9780198745587.0,外借,2024-10-21 11:27:01,53.0,"Okasha, Samir",Oxford University Press UK,2016-07-28,英国,,193,584699858317381,IB24G10
201300653,Little Fires Everywhere(EXP),9780735224315.0,外借,2024-10-21 12:03:37,49.0,Celeste Ng,Penguin USA,2019-05-07,美国,,813.6,584699858317381,IB24G10
201042362,棋王树王孩子王 ,9787539990583.0,外借,2024-10-21 12:17:10,38.0,阿城 (1949~) 著, 江苏凤凰文艺出版社,2016-01-01,南京 ,179,I247.57,584699865239621,IB24G10
200877382,如果我们的语言是威士忌,9787532763238.0,外借,2024-10-21 12:41:11,45.0,(日)村上春树,上海译文出版社,2018-01-01,上海,105,I313.65,450611282698309,IB22G12
201308646,Investing 11,9781440595134.0,归还,2024-10-21 14:18:16,45.0,Michele Cagan,Adams Media,2016-01-29,美国,,332.6,584699863535685,IB24G10
201322363,Stock Market 101,9781440599194.0,归还,2024-10-21 14:18:16,57.0,Michele Cagan,Adams Media,2011-04-16,美国,,332.64,584699863535685,IB24G10
200980064,台北人,9787549559886.0,归还,2024-10-21 15:48:25,69.0,白先勇著,广西师范大学出版社,2015-01-01,桂林,291,I247.7,584699888959557,IB24G10
200880537,华氏451,9787532790036.0,归还,2024-10-21 16:21:37,58.0,"(美)雷·布雷德伯里 (Bradbury, Ray 1920~2012) 著",上海译文出版社,2022-01-01,上海,224,I712.45,584699853152325,IB24G10
200806654,建筑课,9787559664976.0,归还,2024-10-21 16:21:38,21.0,林徽因著,北京联合出版公司,2022-01-01,北京,144,TU-0,584699853152325,IB24G10
200874081,海上钢琴师,9787540482732.0,归还,2024-10-21 16:21:38,48.0,(意)巴里科著,湖南文艺出版社,2017-01-01,长沙,173,I546.45,584699853152325,IB24G10
201325976,How the Brain Works: The Facts Visually Explained,9780241403372.0,归还,2024-10-21 16:48:56,172.0,Editorial Consultant: Rita Carter,DK,2020-03-03,,224,612.8,584699851841605,IB24G10
201323004,The Bible book,9780241301906.0,归还,2024-10-21 16:48:57,89.0,DK,DK,2018-03-01,英国,,220.61,584699851841605,IB24G10
200945111,穆斯林的葬礼,9787530222362.0,外借,2024-10-21 17:09:29,68.0,霍达著,北京十月文艺出版社,2022-01-01,北京,620,I247.5,455798100992069,IB23G11
200404179,Mathematics: Analysis and Approaches HL,9781925489590.0,续借,2024-10-21 17:10:22,387.0,Michael Haese,,,,,IB-5-M-1,455798100992069,IB23G11
200847806,中国传统色：故宫里的色彩美学 ,9787521716054.0,归还,2024-10-21 17:39:15,168.0,郭浩 (文化) 著, 中信出版集团股份有限公司,2020-01-01,北京 ,13279,J063,450611283214405,IB22G12
201053340,云边有个小卖部,9787540487645.0,外借,2024-10-22 10:38:32,42.0,张嘉佳著,湖南文艺出版社,2018-01-01,长沙,306,I247.5,584699848413253,IB24G10
200947413,思想经济学,9787500170662.0,归还,2024-10-22 11:52:59,68.0,（英）沙著,中译出版社,2022-01-01,北京,23322,I561.55,584699866955845,IB24G10
200979281,平面国：多维空间传奇往事,9787553520643.0,归还,2024-10-22 11:52:59,39.8,"(英)埃德温·艾勃特(Abbott, Edwin A. ,1838-1926) 著", 上海文化出版社,2020-01-01,上海 ,198,I561.45,584699866955845,IB24G10
200958320,乌合之众:群体心理学,9787533951702.0,归还,2024-10-22 11:53:00,49.8,(法)勒庞著;董强译,浙江文艺出版社,2018-01-01,杭州,247,C912.64,584699866521669,IB24G10
200877382,如果我们的语言是威士忌,9787532763238.0,归还,2024-10-22 12:23:37,45.0,(日)村上春树,上海译文出版社,2018-01-01,上海,105,I313.65,450611282698309,IB22G12
200888236,"在春天,去看一个人",9787550022829.0,外借,2024-10-22 12:38:39,58.0,沈从文著,百花洲文艺出版社,2018-01-01,南昌,316,I246.7,450611282698309,IB22G12
200882526,基督山伯爵:全2册-上册,9787532778140.0,外借,2024-10-22 14:51:47,44.5,(法)大仲马著,上海译文出版社,2018-01-01,上海,693,I565.44,584699888308293,IB24G10
201005198,早稻田大学日本史.第八卷，安土桃山时代,9787507553192.0,归还,2024-10-22 17:12:13,90.0,（日）渡边世祐著,华文出版社,2020-01-01,北京,327,K313.2,584699851386949,IB24G10
201309182,The Door into Summer,9780575120723.0,归还,2024-10-22 17:12:13,34.0,Robert A. Heinlein,Orion Publishing Group,2013-12-12,英国,,813.54,584699851386949,IB24G10
200837103,希波战争,9787557027476.0,外借,2024-10-22 17:17:12,84.0,（英）格林著,广东旅游出版社,2022-01-01,广州,26434,K125,584699851386949,IB24G10
200884070,心理神探:我与FBI心理画像术,9787532775644.0,续借,2024-10-22 17:58:57,58.0,(美)道格拉斯,上海译文出版社,2017-01-01,上海,384,I712.45,584699864387653,IB24G10
200865395,夜莺,9787559654168.0,续借,2024-10-23 06:30:32,68.0,(美)汉娜著,北京联合出版公司,2021-01-01,北京,521,I712.45,584699847979077,IB24G10
200933785,自我决定的孤独：难以建立亲密感的社会 ,9787218160177.0,归还,2024-10-23 07:32:30,68.0,(德) 塔登著,广东人民出版社,2023-01-01,广州,196,C912.11-49,450611290882117,IB22G12
200800696,关于女儿,9787559851987.0,外借,2024-10-23 09:50:15,42.0,金惠珍著,广西师范大学出版社,2022-01-01,桂林,217,I312.645,450611283214405,IB22G12
200895371,烧纸,9787307207004.0,外借,2024-10-23 09:50:18,58.0,（韩）李沧东著,武汉大学出版社,2020-01-01,武汉,310,I312.645,450611283214405,IB22G12
200690626,Disorder in the Court: Great Fractured Moments in Courtroom History,9780393319286.0,归还,2024-10-23 10:42:14,74.0,"DIXIT, AVINASH; NAL",W. W. Norton & Company,1999-08-17,美国,,347.73,584699880865861,IB24G10
201601169,普通化学原理,9787301225578.0,归还,2024-10-23 11:52:26,68.0,华彤文,北京大学出版社 ,2013-01-01,北京 ,492,O6,584699884150853,IB24G10
200405043,Biology Option A: Neurobiology and Behaviour SL&HL,9781910689066.0,归还,2024-10-23 11:52:27,122.0,Ashby Merson-Dabies,OSC,2015-01-01,UK,49,IB-4-BI-2,584699884150853,IB24G10
200827105,爱欲之死,9787508697086.0,归还,2024-10-23 11:57:41,32.0,（德）韩炳哲著,中信出版集团股份有限公司,2019-01-01,北京,87,B84,584699847979077,IB24G10
200956386,变态心理学,9787115448385.0,归还,2024-10-23 11:57:41,128.0,(美)霍克西玛著,人民邮电出版社,2017-01-01,北京,612,B846-49,584699847979077,IB24G10
200864788,平原上的摩西,9787547737941.0,外借,2024-10-23 12:07:15,59.0,双雪涛 (1983~) 著,北京日报出版社,2021-01-01,北京,282,I247.7,584699858317381,IB24G10
200970841,国富论,9787519015084.0,外借,2024-10-23 12:34:10,34.0,(英)斯密著;陈虹译,中国文联出版公司,2016-01-01,北京,658,F091.33,584699866521669,IB24G10
200192923,The Move to Global War,9781107556287.0,归还,2024-10-23 12:36:38,254.0,Allan Todd,Cambridge University Pre,2015-01-01,UK.,228,IB-3-H-3,450611267612741,IB22G12
201312631,The Habsburg Empire: A Very Short Introduction,9780198792963.0,外借,2024-10-23 14:21:11,48.0,Martyn Rady,Oxford University Press UK,2017-06-01,英国,,943.60,584699839656005,IB24G10
200897155,文学解读基础,9787533471941.0,归还,2024-10-23 16:39:24,70.0,孙绍振,福建教育出版社,2018-01-01,福州,464,I04,450611307655237,IB22G12
201050851,情节线,9787300301341.0,归还,2024-10-23 16:39:24,45.0,"(美)简·K. 克莱兰 (女，Cleland, Jane K.) 著",中国人民大学出版社,2022-01-01,北京,230,I054,450611307655237,IB22G12
200804610,美丽与哀愁.3,9787220128165.0,外借,2024-10-23 16:53:08,49.6,（日）川端康成著,四川人民出版社,2023-01-01,成都,241,I313.45,450611307655237,IB22G12
201018709,失落的秘符,9787020126972.0,外借,2024-10-23 17:38:20,79.0,(美)布朗著,人民文学出版社,2017-01-01,北京,503,I712.45,584699875364933,IB24G10
200954413,舞台灯光设计概要,9787104020578.0,归还,2024-10-23 17:58:48,46.0,冯德仲著,中国戏剧出版社,2007-01-01,北京,200,J814.4,584699880865861,IB24G10
200954413,舞台灯光设计概要,9787104020578.0,外借,2024-10-23 17:59:14,46.0,冯德仲著,中国戏剧出版社,2007-01-01,北京,200,J814.4,584699880865861,IB24G10
200986709,永恒的王妃,9787229143510.0,外借,2024-10-23 17:59:14,88.8,（英）格里高利著,重庆出版社,2021-01-01,重庆,435,I561.45,584699880865861,IB24G10
200873965,贫穷的本质 ,9787508687216.0,外借,2024-10-23 18:00:25,58.0,"(印)班纳吉 (Banerjee, Abhijit V.) 著", 中信出版集团股份有限公司,2018-01-01,北京 ,12317,F113.9,584699880865861,IB24G10
200689834,"Mythology: Timeless Tales of Gods and Heroes, 75th Anniversary Illustrated Edition",9780316438520.0,续借,2024-10-23 22:48:39,122.0,Edith Hamilton,Black Dog Books,2017-09-26,美国,,813.54,584699875807301,IB24G10
Z0064559,Physics-Giancoli,9780130606204.0,归还,2024-10-24 08:13:40,695.0,Douglas C.Giancoli,Pearson,2005-01-01,,946,IB-4-PH-5,450611276734533,IB22G12
200868677,存在主义心理学的邀请,9787559662347.0,续借,2024-10-24 10:23:30,59.0,（丹）雅各布森著,北京联合出版公司,2022-01-01,北京,19265,B84-066,584699836194885,IB24G10
200827436,剑桥艺术史·上,9787544792028.0,外借,2024-10-24 11:47:10,249.0,(美)伍德福德著,译林出版社,2023-01-01,南京,499,J110.9,450611283214405,IB22G12
200847183,爱你就像爱生命,9787530220252.0,外借,2024-10-24 11:54:59,49.0,王小波著,北京十月文艺出版社,2021-01-01,北京,212,K825.6,584699865239621,IB24G10
200834106,货币幻觉,9787559846402.0,外借,2024-10-24 12:10:13,59.0,（美）费雪著,广西师范大学出版社,2022-01-01,桂林,171,F82,584699861340229,IB24G10
200876436,谁动了我的奶酪?,9787521714586.0,外借,2024-10-24 12:11:01,45.0,（美）约翰逊著,中信出版集团股份有限公司,2020-01-01,北京,106,B825-49,584699865239621,IB24G10
201029779,当下的力量:白金版,9787508661766.0,外借,2024-10-24 12:11:06,59.0,(德)托利著;曹植译,中信出版社,2016-01-01,北京,260,B821-49,584699865239621,IB24G10
200872458,猫和狗的生活哲学,9787572604164.0,外借,2024-10-24 12:11:15,65.0,简单心理著,湖南文艺出版社,2022-01-01,长沙,294,B821-49,584699865239621,IB24G10
200866697,世界尽头的咖啡馆 ,9787201146171.0,外借,2024-10-24 12:11:21,45.0,"(美)施特雷勒基 (P. Strelecky, John 1969~) 著", 天津人民出版社,2019-01-01,天津 ,122,B821-49,584699865239621,IB24G10
200923411,人生无真相,9787559663283.0,外借,2024-10-24 12:11:25,59.0,南怀瑾著,北京联合出版公司,2022-01-01,北京,284,B821-49,584699865239621,IB24G10
200837087,伊朗简史,9787513932905.0,外借,2024-10-24 12:17:15,80.0,（英）阿克斯沃西著,民主与建设出版社有限责任公司,2020-01-01,北京,380,K373,584699851386949,IB24G10
201025602,AI经济,9787213100970.0,外借,2024-10-24 15:51:19,109.0,(英)布特尔著,浙江人民出版社,2021-01-01,杭州,352,F0-39,584699863109701,IB24G10
200804264,最后的讲义,9787556709434.0,外借,2024-10-24 15:51:20,42.0,西原理惠子著,海峡书局,2022-01-01,福州,118,B821-49,584699865239621,IB24G10
200804264,最后的讲义,9787556709434.0,归还,2024-10-24 15:51:36,42.0,西原理惠子著,海峡书局,2022-01-01,福州,118,B821-49,584699865239621,IB24G10
200953628,寻求平衡,9787211089819.0,外借,2024-10-24 15:55:19,56.0,贞尧仔著,福建人民出版社,2023-01-01,福州,350,B821-49,584699865239621,IB24G10
201051681,悲伤即成长,9787115598561.0,外借,2024-10-24 15:55:24,59.8,(美)芬奇著,人民邮电出版社,2022-01-01,北京,278,B821-49,584699865239621,IB24G10
200885300,"不完美,才美",9787550267381.0,外借,2024-10-24 15:55:29,55.0,海蓝博士著,北京联合出版公司,2016-01-01,北京,245,B821-49,584699865239621,IB24G10
200847209,黄金时代,9787530220290.0,外借,2024-10-24 16:05:14,59.0,王小波著,北京十月文艺出版社,2021-01-01,北京,244,I247.5,584699865665605,IB24G10
201022909,额尔古纳河右岸 ,9787020139590.0,外借,2024-10-24 16:05:14,32.0,迟子建 (1964~) 著, 人民文学出版社,2010-01-01,北京 ,266,I247.5,584699865665605,IB24G10
201037751,我们仨,9787108051714.0,外借,2024-10-24 16:05:14,35.0,杨绛著,生活·读书·新知三联书店,2016-01-01,北京,179,I267,584699865665605,IB24G10
200846549,百年孤独,9787544291170.0,外借,2024-10-24 16:14:00,55.0,(哥伦)马尔克斯,南海出版公司,2017-01-01,海口,360,I775.45,584699865665605,IB24G10
200876436,谁动了我的奶酪?,9787521714586.0,归还,2024-10-24 16:33:02,45.0,（美）约翰逊著,中信出版集团股份有限公司,2020-01-01,北京,106,B825-49,584699865239621,IB24G10
200872467,猫和狗的生活哲学,9787572604164.0,外借,2024-10-24 16:38:20,65.0,简单心理著,湖南文艺出版社,2022-01-01,长沙,294,B821-49,450611296985157,IB22G12
201306719,Signet Classics: Wuthering Heights,9780451531797.0,外借,2024-10-24 16:47:15,9.0,Emily Bronte,Signet,2011-03-01,美国,,823.8,584699856592965,IB24G10
200837103,希波战争,9787557027476.0,归还,2024-10-24 17:51:08,84.0,（英）格林著,广东旅游出版社,2022-01-01,广州,26434,K125,584699851386949,IB24G10
201301741,Brief Answers to the Big Questions,9781473695993.0,外借,2024-10-24 18:03:21,49.0,Stephen Hawking,John Murray Publisher,2020-03-05,英国,,500,584699851841605,IB24G10
201307488,55 Successful Harvard Law Essays （2nd Edition）,9781250047236.0,外借,2024-10-24 18:03:21,50.0,Staff of the Harvard Crimson,Square Fish,2014-07-08,美国,,340.07,584699851841605,IB24G10
201320089,Elon Musk: How the Billionaire CEO of SpaceX and ...,9780753555644.0,外借,2024-10-24 18:03:21,75.0,"Vance, Ashlee",Ebury Publishing,2016-03-10,,416,338.7629,584699851841605,IB24G10
200937709,论自由,9787502055394.0,续借,2024-10-24 22:32:42,35.0,（英）密尔著,煤炭工业出版社,2017-01-01,北京,274,D081,584699874275397,IB24G10
200882465,无知,9787532766390.0,归还,2024-10-25 06:53:52,68.0,昆德拉著,上海译文出版社,2014-01-01,上海,202,I565.45,584699859591237,IB24G10
200985808,我的世界观,9787100143288.0,归还,2024-10-25 06:53:52,46.0,（美）爱因斯坦著,商务印书馆,2018-01-01,北京,247,K837.126,584699859591237,IB24G10
200993096,天生有罪 ,9787201162638.0,归还,2024-10-25 09:19:02,68.0,"(南非)诺亚 (Noah, Trevor 1984.2-) 著", 天津人民出版社,2020-01-01,天津 ,294,I478.55,584699880624197,IB24G10
201017372,不原谅也没关系,9787571425517.0,外借,2024-10-25 09:20:41,89.0,(美)沃克著,北京科学技术出版社,2023-01-01,北京,344,R749.05,450611296985157,IB22G12
200964572,审美人类学,9787503971327.0,外借,2024-10-25 09:20:49,128.0,向丽著,文化艺术出版社,2022-01-01,北京,624,B83-05,450611296985157,IB22G12
200983766,希腊前的哲学,9787100187718.0,归还,2024-10-25 09:47:07,75.0,（美）米罗普著,商务印书馆,2020-01-01,北京,320,B302,455798096085061,IB23G11
201048197,精神病学史 ：从收容院到百忧解,9787542858658.0,归还,2024-10-25 11:06:06,88.0,"(美)爱德华·肖特 (Shorter, Edward， 1941~) 著", 上海科技教育出版社,2017-01-01,上海 ,15593,R74-09,584699852693573,IB24G10
201617679,我们生活在巨大的差距里,9787530223970.0,外借,2024-10-25 11:12:22,59.0,余华 著,北京十月文艺出版社 ,2024-01-01,北京 ,280,I267.1,584699865239621,IB24G10
200856635,卡夫卡小说全集. 变形记,9787532787654.0,外借,2024-10-25 11:16:12,110.0,(奥)卡夫卡著　张荣昌译,上海译文出版社,2021-01-01,上海,555,I521.44,584699852693573,IB24G10
200901783,索姆河战役,9787515103884.0,外借,2024-10-25 11:16:25,34.8,段雪莲著,西苑出版社,2013-01-01,北京,272,E194.4,584699852693573,IB24G10
200974204,曹禺戏剧选 ,9787530221020.0,外借,2024-10-25 11:16:25,69.8,曹禺 (1910~1996) 著, 北京十月文艺出版社,2021-01-01,北京 ,598,I234,584699852693573,IB24G10
201006883,索姆河战役,9787507551570.0,外借,2024-10-25 11:16:25,75.0,巴肯著,华文出版社,2019-01-01,北京,262,E194.4,584699852693573,IB24G10
200924955,苦炼,9787542674173.0,外借,2024-10-25 11:37:43,68.0,（法）尤瑟纳尔著,上海三联书店,2021-01-01,上海,403,I565.45,584699859378245,IB24G10
200887068,小径分岔的花园,9787532762897.0,归还,2024-10-25 12:13:06,35.0,(阿根廷)博尔赫斯著;王永年译,上海译文出版社,2015-01-01,上海,99,I783.45,455797921001541,IB23G11
200860238,阿莱夫,9787532773206.0,外借,2024-10-25 12:15:22,39.0,(阿根廷)博尔赫斯著;王永年等译,上海译文出版社,2017-01-01,上海,203,I783.15,455797921001541,IB23G11
200518001,进化心理学:第4版,9787100110532.0,归还,2024-10-25 13:45:03,88.0,(美)巴斯著,商务印书馆,2015-01-01,北京,513,B84,450611291877445,IB22G12
200904218,发现本草之旅. 壹 ,9787506791489.0,归还,2024-10-25 14:37:39,49.0,丁兆平 (196?~) 著, 中国医药科技出版社,2017-01-01,北京 ,10377,R282.7,455798033985605,IB23G11
200967392,文学术语词典,9787301249987.0,外借,2024-10-25 14:46:00,138.0,(美)艾布拉姆斯著;吴松江译,北京大学出版社,2014-01-01,北京,865,I-61,455797997994053,IB23G11
201011840,文学理论入门,9787544729666.0,外借,2024-10-25 14:46:00,39.0,(美)卡勒著;李平译,译林出版社,2013-01-01,南京,143,I0,455797997994053,IB23G11
201046073,给青年的二十七堂文学课,9787513136891.0,外借,2024-10-25 14:46:00,39.8,叶圣陶著,开明出版社,2017-01-01,北京,204,I-49,455797997994053,IB23G11
201051128,神雕侠侣 .3,9787546200705.0,续借,2024-10-27 19:57:17,36.25,金庸 著, 广州出版社,2010-01-01,广州,1564,I247.5,584699853152325,IB24G10
201051119,神雕侠侣 .2,9787546200705.0,续借,2024-10-27 19:57:20,36.25,金庸 著, 广州出版社,2010-01-01,广州,1564,I247.5,584699853152325,IB24G10
201022151,林家铺子,9787020142330.0,续借,2024-10-27 19:57:22,28.0,茅盾著,人民文学出版社,2021-01-01,北京,147,I246.7,584699853152325,IB24G10
201057462,如何阅读达尔文,9787568942515.0,续借,2024-10-27 21:50:11,52.0,(英)马克·里德利 ,重庆大学出版社 ,2024-01-01,重庆 ,17168,Q111.2,584699853369413,IB24G10
201325949,The Tree Book: The Inside Story of Our Greatest Species,9780241487556.0,续借,2024-10-27 21:50:11,136.0,DK,DK Publishing,2022-03-31,英国,,582.16,584699853369413,IB24G10
200916508,生物学之书,9787568900478.0,归还,2024-10-28 06:48:21,88.0,(美)杰拉尔德著;傅临春译,重庆大学出版社,2017-01-01,重庆,264,Q-49,584699859591237,IB24G10
200917437,"大秦帝国·第二部, 国命纵横. 上卷",9787208152472.0,归还,2024-10-28 07:24:50,58.0,孙皓晖著,上海人民出版社,2019-01-01,上海,426,I247.53,584699884843077,IB24G10
200917464,"大秦帝国·第二部, 国命纵横. 下卷",9787208152472.0,外借,2024-10-28 07:26:24,58.0,孙皓晖著,上海人民出版社,2019-01-01,上海,426,I247.53,584699884843077,IB24G10
200836337,斯泰尔斯庄园奇案,9787513341813.0,归还,2024-10-28 11:04:51,42.0,(英)克里斯蒂著,新星出版社,2020-01-01,北京,201,I561.45,450611289841733,IB22G12
200815314,普林斯顿微积分读本,9787115435590.0,归还,2024-10-28 11:24:24,99.0,"(美)班纳 (Banner, Adrian ) 著",人民邮电出版社,2016-01-01,北京,648,O172,584699854663749,IB24G10
200686686,never let me go,9780571224142.0,归还,2024-10-28 12:02:18,35.0,Kazuo Ishiguro,Faber and Faber,2006-03-14,英国,,823.91,584699856592965,IB24G10
200827098,娱乐何为,9787521704815.0,外借,2024-10-28 12:11:41,38.0,韩炳哲著,中信出版集团股份有限公司,2019-01-01,北京,190,B0,584699861340229,IB24G10
200987628,货币的购买力,9787100203944.0,外借,2024-10-28 12:11:41,86.0,（美）费雪著,商务印书馆,2021-01-01,北京,544,F820,584699861340229,IB24G10
200975640,没有人给他写信的上校,9787544292443.0,归还,2024-10-28 14:20:59,35.0,(哥伦)马尔克斯著,南海出版公司,2018-01-01,,109,I775.45,584699865665605,IB24G10
200846549,百年孤独,9787544291170.0,归还,2024-10-28 14:21:06,55.0,(哥伦)马尔克斯,南海出版公司,2017-01-01,海口,360,I775.45,584699865665605,IB24G10
201037751,我们仨,9787108051714.0,归还,2024-10-28 14:21:06,35.0,杨绛著,生活·读书·新知三联书店,2016-01-01,北京,179,I267,584699865665605,IB24G10
200862067,红与黑,9787532751228.0,归还,2024-10-28 14:21:16,35.0,(法)司汤达著,上海译文出版社,2010-01-01,上海,18537,I565.44,584699865665605,IB24G10
201024177,喧哗与骚动,9787020158584.0,归还,2024-10-28 14:21:16,49.0,(美)福克纳著,人民文学出版社,2019-01-01,北京,10367,I712.45,584699865665605,IB24G10
200986709,永恒的王妃,9787229143510.0,归还,2024-10-28 15:53:25,88.8,（英）格里高利著,重庆出版社,2021-01-01,重庆,435,I561.45,584699880865861,IB24G10
200699510,I Know This to Be True: Ruth Bader Ginsburg ( I Know This to Be True ),9781797200163.0,外借,2024-10-28 16:05:21,66.0,"Geoff Blackwell,Ruth Hobday",Chronicle Books,2020-03-24,美国,,347.73,584699880865861,IB24G10
200974222,阿勒泰的角落,9787513312530.0,外借,2024-10-28 16:05:21,36.0,李娟著,新星出版社,2013-01-01,北京,281,I267,584699880865861,IB24G10
200842393,古代法 ,9787100132183.0,归还,2024-10-28 16:34:42,37.0,"(英)梅因 (Maine, Henry Sumner 1822~1888) 著", 商务印书馆,2017-01-01,北京 ,17255,D909.9,455798092681285,IB23G11
200875963,基因：不平等的遗传,9787508680743.0,归还,2024-10-28 16:34:42,58.0,"(美)道尔顿·康利 (Conley, Dalton) 著", 中信出版集团股份有限公司,2018-01-01,北京 ,360,Q343.1-49,455798092681285,IB23G11
200972126,一战史 ,9787301297995.0,归还,2024-10-28 16:34:42,98.0,"(英)基根 (Keegan, John 1934~2012) 著", 北京大学出版社,2018-01-01,北京 ,429,K143,455798092681285,IB23G11
201011564,中国哲学简史,9787301215692.0,归还,2024-10-28 16:34:42,49.0,冯友兰著,北京大学出版社,2013-01-01,北京,325,B2,455798092681285,IB23G11
200972126,一战史 ,9787301297995.0,外借,2024-10-28 16:35:43,98.0,"(英)基根 (Keegan, John 1934~2012) 著", 北京大学出版社,2018-01-01,北京 ,429,K143,455798092681285,IB23G11
200875963,基因：不平等的遗传,9787508680743.0,外借,2024-10-28 16:36:06,58.0,"(美)道尔顿·康利 (Conley, Dalton) 著", 中信出版集团股份有限公司,2018-01-01,北京 ,360,Q343.1-49,455798092681285,IB23G11
200875963,基因：不平等的遗传,9787508680743.0,续借,2024-10-28 16:36:22,58.0,"(美)道尔顿·康利 (Conley, Dalton) 著", 中信出版集团股份有限公司,2018-01-01,北京 ,360,Q343.1-49,455798092681285,IB23G11
200972126,一战史 ,9787301297995.0,续借,2024-10-28 16:36:23,98.0,"(英)基根 (Keegan, John 1934~2012) 著", 北京大学出版社,2018-01-01,北京 ,429,K143,455798092681285,IB23G11
201011564,中国哲学简史,9787301215692.0,外借,2024-10-28 16:37:58,49.0,冯友兰著,北京大学出版社,2013-01-01,北京,325,B2,455798092681285,IB23G11
201011564,中国哲学简史,9787301215692.0,归还,2024-10-28 16:55:02,49.0,冯友兰著,北京大学出版社,2013-01-01,北京,325,B2,455798092681285,IB23G11
200814921,日军“慰安妇”研究,9787512636217.0,外借,2024-10-28 16:55:42,68.0,苏智良著,团结出版社,2015-01-01,北京,376,K313.46,455798092681285,IB23G11
200879923,从“童怀周”到审江青,9787515304717.0,外借,2024-10-28 16:55:48,31.0,汪文风著,中国青年出版社,2012-01-01,北京,236,D652,455798092681285,IB23G11
201031784,精英的傲慢,9787521731460.0,归还,2024-10-29 08:16:10,79.0,（美）桑德尔著,中信出版集团股份有限公司,2021-01-01,北京,26309,C91,450611279773765,IB22G12
200829915,现代拉丁美洲文学,9787544781015.0,归还,2024-10-29 08:56:39,39.0,(美)埃切维里亚著,译林出版社,2020-01-01,南京,126,I730.65,455797921001541,IB23G11
200829915,现代拉丁美洲文学,9787544781015.0,外借,2024-10-29 08:56:48,39.0,(美)埃切维里亚著,译林出版社,2020-01-01,南京,126,I730.65,455797921001541,IB23G11
200860238,阿莱夫,9787532773206.0,归还,2024-10-29 09:26:40,39.0,(阿根廷)博尔赫斯著;王永年等译,上海译文出版社,2017-01-01,上海,203,I783.15,455797921001541,IB23G11
200825946,神经漫游者,9787539951331.0,归还,2024-10-29 11:12:43,32.0,(美)吉布森著,江苏文艺出版社,2013-01-01,南京,325,I712.45,455798036811845,IB23G11
200856332,语言学,9787108069474.0,归还,2024-10-29 11:51:50,38.0,"(英)R. L. 特拉斯克 (Trask, R.L.) 文",生活·读书·新知三联书店,2020-01-01,北京,177,H0,584699864387653,IB24G10
200032035,Campbell Essential Biology (6th Edition),9780133917789.0,外借,2024-10-29 14:40:37,1060.0,Simon Dickey Hogan Reece,,,,452,IB-4-BI-2,584699868303429,IB24G10
201314595,Pearson Biology for the IB Diploma Standard Level,9781292427737.0,外借,2024-10-29 14:40:48,335.0,,Pearson Education Limited,2023-04-19,,656,IB-4-BI-2,584699870457925,IB24G10
200357817,Chemistry for the Ib Diploma Workbook With CD-ROM,9781316634950.0,外借,2024-10-29 14:41:05,186.0,"Paris, Jacqueline",Cambridge University Press,,,0,IB-4-CH-3,584699870457925,IB24G10
200927649,幽默,9787511740663.0,归还,2024-10-29 15:08:52,48.0,（英）伊格尔顿著,中央编译出版社,2022-01-01,北京,170,C912.3,450611279773765,IB22G12
201312757,Literary Theory: A Very Short Introduction,9780199691340.0,外借,2024-10-29 15:16:17,48.0,Jonathan Culler,Oxford University Press UK,2011-07-28,英国,,801.95,450611283214405,IB22G12
200860390,另一个，同一个,9787532772520.0,外借,2024-10-29 16:17:25,41.0,(阿根廷)博尔赫斯著,上海译文出版社,2016-01-01,上海,74,I783.15,450611279773765,IB22G12
201049908,万物归一,9787559823168.0,外借,2024-10-29 16:20:56,45.0,（美）狄勒德著,广西师范大学出版社,2022-01-01,桂林,110,I712.65,450611279773765,IB22G12
200872797,伊斯坦布尔三城记 ,9787542667076.0,外借,2024-10-29 16:33:03,138.0,"(英)贝塔妮·休斯 (Hughes, Bettany) 著", 上海三联书店,2019-01-01,上海 ,650,K937.4,450611289841733,IB22G12
200884070,心理神探:我与FBI心理画像术,9787532775644.0,归还,2024-10-29 17:35:13,58.0,(美)道格拉斯,上海译文出版社,2017-01-01,上海,384,I712.45,584699864387653,IB24G10
200857885,好笑的爱,9787532789955.0,归还,2024-10-29 17:52:49,72.0,（法）昆德拉著,上海译文出版社有限公司,2022-01-01,上海,347,I565.45,584699859378245,IB24G10
200859641,想象,9787532764082.0,归还,2024-10-29 17:52:49,48.0,(法)萨特著　杜小真译,上海译文出版社,2014-01-01,上海,188,B565.53,584699859378245,IB24G10
200860880,童话的心理分析,9787108070777.0,归还,2024-10-30 07:32:39,39.0,(瑞士)卡斯特著,生活·读书·新知三联书店,2021-01-01,北京,184,B84-069,584699887439941,IB24G10
201004554,福柯,9787568918626.0,归还,2024-10-30 13:34:16,48.0,泰勒著,重庆大学出版社,2019-01-01,重庆,253,B565.59,584699859378245,IB24G10
201043922,规训与惩罚,9787108065841.0,归还,2024-10-30 13:34:16,58.0,(法)福柯 著,生活·读书·新知三联书店,2019-01-01,北京,353,B565.59,584699859378245,IB24G10
200831920,古董局中局.1,9787540486075.0,归还,2024-10-30 15:04:18,45.0,马伯庸著,湖南文艺出版社,2018-01-01,长沙,293,I247.5,455798059569221,IB23G11
201049908,万物归一,9787559823168.0,归还,2024-10-30 16:35:02,45.0,（美）狄勒德著,广西师范大学出版社,2022-01-01,桂林,110,I712.65,450611279773765,IB22G12
200870352,新哲人,9787521743920.0,外借,2024-10-30 17:06:28,59.0,澳大利亚新哲人编辑部著,中信出版集团股份有限公司,2022-01-01,北京,132,B1,584699859378245,IB24G10
200977997,存在与时间,9787559814487.0,外借,2024-10-30 17:06:28,45.0,陈嘉映著,广西师范大学出版社,2019-01-01,桂林,317,B086,584699859378245,IB24G10
200856207,康德 ,9787108065490.0,外借,2024-10-30 17:12:07,32.0,"库尔-旺特 (Kul-Want, Christopher) (英) 文", 生活·读书·新知三联书店,2019-01-01,北京 ,177,B516.31,450611279773765,IB22G12
200801356,制造宠物,9787545219531.0,外借,2024-10-30 17:18:00,78.0,（美）段义孚著,上海光启书局有限公司,2022-01-01,上海,10300,S865.3-091,455798092681285,IB23G11
200801356,制造宠物,9787545219531.0,续借,2024-10-30 17:18:13,78.0,（美）段义孚著,上海光启书局有限公司,2022-01-01,上海,10300,S865.3-091,455798092681285,IB23G11
200879923,从“童怀周”到审江青,9787515304717.0,续借,2024-10-30 17:18:15,31.0,汪文风著,中国青年出版社,2012-01-01,北京,236,D652,455798092681285,IB23G11
200814921,日军“慰安妇”研究,9787512636217.0,续借,2024-10-30 17:18:17,68.0,苏智良著,团结出版社,2015-01-01,北京,376,K313.46,455798092681285,IB23G11
200686686,never let me go,9780571224142.0,外借,2024-10-30 17:25:33,35.0,Kazuo Ishiguro,Faber and Faber,2006-03-14,英国,,823.91,584699852693573,IB24G10
200870307,星空故事：88站夜空漫游指南,9787559630148.0,外借,2024-10-30 17:58:56,326.0,"(英)苏珊娜·希斯洛普 (Hislop, Susanna) 著", 北京联合出版公司,2019-01-01,北京 ,197,P151-49,584699875807301,IB24G10
200990008,时间简史,9787535732309.0,外借,2024-10-30 17:59:12,45.0,(英)霍金著;许明贤译,湖南科学技术出版社,2007-01-01,长沙,245,P159,584699875807301,IB24G10
201034665,从到1:开启商业与未来的秘密,9787508649719.0,外借,2024-10-31 07:27:09,69.0,"(美)蒂尔著,高玉芳译",中信出版社,2015-01-01,北京,260,F270,584699871535173,IB24G10
200870352,新哲人,9787521743920.0,归还,2024-10-31 07:56:16,59.0,澳大利亚新哲人编辑部著,中信出版集团股份有限公司,2022-01-01,北京,132,B1,584699859378245,IB24G10
200858330,江城 ,9787532756728.0,归还,2024-10-31 07:57:22,45.0,"(美)彼得·海斯勒 (Hessler, Peter) 著", 上海译文出版社,2012-01-01,上海 ,446,I712.65,584699857461317,IB24G10
201312631,The Habsburg Empire: A Very Short Introduction,9780198792963.0,归还,2024-10-31 08:46:01,48.0,Martyn Rady,Oxford University Press UK,2017-06-01,英国,,943.60,584699839656005,IB24G10
200686891,The Pursuit of Glory,9780140166675.0,外借,2024-10-31 08:54:14,100.0,"Blanning, Tim",penguin uk,2008-02-28,英国,,940.25,584699839656005,IB24G10
201008970,乡土中国,9787301174821.0,归还,2024-10-31 11:39:55,26.0,费孝通,北京大学出版社,2012-01-01,北京,185,C912.82,584699876245573,IB24G10
200990008,时间简史,9787535732309.0,归还,2024-10-31 14:55:53,45.0,(英)霍金著;许明贤译,湖南科学技术出版社,2007-01-01,长沙,245,P159,584699875807301,IB24G10
201318591,The Bell Jar,9780061148514.0,外借,2024-10-31 15:07:03,83.0,"Plath, Sylvia",Harper Perennial,2013-06-11,New York,243,813.54,450611288834117,IB22G12
200890946,索拉里斯星 ,9787544782173.0,外借,2024-10-31 16:04:58,49.0,"(波)斯坦尼斯瓦夫·莱姆(Lem, Stanislaw) 著", 译林出版社,2021-01-01,南京 ,254,I513.45,455798036811845,IB23G11
200907082,平面设计完全手册,9787530470954.0,外借,2024-10-31 17:44:21,89.0,(德)韦格著,北京科学技术出版社,2017-01-01,北京,470,J506,450611279773765,IB22G12
201008435,犬儒主义,9787100215220.0,归还,2024-10-31 17:51:19,75.0,（英）艾伦著,商务印书馆,2023-01-01,北京,10333,B502.25,584699861790789,IB24G10
201034781,透过佛法看世界:给寻找答案的人,9787508646978.0,外借,2024-11-01 07:40:55,39.8,希阿荣博堪布著,中信出版社,2014-01-01,北京,321,B948,450611290882117,IB22G12
200825928,查理一世,9787545562354.0,外借,2024-11-01 08:08:59,88.0,(英）莱尔著,天地出版社,2021-01-01,成都,11414,K835.61,584699846684741,IB24G10
200912085,叔本华思想随笔,9787208157415.0,外借,2024-11-01 08:52:21,78.0,（德）叔本华著,上海人民出版社,2019-01-01,上海,346,B516.41,584699854663749,IB24G10
200919792,灿烂千阳,9787208072107.0,外借,2024-11-01 09:54:39,49.0,"(美)胡赛尼 (Hosseini, Khaled 1965~) 著", 上海人民出版社,2007-01-01,上海,428,I712.45,584699880624197,IB24G10
200895059,云彩收集者手册 ,9787544771344.0,归还,2024-11-01 10:15:18,45.0,"(美)普雷托尔－平尼 (Pretor-Pinney, Gavin) 著", 译林出版社,2018-01-01,南京 ,111,P426.5,584699853803589,IB24G10
200847361,流俗地 ,9787530221280.0,归还,2024-11-01 10:15:24,55.0,(马来)黎紫书 (女， 1971~) 著, 北京十月文艺出版社,2021-01-01,北京 ,29476,I338.45,584699853803589,IB24G10
200802266,思考就是我的抵抗,9787521745986.0,归还,2024-11-01 10:15:28,49.0,（英）吴尔夫著,中信出版集团股份有限公司,2022-01-01,北京,248,I561.65,584699853803589,IB24G10
200927328,雨,9787220105135.0,归还,2024-11-01 10:15:31,38.0,（马来）黄锦树著,四川人民出版社,2018-01-01,成都,270,I338.45,584699853803589,IB24G10
200869337,漫长的余生 : 一个北魏宫女和她的时代,9787547743126.0,归还,2024-11-01 10:15:34,65.0,罗新 (1963~) 著,北京日报出版社,2022-01-01,北京,322,K239.210.7,584699853803589,IB24G10
200967926,基础有机化学. 上册 ,9787301272121.0,归还,2024-11-01 11:07:06,89.0,邢其毅 (1911~2002) 著, 北京大学出版社,2016-01-01,北京 ,10660,O62,584699859591237,IB24G10
201021731,陈阅增普通生物学 ,9787040396317.0,归还,2024-11-01 11:07:06,59.0,吴相钰 (1924~) 主编, 高等教育出版社,2014-01-01,北京 ,539,Q1,584699859591237,IB24G10
200879781,海浪 ,9787532757459.0,外借,2024-11-01 11:07:51,45.0,"(英)弗吉尼亚·吴尔夫 (女，Woolf, Virginia 1882~1941) 著", 上海译文出版社,2012-01-01,上海 ,11271,I561.45,584699859378245,IB24G10
200973358,欧洲的黄昏,9787547318621.0,续借,2024-11-01 11:29:31,45.0,(保加利亚)克拉斯特耶夫著,东方出版中心,2021-01-01,上海,16153,D75,584699845550149,IB24G10
200192594,国际文凭大学预科项目中文A课程文学术语手册,9789620440151.0,外借,2024-11-01 12:36:21,95.0,董宁著,三联书店(香港)有限公司,2016-01-01,香港,309,IB-1-CH-1,455797975019589,IB23G11
200822191,失落的一代：中国的上山下乡运动(1968~198),9787500092445.0,归还,2024-11-01 14:56:04,54.0,（法）潘鸣啸著,中国大百科全书出版社,2013-01-01,北京,453,D432.9,584699873386565,IB24G10
200873206,从夸克到宇宙 ,9787559656599.0,归还,2024-11-04 09:37:23,128.0,(美)林肯著,北京联合出版公司,2022-01-01,北京,566,O572.2-49,455798066937925,IB23G11
200938441,粒子物理论,9787111543428.0,归还,2024-11-04 09:37:23,89.0,(美)大卫著;王青译,机械工业出版社,2016-01-01,北京,353,O572.2,455798066937925,IB23G11
200987218,红与黑,9787201108186.0,归还,2024-11-04 10:49:24,42.0,(法)司汤达著;罗新璋译,天津人民出版社,2016-01-01,天津,471,I565.44,584699858526277,IB24G10
200987218,红与黑,9787201108186.0,外借,2024-11-04 10:49:38,42.0,(法)司汤达著;罗新璋译,天津人民出版社,2016-01-01,天津,471,I565.44,584699858526277,IB24G10
200948699,基因开关,9787500170952.0,外借,2024-11-04 10:58:50,58.0,（日）生田哲著,中译出版社,2022-01-01,北京,12197,Q3-49,584699859591237,IB24G10
201311847,The Chalk Man,9781405930956.0,外借,2024-11-04 11:27:30,35.0,CJ Tudor,Penguin UK,2018-08-23,英国,,823.92,584699842498629,IB24G10
200979968,国王的两个身体,9787552024494.0,归还,2024-11-04 13:01:28,188.0,（德）坎托洛维奇著,上海社会科学院出版社,2020-01-01,上海,4610863,D751.69,584699851386949,IB24G10
200815314,普林斯顿微积分读本,9787115435590.0,外借,2024-11-04 15:16:27,99.0,"(美)班纳 (Banner, Adrian ) 著",人民邮电出版社,2016-01-01,北京,648,O172,584699859378245,IB24G10
200974222,阿勒泰的角落,9787513312530.0,归还,2024-11-04 16:27:21,36.0,李娟著,新星出版社,2013-01-01,北京,281,I267,584699880865861,IB24G10
200699510,I Know This to Be True: Ruth Bader Ginsburg ( I Know This to Be True ),9781797200163.0,归还,2024-11-04 16:27:27,66.0,"Geoff Blackwell,Ruth Hobday",Chronicle Books,2020-03-24,美国,,347.73,584699880865861,IB24G10
201324209,"The new Avengers : Vol. 8,. Secret invasion book 1",9780785132974.0,外借,2024-11-04 16:31:44,73.0,"Bendis, Brian Michael",,,,,741.5973,450611283214405,IB22G12
200815378,牛奶可乐经济学,9787550292505.0,归还,2024-11-04 17:21:39,49.9,(美)弗兰克著;闾佳译,北京联合出版公司,2017-01-01,北京,230,F0-49,584699877527621,IB24G10
200850409,鹿鼎记 .一,9787546213415.0,外借,2024-11-04 17:42:51,36.0,金庸 (1924~2018) 著, 广州出版社,2013-01-01,广州 ,1823,I247.5,584699851386949,IB24G10
200864788,平原上的摩西,9787547737941.0,续借,2024-11-04 19:14:19,59.0,双雪涛 (1983~) 著,北京日报出版社,2021-01-01,北京,282,I247.7,584699858317381,IB24G10
201301938,Philosophy of Science: Very Short Introduction,9780198745587.0,续借,2024-11-04 19:14:46,53.0,"Okasha, Samir",Oxford University Press UK,2016-07-28,英国,,193,584699858317381,IB24G10
200833811,性学三论,9787533941628.0,续借,2024-11-04 19:14:51,32.0,（奥）弗洛伊德著,浙江文艺出版社,2015-01-01,杭州,222,C913.14,584699858317381,IB24G10
200885051,时代的精神状况,9787532761371.0,归还,2024-11-04 19:17:22,48.0,"德 雅斯贝尔斯 Jaspers, Karl 1883-1969)(著)",上海译文出版社,2013-01-01,上海,249,B516.53,584699858317381,IB24G10
201042371,棋王树王孩子王 ,9787539990583.0,归还,2024-11-04 19:17:22,38.0,阿城 (1949~) 著, 江苏凤凰文艺出版社,2016-01-01,南京 ,179,I247.57,584699858317381,IB24G10
201300653,Little Fires Everywhere(EXP),9780735224315.0,归还,2024-11-04 19:17:22,49.0,Celeste Ng,Penguin USA,2019-05-07,美国,,813.6,584699858317381,IB24G10
201024202,后翼弃兵,9787020161140.0,归还,2024-11-04 19:17:32,55.0,(美)特维斯著,人民文学出版社,2022-01-01,北京,397,I712.45,584699857883205,IB24G10
200879781,海浪 ,9787532757459.0,归还,2024-11-04 19:33:29,45.0,"(英)弗吉尼亚·吴尔夫 (女，Woolf, Virginia 1882~1941) 著", 上海译文出版社,2012-01-01,上海 ,11271,I561.45,584699859378245,IB24G10
200879790,空间的诗学,9787532761913.0,外借,2024-11-04 19:40:27,43.0,(法)巴什拉著　张逸婧译,上海译文出版社,2013-01-01,上海,312,B565.59,584699859378245,IB24G10
Z0032294,现代高级英汉·汉英类义联想词典,7535128629.0,外借,2024-11-05 10:46:03,98.0,胡汉舫,湖北教育出版社,2002-01-01,武汉,1718,H316,450611250929733,IB22G12
200319921,牛津袖珍英汉双解词·第11版,9787521300628.0,外借,2024-11-05 10:46:26,75.9,(英)莫里斯·韦斯主编,外语教学与研究出版社,2018-01-01,北京,1562,H316,450611250929733,IB22G12
Z0035221,汉英词典,7560013252.0,外借,2024-11-05 10:46:33,69.9,"北京外国语大学,英语系词典组编",外语教学与研究出版社,1997-01-01,北京,1752,H316,450611250929733,IB22G12
Z0064962,精选英汉汉英词典(第4版),7100059453.0,外借,2024-11-05 10:47:42,48.0,吴景荣等编,商务印书馆,2010-01-01,北京,696,H316,450611250929733,IB22G12
200850409,鹿鼎记 .一,9787546213415.0,归还,2024-11-05 11:16:51,36.0,金庸 (1924~2018) 著, 广州出版社,2013-01-01,广州 ,1823,I247.5,584699851386949,IB24G10
Z0064962,精选英汉汉英词典(第4版),7100059453.0,归还,2024-11-05 14:06:42,48.0,吴景荣等编,商务印书馆,2010-01-01,北京,696,H316,450611250929733,IB22G12
200319921,牛津袖珍英汉双解词·第11版,9787521300628.0,归还,2024-11-05 14:06:51,75.9,(英)莫里斯·韦斯主编,外语教学与研究出版社,2018-01-01,北京,1562,H316,450611250929733,IB22G12
Z0035221,汉英词典,7560013252.0,归还,2024-11-05 14:06:53,69.9,"北京外国语大学,英语系词典组编",外语教学与研究出版社,1997-01-01,北京,1752,H316,450611250929733,IB22G12
Z0032294,现代高级英汉·汉英类义联想词典,7535128629.0,归还,2024-11-05 14:06:59,98.0,胡汉舫,湖北教育出版社,2002-01-01,武汉,1718,H316,450611250929733,IB22G12
200857180,纯真年代,9787532773459.0,外借,2024-11-05 16:03:32,48.0,(美)华顿著　吴其尧译,上海译文出版社,2017-01-01,上海,388,I712.45,584699859378245,IB24G10
200877462,牛虻,9787532778317.0,外借,2024-11-05 16:03:39,30.0,(爱尔兰)伏尼契著,上海译文出版社,2018-01-01,上海,351,I562.44,584699859378245,IB24G10
200879629,印度,9787532786992.0,外借,2024-11-05 16:03:46,68.0,（法）杜拉斯著,上海译文出版社,2020-01-01,上海,460,I565.35,584699859378245,IB24G10
200973358,欧洲的黄昏,9787547318621.0,归还,2024-11-05 16:38:10,45.0,(保加利亚)克拉斯特耶夫著,东方出版中心,2021-01-01,上海,16153,D75,584699845550149,IB24G10
200861745,罪与罚,9787532752485.0,外借,2024-11-05 16:52:52,42.0,(俄)陀思妥耶夫斯基著,上海译文出版社,2011-01-01,上海,532,I512.44,584699851386949,IB24G10
200948699,基因开关,9787500170952.0,归还,2024-11-05 17:39:46,58.0,（日）生田哲著,中译出版社,2022-01-01,北京,12197,Q3-49,584699859591237,IB24G10
201031070,净化基因,9787521715118.0,外借,2024-11-05 19:58:38,65.0,"(美)本·林奇 (Lynch, Ben 1974~) 著", 中信出版集团股份有限公司,2020-01-01,北京 ,442,Q343.1,584699859591237,IB24G10
201058595,一个人的美食跑跑跑,9787535666031.0,外借,2024-11-05 20:26:18,45.0,(日)高木直子编,湖南美术出版社,2013-01-01,长沙,169,J238.2,455798057603141,IB23G11
200861790,都柏林人,9787532773442.0,外借,2024-11-05 20:33:38,32.0,(爱尔兰)乔伊斯著;王逢振译,上海译文出版社,2016-01-01,上海,230,I562.45,455798058967109,IB23G11
201058568,一个人暖呼呼,9787550289215.0,外借,2024-11-05 20:34:17,49.9,（日）高木直子著,北京联合出版公司,2016-01-01,北京,173,J238.2,455798058967109,IB23G11
200697157,The Masque of the Red Death,9780241573754.0,续借,2024-11-06 10:59:52,47.0,Edgar Allan Poe,Penguin UK,2022-08-25,英国,,813.3,455798118166597,IB23G11
201322087,Born a crime : stories from a South African childhood,9780399588198.0,续借,2024-11-06 10:59:55,120.0,"Noah, Trevor, 1984-",Karl Blessing Verlag GmbH,2016-01-01,New York,288,791.450,455798118166597,IB23G11
200803791,给青年人的哲学十二讲,9787556129133.0,归还,2024-11-06 15:29:36,49.0,（德）雅斯贝尔斯著,湖南人民出版社,2022-01-01,长沙,199,B-49,584699862896709,IB24G10
200987021,微积分的计算：数理经济学与统计经济学辅助教程 ,9787100205900.0,外借,2024-11-06 15:43:41,26.0,"(美) 费雪( Fisher, Irving)著",商务印书馆,2022-01-01,北京,89,O172,584699862896709,IB24G10
201035842,Python编程 ：从入门到实践,9787115546081.0,续借,2024-11-06 17:10:33,109.8,"(美)马瑟斯 (Matthes, Eric) 著", 人民邮电出版社,2020-01-01,北京 ,18444,TP311.561,584699848413253,IB24G10
201053340,云边有个小卖部,9787540487645.0,续借,2024-11-06 17:10:36,42.0,张嘉佳著,湖南文艺出版社,2018-01-01,长沙,306,I247.5,584699848413253,IB24G10
200888209,无人生还,9787513335287.0,归还,2024-11-06 19:02:51,49.0,9英克里斯蒂著,新星出版社,2019-01-01,北京,280,I561.45,450611285540933,IB22G12
200983472,垃圾DNA ,9787229117498.0,外借,2024-11-06 19:43:52,39.8,"(英)内莎·凯里 (女，Carey, Nessa) 著", 重庆出版社,2017-01-01,重庆 ,220,Q523-49,584699859591237,IB24G10
200689362,The Ender Quintet #5： Ender in Exile,9781250773111.0,外借,2024-11-06 19:52:11,31.0,Orson Scott Card,TOR Books,2021-08-24,美国,,813.54,584699874517061,IB24G10
200693160,The Lost Symbol,9781400079148.0,外借,2024-11-06 19:52:11,38.0,Dan Brown,Anchor Books,2010-10-19,美国,,813.54,584699874517061,IB24G10
201046643,悖论与谬误 ,9787542872326.0,归还,2024-11-06 20:32:31,55.0,"(美)马丁·加德纳 (Gardner, Martin) 著", 上海科技教育出版社有限公司,2020-01-01,上海 ,245,O1-49,450611294101573,IB22G12
200880591,香水,9787532745449.0,外借,2024-11-06 20:46:53,48.0,(德)聚斯金德著;李清华译,上海译文出版社,2014-01-01,上海,272,I516.45,455798081712197,IB23G11
200981278,香水 : 气味的炼金术,9787559835352.0,外借,2024-11-07 09:25:26,98.0,"(法)让-克罗德·艾列纳 (Ellena, Jean-Claude) (1947~) 著",广西师范大学出版社,2021-01-01,桂林,363,TQ658.1,450611328335941,IB22G12
201047704,农场,9787540482862.0,归还,2024-11-07 09:36:22,42.0,(英)史密斯著,湖南文艺出版社,2017-01-01,长沙,315,I561.45,584699868303429,IB24G10
200032053,Campbell Essential Biology (6th Edition),9780133917789.0,外借,2024-11-07 09:40:10,1060.0,Simon Dickey Hogan Reece,,,,452,IB-4-BI-2,584699868303429,IB24G10
200869872,窄门,9787568287500.0,归还,2024-11-07 10:12:46,33.0,(法）纪德著,北京理工大学出版社有限责任公司,2021-01-01,北京,180,I565.45,455798075973701,IB23G11
201324771,The Picture of Dorian Gray (Wordsworth Classics),9781853260155.0,归还,2024-11-07 10:12:49,32.0,Oscar Wilde,Wordsworth,1992-05-05,英国,,823.8,455798075973701,IB23G11
200870744,遮蔽的天空,9787559418371.0,归还,2024-11-07 10:17:08,49.0,(美)鲍尔斯著;阳曦译,江苏凤凰文艺出版社,2018-01-01,南京,370,I712.45,455798116724805,IB23G11
200870744,遮蔽的天空,9787559418371.0,外借,2024-11-07 10:17:18,49.0,(美)鲍尔斯著;阳曦译,江苏凤凰文艺出版社,2018-01-01,南京,370,I712.45,455798116724805,IB23G11
201301858,The Picture of Dorian Gray,9780785839972.0,外借,2024-11-07 10:17:18,42.0,Oscar Wilde,Chartwell Books,2021-10-19,英国,,823.8,455798116724805,IB23G11
200850427,鹿鼎记 .三,9787546213415.0,外借,2024-11-07 11:10:36,36.0,金庸 (1924~2018) 著, 广州出版社,2013-01-01,广州 ,1823,I247.5,584699851386949,IB24G10
201000040,维特根斯坦的维也纳,9787540778903.0,外借,2024-11-07 11:38:15,59.0,(美)雅尼克著,漓江出版社有限公司,2016-01-01,桂林,399,B561.59,584699887661125,IB24G10
200854520,鼠疫,9787532752508.0,续借,2024-11-07 11:40:03,28.0,(法)加缪著,上海译文出版社,2011-01-01,上海,233,I565.45,584699887661125,IB24G10
200825651,武曌,9787520121521.0,外借,2024-11-07 12:54:24,59.0,（美）罗汉著,社会科学文献出版社,2018-01-01,北京,10264,K827,455798092681285,IB23G11
200835329,腓特烈大王 ,9787559831323.0,外借,2024-11-07 12:54:35,29.0,"(德)约翰内斯·库尼施 (Kunisch ,Johannes) 著", 广西师范大学出版社,2021-01-01,桂林 ,149,K516.42,455798092681285,IB23G11
200835329,腓特烈大王 ,9787559831323.0,续借,2024-11-07 12:54:58,29.0,"(德)约翰内斯·库尼施 (Kunisch ,Johannes) 著", 广西师范大学出版社,2021-01-01,桂林 ,149,K516.42,455798092681285,IB23G11
200825651,武曌,9787520121521.0,续借,2024-11-07 12:54:59,59.0,（美）罗汉著,社会科学文献出版社,2018-01-01,北京,10264,K827,455798092681285,IB23G11
200850427,鹿鼎记 .三,9787546213415.0,归还,2024-11-07 13:14:00,36.0,金庸 (1924~2018) 著, 广州出版社,2013-01-01,广州 ,1823,I247.5,584699851386949,IB24G10
200975098,原野,9787530217306.0,归还,2024-11-07 14:35:12,36.0,曹禺著,北京十月文艺出版社,2018-01-01,北京,246,I234,450611325075525,IB22G12
201307718,A portrait of the artist as a young man,9780143108245.0,归还,2024-11-07 14:35:12,49.0,JamesJoyce,Penguin USA,2016-05-24,美国,,823.91,450611325075525,IB22G12
Z0065438,三十六大,9787533935030.0,归还,2024-11-07 14:55:35,36.0,冯唐著,浙江文艺出版社,2012-01-01,杭州,186,I267.1,450611332591685,IB22G12
200917482,"大秦帝国·第三部, 金戈铁马. 上卷",9787208152472.0,外借,2024-11-07 15:17:56,58.0,孙皓晖著,上海人民出版社,2019-01-01,上海,426,I247.53,584699884843077,IB24G10
200842437,爱弥儿 .上卷,9787100132237.0,外借,2024-11-07 15:18:10,49.5,"(法)卢梭 (Rousseau, Jean-Jacques 1712~1778) 著", 商务印书馆,2017-01-01,北京 ,897,G40-095.65,455797950369861,IB23G11
200869364,哲学小史,9787547739617.0,外借,2024-11-07 15:25:00,49.0,（英）沃伯顿著,北京日报出版社,2021-01-01,北京,313,B5-49,584699874275397,IB24G10
200032053,Campbell Essential Biology (6th Edition),9780133917789.0,归还,2024-11-07 15:48:50,1060.0,Simon Dickey Hogan Reece,,,,452,IB-4-BI-2,584699868303429,IB24G10
200916063,霍比特人:精装插图本,9787208111103.0,归还,2024-11-07 16:23:46,78.0,(英)托尔金著　(英)李图　吴刚译,上海人民出版社,2013-01-01,上海,411,I561.45,584699885707333,IB24G10
200883758,银河系搭车客指南.1,9787532764655.0,外借,2024-11-07 16:38:41,53.6,(英)亚当斯著;姚向辉译,上海译文出版社,2014-01-01,上海,279,I561.45,584699845550149,IB24G10
201308904,The Cider House Rules,9780552992046.0,归还,2024-11-07 16:42:11,38.0,John Irving,Black Swan Books,2010-07-29,英国,,813.54,584699837497413,IB24G10
201017112,少年、胭脂与灵怪,9787521732962.0,归还,2024-11-07 16:42:20,49.0,周恺著,中信出版集团股份有限公司,2021-01-01,北京,209,I247.7,584699837497413,IB24G10
200876178,心流:最优体验心理学,9787508675534.0,外借,2024-11-07 17:04:00,49.0,(美)契克森米哈赖著;张定绮译,中信出版社,2017-01-01,北京,381,B84-49,584699880865861,IB24G10
201319563,Little Book of Politics,9780241426432.0,归还,2024-11-07 17:04:25,45.0,DK,Dorling Kindersley Ltd,2020-05-07,美国,,320,450611325075525,IB22G12
201322498,Macbeth,9780007350988.0,归还,2024-11-07 17:04:25,10.0,"Shakespeare, William",William Collins,2016-09-06,,288,822.33,450611325075525,IB22G12
200975098,原野,9787530217306.0,外借,2024-11-07 17:06:03,36.0,曹禺著,北京十月文艺出版社,2018-01-01,北京,246,I234,450611325075525,IB22G12
201319563,Little Book of Politics,9780241426432.0,外借,2024-11-07 17:06:09,45.0,DK,Dorling Kindersley Ltd,2020-05-07,美国,,320,450611325075525,IB22G12
200949055,文学批评入门,9787576004441.0,外借,2024-11-07 17:06:12,54.0,汤拥华 (1976~) 著,华东师范大学出版社,2020-01-01,上海,300,I06,450611325075525,IB22G12
200996592,数学史话 ,9787543978140.0,归还,2024-11-07 17:27:49,88.0,王渝生 (1943.8~) 编著, 上海科学技术文献出版社,2019-01-01,上海 ,320,O112-49,450611286782021,IB22G12
200871226,数学史,9787520007306.0,归还,2024-11-07 17:27:54,99.0,(美)卡约里著,中国大地出版社,2022-01-01,北京,541,O11,450611286782021,IB22G12
201041130,古今数学思想·第一册,9787547817179.0,归还,2024-11-07 17:27:58,78.0,"(美)克莱因著;张理京等译;张理京, 张锦炎,",上海科学技术出版社,2014-01-01,上海,324,O11,450611286782021,IB22G12
200839673,罗马元老院与人民：一部古罗马史,9787513922494.0,外借,2024-11-07 17:28:35,118.0,"(英)玛丽·比尔德 (Beard, Mary 1955~) 著", 民主与建设出版社有限责任公司,2018-01-01,北京 ,17599,K126-49,450611286782021,IB22G12
201323317,The A.B.C. murders,9780062930484.0,外借,2024-11-07 17:36:19,105.0,"Christie, Agatha",William Morrow,2019-01-01,New York,252,823.912,584699863957573,IB24G10
200869569,刀锋,9787547744581.0,外借,2024-11-07 17:39:19,76.0,(英)毛姆著,北京日报出版社,2023-01-01,北京,472,I561.45,517464412696645,IB23G11
200989243,牛奶可乐经济学 2,9787550292512.0,归还,2024-11-07 17:44:20,49.9,(美)罗伯特·弗兰克(Robert H. Frank)著 ,北京联合出版公司,2017-01-01,北京,248,F0-49,455798066937925,IB23G11
201500508,Oxford Resources for IB DP Environmental Systems and Societies: Course Book,9781382044011.0,归还,2024-11-07 17:44:20,468.0,Williams,"Oxford University Press, USA",2024-02-29,,792,IB-4-SC-1,455798066937925,IB23G11
200989243,牛奶可乐经济学 2,9787550292512.0,外借,2024-11-07 17:44:35,49.9,(美)罗伯特·弗兰克(Robert H. Frank)著 ,北京联合出版公司,2017-01-01,北京,248,F0-49,455798066937925,IB23G11
200869569,刀锋,9787547744581.0,归还,2024-11-07 17:47:03,76.0,(英)毛姆著,北京日报出版社,2023-01-01,北京,472,I561.45,517464412696645,IB23G11
200869569,刀锋,9787547744581.0,外借,2024-11-07 17:47:18,76.0,(英)毛姆著,北京日报出版社,2023-01-01,北京,472,I561.45,455798066937925,IB23G11
200817651,窄门,9787201141527.0,外借,2024-11-07 17:54:31,45.0,(法)安德烈·纪德(André Gide)著 顾琪静译,天津人民出版社,2018-01-01,天津,171,I565.45,584699837075525,IB24G10
200945932,夏天、烟火和我的尸体,9787544296274.0,外借,2024-11-07 17:54:45,45.0,（日）乙一著,南海出版公司,2019-01-01,海口,185,I313.45,584699837075525,IB24G10
200917464,"大秦帝国·第二部, 国命纵横. 下卷",9787208152472.0,归还,2024-11-07 19:48:19,58.0,孙皓晖著,上海人民出版社,2019-01-01,上海,426,I247.53,584699884843077,IB24G10
201301992,(PMC)The Trial,9780241197790.0,外借,2024-11-07 20:28:50,35.0,"Kafka, Franz",Penguin UK,2019-08-06,英国,,833.91,455797921001541,IB23G11
200817759,四书五经.1,9787101136364.0,续借,2024-11-07 23:15:57,31.4,郭丹等著,中华书局,2019-01-01,北京,305,B222.1,584699864600645,IB24G10
200415504,The Complete Yes Prime Minister: The Diaries of ...,9780563207733.0,外借,2024-11-08 10:47:40,110.0,Jonathan Lynn and Sir Anthony Jay,Ebury Publishing,1989-06-01,,512,823.914,584699847753797,IB24G10
200415826,The Complete Yes Minister: The Diaries of a ...,9780563206651.0,外借,2024-11-08 10:47:40,110.0,"Lynn, Jonathan; Jay, Anthony",BBC Books,1989-06-01,,514,823.914,584699847753797,IB24G10
200221866,河边的错误,9787538755961.0,外借,2024-11-08 11:36:07,42.0,余华著,时代文艺出版社,2018-01-01,长春,207,I247.5,584699842277445,IB24G10
200741475,汉魏六朝文选 ,9787020157624.0,外借,2024-11-08 11:55:55,69.0,刘文忠 (1936~) 选注, 人民文学出版社,2011-01-01,北京 ,19730,I222.734,584699864600645,IB24G10
200420954,"Hamilton : the revolution : being the complete libretto of the Broadway musical, with a true account of its creation, and concise remarks on hip-hop, the power of stories, and the new America",9781455539741.0,外借,2024-11-08 12:28:23,218.0,"Miranda, Lin-Manuel, 1980-; McCarter, Jeremy, 1976-",Grand Central,2016-01-01,New York,287,792,584699875594309,IB24G10
200654087,A glossary of literary terms,9781285465067.0,外借,2024-11-08 14:23:50,375.0,"Abrams, M. H. (Meyer Howard), 1912-; Harpham, Geoffrey Galt, 1946-",Cengage Learning,2015-01-01,USA,430,803,455797975019589,IB23G11
200666234,The Wiley guide to writing essays about literature,9781118571231.0,外借,2024-11-08 14:23:57,289.0,"Headrick, Paul, 1957-",Wiley,2014-01-01,Canada,193,808.0668,455797975019589,IB23G11
200671718,How to write about contemporary art,9780500291573.0,外借,2024-11-08 14:24:04,104.0,"Williams, Gilda",Thames & Hudson,2021-01-01,New York,264,808.066,455797975019589,IB23G11
200363775,漫长的告别,9787544384636.0,外借,2024-11-08 15:51:27,69.0,(美)钱德勒著;姚向辉译,海南出版社,2018-01-01,长沙,389,I712.45,584699845120069,IB24G10
200695961,The Adventure of the Blue Carbuncle,9780241597002.0,续借,2024-11-11 08:00:32,47.0,Arthur Conan Doyle,Penguin UK,2022-11-03,英国,,808.8,584699858100293,IB24G10
201323308,The Count of Monte Cristo,9781509827978.0,续借,2024-11-11 08:00:36,51.0,"Dumas, Alexandre, 1802-1870; Maquet, Auguste, 1813-1888; Fiorentino, Pier Angelo, 1811-1864",Macmillan Collectors Library,2017-01-01,UK,695,843.7,584699858100293,IB24G10
200944602,霸王别姬,9787513311762.0,续借,2024-11-11 08:01:08,59.0,李碧华著,新星出版社,2013-01-01,北京,235,I247.5,584699858100293,IB24G10
200987227,红与黑,9787201108186.0,归还,2024-11-11 09:39:53,42.0,(法)司汤达著;罗新璋译,天津人民出版社,2016-01-01,天津,471,I565.44,584699885924421,IB24G10
200865929,摩根财团,9787549620616.0,归还,2024-11-11 09:43:08,198.0,（美）彻诺著,文汇出版社,2017-01-01,上海,30837,F837.12,584699888091205,IB24G10
201301992,(PMC)The Trial,9780241197790.0,归还,2024-11-11 09:53:50,35.0,"Kafka, Franz",Penguin UK,2019-08-06,英国,,833.91,455797921001541,IB23G11
200884962,挪威的森林,9787532765546.0,归还,2024-11-11 10:53:02,56.0,(日)村上春树著,上海译文出版社,2014-01-01,上海,398,I313.45,450611310915653,IB22G12
200883071,国境以南太阳以西,9787532765485.0,外借,2024-11-11 10:56:57,52.0,(日)村上春树著,上海译文出版社,2014-01-01,上海,260,I313.45,450611310915653,IB22G12
200877462,牛虻,9787532778317.0,归还,2024-11-11 11:39:31,30.0,(爱尔兰)伏尼契著,上海译文出版社,2018-01-01,上海,351,I562.44,584699859378245,IB24G10
200879629,印度,9787532786992.0,归还,2024-11-11 11:39:31,68.0,（法）杜拉斯著,上海译文出版社,2020-01-01,上海,460,I565.35,584699859378245,IB24G10
200694490,Bantam Classics：Pride And Prejudice,9780553213102.0,外借,2024-11-11 11:43:51,13.0,Jane Austen,Bantam Classics,1983-12-01,美国,,823.7,584699851178053,IB24G10
201024248,芳华,9787020123728.0,外借,2024-11-11 12:09:00,39.0,严歌苓,人民文学出版社,2017-01-01,北京,215,I247.5,584699858317381,IB24G10
200857180,纯真年代,9787532773459.0,归还,2024-11-11 12:31:42,48.0,(美)华顿著　吴其尧译,上海译文出版社,2017-01-01,上海,388,I712.45,584699859378245,IB24G10
200847520,逻辑学是什么,9787301258958.0,归还,2024-11-11 13:29:36,48.0,陈波著,北京大学出版社,2015-01-01,北京,312,B81-49,584699875364933,IB24G10
200865091,社交媒体简史：从莎草纸到互联网,9787508696980.0,归还,2024-11-11 13:29:36,48.0,"(美)汤姆·斯丹迪奇 (Standage, Tom) 著", 中信出版集团股份有限公司,2019-01-01,北京 ,303,G206.2,584699875364933,IB24G10
201018709,失落的秘符,9787020126972.0,归还,2024-11-11 13:29:41,79.0,(美)布朗著,人民文学出版社,2017-01-01,北京,503,I712.45,584699875364933,IB24G10
200865091,社交媒体简史：从莎草纸到互联网,9787508696980.0,外借,2024-11-11 13:30:41,48.0,"(美)汤姆·斯丹迪奇 (Standage, Tom) 著", 中信出版集团股份有限公司,2019-01-01,北京 ,303,G206.2,584699875364933,IB24G10
201033700,怀疑论者:理性看世界,9787559621436.0,外借,2024-11-11 14:03:22,42.0,(美)舍默著;李可怡译,北京联合出版公司,2018-01-01,北京,280,B083,584699847114821,IB24G10
200035620,Physics: Principles with Applications,9781292057125.0,外借,2024-11-11 14:07:12,609.0,Douglas C. Giancoli,Pearson,2016-01-01,England,1080,IB-4-PH-5,584699847540805,IB24G10
200402288,Physics: Principles with Applications,9781292057125.0,外借,2024-11-11 14:07:25,1097.0,Douglas C. Giancoli,Pearson,2016-01-01,England,1080,IB-4-PH-5,584699847540805,IB24G10
200807733,日本近代思想史,9787513938990.0,外借,2024-11-11 14:48:26,58.0,鹿野政直著,民主与建设出版社有限责任公司,2022-01-01,北京,316,B313.4,455798075973701,IB23G11
200983588,基因论,9787229168629.0,外借,2024-11-11 14:58:45,48.0,（美）摩尔根著,重庆出版社,2022-01-01,重庆,295,Q343.1,584699859591237,IB24G10
200847209,黄金时代,9787530220290.0,归还,2024-11-11 14:59:22,59.0,王小波著,北京十月文艺出版社,2021-01-01,北京,244,I247.5,584699865665605,IB24G10
200874811,教父,9787559424020.0,归还,2024-11-11 14:59:22,89.9,(美)普佐著;姚向辉译,江苏凤凰文艺出版社,2018-01-01,南京,514,I712.45,584699865665605,IB24G10
201022909,额尔古纳河右岸 ,9787020139590.0,归还,2024-11-11 14:59:22,32.0,迟子建 (1964~) 著, 人民文学出版社,2010-01-01,北京 ,266,I247.5,584699865665605,IB24G10
200876178,心流:最优体验心理学,9787508675534.0,归还,2024-11-11 15:18:32,49.0,(美)契克森米哈赖著;张定绮译,中信出版社,2017-01-01,北京,381,B84-49,584699880865861,IB24G10
200833964,幕末史,9787510892011.0,归还,2024-11-11 15:18:35,72.0,（日）半藤一利著,九州出版社,2020-01-01,北京,331,K313.36,584699879964741,IB24G10
201314755,Pearson Chemistry for the IB Diploma SL,9781292427690.0,归还,2024-11-11 15:44:48,335.0,"Brown, Catrin; Ford, Mike; Canning, Oliver; Economou, Andreas; Irwin, Garth",Pearson Education Limited,2023-04-14,London,656,IB-4-CH-3,584699880865861,IB24G10
200935006,泪之地,9787218156408.0,归还,2024-11-11 16:13:16,98.0,（美）哈姆斯著,广东人民出版社,,广州,,K404,584699836862533,IB24G10
200420954,"Hamilton : the revolution : being the complete libretto of the Broadway musical, with a true account of its creation, and concise remarks on hip-hop, the power of stories, and the new America",9781455539741.0,归还,2024-11-11 16:54:01,218.0,"Miranda, Lin-Manuel, 1980-; McCarter, Jeremy, 1976-",Grand Central,2016-01-01,New York,287,792,584699875594309,IB24G10
200967971,临床精神药理学手册 ,9787301295151.0,外借,2024-11-11 17:00:37,208.0,"(美)萨茨伯格 (Schatzberg, Alan F.) 著", 北京大学出版社,2018-01-01,北京 ,550,R964-62,584699867856965,IB24G10
200922797,鱼没有脚,9787541160912.0,归还,2024-11-11 17:32:17,49.8,（冰）斯特凡松著,四川文艺出版社,2021-01-01,成都,335,I535.45,584699885707333,IB24G10
200975025,礼拜二午睡时刻,9787544275606.0,外借,2024-11-11 17:57:01,29.5,（哥伦）马尔克斯,南海出版公司,2015-01-01,海口,168,I775.45,584699837075525,IB24G10
200883071,国境以南太阳以西,9787532765485.0,归还,2024-11-12 07:19:19,52.0,(日)村上春树著,上海译文出版社,2014-01-01,上海,260,I313.45,450611310915653,IB22G12
200883080,斯普特尼克恋人,9787532765515.0,外借,2024-11-12 07:21:16,56.0,(日)村上春树著,上海译文出版社,2014-01-01,上海,282,I313.45,450611310915653,IB22G12
200916492,生物学之书,9787568900478.0,归还,2024-11-12 10:26:20,88.0,(美)杰拉尔德著;傅临春译,重庆大学出版社,2017-01-01,重庆,264,Q-49,584699864387653,IB24G10
201039465,凯恩斯 ,9787108065506.0,外借,2024-11-12 10:49:47,35.0,"普 (Puph, Peter) 著", 生活·读书·新知三联书店,2019-01-01,北京 ,174,F091.348,584699858100293,IB24G10
200988048,自卑与超越,9787533943257.0,外借,2024-11-12 10:52:48,32.0,(奥)阿德勒著;杨颖译,浙江文艺出版社,2016-01-01,杭州,261,B848,584699858100293,IB24G10
201022160,“文学爆炸”亲历记,9787020164462.0,外借,2024-11-12 11:05:08,36.0,(智)多诺索著,人民文学出版社,2021-01-01,北京,10172,I784.55,455797921001541,IB23G11
200827098,娱乐何为,9787521704815.0,归还,2024-11-12 11:24:18,38.0,韩炳哲著,中信出版集团股份有限公司,2019-01-01,北京,190,B0,584699861340229,IB24G10
201321934,Artists : their lives and works,9780241226186.0,外借,2024-11-12 11:31:32,113.0,"
&nbsp;
",,,,,709.2,584699847753797,IB24G10
201056196,美丽新世界,9787532774685.0,外借,2024-11-12 12:23:59,45.0,(英)赫胥黎著;陈超译,上海译文出版社,2017-01-01,上海,349,I561.45,584699875364933,IB24G10
200841401,经济学的著名寓言 : 市场失灵的神话,9787559803344.0,外借,2024-11-12 13:08:53,98.0,"(美)施普尔伯 (Spulber, Daniel F.) 著",广西师范大学出版社,2018-01-01,桂林,480,F0-53,584699848196165,IB24G10
200812353,鬼谷子,9787101083149.0,外借,2024-11-12 17:51:21,22.0,许富宏著,中华书局,2012-01-01,北京,12185,B228,584699884843077,IB24G10
200699832,Small Pleasures,9781474613903.0,外借,2024-11-12 18:08:44,47.0,Clare Chambers,Orion Publishing Group,2021-04-29,英国,,823.91,584699837497413,IB24G10
201617679,我们生活在巨大的差距里,9787530223970.0,续借,2024-11-12 22:12:19,59.0,余华 著,北京十月文艺出版社 ,2024-01-01,北京 ,280,I267.1,584699865239621,IB24G10
201051681,悲伤即成长,9787115598561.0,续借,2024-11-12 22:12:24,59.8,(美)芬奇著,人民邮电出版社,2022-01-01,北京,278,B821-49,584699865239621,IB24G10
200953628,寻求平衡,9787211089819.0,续借,2024-11-12 22:12:26,56.0,贞尧仔著,福建人民出版社,2023-01-01,福州,350,B821-49,584699865239621,IB24G10
200923411,人生无真相,9787559663283.0,续借,2024-11-12 22:12:28,59.0,南怀瑾著,北京联合出版公司,2022-01-01,北京,284,B821-49,584699865239621,IB24G10
201029779,当下的力量:白金版,9787508661766.0,续借,2024-11-12 22:12:32,59.0,(德)托利著;曹植译,中信出版社,2016-01-01,北京,260,B821-49,584699865239621,IB24G10
200955289,圣诞颂歌,9787558043901.0,外借,2024-11-13 09:00:17,68.0,(英)狄更斯著,江苏凤凰美术出版社,2018-01-01,南京,213,I561.44,450611288834117,IB22G12
201318591,The Bell Jar,9780061148514.0,续借,2024-11-13 09:00:43,83.0,"Plath, Sylvia",Harper Perennial,2013-06-11,New York,243,813.54,450611288834117,IB22G12
201059237,围城,9787020127894.0,外借,2024-11-13 11:51:51,36.0,钱钟书著,人民文学出版社 ,2017-01-01,北京 ,377,I247.57,584699857674309,IB24G10
200979138,外婆的道歉信,9787201116693.0,外借,2024-11-13 12:00:43,42.0,(瑞典)弗雷德里克·巴克曼著;孟汇一译,天津人民出版社,2017-01-01,天津,344,I532.45,584699837075525,IB24G10
200857260,局外人,9787532761760.0,外借,2024-11-13 12:00:47,32.0,（法）加缪著,上海译文出版社,2013-01-01,上海,25128,I565.45,584699875151941,IB24G10
201014231,在希腊,9787500879701.0,外借,2024-11-13 12:10:13,54.0,（爱尔兰）马哈菲著,中国工人出版社,2022-01-01,北京,200,K125,584699888091205,IB24G10
201308940,Word Cloud Classics: The Age Of Innocence,9781626860568.0,外借,2024-11-13 12:20:56,44.0,Edith Wharton,Canterbury Classics,2014-05-01,美国,,813.52,584699837497413,IB24G10
201323291,"A tree grows in Brooklyn, : a novel",9780060736262.0,外借,2024-11-13 12:21:02,41.0,"Smith, Betty",Harpercollins,2005-01-01,New York,493,813.52,584699837497413,IB24G10
200978184,台北人,9787549559886.0,外借,2024-11-13 12:25:20,69.0,白先勇著,广西师范大学出版社,2015-01-01,桂林,291,I247.7,584699858317381,IB24G10
200879022,纳博科夫文学讲稿三种·唐吉坷德讲稿,9787532778423.0,外借,2024-11-13 12:31:42,90.0,(美)纳博科夫著,上海译文出版社,2018-01-01,上海,287,I106,455798075973701,IB23G11
200836266,大象的证词,9787513338134.0,外借,2024-11-13 12:32:19,42.0,（英）克里斯蒂著,新星出版社,2022-01-01,北京,204,I561.45,455798075195461,IB23G11
200836569,闪光的氰化物,9787513338189.0,外借,2024-11-13 12:32:27,42.0,（英）克里斯蒂著,新星出版社,2022-01-01,北京,228,I561.45,455798075195461,IB23G11
200889878,东方快车谋杀案,9787513335270.0,外借,2024-11-13 12:32:37,49.0,(英)克里斯蒂,新星出版社,2019-01-01,北京,279,I561.45,455798075195461,IB23G11
200876203,深度学习：智能时代的核心驱动力量,9787508698359.0,续借,2024-11-13 14:32:48,88.0,"(美)特伦斯·谢诺夫斯基 (Sejnowski, Terrence) 著", 中信出版集团股份有限公司,2019-01-01,北京 ,17378,TP181,584699863957573,IB24G10
201036556,人工智能简史 ,9787115471604.0,续借,2024-11-13 14:32:50,49.0,尼克 (经济学) 著, 人民邮电出版社,2017-01-01,北京 ,313,TP18,584699863957573,IB24G10
200845979,逻辑的引擎,9787535794420.0,续借,2024-11-13 14:32:55,49.0,(美)戴维斯著;张卜天译,湖南科学技术出版社,2018-01-01,长沙,291,TP302.2,584699863957573,IB24G10
200846237,复杂的引擎,9787535794611.0,续借,2024-11-13 14:32:59,59.0,(美)梅菲尔德著;唐璐译,湖南科学技术出版社,2018-01-01,长沙,384,TP301.5-49,584699863957573,IB24G10
200997314,时间简史,9787535794567.0,续借,2024-11-13 14:33:01,39.0,"(英)霍金著;许明贤,吴忠超译",湖南科学技术出版社,2018-01-01,长沙,190,P19-49,584699863957573,IB24G10
201323317,The A.B.C. murders,9780062930484.0,续借,2024-11-13 14:33:22,105.0,"Christie, Agatha",William Morrow,2019-01-01,New York,252,823.912,584699863957573,IB24G10
200800696,关于女儿,9787559851987.0,归还,2024-11-13 14:58:07,42.0,金惠珍著,广西师范大学出版社,2022-01-01,桂林,217,I312.645,450611283214405,IB22G12
200895371,烧纸,9787307207004.0,归还,2024-11-13 14:58:07,58.0,（韩）李沧东著,武汉大学出版社,2020-01-01,武汉,310,I312.645,450611283214405,IB22G12
200688924,Sex And The City,9780446617680.0,外借,2024-11-13 15:14:17,35.0,Candace Bushnell,Grand Central Publishing,2006-08-01,美国,,813.6,450611283214405,IB22G12
200699770,Signet Classics: The Age of Innocence,9780451530882.0,外借,2024-11-13 15:14:25,13.0,Edith Wharton,Signet,2008-03-04,美国,,813.52,450611283214405,IB22G12
201021722,陈阅增普通生物学 ,9787040396317.0,外借,2024-11-13 15:59:34,59.0,吴相钰 (1924~) 主编, 高等教育出版社,2014-01-01,北京 ,539,Q1,584699859591237,IB24G10
200866697,世界尽头的咖啡馆 ,9787201146171.0,归还,2024-11-13 16:46:16,45.0,"(美)施特雷勒基 (P. Strelecky, John 1969~) 著", 天津人民出版社,2019-01-01,天津 ,122,B821-49,584699865239621,IB24G10
200178690,天蓝色的彼岸,9787801871527.0,归还,2024-11-13 17:35:41,19.8,(英)希尔著;张雪松译,新世界出版社,2014-01-01,北京,260,I561.85,584699885924421,IB24G10
200178690,天蓝色的彼岸,9787801871527.0,外借,2024-11-13 17:36:29,19.8,(英)希尔著;张雪松译,新世界出版社,2014-01-01,北京,260,I561.85,584699885924421,IB24G10
200975025,礼拜二午睡时刻,9787544275606.0,归还,2024-11-13 17:55:24,29.5,（哥伦）马尔克斯,南海出版公司,2015-01-01,海口,168,I775.45,584699837075525,IB24G10
200945932,夏天、烟火和我的尸体,9787544296274.0,归还,2024-11-13 17:55:26,45.0,（日）乙一著,南海出版公司,2019-01-01,海口,185,I313.45,584699837075525,IB24G10
200955289,圣诞颂歌,9787558043901.0,归还,2024-11-14 08:10:20,68.0,(英)狄更斯著,江苏凤凰美术出版社,2018-01-01,南京,213,I561.44,450611288834117,IB22G12
200879291,快乐的死,9787532180127.0,归还,2024-11-14 08:29:20,68.0,（法）加缪著,上海文艺出版社,2022-01-01,上海,241,I565.45,584699859378245,IB24G10
200817642,存在主义咖啡馆:自由、存在和杏子鸡尾酒,9787559610782.0,外借,2024-11-14 08:31:58,88.0,(美)贝克韦尔,北京联合出版公司,2018-01-01,北京,563,B085,584699859378245,IB24G10
200950612,契诃夫短篇小说集,9787540237004.0,归还,2024-11-14 10:58:50,29.0,(俄罗斯)契诃夫著,北京燕山出版社,2017-01-01,北京,387,I512.44,584699853586501,IB24G10
201024845,死魂灵,9787020124701.0,外借,2024-11-14 11:46:13,39.0,（俄罗斯）果戈理著,人民文学出版社,1983-01-01,北京,390,I512.44,584699875151941,IB24G10
200950612,契诃夫短篇小说集,9787540237004.0,外借,2024-11-14 11:47:06,29.0,(俄罗斯)契诃夫著,北京燕山出版社,2017-01-01,北京,387,I512.44,584699853586501,IB24G10
200950612,契诃夫短篇小说集,9787540237004.0,续借,2024-11-14 11:47:22,29.0,(俄罗斯)契诃夫著,北京燕山出版社,2017-01-01,北京,387,I512.44,584699853586501,IB24G10
200835329,腓特烈大王 ,9787559831323.0,归还,2024-11-14 11:48:40,29.0,"(德)约翰内斯·库尼施 (Kunisch ,Johannes) 著", 广西师范大学出版社,2021-01-01,桂林 ,149,K516.42,455798092681285,IB23G11
200694588,Wordsworth Collectors Editions：Great Expectations,9781840228014.0,归还,2024-11-14 11:50:10,38.0,Charles Dickens,Wordsworth,2020-09-02,英国,,823.8,455797996257349,IB23G11
200820889,杀死一只知更鸟,9787544766500.0,归还,2024-11-14 11:50:16,58.0,(美)李著,译林出版社,2017-01-01,南京,,I712.45,455797996257349,IB23G11
200907956,音乐心理学,9787030658500.0,归还,2024-11-14 11:50:22,89.0,陈杰著,科学出版社,2020-01-01,北京,231,J60-051,455797996257349,IB23G11
200989779,音乐和数学：谜一般的关系,9787547855508.0,归还,2024-11-14 11:50:22,48.0,梁进著,上海科学技术出版社,2022-01-01,上海,139,J6,455797996257349,IB23G11
200801677,如何听爵士 ,9787550287327.0,外借,2024-11-14 11:51:27,45.0,"(美)特德·焦亚 (Gioia, Ted) 著", 北京联合出版公司,2018-01-01,北京 ,248,J609.15,455797996257349,IB23G11
200925669,我们为什么爱音乐 ,9787573902740.0,外借,2024-11-14 11:51:36,58.0,(美)莱维廷著,浙江科学技术出版社,2023-01-01,杭州,374,B849,455797996257349,IB23G11
200694588,Wordsworth Collectors Editions：Great Expectations,9781840228014.0,外借,2024-11-14 11:51:47,38.0,Charles Dickens,Wordsworth,2020-09-02,英国,,823.8,455797996257349,IB23G11
200989779,音乐和数学：谜一般的关系,9787547855508.0,外借,2024-11-14 11:51:59,48.0,梁进著,上海科学技术出版社,2022-01-01,上海,139,J6,455797996257349,IB23G11
201306666,How We Live,9780679781400.0,外借,2024-11-14 11:52:28,58.0,Sherwin B. Nuland,Vintage USA,1998-05-26,美国,,612,450611288834117,IB22G12
200907956,音乐心理学,9787030658500.0,外借,2024-11-14 11:53:11,89.0,陈杰著,科学出版社,2020-01-01,北京,231,J60-051,455797996257349,IB23G11
200820889,杀死一只知更鸟,9787544766500.0,外借,2024-11-14 11:53:23,58.0,(美)李著,译林出版社,2017-01-01,南京,,I712.45,455797996257349,IB23G11
201059175,叶卡捷琳娜大帝与波将金 ：全2册.2,9787522813684.0,外借,2024-11-14 12:27:41,99.0,（英）西蒙.赛巴格.蒙蒂菲奥里著 ,社会科学文献出版社 ,2023-01-01,北京 ,121005,K835.120.9,455798092681285,IB23G11
201059166,叶卡捷琳娜大帝与波将金 ：全2册.1,9787522813684.0,外借,2024-11-14 12:28:00,99.0,（英）西蒙.赛巴格.蒙蒂菲奥里著 ,社会科学文献出版社 ,2023-01-01,北京 ,121005,K835.120.9,455798092681285,IB23G11
200825651,武曌,9787520121521.0,归还,2024-11-14 12:37:25,59.0,（美）罗汉著,社会科学文献出版社,2018-01-01,北京,10264,K827,455798092681285,IB23G11
200901783,索姆河战役,9787515103884.0,续借,2024-11-14 12:39:24,34.8,段雪莲著,西苑出版社,2013-01-01,北京,272,E194.4,584699852693573,IB24G10
200983472,垃圾DNA ,9787229117498.0,归还,2024-11-14 15:50:48,39.8,"(英)内莎·凯里 (女，Carey, Nessa) 著", 重庆出版社,2017-01-01,重庆 ,220,Q523-49,584699859591237,IB24G10
201051985,四维旅行,9787535794437.0,外借,2024-11-14 16:22:24,49.0,(英)普瓦德万著;胡凯衡等译,湖南科学技术出版社,2018-01-01,长沙,297,O412.1,584699859591237,IB24G10
200846255,量子之谜,9787535795144.0,外借,2024-11-14 16:22:29,59.0,(美)库特钠著;王文浩译,湖南科学技术出版社,2018-01-01,长沙,36,O413.1-49,584699859591237,IB24G10
200983588,基因论,9787229168629.0,归还,2024-11-14 16:22:58,48.0,（美）摩尔根著,重庆出版社,2022-01-01,重庆,295,Q343.1,584699859591237,IB24G10
201031070,净化基因,9787521715118.0,归还,2024-11-14 16:22:58,65.0,"(美)本·林奇 (Lynch, Ben 1974~) 著", 中信出版集团股份有限公司,2020-01-01,北京 ,442,Q343.1,584699859591237,IB24G10
200962896,月亮和六便士,9787538754858.0,外借,2024-11-14 16:39:44,27.0,(英)毛姆著 苏福忠译,时代文艺出版社,2017-01-01,长春,256,I561.45,517464412696645,IB23G11
200938708,毕业,9787544294126.0,归还,2024-11-15 08:27:34,49.5,(日)东野圭吾著;黄真译,南海出版公司,2019-01-01,海口,266,I313.45,450611280293957,IB22G12
200938708,毕业,9787544294126.0,外借,2024-11-15 08:28:32,49.5,(日)东野圭吾著;黄真译,南海出版公司,2019-01-01,海口,266,I313.45,450611280293957,IB22G12
200870085,密室收藏家,9787539981635.0,外借,2024-11-15 08:31:19,36.0,（日）大山诚一郎著,江苏凤凰文艺出版社,2017-01-01,南京,225,I313.45,450611280293957,IB22G12
201003350,克莱因壶,9787122346032.0,外借,2024-11-15 08:32:40,48.0,(日)冈岛二人 著,化学工业出版社,2019-01-01,北京,16299,I313.45,450611280293957,IB22G12
200842570,萨摩亚人的成年 ,9787100136112.0,外借,2024-11-15 08:39:40,39.0,"(美)米德 (Mead, Margaret 1901~1978) 著", 商务印书馆,2017-01-01,北京 ,10276,C912.4,450611296985157,IB22G12
200877186,在路上,9787532740260.0,外借,2024-11-15 08:40:31,48.0,(美)杰克·凯鲁亚克(Jack Kerouac) 著,上海译文出版社,2006-01-01,上海,,I712.45,450611286782021,IB22G12
201020545,彷徨,9787020142187.0,外借,2024-11-15 11:40:55,26.0,鲁迅著,人民文学出版社,2021-01-01,北京,185,I210.6,584699859591237,IB24G10
200985988,故事新编,9787201089560.0,外借,2024-11-15 11:42:59,25.0,鲁迅著,天津人民出版社,2015-01-01,天津,288,I210.6,584699859591237,IB24G10
200888245,"在春天,去看一个人",9787550022829.0,归还,2024-11-15 11:55:39,58.0,沈从文著,百花洲文艺出版社,2018-01-01,南昌,316,I246.7,450611276476485,IB22G12
200987227,红与黑,9787201108186.0,外借,2024-11-15 11:58:17,42.0,(法)司汤达著;罗新璋译,天津人民出版社,2016-01-01,天津,471,I565.44,584699885924421,IB24G10
200977112,夏目漱石浮世与病榻,9787559640918.0,外借,2024-11-15 12:08:35,29.0,(日)夏目漱石,北京联合出版公司,2020-01-01,北京,303,I313.65,450611276476485,IB22G12
200993087,天生有罪 ,9787201162638.0,外借,2024-11-15 12:08:42,68.0,"(南非)诺亚 (Noah, Trevor 1984.2-) 著", 天津人民出版社,2020-01-01,天津 ,294,I478.55,450611276476485,IB22G12
200916768,夏日终曲,9787513598255.0,外借,2024-11-15 12:08:46,39.9,(美)艾席蒙著,外语教学与研究出版社,2018-01-01,北京,230,I712.45,450611276476485,IB22G12
200692090,The Rise of Rome : From the Iron Age to the Punic Wars (1 BC - 264 BC),9781846684128.0,外借,2024-11-15 13:38:14,81.0,Dr Kathryn Lomas,Profile Books,2018-07-05,英国,,937.01,584699846684741,IB24G10
200901783,索姆河战役,9787515103884.0,归还,2024-11-15 14:41:49,34.8,段雪莲著,西苑出版社,2013-01-01,北京,272,E194.4,584699852693573,IB24G10
201006883,索姆河战役,9787507551570.0,归还,2024-11-15 14:41:49,75.0,巴肯著,华文出版社,2019-01-01,北京,262,E194.4,584699852693573,IB24G10
201302562,Line By Line: How To Edit Your Own Writing,9780395393918.0,外借,2024-11-15 14:50:58,77.0,Claire Kehrwald Cook,Houghton Mifflin Harcourt,1986-06-30,美国,,808.04,455798075973701,IB23G11
201325422,The woman in white,9780141389431.0,外借,2024-11-15 14:51:06,35.0,"Collins, Wilkie, 1824-1889; Sutherland, John, 1938-; Sweet, Matthew; Sucksmith, Harvey Peter",Penguin UK,2012-01-01,UK,718,823.8,455798075973701,IB23G11
201034781,透过佛法看世界:给寻找答案的人,9787508646978.0,续借,2024-11-16 09:06:15,39.8,希阿荣博堪布著,中信出版社,2014-01-01,北京,321,B948,450611290882117,IB22G12
201306719,Signet Classics: Wuthering Heights,9780451531797.0,续借,2024-11-16 17:26:59,9.0,Emily Bronte,Signet,2011-03-01,美国,,823.8,584699856592965,IB24G10
200841081,做哲学,9787559617293.0,归还,2024-11-18 07:27:27,118.0,"(美)小西奥多·希克,刘易斯·沃恩著",北京联合出版社,2018-01-01,北京,648,B0,455797991358533,IB23G11
200878489,局外人,9787532751471.0,归还,2024-11-18 07:27:32,22.0,(法)加缪著;柳鸣九译,上海译文出版社,2015-01-01,上海,128,I565.45,455797991358533,IB23G11
200986923,我的心迟到了：佩索阿情诗,9787533962418.0,归还,2024-11-18 07:36:59,98.0,"（葡）佩索阿 (Pessoa, Fernando Antonio Nogueira) (1888-1935)著",浙江文艺出版社,2020-01-01,杭州,210,I552.25,450611290882117,IB22G12
200872458,猫和狗的生活哲学,9787572604164.0,归还,2024-11-18 12:25:22,65.0,简单心理著,湖南文艺出版社,2022-01-01,长沙,294,B821-49,584699865239621,IB24G10
200692198,Word Cloud Classics: Frankenstein,9781607109457.0,归还,2024-11-18 12:34:03,61.0,Mary Shelley,Canterbury Classics,2013-10-15,美国,,823.7,455798035157061,IB23G11
201502971,Environment Systems and Societies 3rd Ed,9781292729541.0,外借,2024-11-18 12:43:15,567.0,"Davis, Andrew",Pearson,2024-01-01,London,928,IB-4-SC-1,455798033985605,IB23G11
201303295,Lolly Willowes,9780241573785.0,外借,2024-11-18 12:50:35,47.0,Sylvia Townsend Warner,Penguin UK,2022-08-25,英国,,823.91,455798035157061,IB23G11
200178690,天蓝色的彼岸,9787801871527.0,归还,2024-11-18 15:21:05,19.8,(英)希尔著;张雪松译,新世界出版社,2014-01-01,北京,260,I561.85,584699885924421,IB24G10
201025862,文学批评导引 (第二版）,9787040401615.0,外借,2024-11-18 16:27:52,33.5,王先霈 (1939.7~) 主编, 高等教育出版社,2014-01-01,北京 ,344,I06,584699864387653,IB24G10
200926463,文学的读法,9787555026006.0,外借,2024-11-18 16:28:03,68.0,"(英)特里·伊格尔顿(Eagleton, Terry) 著",海峡文艺出版社,2021-01-01,福州,272,I06,584699864387653,IB24G10
201315512,Ib Diploma Programme Physics 223 Edition Student Book,9781382016599.0,外借,2024-11-18 16:30:33,330.0,"Homer, David; Heathcote, William; Pietka, Maciej","Oxford University Press, USA",2023-03-03,UK,720,IB-4-PH-5,584699862667333,IB24G10
200803773,东京八平米,9787542678652.0,外借,2024-11-18 17:04:57,79.0,(日)吉井忍 著,上海三联书店,2022-01-01,上海,305,I313.65,450611328335941,IB22G12
200922163,语法修辞讲话,9787100092388.0,外借,2024-11-18 17:56:04,58.0,吕叔湘著,商务印书馆,2013-01-01,北京,416,H14,455798092681285,IB23G11
200820978,沉默的羔羊,9787544784689.0,归还,2024-11-19 07:04:33,49.0,(美)哈里斯著,译林出版社,2021-01-01,南京,369,I712.45,584699889602629,IB24G10
200820978,沉默的羔羊,9787544784689.0,外借,2024-11-19 07:05:03,49.0,(美)哈里斯著,译林出版社,2021-01-01,南京,369,I712.45,584699889602629,IB24G10
200820978,沉默的羔羊,9787544784689.0,归还,2024-11-19 07:05:21,49.0,(美)哈里斯著,译林出版社,2021-01-01,南京,369,I712.45,584699889602629,IB24G10
200820978,沉默的羔羊,9787544784689.0,外借,2024-11-19 07:07:02,49.0,(美)哈里斯著,译林出版社,2021-01-01,南京,369,I712.45,584699889602629,IB24G10
200820978,沉默的羔羊,9787544784689.0,续借,2024-11-19 07:07:38,49.0,(美)哈里斯著,译林出版社,2021-01-01,南京,369,I712.45,584699889602629,IB24G10
200882526,基督山伯爵:全2册-上册,9787532778140.0,归还,2024-11-19 10:23:10,44.5,(法)大仲马著,上海译文出版社,2018-01-01,上海,693,I565.44,584699888308293,IB24G10
200948216,戴维营三天,9787500171980.0,归还,2024-11-19 11:50:25,89.0,（美）加滕著,中译出版社,2023-01-01,北京,13373,F11,584699888091205,IB24G10
200948216,戴维营三天,9787500171980.0,外借,2024-11-19 11:50:55,89.0,（美）加滕著,中译出版社,2023-01-01,北京,13373,F11,584699888091205,IB24G10
200847183,爱你就像爱生命,9787530220252.0,归还,2024-11-19 11:53:44,49.0,王小波著,北京十月文艺出版社,2021-01-01,北京,212,K825.6,584699865239621,IB24G10
200843800,面包与自由 ,9787100132091.0,外借,2024-11-19 12:02:55,38.0,"(俄)克鲁泡特金 (Кропоткин, ПётрАлексеевич 1842~1921) 著", 商务印书馆,2017-01-01,北京 ,275,D091.6,584699887222853,IB24G10
201022909,额尔古纳河右岸 ,9787020139590.0,外借,2024-11-19 12:03:03,32.0,迟子建 (1964~) 著, 人民文学出版社,2010-01-01,北京 ,266,I247.5,584699888091205,IB24G10
200861754,玻璃球游戏 ,9787532757039.0,外借,2024-11-19 12:03:11,27.0,"(德)赫尔曼·黑塞 (Hesse, Hermann 1877~1962) 著", 上海译文出版社,2012-01-01,上海 ,457,I516.45,584699888091205,IB24G10
200862003,魔山. 上,9787532780525.0,外借,2024-11-19 12:03:20,39.0,"(德)托马斯·曼 (Mann, Thomas 1875~1955) 著",上海译文出版社,2019-01-01,上海,400,I516.45,584699888091205,IB24G10
200862012,魔山. 下,9787532780525.0,外借,2024-11-19 12:03:24,39.0,"(德)托马斯·曼 (Mann, Thomas 1875~1955) 著",上海译文出版社,2019-01-01,上海,835,I516.45,584699888091205,IB24G10
200859133,美丽新世界,9787532773404.0,归还,2024-11-19 12:09:00,28.0,(英)赫胥黎著,上海译文出版社,2017-01-01,上海,298,I561.45,584699885924421,IB24G10
200859133,美丽新世界,9787532773404.0,外借,2024-11-19 12:09:34,28.0,(英)赫胥黎著,上海译文出版社,2017-01-01,上海,298,I561.45,584699885924421,IB24G10
200814379,信使,9787500865582.0,外借,2024-11-19 12:09:40,29.0,刘慈欣著,中国工人出版社,2017-01-01,北京,,I247.7,584699885924421,IB24G10
200814379,信使,9787500865582.0,归还,2024-11-19 12:09:42,29.0,刘慈欣著,中国工人出版社,2017-01-01,北京,,I247.7,584699885924421,IB24G10
200814379,信使,9787500865582.0,外借,2024-11-19 12:09:53,29.0,刘慈欣著,中国工人出版社,2017-01-01,北京,,I247.7,584699885924421,IB24G10
201018870,略萨谈博尔赫斯 : 与博尔赫斯在一起的半个世纪,9787020173686.0,外借,2024-11-19 12:37:15,50.0,"(秘)马里奥·巴尔加斯·略萨 (Vargas Liosa, Mario 1936~) 著",人民文学出版社,2022-01-01,北京,112,I783.065,455797921001541,IB23G11
200877186,在路上,9787532740260.0,归还,2024-11-19 14:18:13,48.0,(美)杰克·凯鲁亚克(Jack Kerouac) 著,上海译文出版社,2006-01-01,上海,,I712.45,450611286782021,IB22G12
200829602,尼采,9787544729680.0,归还,2024-11-19 16:54:22,39.0,(英)坦纳著;于洋译,译林出版社,2013-01-01,南京,109,B516.47,584699856826437,IB24G10
200850864,洞穴奇案,9787108039873.0,归还,2024-11-19 16:54:22,23.0,（美）萨伯著,生活·读书·新知三联书店,2012-01-01,北京,157,D971.2,584699856826437,IB24G10
201022213,你的夏天还好吗？,9787020171774.0,外借,2024-11-19 17:37:43,48.0,(韩)金爱烂 (女， 1980~) 著,人民文学出版社,2022-01-01,北京,239,I312.645,584699856826437,IB24G10
201323031,Freakonomics,9780061956270.0,外借,2024-11-19 17:43:38,60.0,Steven D. Levitt,HarperCollins Publishers Inc,2009-08-01,,336,330,584699863535685,IB24G10
200945825,霍乱时期的爱情,9787544297059.0,外借,2024-11-20 07:22:04,69.0,（哥伦）马尔克斯著 杨玲译,南海出版公司,2020-01-01,海口,401,I775.45,584699848413253,IB24G10
200962896,月亮和六便士,9787538754858.0,归还,2024-11-20 07:52:18,27.0,(英)毛姆著 苏福忠译,时代文艺出版社,2017-01-01,长春,256,I561.45,517464412696645,IB23G11
200923796,马尾树,9787533961497.0,外借,2024-11-20 07:59:33,56.0,(英)毛姆著,浙江文艺出版社,2021-01-01,杭州,238,I561.45,517464412696645,IB23G11
200906421,我需要去看心理医生吗？,9787519283698.0,外借,2024-11-20 08:24:50,58.0,（英）波特利著,世界图书出版有限公司北京分公司,2022-01-01,北京,300,R395.6,450611274682437,IB22G12
201035593,你在逃避什么,9787115587848.0,外借,2024-11-20 08:24:56,59.8,(美)弗雷德里克森著,人民邮电出版社,2022-01-01,北京,218,B84-49,450611274682437,IB22G12
200914289,医生与您细聊抑郁症,9787302614210.0,外借,2024-11-20 08:25:14,49.0,吴菲著,清华大学出版社,2022-01-01,北京,159,R749.4,450611326087237,IB22G12
200989216,抑郁、焦虑和药物的那些事,9787522901213.0,外借,2024-11-20 08:25:14,109.9,（加）斯莱特著,中国纺织出版社有限公司,2023-01-01,北京,277,R964,450611326087237,IB22G12
200821735,四百万+西部的心,9787020136919.0,归还,2024-11-20 11:40:08,98.0,(美)亨利著,人民文学出版社,2003-01-01,北京,400,I712.44,584699866095685,IB24G10
201039688,鲁迅全集·第一卷,9787536094239.0,归还,2024-11-20 11:40:08,29.9,鲁迅著,花城出版社,2021-01-01,广州,20,I210.1,584699866095685,IB24G10
201039697,鲁迅全集·第二卷,9787536094239.0,归还,2024-11-20 11:40:08,29.9,鲁迅著,花城出版社,2021-01-01,广州,20,I210.1,584699866095685,IB24G10
201059228,围城,9787020127894.0,外借,2024-11-20 11:50:09,36.0,钱钟书著,人民文学出版社 ,2017-01-01,北京 ,377,I247.57,584699865665605,IB24G10
200878504,查拉图斯特拉如是说,9787532787067.0,外借,2024-11-20 11:50:18,58.0,(德)尼采著　黄明嘉译,上海译文出版社,2021-01-01,上海,411,B516.47,584699865665605,IB24G10
201027888,三国演义.上,9787020008728.0,外借,2024-11-20 11:50:45,20.0,(明)罗贯中著,人民文学出版社,2017-01-01,北京,990,I242.4,584699865665605,IB24G10
201052500,财政学 ,9787300217543.0,外借,2024-11-20 11:54:46,78.0,"(美)哈维·S. 罗森 (Rosen, Harvey S.) 著", 中国人民大学出版社,2015-01-01,北京 ,482,F810,584699865665605,IB24G10
201008391,罗伯斯庇尔与法国大革命 ,9787100166461.0,外借,2024-11-20 11:57:20,88.0,"(英)露丝·斯科尔 (女，Scurr, Ruth 1971~) 著", 商务印书馆,2018-01-01,北京 ,552,K835.657=41,584699865665605,IB24G10
200854735,存在与虚无,9787108050984.0,外借,2024-11-20 12:00:54,68.0,"(法)萨特 (Sartre, Jean-Paul 1905~1980) 著", 生活·读书·新知三联书店,2014-01-01,北京,762,B086,584699865665605,IB24G10
201041158,世界上最简单的会计书 ,9787111442585.0,外借,2024-11-20 12:01:06,49.0,"(美)达雷尔·穆利斯 (Mullis, Darrell) 著", 机械工业出版社,2013-01-01,北京 ,200,F230,584699865665605,IB24G10
200966598,三国演义. 上,9787101067316.0,外借,2024-11-20 12:01:09,47.0,(明)罗贯中 (1330?~1400?) 著, 中华书局,2009-01-01,北京 ,721,I242.4,584699865665605,IB24G10
201049490,哈佛经济学笔记 ,9787539938608.0,外借,2024-11-20 12:01:15,42.0,陈晋 (女) 著, 江苏文艺出版社,2010-01-01,南京 ,288,F0-49,584699865665605,IB24G10
200825928,查理一世,9787545562354.0,归还,2024-11-20 13:07:41,88.0,(英）莱尔著,天地出版社,2021-01-01,成都,11414,K835.61,584699846684741,IB24G10
200686757,Trump: How to Get Rich,9780345481030.0,外借,2024-11-20 14:09:10,35.0,Donald J. Trump,Random House US,2004-12-28,美国,,650,584699875594309,IB24G10
201313293,(PBC)Essays and Letters,9780140447088.0,外借,2024-11-20 14:09:10,63.0,Friedrich Holderlin,penguin uk,2004-08-26,英国,,838.60,584699875594309,IB24G10
201324780,The History of the Decline and Fall of the Roman Empire:vol,9780140433937.0,外借,2024-11-20 14:09:10,83.0,Betty Friedan,Penguin UK,2016-01-12,英国,,937.06,584699875594309,IB24G10
200981759,流行病 ,9787568060134.0,外借,2024-11-20 16:05:36,88.0,"(澳)多尔蒂 (Doherty, Peter C.) 著", 华中科技大学出版社,2020-01-01,武汉 ,25318,R181,584699859591237,IB24G10
201323629,The fellowship of the ring : being the first part of The lord of the rings,9780261103573.0,外借,2024-11-20 16:57:48,26.0,"Tolkien, J. R. R.",,,,407,823.912,455797978308677,IB23G11
201324174,The two towers; : being the second part of The Lord of the rings,9780007488322.0,外借,2024-11-20 16:57:48,21.0,"Tolkien, J. R. R. (John Ronald Reuel), 1892-1973",HarperCollins,2002-01-01,London,971,823.912,455797978308677,IB23G11
201324183,The return of the king : being the third part of The lord of the rings,9780007488346.0,外借,2024-11-20 16:57:48,21.0,"Tolkien, J. R. R. (John Ronald Reuel), 1892-1973",HarperCollins,2002-01-01,London,1567,823.912,455797978308677,IB23G11
200885373,奥斯曼之影 : 塞利姆的土耳其帝国与现代世界的形成,9787521735765.0,归还,2024-11-21 07:28:31,118.0,"(美)阿兰·米哈伊尔 (Mikhail, Alan 1979~) 著",中信出版社,2021-01-01,北京,14578,K374.3,455798032764997,IB23G11
200937442,3年人类迁徙史,9787218155913.0,外借,2024-11-21 07:29:29,118.0,(英) 科恩著,广州 广东人民出版社 2023,2023-01-01,广州,251,C922.1,455798032764997,IB23G11
200949821,新迁移,9787500172048.0,外借,2024-11-21 07:29:29,98.0,康纳,中译出版社,2023-01-01,北京,360,C924.1,455798032764997,IB23G11
200938708,毕业,9787544294126.0,归还,2024-11-21 08:16:21,49.5,(日)东野圭吾著;黄真译,南海出版公司,2019-01-01,海口,266,I313.45,450611280293957,IB22G12
201033274,深度学习 ,9787115461476.0,归还,2024-11-21 09:20:57,168.0,"(美)伊恩·古德费洛 (Goodfellow, Ian) 著", 人民邮电出版社,2017-01-01,北京 ,10500,TP181,455797921996869,IB23G11
201307549,To Be A Machine,9781101911594.0,归还,2024-11-21 09:20:57,53.0,Mark OConnell,Anchor Books,2018-01-16,美国,,306.46,455797921996869,IB23G11
201407655,Amusing Ourselves to Death[娱乐至死],9780143036531.0,归还,2024-11-21 09:20:57,94.0,"Postman, Neil[尼尔·波兹曼]",PENGUIN GROUP,2006-01-01,NEW YORK,184,302.234,455797921996869,IB23G11
200939609,人工智能基础实验教程,9787113293208.0,归还,2024-11-21 09:26:16,49.8,潘理虎著,中国铁道出版社有限公司,2022-01-01,北京,305,TP18-33,455797921996869,IB23G11
200924955,苦炼,9787542674173.0,归还,2024-11-21 14:34:26,68.0,（法）尤瑟纳尔著,上海三联书店,2021-01-01,上海,403,I565.45,584699859378245,IB24G10
201323629,The fellowship of the ring : being the first part of The lord of the rings,9780261103573.0,归还,2024-11-21 16:31:02,26.0,"Tolkien, J. R. R.",,,,407,823.912,455797978308677,IB23G11
201324174,The two towers; : being the second part of The Lord of the rings,9780007488322.0,归还,2024-11-21 16:31:06,21.0,"Tolkien, J. R. R. (John Ronald Reuel), 1892-1973",HarperCollins,2002-01-01,London,971,823.912,455797978308677,IB23G11
201324183,The return of the king : being the third part of The lord of the rings,9780007488346.0,归还,2024-11-21 16:31:10,21.0,"Tolkien, J. R. R. (John Ronald Reuel), 1892-1973",HarperCollins,2002-01-01,London,1567,823.912,455797978308677,IB23G11
201322069,The Birth of Classical Europe: A History from Troy to Augustine,9780143120452.0,外借,2024-11-21 17:23:44,130.0,Simon Price,Penguin Books,,,0,938,584699875807301,IB24G10
201307745,Penguin Classics Deluxe Edition: Dracula,9780143106166.0,外借,2024-11-21 17:23:53,54.0,Bram Stoker,Penguin USA,2010-11-30,美国,,823.8,584699875807301,IB24G10
200876506,巨人的陨落I,9787539989891.0,外借,2024-11-22 07:15:35,43.8,(英)福莱特著;于大卫译,江苏凤凰文艺出版社,2016-01-01,南京,372,I561.45,584699871535173,IB24G10
200868677,存在主义心理学的邀请,9787559662347.0,归还,2024-11-22 07:33:22,59.0,（丹）雅各布森著,北京联合出版公司,2022-01-01,北京,19265,B84-066,584699836194885,IB24G10
201027897,三国演义.上,9787020008728.0,归还,2024-11-22 07:33:24,20.0,(明)罗贯中著,人民文学出版社,2017-01-01,北京,990,I242.4,584699836194885,IB24G10
200878112,快乐的死,9787532168750.0,归还,2024-11-22 07:37:36,39.0,"(法)阿尔贝·加缪 (Camus, Albert 1913~1960) 著",上海文艺出版社,2019-01-01,上海,149,I565.45,455797991358533,IB23G11
200919444,阁楼上的疯女人 :女性作家与19世纪文学想象.上,9787208125537.0,归还,2024-11-22 07:37:37,64.0,"(美)吉尔伯特 (女，Gilbert, Sandra M.) 著", 上海人民出版社,2015-01-01,上海 ,1843897,I106,455797991358533,IB23G11
200975935,荷马笔下的诸神与人类德行,9787522204079.0,归还,2024-11-22 07:41:18,89.0,（美）阿伦斯多夫著,华夏出版社有限公司,2023-01-01,北京,321,B502,455797957926981,IB23G11
200856369,罗素 ,9787108067081.0,外借,2024-11-22 07:49:37,32.0,"(英)罗宾逊 (Robinson, David) 文", 生活·读书·新知三联书店,2020-01-01,北京 ,177,B561.54,455797957926981,IB23G11
200890321,维特根斯坦与《逻辑哲学论》,9787559851833.0,外借,2024-11-22 07:49:37,108.0,（英）莫里斯著,广西师范大学出版社,2022-01-01,桂林,520,B561.59,455797957926981,IB23G11
200694436,Dune,9780340960196.0,归还,2024-11-22 08:48:53,51.0,Frank Herbert,Hodder,2015-07-16,英国,,813.54,584699866955845,IB24G10
200950621,契诃夫短篇小说集,9787540237004.0,归还,2024-11-22 08:48:53,29.0,(俄罗斯)契诃夫著,北京燕山出版社,2017-01-01,北京,387,I512.44,584699866955845,IB24G10
201315656,Ib Diploma Programme Biology 223 Edition Student Book,9781382016339.0,外借,2024-11-22 09:51:27,330.0,"Allott, Andrew; Mindorff, David","Oxford University Press, USA",2023-02-09,USA,816,IB-4-BI-2,584699863957573,IB24G10
201315488,Ib Diploma Programme Physics 223 Edition Student Book,9781382016599.0,外借,2024-11-22 09:51:40,330.0,"Homer, David; Heathcote, William; Pietka, Maciej","Oxford University Press, USA",2023-03-03,UK,720,IB-4-PH-5,584699863957573,IB24G10
201315488,Ib Diploma Programme Physics 223 Edition Student Book,9781382016599.0,续借,2024-11-22 09:52:56,330.0,"Homer, David; Heathcote, William; Pietka, Maciej","Oxford University Press, USA",2023-03-03,UK,720,IB-4-PH-5,584699863957573,IB24G10
201021214,心向原野,9787020175208.0,外借,2024-11-22 10:14:32,65.0,（英）梅比著,人民文学出版社,2022-01-01,北京,10311,I561.65,584699866955845,IB24G10
200989216,抑郁、焦虑和药物的那些事,9787522901213.0,归还,2024-11-22 10:23:19,109.9,（加）斯莱特著,中国纺织出版社有限公司,2023-01-01,北京,277,R964,450611326087237,IB22G12
200914289,医生与您细聊抑郁症,9787302614210.0,归还,2024-11-22 10:23:20,49.0,吴菲著,清华大学出版社,2022-01-01,北京,159,R749.4,450611326087237,IB22G12
200981759,流行病 ,9787568060134.0,归还,2024-11-22 11:29:42,88.0,"(澳)多尔蒂 (Doherty, Peter C.) 著", 华中科技大学出版社,2020-01-01,武汉 ,25318,R181,584699859591237,IB24G10
200950284,生物群落概述 ,9787544516020.0,外借,2024-11-22 11:50:49,23.0,"(美)苏珊·L. 伍德沃德 (女，Woodward, Susan L.) 著", 长春出版社,2014-01-01,长春 ,175,Q145-49,584699859591237,IB24G10
200949000,现代生命科学导论 ,9787561774588.0,外借,2024-11-22 11:50:53,36.0,陈铭德 (1953~) 编著, 华东师范大学出版社,2010-01-01,上海 ,285,Q1-0,584699859591237,IB24G10
200967962,临床精神药理学手册 ,9787301295151.0,外借,2024-11-22 12:07:06,208.0,"(美)萨茨伯格 (Schatzberg, Alan F.) 著", 北京大学出版社,2018-01-01,北京 ,550,R964-62,450611319373893,IB22G12
200988976,精神分析的技术与实践,9787111661665.0,外借,2024-11-22 12:07:14,120.0,（美）格林森著,机械工业出版社,2020-01-01,北京,369,B84-065,450611319373893,IB22G12
200906430,心理治疗为什么有用,9787519299118.0,外借,2024-11-22 12:07:20,59.0,（美）科佐利诺著,世界图书出版有限公司北京分公司,2023-01-01,北京,256,R749.055,450611319373893,IB22G12
200659037,Educated : a memoir,9781984854858.0,归还,2024-11-22 12:13:53,75.0,"Westover, Tara",Random House US,2018-01-01,New York,334,270.092,584699884150853,IB24G10
201005125,拉丁美洲史,9787507551341.0,外借,2024-11-22 13:43:31,98.0,韦伯斯特著,华文出版社,2019-01-01,北京,338,K73,584699847753797,IB24G10
201325583,Never let me go,9780571258093.0,外借,2024-11-22 14:56:04,72.0,"Ishiguro, Kazuo",Faber and Faber,,London,282,823.914,584699873386565,IB24G10
200694329,Lord of the Flies,9780399533372.0,外借,2024-11-22 14:56:19,90.0,William Golding,PENGUIN Group (USA) Inc.,2006-10-01,,225,823.914,584699873386565,IB24G10
200907082,平面设计完全手册,9787530470954.0,续借,2024-11-24 23:19:44,89.0,(德)韦格著,北京科学技术出版社,2017-01-01,北京,470,J506,450611279773765,IB22G12
200856207,康德 ,9787108065490.0,续借,2024-11-24 23:19:47,32.0,"库尔-旺特 (Kul-Want, Christopher) (英) 文", 生活·读书·新知三联书店,2019-01-01,北京 ,177,B516.31,450611279773765,IB22G12
200860390,另一个，同一个,9787532772520.0,续借,2024-11-24 23:19:49,41.0,(阿根廷)博尔赫斯著,上海译文出版社,2016-01-01,上海,74,I783.15,450611279773765,IB22G12
200870307,星空故事：88站夜空漫游指南,9787559630148.0,续借,2024-11-25 07:14:41,326.0,"(英)苏珊娜·希斯洛普 (Hislop, Susanna) 著", 北京联合出版公司,2019-01-01,北京 ,197,P151-49,584699875807301,IB24G10
200837087,伊朗简史,9787513932905.0,归还,2024-11-25 07:29:35,80.0,（英）阿克斯沃西著,民主与建设出版社有限责任公司,2020-01-01,北京,380,K373,584699851386949,IB24G10
200967971,临床精神药理学手册 ,9787301295151.0,续借,2024-11-25 07:37:39,208.0,"(美)萨茨伯格 (Schatzberg, Alan F.) 著", 北京大学出版社,2018-01-01,北京 ,550,R964-62,584699867856965,IB24G10
201051681,悲伤即成长,9787115598561.0,归还,2024-11-25 07:39:05,59.8,(美)芬奇著,人民邮电出版社,2022-01-01,北京,278,B821-49,584699865239621,IB24G10
201042362,棋王树王孩子王 ,9787539990583.0,归还,2024-11-25 07:39:08,38.0,阿城 (1949~) 著, 江苏凤凰文艺出版社,2016-01-01,南京 ,179,I247.57,584699865239621,IB24G10
200991267,人人都该懂的工程学,9787213096471.0,归还,2024-11-25 11:21:40,59.9,(英)娜塔莎·麦卡锡(Natasha McCarthy)著 ,浙江人民出版社,2020-01-01,杭州,191,TB-49,584699881758789,IB24G10
200843043,政治学 ,9787100131889.0,外借,2024-11-25 11:37:52,62.0,(古希腊)亚里士多德 (Aristoteles 前384~前322) 著, 商务印书馆,2017-01-01,北京 ,16526,D0,584699855532101,IB24G10
200883758,银河系搭车客指南.1,9787532764655.0,归还,2024-11-25 11:38:06,53.6,(英)亚当斯著;姚向辉译,上海译文出版社,2014-01-01,上海,279,I561.45,584699845550149,IB24G10
200686757,Trump: How to Get Rich,9780345481030.0,归还,2024-11-25 11:56:10,35.0,Donald J. Trump,Random House US,2004-12-28,美国,,650,584699875594309,IB24G10
201313293,(PBC)Essays and Letters,9780140447088.0,归还,2024-11-25 11:56:10,63.0,Friedrich Holderlin,penguin uk,2004-08-26,英国,,838.60,584699875594309,IB24G10
201001502,水与梦,9787100167765.0,归还,2024-11-25 12:06:25,39.0,巴什拉著,商务印书馆,2019-01-01,北京,244,B565.59,584699852910661,IB24G10
201001502,水与梦,9787100167765.0,外借,2024-11-25 12:07:04,39.0,巴什拉著,商务印书馆,2019-01-01,北京,244,B565.59,584699852910661,IB24G10
200859598,存在主义是一种人道主义,9787532758012.0,外借,2024-11-25 12:09:14,32.0,（法）萨特著,上海译文出版社,2012-01-01,上海,113,B086,584699852910661,IB24G10
200917482,"大秦帝国·第三部, 金戈铁马. 上卷",9787208152472.0,续借,2024-11-25 12:16:10,58.0,孙皓晖著,上海人民出版社,2019-01-01,上海,426,I247.53,584699884843077,IB24G10
200865297,哲学家们都干了些什么,9787550242234.0,外借,2024-11-25 12:16:47,52.0,林欣浩著,北京联合出版公司,2015-01-01,北京,517,B-49,584699852910661,IB24G10
200875534,"银河帝国.1,基地",9787539983295.0,外借,2024-11-25 12:20:36,45.0,(美)阿西莫夫著,江苏凤凰文艺出版社,2015-01-01,南京,277,I712.45,450611290103877,IB22G12
201056203,美丽新世界,9787532774685.0,外借,2024-11-25 12:20:36,45.0,(英)赫胥黎著;陈超译,上海译文出版社,2017-01-01,上海,349,I561.45,450611290103877,IB22G12
200857260,局外人,9787532761760.0,归还,2024-11-25 15:24:46,32.0,（法）加缪著,上海译文出版社,2013-01-01,上海,25128,I565.45,584699875151941,IB24G10
201024845,死魂灵,9787020124701.0,归还,2024-11-25 15:24:46,39.0,（俄罗斯）果戈理著,人民文学出版社,1983-01-01,北京,390,I512.44,584699875151941,IB24G10
201324780,The History of the Decline and Fall of the Roman Empire:vol,9780140433937.0,归还,2024-11-25 15:48:01,83.0,Betty Friedan,Penguin UK,2016-01-12,英国,,937.06,584699875594309,IB24G10
201307996,Mark Zuckerberg: In His Own Words (In Their Own Words Series),9781572842625.0,外借,2024-11-25 15:48:35,34.0,Harvard Business Review,Harvard Business Review Press,2018-08-14,美国,,006.70,584699875594309,IB24G10
201313426,(PBC)A Treatise of Human Nature,9780140432442.0,外借,2024-11-25 15:48:35,63.0,David Hume,penguin uk,1985-10-31,英国,,128,584699875594309,IB24G10
201313676,"Human, All Too Human",9780140446173.0,外借,2024-11-25 15:48:35,41.0,Friedrich Nietzsche,Penguin UK,2015-10-08,英国,,128,584699875594309,IB24G10
201313729,Essays and Aphorisms,9780140442274.0,外借,2024-11-25 15:48:35,41.0,Arthur Schopenhauer and R. J. Hollingdale,Penguin UK,2016-06-02,英国,,193,584699875594309,IB24G10
200974204,曹禺戏剧选 ,9787530221020.0,归还,2024-11-25 16:37:13,69.8,曹禺 (1910~1996) 著, 北京十月文艺出版社,2021-01-01,北京 ,598,I234,584699852693573,IB24G10
201307996,Mark Zuckerberg: In His Own Words (In Their Own Words Series),9781572842625.0,归还,2024-11-25 16:41:25,34.0,Harvard Business Review,Harvard Business Review Press,2018-08-14,美国,,006.70,584699875594309,IB24G10
200810140,彷徨,9787020142637.0,外借,2024-11-25 17:05:06,18.0,鲁迅著,人民文学出版社,2018-01-01,北京,151,I210.6,584699859591237,IB24G10
200802471,透明,9787532787555.0,归还,2024-11-25 17:13:25,55.0,纳博科夫著,上海译文出版社有限公司,2022-01-01,上海,130,I712.45,584699861119045,IB24G10
200689834,"Mythology: Timeless Tales of Gods and Heroes, 75th Anniversary Illustrated Edition",9780316438520.0,归还,2024-11-25 17:20:59,122.0,Edith Hamilton,Black Dog Books,2017-09-26,美国,,813.54,584699875807301,IB24G10
200870307,星空故事：88站夜空漫游指南,9787559630148.0,归还,2024-11-25 17:21:13,326.0,"(英)苏珊娜·希斯洛普 (Hislop, Susanna) 著", 北京联合出版公司,2019-01-01,北京 ,197,P151-49,584699875807301,IB24G10
200861790,都柏林人,9787532773442.0,续借,2024-11-25 23:24:45,32.0,(爱尔兰)乔伊斯著;王逢振译,上海译文出版社,2016-01-01,上海,230,I562.45,455798058967109,IB23G11
200876445,想象一朵未来的玫瑰：佩索阿诗选,9787521700381.0,归还,2024-11-26 07:31:20,59.8,（葡）佩索阿著,中信出版社,2019-01-01,,282,I552.25,450611290882117,IB22G12
201018870,略萨谈博尔赫斯 : 与博尔赫斯在一起的半个世纪,9787020173686.0,归还,2024-11-26 09:23:10,50.0,"(秘)马里奥·巴尔加斯·略萨 (Vargas Liosa, Mario 1936~) 著",人民文学出版社,2022-01-01,北京,112,I783.065,455797921001541,IB23G11
201022160,“文学爆炸”亲历记,9787020164462.0,归还,2024-11-26 09:23:10,36.0,(智)多诺索著,人民文学出版社,2021-01-01,北京,10172,I784.55,455797921001541,IB23G11
200860238,阿莱夫,9787532773206.0,外借,2024-11-26 09:26:18,39.0,(阿根廷)博尔赫斯著;王永年等译,上海译文出版社,2017-01-01,上海,203,I783.15,455797921001541,IB23G11
200887068,小径分岔的花园,9787532762897.0,外借,2024-11-26 09:26:18,35.0,(阿根廷)博尔赫斯著;王永年译,上海译文出版社,2015-01-01,上海,99,I783.45,455797921001541,IB23G11
200975542,清洁女工手册 ,9787530221426.0,归还,2024-11-26 11:06:34,69.0,"(美)露西亚·伯林 (Berlin, Lucia 1936.11~2004.11) 著", 北京十月文艺出版社,2021-01-01,北京 ,20450,I712.45,450611277750341,IB22G12
200847441,红玫瑰与白玫瑰,9787530218617.0,外借,2024-11-26 11:07:06,49.5,张爱玲著,北京十月文艺出版社,2019-01-01,,290,I246.7,450611277750341,IB22G12
200875222,菜根谭,9787551816571.0,外借,2024-11-26 11:49:13,98.0,(明)洪应明著;齐白石绘,三秦出版社,2018-01-01,西安,365,B825,450611291877445,IB22G12
200975114,侦探伽利略 ,9787544295369.0,外借,2024-11-26 11:49:27,49.5,(日)东野圭吾 (1958~) 著, 南海出版公司,2019-01-01,海口 ,244,I313.45,450611291877445,IB22G12
200881689,仲夏之死,9787532764778.0,外借,2024-11-26 11:49:40,46.0,(日)三岛由纪夫著,上海译文出版社,2014-01-01,上海,251,I313.45,450611291877445,IB22G12
201001799,古埃及《亡灵书》,9787100182386.0,外借,2024-11-26 11:49:55,118.0,金寿福著,商务印书馆,2020-01-01,北京,453,B846,450611291877445,IB22G12
201053572,色情,9787305209062.0,外借,2024-11-26 14:08:32,72.0,（法）巴塔耶著,南京大学出版社,2019-01-01,南京,442,B0,455798073786437,IB23G11
201502800,Physics for the IB Diploma Coursebook with Digital Access (2 Years),9781009071888.0,外借,2024-11-26 15:58:54,418.0,"Tsokos, K. A.",Cambridge University Press,2023-06-22,,530,IB-4-PH-5,584699865874501,IB24G10
201500848,Physics for the IB Diploma Workbook with Digital Access (2 Years),9781009071901.0,外借,2024-11-26 15:59:06,179.0,"Farrington, Mark",Cambridge University Press,2023-06-29,,400,IB-4-PH-5,584699865874501,IB24G10
200880591,香水,9787532745449.0,归还,2024-11-26 16:44:56,48.0,(德)聚斯金德著;李清华译,上海译文出版社,2014-01-01,上海,272,I516.45,455798081712197,IB23G11
200860390,另一个，同一个,9787532772520.0,归还,2024-11-26 17:06:30,41.0,(阿根廷)博尔赫斯著,上海译文出版社,2016-01-01,上海,74,I783.15,450611279773765,IB22G12
200804344,天黑以后,9787544299787.0,外借,2024-11-26 17:21:35,49.0,村上春树,南海出版公司,2022-01-01,海口,196,I313.45,584699858735173,IB24G10
201314746,Pearson Chemistry for the IB Diploma SL,9781292427690.0,外借,2024-11-26 17:24:40,335.0,"Brown, Catrin; Ford, Mike; Canning, Oliver; Economou, Andreas; Irwin, Garth",Pearson Education Limited,2023-04-14,London,656,IB-4-CH-3,584699865874501,IB24G10
200815314,普林斯顿微积分读本,9787115435590.0,归还,2024-11-27 06:38:47,99.0,"(美)班纳 (Banner, Adrian ) 著",人民邮电出版社,2016-01-01,北京,648,O172,584699859378245,IB24G10
200879790,空间的诗学,9787532761913.0,归还,2024-11-27 06:38:47,43.0,(法)巴什拉著　张逸婧译,上海译文出版社,2013-01-01,上海,312,B565.59,584699859378245,IB24G10
200876524,巨人的陨落II,9787539989891.0,外借,2024-11-27 07:44:14,43.0,(英)福莱特著;于大卫译,江苏凤凰文艺出版社,2016-01-01,南京,372,I561.45,584699871535173,IB24G10
200888236,"在春天,去看一个人",9787550022829.0,归还,2024-11-27 08:52:42,58.0,沈从文著,百花洲文艺出版社,2018-01-01,南昌,316,I246.7,450611282698309,IB22G12
200813361,习近平新时代中国特色社会主义思想学习问答 ,9787514710304.0,外借,2024-11-27 12:05:17,42.0,中共中央宣传部,学习出版社,,北京,10460,D610,584699888529477,IB24G10
200813361,习近平新时代中国特色社会主义思想学习问答 ,9787514710304.0,归还,2024-11-27 12:05:36,42.0,中共中央宣传部,学习出版社,,北京,10460,D610,584699888529477,IB24G10
200813361,习近平新时代中国特色社会主义思想学习问答 ,9787514710304.0,外借,2024-11-27 12:05:49,42.0,中共中央宣传部,学习出版社,,北京,10460,D610,584699888529477,IB24G10
200819365,习近平新时代中国特色社会主义思想基本问题,9787503568770.0,外借,2024-11-27 12:05:49,95.0,中共中央党校著,中共中央党校出版社,2020-01-01,北京,432,D610,584699888529477,IB24G10
200688899,Penguin Great Ideas : Common Sense,9780141018904.0,归还,2024-11-27 15:03:30,26.0,Thomas Paine,penguin uk,2004-09-02,英国,,320.01,450611325075525,IB22G12
201321934,Artists : their lives and works,9780241226186.0,归还,2024-11-27 16:38:13,113.0,"
&nbsp;
",,,,,709.2,584699847753797,IB24G10
201319000,Ib Diploma Programme Chemistry 2023 Edition Study Guide,9781382016568.0,外借,2024-11-27 16:58:37,288.0,"Neuss, Geoffrey",Oxford,2023-10-05,UK,201,IB-4-CH-3,584699862896709,IB24G10
201500955,Physics for the IB Diploma Coursebook with Digital Access (2 Years),9781009071888.0,外借,2024-11-27 16:58:51,418.0,"Tsokos, K. A.",Cambridge University Press,2023-06-22,,530,IB-4-PH-5,584699862896709,IB24G10
200979183,悉达多,9787201112695.0,外借,2024-11-27 17:37:25,32.0,(德)黑塞著 姜乙译,天津人民出版社,2017-01-01,天津,137,I516.45,584699858735173,IB24G10
200923411,人生无真相,9787559663283.0,归还,2024-11-28 07:21:17,59.0,南怀瑾著,北京联合出版公司,2022-01-01,北京,284,B821-49,584699865239621,IB24G10
200834106,货币幻觉,9787559846402.0,归还,2024-11-28 07:34:36,59.0,（美）费雪著,广西师范大学出版社,2022-01-01,桂林,171,F82,584699861340229,IB24G10
200839600,凡尔登战役,9787565842740.0,归还,2024-11-28 11:09:49,88.0,霍恩著,汕头大学出版社,2021-01-01,汕头,456,E194.4,584699877527621,IB24G10
200912085,叔本华思想随笔,9787208157415.0,续借,2024-11-28 15:06:11,78.0,（德）叔本华著,上海人民出版社,2019-01-01,上海,346,B516.41,584699854663749,IB24G10
200613078,Unraveller,9781529080407.0,外借,2024-11-28 17:53:05,100.0,"Hardinge, Frances",Pan Macmillan,2022-09-01,,416,823.92,584699870892101,IB24G10
200923796,马尾树,9787533961497.0,归还,2024-11-29 07:45:50,56.0,(英)毛姆著,浙江文艺出版社,2021-01-01,杭州,238,I561.45,517464412696645,IB23G11
200982623,人性的枷锁 ,9787210082903.0,外借,2024-11-29 07:51:39,68.0,"(英)毛姆 (Maugham, William Somerset 1874~1965) 著", 江西人民出版社,2016-01-01,南昌 ,10645,I561.45,517464412696645,IB23G11
201018193,人世的真相,9787569520767.0,外借,2024-11-29 07:51:46,69.0,（英）毛姆著,陕西师范大学出版总社,2021-01-01,西安,316,I561.45,517464412696645,IB23G11
200804647,千羽鹤.4,9787220128165.0,外借,2024-11-29 07:53:01,49.6,（日）川端康成著,四川人民出版社,2023-01-01,成都,241,I313.45,584699862003781,IB24G10
200875730,叙事经济学 ,9787521715101.0,外借,2024-11-29 07:53:01,88.0,"(美)罗伯特·希勒 (Shiller, Robert J.) 著", 中信出版集团股份有限公司,2020-01-01,北京 ,19355,F0,584699862003781,IB24G10
200817651,窄门,9787201141527.0,归还,2024-11-29 08:52:27,45.0,(法)安德烈·纪德(André Gide)著 顾琪静译,天津人民出版社,2018-01-01,天津,171,I565.45,584699837075525,IB24G10
200869364,哲学小史,9787547739617.0,续借,2024-11-29 09:35:55,49.0,（英）沃伯顿著,北京日报出版社,2021-01-01,北京,313,B5-49,584699874275397,IB24G10
201024541,有限与无限的游戏: 有限与无限的游戏,9787121364259.0,归还,2024-11-29 09:47:28,68.0,"(美)詹姆斯·卡斯 (Carse, James P.) 著", 电子工业出版社,2019-01-01,北京 ,191,B-49,584699843399749,IB24G10
201031784,精英的傲慢,9787521731460.0,外借,2024-11-29 09:47:36,79.0,（美）桑德尔著,中信出版集团股份有限公司,2021-01-01,北京,26309,C91,584699843399749,IB24G10
200967613,力学,9787301094013.0,归还,2024-11-29 11:51:38,50.0,舒幼生著,北京大学出版社,2005-01-01,北京,397,O3,584699877527621,IB24G10
200967613,力学,9787301094013.0,外借,2024-11-29 11:51:57,50.0,舒幼生著,北京大学出版社,2005-01-01,北京,397,O3,584699877527621,IB24G10
201323629,The fellowship of the ring : being the first part of The lord of the rings,9780261103573.0,外借,2024-11-29 11:52:02,26.0,"Tolkien, J. R. R.",,,,407,823.912,584699877527621,IB24G10
200861745,罪与罚,9787532752485.0,归还,2024-11-29 12:29:18,42.0,(俄)陀思妥耶夫斯基著,上海译文出版社,2011-01-01,上海,532,I512.44,584699851386949,IB24G10
201039571,逻辑哲学论,9787511384096.0,归还,2024-11-29 12:29:18,45.0,（英）维特根斯坦著,中国华侨出版社,2021-01-01,北京,120,B81-05,584699851386949,IB24G10
200857750,复活,9787532752409.0,外借,2024-11-29 12:34:08,48.0,(俄罗斯)托尔斯泰著,上海译文出版社,2011-01-01,上海,516,I512.44,584699851386949,IB24G10
200937709,论自由,9787502055394.0,归还,2024-11-29 15:41:45,35.0,（英）密尔著,煤炭工业出版社,2017-01-01,北京,274,D081,584699874275397,IB24G10
200807733,日本近代思想史,9787513938990.0,续借,2024-12-01 10:22:01,58.0,鹿野政直著,民主与建设出版社有限责任公司,2022-01-01,北京,316,B313.4,455798075973701,IB23G11
200879022,纳博科夫文学讲稿三种·唐吉坷德讲稿,9787532778423.0,续借,2024-12-01 10:22:14,90.0,(美)纳博科夫著,上海译文出版社,2018-01-01,上海,287,I106,455798075973701,IB23G11
201302562,Line By Line: How To Edit Your Own Writing,9780395393918.0,续借,2024-12-01 10:22:17,77.0,Claire Kehrwald Cook,Houghton Mifflin Harcourt,1986-06-30,美国,,808.04,455798075973701,IB23G11
201325422,The woman in white,9780141389431.0,续借,2024-12-01 10:22:19,35.0,"Collins, Wilkie, 1824-1889; Sutherland, John, 1938-; Sweet, Matthew; Sucksmith, Harvey Peter",Penguin UK,2012-01-01,UK,718,823.8,455798075973701,IB23G11
201029779,当下的力量:白金版,9787508661766.0,归还,2024-12-02 07:23:59,59.0,(德)托利著;曹植译,中信出版社,2016-01-01,北京,260,B821-49,584699865239621,IB24G10
200876506,巨人的陨落I,9787539989891.0,归还,2024-12-02 07:51:58,43.8,(英)福莱特著;于大卫译,江苏凤凰文艺出版社,2016-01-01,南京,372,I561.45,584699871535173,IB24G10
201034665,从到1:开启商业与未来的秘密,9787508649719.0,归还,2024-12-02 07:51:58,69.0,"(美)蒂尔著,高玉芳译",中信出版社,2015-01-01,北京,260,F270,584699871535173,IB24G10
200985988,故事新编,9787201089560.0,续借,2024-12-02 08:42:47,25.0,鲁迅著,天津人民出版社,2015-01-01,天津,288,I210.6,584699859591237,IB24G10
201020545,彷徨,9787020142187.0,续借,2024-12-02 08:42:51,26.0,鲁迅著,人民文学出版社,2021-01-01,北京,185,I210.6,584699859591237,IB24G10
200994022,想呀想呀想不停,9787555024941.0,外借,2024-12-02 09:17:15,49.8,（日）吉竹伸介著,海峡文艺出版社,2020-01-01,福州,121,I313.65,455798054015045,IB23G11
200975141,希望之线,9787544262705.0,外借,2024-12-02 09:21:37,59.0,（日）东野圭吾著,南海出版公司,2021-01-01,海口,294,I313.45,455797989703749,IB23G11
200948323,哈利·波特与历史,9787500170969.0,外借,2024-12-02 09:21:57,68.0,（法）里多诺著,中译出版社,2022-01-01,北京,229,I561.078,455797996257349,IB23G11
200878773,契诃夫传,9787532788347.0,外借,2024-12-02 09:57:39,98.0,（苏）格罗莫夫著,上海译文出版社有限公司,2022-01-01,上海,14526,I512.45,450611275219013,IB22G12
200812353,鬼谷子,9787101083149.0,归还,2024-12-02 10:29:34,22.0,许富宏著,中华书局,2012-01-01,北京,12185,B228,584699884843077,IB24G10
200917482,"大秦帝国·第三部, 金戈铁马. 上卷",9787208152472.0,归还,2024-12-02 10:29:34,58.0,孙皓晖著,上海人民出版社,2019-01-01,上海,426,I247.53,584699884843077,IB24G10
200917491,"大秦帝国·第三部, 金戈铁马. 下卷",9787208152472.0,外借,2024-12-02 10:31:11,58.0,孙皓晖著,上海人民出版社,2019-01-01,上海,426,I247.53,584699884843077,IB24G10
201044734,欢迎来到宇宙 ,9787115560100.0,归还,2024-12-02 10:39:51,99.9,(美)泰森著,人民邮电出版社,2021-01-01,北京,12475,P159,584699862667333,IB24G10
200848495,道德动物,9787521743630.0,外借,2024-12-02 10:43:34,88.0,（美）赖特著,中信出版集团股份有限公司,2022-01-01,北京,19488,B84,584699862667333,IB24G10
200940287,叩开免疫之门 ,9787513580878.0,外借,2024-12-02 11:25:29,39.0,秦志海 (1960~) 著, 外语教学与研究出版社,2016-01-01,北京 ,172,R392-49,584699859591237,IB24G10
201325431,Secret Language of Flowers,9780241566220.0,归还,2024-12-02 11:31:30,59.0,DK,Dorling Kindersley Ltd,2023-01-05,美国,,398.36,584699842498629,IB24G10
200876757,人类的进击 ,9787508699165.0,外借,2024-12-02 11:35:53,59.0,唐文 (作家) 著, 中信出版集团股份有限公司,2019-01-01,北京 ,13333,Q981.1-49,584699842961477,IB24G10
201021214,心向原野,9787020175208.0,归还,2024-12-02 12:23:41,65.0,（英）梅比著,人民文学出版社,2022-01-01,北京,10311,I561.65,584699866955845,IB24G10
200903022,为什么那是艺术:当代艺术的美学和批评,9787558027932.0,归还,2024-12-02 12:33:46,118.0,(美)巴雷特著;徐文涛等译,江苏凤凰美术出版社,2018-01-01,南京,551,J0,450611288313925,IB22G12
201014115,科学革命的结构 ：新译精装版,9787301330661.0,归还,2024-12-02 12:33:48,79.0,（美）库恩著,北京大学出版社 ,2022-01-01,北京,299,N02,450611288313925,IB22G12
200940116,布雷顿森林货币战,9787111626305.0,归还,2024-12-02 12:33:53,79.0,（美）斯泰尔著,,,,,F827.12,450611288313925,IB22G12
200888931,生命中那些重要的事,9787559857538.0,外借,2024-12-02 12:49:29,69.0,（澳）辛格著,广西师范大学出版社,2023-01-01,桂林,339,B82,584699866955845,IB24G10
200876070,丹麦人为什么幸福,9787508674346.0,外借,2024-12-02 12:49:46,58.0,(丹)魏金著;林娟译,中信出版社,2017-01-01,北京,285,B82-49,584699866955845,IB24G10
200810140,彷徨,9787020142637.0,归还,2024-12-02 15:00:53,18.0,鲁迅著,人民文学出版社,2018-01-01,北京,151,I210.6,584699859591237,IB24G10
200950284,生物群落概述 ,9787544516020.0,归还,2024-12-02 15:00:53,23.0,"(美)苏珊·L. 伍德沃德 (女，Woodward, Susan L.) 著", 长春出版社,2014-01-01,长春 ,175,Q145-49,584699859591237,IB24G10
200967971,临床精神药理学手册 ,9787301295151.0,归还,2024-12-03 07:01:09,208.0,"(美)萨茨伯格 (Schatzberg, Alan F.) 著", 北京大学出版社,2018-01-01,北京 ,550,R964-62,584699867856965,IB24G10
200926169,量子经济学,9787504699268.0,归还,2024-12-03 07:51:13,79.0,（加）欧瑞尔著,中国科学技术出版社,2023-01-01,北京,406,F0,450611288313925,IB22G12
200926169,量子经济学,9787504699268.0,外借,2024-12-03 07:51:39,79.0,（加）欧瑞尔著,中国科学技术出版社,2023-01-01,北京,406,F0,450611288313925,IB22G12
200415504,The Complete Yes Prime Minister: The Diaries of ...,9780563207733.0,归还,2024-12-03 11:12:01,110.0,Jonathan Lynn and Sir Anthony Jay,Ebury Publishing,1989-06-01,,512,823.914,584699847753797,IB24G10
200415826,The Complete Yes Minister: The Diaries of a ...,9780563206651.0,归还,2024-12-03 11:12:01,110.0,"Lynn, Jonathan; Jay, Anthony",BBC Books,1989-06-01,,514,823.914,584699847753797,IB24G10
200871805,晓寺,9787559646859.0,外借,2024-12-03 16:31:32,56.0,(日)三岛由纪夫著,北京联合出版公司,2021-01-01,北京,394,I313.45,450611297759301,IB22G12
200926169,量子经济学,9787504699268.0,续借,2024-12-03 16:34:33,79.0,（加）欧瑞尔著,中国科学技术出版社,2023-01-01,北京,406,F0,450611288313925,IB22G12
201031061,如何从头开始做一个苹果派,9787521743951.0,外借,2024-12-03 16:34:48,68.0,（英）克利夫著,中信出版集团股份有限公司,2022-01-01,北京,13340,O572.2,450611288313925,IB22G12
200869177,直到时间的尽头,9787573008459.0,外借,2024-12-03 16:35:09,79.0,（美）格林著,海南出版社,2023-01-01,海口,513,O4,450611288313925,IB22G12
200945040,古典欧洲的诞生：从特洛伊到奥古斯丁,9787508694375.0,外借,2024-12-03 17:12:25,68.0,"(英)普莱斯 (Price, Simon) 著", 中信出版集团股份有限公司,2019-01-01,北京 ,23418,K502,584699875807301,IB24G10
200876070,丹麦人为什么幸福,9787508674346.0,归还,2024-12-04 16:27:29,58.0,(丹)魏金著;林娟译,中信出版社,2017-01-01,北京,285,B82-49,584699866955845,IB24G10
200697460,Signet Classics: Tales From Shakespeare,9780451530646.0,外借,2024-12-04 17:00:10,9.0,Charles Lamb,Signet,2007-06-05,美国,,822.33,584699868303429,IB24G10
200804344,天黑以后,9787544299787.0,归还,2024-12-04 17:04:04,49.0,村上春树,南海出版公司,2022-01-01,海口,196,I313.45,584699858735173,IB24G10
200906430,心理治疗为什么有用,9787519299118.0,归还,2024-12-04 17:22:42,59.0,（美）科佐利诺著,世界图书出版有限公司北京分公司,2023-01-01,北京,256,R749.055,450611319373893,IB22G12
200967962,临床精神药理学手册 ,9787301295151.0,归还,2024-12-04 17:22:42,208.0,"(美)萨茨伯格 (Schatzberg, Alan F.) 著", 北京大学出版社,2018-01-01,北京 ,550,R964-62,450611319373893,IB22G12
200988976,精神分析的技术与实践,9787111661665.0,归还,2024-12-04 17:22:42,120.0,（美）格林森著,机械工业出版社,2020-01-01,北京,369,B84-065,450611319373893,IB22G12
200835962,以罗马之名 : 缔造罗马伟业的将军们,9787557021559.0,外借,2024-12-04 17:40:06,92.0,"(英)阿德里安·戈兹沃西 (Goldsworthy, Adrian Keith 1969~) 著",广东旅游出版社,2022-01-01,广州,12520,K126-49,584699851386949,IB24G10
201058568,一个人暖呼呼,9787550289215.0,续借,2024-12-05 09:32:51,49.9,（日）高木直子著,北京联合出版公司,2016-01-01,北京,173,J238.2,455798058967109,IB23G11
201311847,The Chalk Man,9781405930956.0,归还,2024-12-05 12:26:34,35.0,CJ Tudor,Penguin UK,2018-08-23,英国,,823.92,584699842498629,IB24G10
200817642,存在主义咖啡馆:自由、存在和杏子鸡尾酒,9787559610782.0,归还,2024-12-05 16:04:24,88.0,(美)贝克韦尔,北京联合出版公司,2018-01-01,北京,563,B085,584699859378245,IB24G10
200977997,存在与时间,9787559814487.0,归还,2024-12-05 16:18:14,45.0,陈嘉映著,广西师范大学出版社,2019-01-01,桂林,317,B086,584699859378245,IB24G10
200977997,存在与时间,9787559814487.0,外借,2024-12-05 16:18:40,45.0,陈嘉映著,广西师范大学出版社,2019-01-01,桂林,317,B086,584699859378245,IB24G10
200993951,落叶,9787229143022.0,外借,2024-12-05 16:18:46,49.8,（美）杜兰特著,重庆出版社,2020-01-01,重庆,265,B-49,584699859378245,IB24G10
200859981,西西弗神话:散论荒诞,9787532775859.0,外借,2024-12-05 16:18:51,32.0,(法)加缪著　沈志明译,译文出版社,2017-01-01,上海,160,B565.59,584699859378245,IB24G10
200973198,爱的设计,9787508090108.0,外借,2024-12-05 16:18:55,59.0,(美)布鲁姆著;胡辛凯译,华夏出版社,2017-01-01,北京,323,I565.064,584699859378245,IB24G10
200363775,漫长的告别,9787544384636.0,归还,2024-12-05 16:29:31,69.0,(美)钱德勒著;姚向辉译,海南出版社,2018-01-01,长沙,389,I712.45,584699845120069,IB24G10
200945594,我与地坛:插图版,9787540478087.0,外借,2024-12-05 16:31:32,56.0,史铁生著,湖南文艺出版社,2016-01-01,长沙,294,I267,584699845120069,IB24G10
200855967,海明威文集(12),9787532781584.0,归还,2024-12-05 17:51:07,66.0,（美）海明威著,上海译文出版社有限公司,2019-01-01,上海,250,I712.15,455798105178181,IB23G11
200817651,窄门,9787201141527.0,外借,2024-12-05 18:03:58,45.0,(法)安德烈·纪德(André Gide)著 顾琪静译,天津人民出版社,2018-01-01,天津,171,I565.45,584699859378245,IB24G10
200827436,剑桥艺术史·上,9787544792028.0,归还,2024-12-05 18:04:22,249.0,(美)伍德福德著,译林出版社,2023-01-01,南京,499,J110.9,450611283214405,IB22G12
200827445,剑桥艺术史·下,9787544792028.0,归还,2024-12-05 18:04:22,249.0,(美)伍德福德著,译林出版社,2023-01-01,南京,499,J110.9,450611283214405,IB22G12
200827436,剑桥艺术史·上,9787544792028.0,外借,2024-12-05 18:05:00,249.0,(美)伍德福德著,译林出版社,2023-01-01,南京,499,J110.9,517464412696645,IB23G11
201300635,Great Expectations,9781847493811.0,归还,2024-12-06 07:38:40,32.0,"Dickens, Charles",ALMA BOOKS,2014-10-15,英国,,823.8,455798100992069,IB23G11
200945111,穆斯林的葬礼,9787530222362.0,归还,2024-12-06 07:38:45,68.0,霍达著,北京十月文艺出版社,2022-01-01,北京,620,I247.5,455798100992069,IB23G11
200698496,Signet Classics: Jane Eyre,9780451530912.0,归还,2024-12-06 07:38:50,13.0,Charlotte Bronte,Signet,2008-04-01,美国,,823.8,455798100992069,IB23G11
200979138,外婆的道歉信,9787201116693.0,归还,2024-12-06 08:49:19,42.0,(瑞典)弗雷德里克·巴克曼著;孟汇一译,天津人民出版社,2017-01-01,天津,344,I532.45,584699837075525,IB24G10
201059237,围城,9787020127894.0,续借,2024-12-06 08:50:00,36.0,钱钟书著,人民文学出版社 ,2017-01-01,北京 ,377,I247.57,584699857674309,IB24G10
200853594,一个女人的故事,9787208178311.0,外借,2024-12-06 10:01:31,38.0,"(法)埃尔诺 (Ernaux, Anne 1940~) 著",上海人民出版社,2022-01-01,上海,79,I565.45,455798035157061,IB23G11
200987218,红与黑,9787201108186.0,归还,2024-12-06 11:50:32,42.0,(法)司汤达著;罗新璋译,天津人民出版社,2016-01-01,天津,471,I565.44,584699858526277,IB24G10
200987218,红与黑,9787201108186.0,外借,2024-12-06 11:51:27,42.0,(法)司汤达著;罗新璋译,天津人民出版社,2016-01-01,天津,471,I565.44,584699858526277,IB24G10
200842446,爱弥儿 .下卷,9787100132237.0,外借,2024-12-06 12:21:48,49.5,"(法)卢梭 (Rousseau, Jean-Jacques 1712~1778) 著", 商务印书馆,2017-01-01,北京 ,897,G40-095.65,455797950369861,IB23G11
201033274,深度学习 ,9787115461476.0,外借,2024-12-06 12:29:17,168.0,"(美)伊恩·古德费洛 (Goodfellow, Ian) 著", 人民邮电出版社,2017-01-01,北京 ,10500,TP181,455798100992069,IB23G11
201020741,契科夫短篇小说精选,9787020138074.0,外借,2024-12-06 13:38:51,28.0,契科夫著;汝龙译,人民文学出版社,2018-01-01,北京,258,I512.44,450611279773765,IB22G12
200914813,应用STATA做统计分析 : 更新至STATA12 : 原书第8版,9787302466659.0,外借,2024-12-06 14:36:47,79.8,"(美)劳伦斯·C. 汉密尔顿 (Hamilton, Lawrence C.) 著", 清华大学出版社,2017-01-01,北京 ,13425,C819,450611288313925,IB22G12
200988048,自卑与超越,9787533943257.0,续借,2024-12-08 18:42:12,32.0,(奥)阿德勒著;杨颖译,浙江文艺出版社,2016-01-01,杭州,261,B848,584699858100293,IB24G10
201039465,凯恩斯 ,9787108065506.0,续借,2024-12-08 18:42:13,35.0,"普 (Puph, Peter) 著", 生活·读书·新知三联书店,2019-01-01,北京 ,174,F091.348,584699858100293,IB24G10
200801819,哲学之树 : 通往自我认知的哲学课,9787108069306.0,归还,2024-12-09 07:52:53,59.0,"(美)庞思奋 (Palmquist, Stephen R.) 著",生活·读书·新知三联书店,2022-01-01,北京,15392,B,455798114885701,IB23G11
200875222,菜根谭,9787551816571.0,归还,2024-12-09 09:35:25,98.0,(明)洪应明著;齐白石绘,三秦出版社,2018-01-01,西安,365,B825,450611291877445,IB22G12
200975114,侦探伽利略 ,9787544295369.0,归还,2024-12-09 09:35:25,49.5,(日)东野圭吾 (1958~) 著, 南海出版公司,2019-01-01,海口 ,244,I313.45,450611291877445,IB22G12
200972894,宗教社会学,9787301262788.0,外借,2024-12-09 09:39:33,45.0,孙尚扬著,北京大学出版社,2015-01-01,北京,342,B920,450611291877445,IB22G12
201306719,Signet Classics: Wuthering Heights,9780451531797.0,归还,2024-12-09 11:04:24,9.0,Emily Bronte,Signet,2011-03-01,美国,,823.8,584699856592965,IB24G10
200862012,魔山. 下,9787532780525.0,续借,2024-12-09 11:20:28,39.0,"(德)托马斯·曼 (Mann, Thomas 1875~1955) 著",上海译文出版社,2019-01-01,上海,835,I516.45,584699888091205,IB24G10
200862003,魔山. 上,9787532780525.0,续借,2024-12-09 11:20:30,39.0,"(德)托马斯·曼 (Mann, Thomas 1875~1955) 著",上海译文出版社,2019-01-01,上海,400,I516.45,584699888091205,IB24G10
200861754,玻璃球游戏 ,9787532757039.0,续借,2024-12-09 11:20:35,27.0,"(德)赫尔曼·黑塞 (Hesse, Hermann 1877~1962) 著", 上海译文出版社,2012-01-01,上海 ,457,I516.45,584699888091205,IB24G10
201022909,额尔古纳河右岸 ,9787020139590.0,续借,2024-12-09 11:20:39,32.0,迟子建 (1964~) 著, 人民文学出版社,2010-01-01,北京 ,266,I247.5,584699888091205,IB24G10
200948216,戴维营三天,9787500171980.0,续借,2024-12-09 11:20:41,89.0,（美）加滕著,中译出版社,2023-01-01,北京,13373,F11,584699888091205,IB24G10
201014231,在希腊,9787500879701.0,续借,2024-12-09 11:20:43,54.0,（爱尔兰）马哈菲著,中国工人出版社,2022-01-01,北京,200,K125,584699888091205,IB24G10
201021722,陈阅增普通生物学 ,9787040396317.0,归还,2024-12-09 11:24:43,59.0,吴相钰 (1924~) 主编, 高等教育出版社,2014-01-01,北京 ,539,Q1,584699859591237,IB24G10
201051985,四维旅行,9787535794437.0,归还,2024-12-09 11:24:43,49.0,(英)普瓦德万著;胡凯衡等译,湖南科学技术出版社,2018-01-01,长沙,297,O412.1,584699859591237,IB24G10
200940287,叩开免疫之门 ,9787513580878.0,归还,2024-12-09 11:24:50,39.0,秦志海 (1960~) 著, 外语教学与研究出版社,2016-01-01,北京 ,172,R392-49,584699859591237,IB24G10
200949000,现代生命科学导论 ,9787561774588.0,归还,2024-12-09 11:24:51,36.0,陈铭德 (1953~) 编著, 华东师范大学出版社,2010-01-01,上海 ,285,Q1-0,584699859591237,IB24G10
200846255,量子之谜,9787535795144.0,归还,2024-12-09 11:24:55,59.0,(美)库特钠著;王文浩译,湖南科学技术出版社,2018-01-01,长沙,36,O413.1-49,584699859591237,IB24G10
200862771,基因社会,9787559407290.0,外借,2024-12-09 11:42:56,49.8,(美)莱凯尔等著;尹晓虹等译,江苏凤凰文艺出版社,2017-01-01,南京,251,Q343.2,584699859591237,IB24G10
200688096,Before I Fall,9780340980903.0,外借,2024-12-09 11:46:24,45.0,Lauren Oliver,Hodder,2010-07-22,英国,,813.6,584699856592965,IB24G10
200893079,百鬼夜行 : 全画集,9787547048290.0,外借,2024-12-09 12:01:43,68.0,(日)鸟山石燕 (1712~1788) 绘,万卷出版公司,2018-01-01,沈阳,301,J231,455797961306181,IB23G11
200983212,新艺术的自然与曲线,9787552029864.0,外借,2024-12-09 12:01:55,178.0,心安工作室著,上海社会科学院出版社,2020-01-01,上海,427,J509.1,455797961306181,IB23G11
200931947,如何解读中世纪艺术,9787535691828.0,外借,2024-12-09 12:02:08,78.0,"(美)温迪·A. 斯坦 (Stein, Wendy A.) 著",湖南美术出版社,2020-01-01,长沙,135,J150.093,455797961306181,IB23G11
200997591,平面犬,9787544281232.0,外借,2024-12-09 15:39:04,59.0,（日）乙一著,南海出版公司,2021-01-01,海口,265,I313.45,584699847327813,IB24G10
200861674,爱的艺术 ,9787532779901.0,外借,2024-12-09 15:39:11,39.0,"(美)弗罗姆 (Fromm, Erich 1900~1980) 著", 上海译文出版社有限公司,2019-01-01,上海 ,135,C912.6,584699847327813,IB24G10
200915368,机器学习：原理、算法与应用,9787302532347.0,外借,2024-12-09 15:48:49,88.0,雷明 (计算机技术) 著, 清华大学出版社,2019-01-01,北京 ,16398,TP181,584699889176645,IB24G10
200876436,谁动了我的奶酪?,9787521714586.0,外借,2024-12-09 16:14:48,45.0,（美）约翰逊著,中信出版集团股份有限公司,2020-01-01,北京,106,B825-49,584699880185925,IB24G10
201010985,猎人笔记,9787544775809.0,外借,2024-12-09 16:24:12,38.0,(俄罗斯) 屠格涅夫 著, 译林出版社,2019-01-01,南京,327,I512.44,450611316584517,IB22G12
200813815,丽达与天鹅 : 叶芝诗歌新译详注,9787307224520.0,外借,2024-12-09 16:24:17,48.0,"(爱尔兰)叶芝 (Yeats, William Butler 1865~1939) 著",武汉大学出版社,2022-01-01,武汉,3913460,I562.25,450611316584517,IB22G12
201012741,望春风,9787544762588.0,外借,2024-12-09 17:05:14,48.0,格非著,译林出版社,2016-01-01,南京,393,I247.5,450611291119685,IB22G12
200801677,如何听爵士 ,9787550287327.0,续借,2024-12-09 21:01:28,45.0,"(美)特德·焦亚 (Gioia, Ted) 著", 北京联合出版公司,2018-01-01,北京 ,248,J609.15,455797996257349,IB23G11
200925669,我们为什么爱音乐 ,9787573902740.0,续借,2024-12-09 21:01:31,58.0,(美)莱维廷著,浙江科学技术出版社,2023-01-01,杭州,374,B849,455797996257349,IB23G11
200694588,Wordsworth Collectors Editions：Great Expectations,9781840228014.0,续借,2024-12-09 21:01:33,38.0,Charles Dickens,Wordsworth,2020-09-02,英国,,823.8,455797996257349,IB23G11
200989779,音乐和数学：谜一般的关系,9787547855508.0,续借,2024-12-09 21:01:35,48.0,梁进著,上海科学技术出版社,2022-01-01,上海,139,J6,455797996257349,IB23G11
200907956,音乐心理学,9787030658500.0,续借,2024-12-09 21:01:37,89.0,陈杰著,科学出版社,2020-01-01,北京,231,J60-051,455797996257349,IB23G11
200820889,杀死一只知更鸟,9787544766500.0,续借,2024-12-09 21:01:39,58.0,(美)李著,译林出版社,2017-01-01,南京,,I712.45,455797996257349,IB23G11
200878773,契诃夫传,9787532788347.0,归还,2024-12-10 08:29:02,98.0,（苏）格罗莫夫著,上海译文出版社有限公司,2022-01-01,上海,14526,I512.45,450611275219013,IB22G12
200807699,无神话，不艺术！,9787547743270.0,外借,2024-12-10 10:19:30,198.0,（英）戴尔著,北京日报出版社,2022-01-01,北京,352,J051,455798114512965,IB23G11
200956297,拉斐尔：柔美与和谐,9787559631282.0,外借,2024-12-10 10:19:47,98.0,(法)西尔维·吉拉尔－拉戈斯 著, 北京联合出版公司,2019-01-01,北京 ,111,J205.546,455798114512965,IB23G11
200939805,波提切利：优雅栖身,9787559631299.0,外借,2024-12-10 10:20:32,98.0,(法)米里耶勒·内沃 著, 北京联合出版公司,2019-01-01,北京 ,111,J205.546,455798114512965,IB23G11
200956359,克里姆特：变形的真实,9787559637222.0,外借,2024-12-10 10:20:46,98.0,(法)西尔维·吉拉尔-拉戈斯 著, 北京联合出版公司,2019-01-01,北京 ,112,J205.521,455798114512965,IB23G11
200956304,穆夏：新艺术大师,9787559633620.0,外借,2024-12-10 10:20:57,98.0,(法)法比耶纳·艾丽斯 (Biena Alice) 著, 北京联合出版公司,2019-01-01,北京 ,111,J205.514,455798114512965,IB23G11
200942533,"思考,快与慢",9787508633558.0,外借,2024-12-10 12:08:15,69.0,"(美)卡尼曼著,李爱民,何梦莹译",中信出版社,2016-01-01,北京,424,F069.9-49,584699885277253,IB24G10
200980073,树犹如此,9787549563517.0,外借,2024-12-10 12:09:10,68.0,白先勇著,广西师范大学出版社,2015-01-01,桂林,392,I267,584699887439941,IB24G10
200979370,看见,9787549529322.0,外借,2024-12-10 12:09:54,49.8,柴静著,广西师范大学出版社,2013-01-01,桂林,405,I267.1,584699885707333,IB24G10
201300476,Good Omens,9780552176453.0,归还,2024-12-10 12:12:51,47.0,Neil Gaiman,Yearling Books,2019-04-09,英国,,823.914,455798073110597,IB23G11
200695676,All The Light We Cannot See,9781501173219.0,归还,2024-12-10 12:12:56,68.0,Anthony Doerr,Scribner Book,2017-04-04,美国,,813.6,455798073110597,IB23G11
200690555,DISAPPEARED,9781338312829.0,归还,2024-12-10 12:12:59,42.0,Francisco X. Stork,Arthur A.Levine Book,2019-10-01,美国,,813.6,455798073110597,IB23G11
200687462,The Thing about Jellyfish,9780316380843.0,归还,2024-12-10 12:13:00,86.0,Ali Benjamin,"Little, Brown Books for Young Readers",2017-01-01,New York,,813.6,455798073110597,IB23G11
201322238,Five feet apart,9781534437333.0,归还,2024-12-10 12:13:01,94.0,"Lippincott, Rachael; Daughtry, Mikki; Iaconis, Tobias, 1971-",Simon & Schuster,,New York,281,813.6,455798073110597,IB23G11
200415504,The Complete Yes Prime Minister: The Diaries of ...,9780563207733.0,外借,2024-12-10 12:13:25,110.0,Jonathan Lynn and Sir Anthony Jay,Ebury Publishing,1989-06-01,,512,823.914,455798073110597,IB23G11
200695676,All The Light We Cannot See,9781501173219.0,外借,2024-12-10 12:13:25,68.0,Anthony Doerr,Scribner Book,2017-04-04,美国,,813.6,455798073110597,IB23G11
201320846,Lichtenstein,9783836532075.0,外借,2024-12-10 12:14:40,110.0,"Hendrickson, Janis",Taschen,2019-05-07,,96,700,455798073110597,IB23G11
201320908,Duchamp,9783836534321.0,外借,2024-12-10 12:14:40,110.0,"Mink, Janis",Taschen,2017-01-11,,96,700,455798073110597,IB23G11
201321532,Dadaism,9783836505628.0,外借,2024-12-10 12:14:40,87.0,"Elger, Dietmar",TASCHEN,2016-01-15,德国,,709.04,455798073110597,IB23G11
200887068,小径分岔的花园,9787532762897.0,续借,2024-12-10 13:23:36,35.0,(阿根廷)博尔赫斯著;王永年译,上海译文出版社,2015-01-01,上海,99,I783.45,455797921001541,IB23G11
200860238,阿莱夫,9787532773206.0,续借,2024-12-10 13:23:38,39.0,(阿根廷)博尔赫斯著;王永年等译,上海译文出版社,2017-01-01,上海,203,I783.15,455797921001541,IB23G11
200988985,机器学习实战 : 基于Scikit-Learn、Keras和TensorFlow,9787111665977.0,外借,2024-12-10 14:59:51,149.0,"(法)奥雷利安·吉翁 (Géron, Aurélien) 著",机械工业出版社,2020-01-01,北京,676,TP181,450611288313925,IB22G12
200954413,舞台灯光设计概要,9787104020578.0,归还,2024-12-11 10:29:58,46.0,冯德仲著,中国戏剧出版社,2007-01-01,北京,200,J814.4,584699880865861,IB24G10
200873965,贫穷的本质 ,9787508687216.0,归还,2024-12-11 10:30:00,58.0,"(印)班纳吉 (Banerjee, Abhijit V.) 著", 中信出版集团股份有限公司,2018-01-01,北京 ,12317,F113.9,584699880865861,IB24G10
200956304,穆夏：新艺术大师,9787559633620.0,归还,2024-12-11 10:35:51,98.0,(法)法比耶纳·艾丽斯 (Biena Alice) 著, 北京联合出版公司,2019-01-01,北京 ,111,J205.514,455798114512965,IB23G11
200691064,David and Goliath,9780141978956.0,归还,2024-12-11 11:05:31,34.0,Malcolm Gladwell,Penguin UK,2014-06-01,英国,,155.24,450611289337925,IB22G12
200692456,（PEL) Heart of Darkness,9780141199788.0,归还,2024-12-11 11:05:31,20.0,Joseph Conrad,Penguin UK,2016-09-21,英国,,823.912,450611289337925,IB22G12
200994549,本书书名无法描述本书内容昂:精装珍藏版,9787559614315.0,外借,2024-12-11 11:43:59,49.8,(美)卡普兰著;袁婧译,北京联合出版公司,2018-01-01,北京,240,B-49,584699866955845,IB24G10
201039688,鲁迅全集·第一卷,9787536094239.0,外借,2024-12-11 12:11:58,29.9,鲁迅著,花城出版社,2021-01-01,广州,20,I210.1,584699869589573,IB24G10
200880573,推销员之死,9787532783038.0,外借,2024-12-11 12:19:03,52.0,"(美)阿瑟·米勒 (Miller, Arthur 1915~2005) 著",上海译文出版社,2020-01-01,上海,223,I712.35,584699880865861,IB24G10
200835962,以罗马之名 : 缔造罗马伟业的将军们,9787557021559.0,归还,2024-12-11 12:20:26,92.0,"(英)阿德里安·戈兹沃西 (Goldsworthy, Adrian Keith 1969~) 著",广东旅游出版社,2022-01-01,广州,12520,K126-49,584699851386949,IB24G10
200882768,火星俱乐部,9787532178995.0,外借,2024-12-11 12:22:37,65.0,（美）库什纳著,上海文艺出版社,2022-01-01,上海,410,I712.45,584699842498629,IB24G10
201324922,Hans Christian Andersen's Fairy Tales,9780141329017.0,外借,2024-12-11 12:23:00,29.95,retold by Naomi Lewis;illustrations by P,Puffin Books,2010-01-01,London,181,839.8136,584699842498629,IB24G10
200826428,王座上的幽灵,9787520191999.0,外借,2024-12-11 12:23:39,86.0,（美）罗姆著,社会科学文献出版社,2022-01-01,北京,411,K125,584699851386949,IB24G10
200987628,货币的购买力,9787100203944.0,归还,2024-12-12 07:38:54,86.0,（美）费雪著,商务印书馆,2021-01-01,北京,544,F820,584699861340229,IB24G10
200885435,"怪诞行为学. 3, 非理性的你",9787508680972.0,外借,2024-12-12 08:58:06,42.0,"(美)丹·艾瑞里 (Ariely, Dan) 著",中信出版集团股份有限公司,2017-01-01,北京,231,F069.9,455798095261765,IB23G11
200956929,拿起就放不下的经济学,9787502854911.0,外借,2024-12-12 08:58:06,68.0,张江生著,地震出版社,2023-01-01,北京,303,F0-49,455798095261765,IB23G11
200982623,人性的枷锁 ,9787210082903.0,归还,2024-12-12 11:16:56,68.0,"(英)毛姆 (Maugham, William Somerset 1874~1965) 著", 江西人民出版社,2016-01-01,南昌 ,10645,I561.45,517464412696645,IB23G11
201004448,弦理论,9787562490234.0,归还,2024-12-12 15:00:55,29.0,(美)古布泽著,重庆大学出版社,2017-01-01,重庆,222,O41,455798063370309,IB23G11
200990776,维京传奇,9787514619065.0,归还,2024-12-12 17:47:23,70.0,（英）美登编著,中国画报出版社,2020-01-01,北京,256,K530.9,584699853369413,IB24G10
201325949,The Tree Book: The Inside Story of Our Greatest Species,9780241487556.0,归还,2024-12-12 17:47:23,136.0,DK,DK Publishing,2022-03-31,英国,,582.16,584699853369413,IB24G10
201057462,如何阅读达尔文,9787568942515.0,归还,2024-12-12 17:47:33,52.0,(英)马克·里德利 ,重庆大学出版社 ,2024-01-01,重庆 ,17168,Q111.2,584699853369413,IB24G10
200871208,北方以北 ,9787559633118.0,续借,2024-12-12 17:49:54,108.0,"(英)巴勒克拉夫 (Barraclough, Eleanor Rosamund) 著", 北京联合出版公司,2019-01-01,北京 ,20376,K530.9,584699853369413,IB24G10
201325949,The Tree Book: The Inside Story of Our Greatest Species,9780241487556.0,外借,2024-12-12 17:51:20,136.0,DK,DK Publishing,2022-03-31,英国,,582.16,584699853369413,IB24G10
201005125,拉丁美洲史,9787507551341.0,归还,2024-12-12 17:55:20,98.0,韦伯斯特著,华文出版社,2019-01-01,北京,338,K73,584699847753797,IB24G10
200846237,复杂的引擎,9787535794611.0,归还,2024-12-13 07:12:08,59.0,(美)梅菲尔德著;唐璐译,湖南科学技术出版社,2018-01-01,长沙,384,TP301.5-49,584699863957573,IB24G10
200876203,深度学习：智能时代的核心驱动力量,9787508698359.0,归还,2024-12-13 07:12:08,88.0,"(美)特伦斯·谢诺夫斯基 (Sejnowski, Terrence) 著", 中信出版集团股份有限公司,2019-01-01,北京 ,17378,TP181,584699863957573,IB24G10
201036556,人工智能简史 ,9787115471604.0,归还,2024-12-13 07:12:08,49.0,尼克 (经济学) 著, 人民邮电出版社,2017-01-01,北京 ,313,TP18,584699863957573,IB24G10
200839673,罗马元老院与人民：一部古罗马史,9787513922494.0,归还,2024-12-13 08:11:34,118.0,"(英)玛丽·比尔德 (Beard, Mary 1955~) 著", 民主与建设出版社有限责任公司,2018-01-01,北京 ,17599,K126-49,450611286782021,IB22G12
200839673,罗马元老院与人民：一部古罗马史,9787513922494.0,外借,2024-12-13 08:40:24,118.0,"(英)玛丽·比尔德 (Beard, Mary 1955~) 著", 民主与建设出版社有限责任公司,2018-01-01,北京 ,17599,K126-49,450611286782021,IB22G12
200988958,禅与摩托车维修艺术 ,9787229131548.0,归还,2024-12-13 11:08:21,79.8,"(美)罗伯特·M. 波西格 (Pirsig, Robert M. 1928~) 著", 重庆出版社,2018-01-01,重庆 ,494,I712.45,584699861119045,IB24G10
201502917,Dune,9780441172719.0,外借,2024-12-13 11:10:30,50.0,Frank Herbert,Ace Books,2019-01-01,USA,884,813.54,584699861119045,IB24G10
200853594,一个女人的故事,9787208178311.0,归还,2024-12-13 11:57:00,38.0,"(法)埃尔诺 (Ernaux, Anne 1940~) 著",上海人民出版社,2022-01-01,上海,79,I565.45,455798035157061,IB23G11
200881698,不能承受的生命之轻,9787532766635.0,外借,2024-12-13 12:37:57,88.0,昆德拉著,上海译文出版社,2014-01-01,上海,427,I565.45,455798035157061,IB23G11
200694329,Lord of the Flies,9780399533372.0,续借,2024-12-15 12:57:28,90.0,William Golding,PENGUIN Group (USA) Inc.,2006-10-01,,225,823.914,584699873386565,IB24G10
201325583,Never let me go,9780571258093.0,续借,2024-12-15 12:57:31,72.0,"Ishiguro, Kazuo",Faber and Faber,,London,282,823.914,584699873386565,IB24G10
200885300,"不完美,才美",9787550267381.0,归还,2024-12-16 07:31:01,55.0,海蓝博士著,北京联合出版公司,2016-01-01,北京,245,B821-49,584699865239621,IB24G10
200953628,寻求平衡,9787211089819.0,归还,2024-12-16 07:31:03,56.0,贞尧仔著,福建人民出版社,2023-01-01,福州,350,B821-49,584699865239621,IB24G10
200826428,王座上的幽灵,9787520191999.0,归还,2024-12-16 12:04:19,86.0,（美）罗姆著,社会科学文献出版社,2022-01-01,北京,411,K125,584699851386949,IB24G10
200917525,"大秦帝国·第四部, 阳谋春秋. 上卷",9787208152472.0,外借,2024-12-16 12:08:23,58.0,孙皓晖著,上海人民出版社,2019-01-01,上海,426,I247.53,584699884843077,IB24G10
200877738,洛丽塔,9787532780686.0,外借,2024-12-16 12:41:58,76.0,（美）弗拉基米尔·纳博科夫(Vladimir Nabokov)著 主万译,上海译文出版社有限公司,2019-01-01,上海,502,I712.45,584699858526277,IB24G10
200870085,密室收藏家,9787539981635.0,归还,2024-12-16 14:20:31,36.0,（日）大山诚一郎著,江苏凤凰文艺出版社,2017-01-01,南京,225,I313.45,450611280293957,IB22G12
201003350,克莱因壶,9787122346032.0,归还,2024-12-16 14:20:31,48.0,(日)冈岛二人 著,化学工业出版社,2019-01-01,北京,16299,I313.45,450611280293957,IB22G12
200870085,密室收藏家,9787539981635.0,外借,2024-12-16 14:22:10,36.0,（日）大山诚一郎著,江苏凤凰文艺出版社,2017-01-01,南京,225,I313.45,450611280293957,IB22G12
201003350,克莱因壶,9787122346032.0,外借,2024-12-16 14:22:15,48.0,(日)冈岛二人 著,化学工业出版社,2019-01-01,北京,16299,I313.45,450611280293957,IB22G12
200993158,彷徨之刃,9787544276207.0,外借,2024-12-16 14:30:26,39.5,(日)东野圭吾著,南海出版公司,2015-01-01,海口,327,I313.45,450611280293957,IB22G12
200876436,谁动了我的奶酪?,9787521714586.0,归还,2024-12-16 15:11:45,45.0,（美）约翰逊著,中信出版集团股份有限公司,2020-01-01,北京,106,B825-49,584699880185925,IB24G10
201301420,Bantam Classics：King Lear,9780553212976.0,外借,2024-12-16 16:56:44,13.0,William Shakespeare,Bantam Classics,1988-01-01,美国,,822.33,455798100992069,IB23G11
200694515,Bantam Classics：Jane Eyre,9780553211405.0,外借,2024-12-16 16:56:51,13.0,Charlotte Bronte,Bantam Classics,1983-09-01,美国,,823.8,455798100992069,IB23G11
200917491,"大秦帝国·第三部, 金戈铁马. 下卷",9787208152472.0,归还,2024-12-16 17:36:29,58.0,孙皓晖著,上海人民出版社,2019-01-01,上海,426,I247.53,584699884843077,IB24G10
201020741,契科夫短篇小说精选,9787020138074.0,归还,2024-12-17 07:52:06,28.0,契科夫著;汝龙译,人民文学出版社,2018-01-01,北京,258,I512.44,450611279773765,IB22G12
200885435,"怪诞行为学. 3, 非理性的你",9787508680972.0,归还,2024-12-17 08:25:10,42.0,"(美)丹·艾瑞里 (Ariely, Dan) 著",中信出版集团股份有限公司,2017-01-01,北京,231,F069.9,455798095261765,IB23G11
200956929,拿起就放不下的经济学,9787502854911.0,归还,2024-12-17 08:25:10,68.0,张江生著,地震出版社,2023-01-01,北京,303,F0-49,455798095261765,IB23G11
200874535,"怪诞行为学. 4, 诚实的真相",9787508681481.0,外借,2024-12-17 08:28:50,45.0,"(美)丹·艾瑞里 (Ariely, Dan) 著",中信出版集团股份有限公司,2017-01-01,北京,28222,F069.9,455798095261765,IB23G11
201006990,博弈与社会,9787301218211.0,外借,2024-12-17 08:28:50,68.0,张维迎著,北京大学出版社,2013-01-01,北京,,F224.32,455798095261765,IB23G11
200836266,大象的证词,9787513338134.0,归还,2024-12-17 09:29:18,42.0,（英）克里斯蒂著,新星出版社,2022-01-01,北京,204,I561.45,455798075195461,IB23G11
200836569,闪光的氰化物,9787513338189.0,归还,2024-12-17 09:29:18,42.0,（英）克里斯蒂著,新星出版社,2022-01-01,北京,228,I561.45,455798075195461,IB23G11
200889878,东方快车谋杀案,9787513335270.0,归还,2024-12-17 09:29:20,49.0,(英)克里斯蒂,新星出版社,2019-01-01,北京,279,I561.45,455798075195461,IB23G11
200895905,这就是社会学,9787545477283.0,外借,2024-12-17 10:23:05,52.0,(日)堀内进之介,广东经济出版社,2021-01-01,广州,269,C91,455798063370309,IB23G11
200814379,信使,9787500865582.0,续借,2024-12-17 10:25:22,29.0,刘慈欣著,中国工人出版社,2017-01-01,北京,,I247.7,584699885924421,IB24G10
200859133,美丽新世界,9787532773404.0,续借,2024-12-17 10:25:24,28.0,(英)赫胥黎著,上海译文出版社,2017-01-01,上海,298,I561.45,584699885924421,IB24G10
200843043,政治学 ,9787100131889.0,归还,2024-12-17 11:34:54,62.0,(古希腊)亚里士多德 (Aristoteles 前384~前322) 著, 商务印书馆,2017-01-01,北京 ,16526,D0,584699855532101,IB24G10
200804647,千羽鹤.4,9787220128165.0,归还,2024-12-17 12:32:01,49.6,（日）川端康成著,四川人民出版社,2023-01-01,成都,241,I313.45,584699862003781,IB24G10
201059184,五号屠场,9787555913139.0,外借,2024-12-17 16:54:02,59.9,（美）库尔特.冯内古特著 ,河南文艺出版社 ,2022-01-01,郑州 ,229,I712.45,450611297759301,IB22G12
200896771,现代生活的画像：马奈及其追随者艺术中的巴黎,9787534459030.0,外借,2024-12-17 17:50:36,79.0,"(英)T. J. 克拉克 (Clark, T. J. 1943~) 著", 江苏美术出版社,2013-01-01,南京 ,503,J205.1,455797923815493,IB23G11
200898644,美术与世界,9787569323924.0,外借,2024-12-17 17:50:36,59.8,周利明,西安交通大学出版社,2022-01-01,西安,352,J1,455797923815493,IB23G11
200954798,宏观经济数据分析手册,9787564237820.0,外借,2024-12-18 07:45:18,128.0,李奇霖 著,上海财经大学出版社,2021-01-01,上海,564,F015-62,584699861340229,IB24G10
201058602,社会学基本概念,9787301344477.0,外借,2024-12-18 14:48:15,79.0,(英）安东尼·吉登斯 著,北京大学出版社 ,2023-01-01,北京 ,353,C91,584699866955845,IB24G10
200807699,无神话，不艺术！,9787547743270.0,归还,2024-12-18 16:32:01,198.0,（英）戴尔著,北京日报出版社,2022-01-01,北京,352,J051,455798114512965,IB23G11
200939805,波提切利：优雅栖身,9787559631299.0,归还,2024-12-18 16:32:01,98.0,(法)米里耶勒·内沃 著, 北京联合出版公司,2019-01-01,北京 ,111,J205.546,455798114512965,IB23G11
200956297,拉斐尔：柔美与和谐,9787559631282.0,归还,2024-12-18 16:32:01,98.0,(法)西尔维·吉拉尔－拉戈斯 著, 北京联合出版公司,2019-01-01,北京 ,111,J205.546,455798114512965,IB23G11
200956359,克里姆特：变形的真实,9787559637222.0,归还,2024-12-18 16:32:03,98.0,(法)西尔维·吉拉尔-拉戈斯 著, 北京联合出版公司,2019-01-01,北京 ,112,J205.521,455798114512965,IB23G11
200847192,沉默的大多数,9787530220368.0,归还,2024-12-18 17:11:06,59.0,王小波著,北京十月文艺出版社,2021-01-01,北京,227,I267.1,455798115278917,IB23G11
200836532,第三个女郎,9787513321259.0,归还,2024-12-18 17:11:08,39.0,（英）克里斯蒂著,新星出版社,2018-01-01,,261,I561.45,455798115278917,IB23G11
200836532,第三个女郎,9787513321259.0,外借,2024-12-18 17:11:26,39.0,（英）克里斯蒂著,新星出版社,2018-01-01,,261,I561.45,455798115278917,IB23G11
200850105,日本之镜,9787542662019.0,外借,2024-12-18 17:19:32,69.0,（荷）布鲁玛,上海三联书店,2018-01-01,上海,297,G131.3,455798115278917,IB23G11
200970850,厌女,9787545219753.0,外借,2024-12-18 17:19:32,66.0,（日）上野千鹤子著,上海光启书局有限公司,2023-01-01,上海,317,G131.3,455798115278917,IB23G11
200883767,银河系搭车客指南.2,9787532764655.0,外借,2024-12-18 17:33:50,53.6,(英)亚当斯著;姚向辉译,上海译文出版社,2014-01-01,上海,279,I561.45,584699845550149,IB24G10
200817651,窄门,9787201141527.0,归还,2024-12-18 17:42:12,45.0,(法)安德烈·纪德(André Gide)著 顾琪静译,天津人民出版社,2018-01-01,天津,171,I565.45,584699859378245,IB24G10
200859981,西西弗神话:散论荒诞,9787532775859.0,归还,2024-12-18 17:42:12,32.0,(法)加缪著　沈志明译,译文出版社,2017-01-01,上海,160,B565.59,584699859378245,IB24G10
200993951,落叶,9787229143022.0,归还,2024-12-18 17:42:12,49.8,（美）杜兰特著,重庆出版社,2020-01-01,重庆,265,B-49,584699859378245,IB24G10
201049490,哈佛经济学笔记 ,9787539938608.0,续借,2024-12-19 09:53:32,42.0,陈晋 (女) 著, 江苏文艺出版社,2010-01-01,南京 ,288,F0-49,584699865665605,IB24G10
200966598,三国演义. 上,9787101067316.0,续借,2024-12-19 09:53:34,47.0,(明)罗贯中 (1330?~1400?) 著, 中华书局,2009-01-01,北京 ,721,I242.4,584699865665605,IB24G10
201041158,世界上最简单的会计书 ,9787111442585.0,续借,2024-12-19 09:53:36,49.0,"(美)达雷尔·穆利斯 (Mullis, Darrell) 著", 机械工业出版社,2013-01-01,北京 ,200,F230,584699865665605,IB24G10
200854735,存在与虚无,9787108050984.0,续借,2024-12-19 09:53:38,68.0,"(法)萨特 (Sartre, Jean-Paul 1905~1980) 著", 生活·读书·新知三联书店,2014-01-01,北京,762,B086,584699865665605,IB24G10
201052500,财政学 ,9787300217543.0,续借,2024-12-19 09:53:39,78.0,"(美)哈维·S. 罗森 (Rosen, Harvey S.) 著", 中国人民大学出版社,2015-01-01,北京 ,482,F810,584699865665605,IB24G10
201027888,三国演义.上,9787020008728.0,续借,2024-12-19 09:53:42,20.0,(明)罗贯中著,人民文学出版社,2017-01-01,北京,990,I242.4,584699865665605,IB24G10
200878504,查拉图斯特拉如是说,9787532787067.0,续借,2024-12-19 09:53:43,58.0,(德)尼采著　黄明嘉译,上海译文出版社,2021-01-01,上海,411,B516.47,584699865665605,IB24G10
201059228,围城,9787020127894.0,续借,2024-12-19 09:53:45,36.0,钱钟书著,人民文学出版社 ,2017-01-01,北京 ,377,I247.57,584699865665605,IB24G10
200779755,经济用语图鉴,9787544298841.0,外借,2024-12-19 13:36:04,68.0,(日)花冈幸子 著,南海出版公司,2021-01-01,海口,299,F0-49,450611250929733,IB22G12
200535616,如何成为幸福的有钱人,9787542673831.0,外借,2024-12-19 13:36:10,59.0,(日)和田裕美著　英尔岛译,上海三联书店,2022-01-01,上海,158,F014.41,450611250929733,IB22G12
200755414,叔凡说法 一看就懂的法律常识,9787559657015.0,外借,2024-12-19 13:36:16,59.8,李叔凡 著, 北京联合出版公司,2021-01-01,北京 ,256,D920.5,450611250929733,IB22G12
200535938,料理图鉴,9787535676238.0,外借,2024-12-19 13:38:20,70.0,(日)越智登代子著　(日)平野惠理子绘　杨晓婷译,湖南美术出版社,2018-01-01,长沙,383,TS972.11,450611254730821,IB22G12
200541388,做一杯美味咖啡,9787559203908.0,外借,2024-12-19 13:38:25,68.0,堀口俊英,北京美术摄影出版社,2020-01-01,北京,167,TS273,450611254730821,IB22G12
200779791,设计的细节 : 日本经典设计透析,9787115434500.0,外借,2024-12-19 13:38:29,59.0,(日)日经设计 编,人民邮电出版社,2016-01-01,北京,185,TB21,450611254730821,IB22G12
200695961,The Adventure of the Blue Carbuncle,9780241597002.0,归还,2024-12-19 16:36:57,47.0,Arthur Conan Doyle,Penguin UK,2022-11-03,英国,,808.8,584699858100293,IB24G10
200944602,霸王别姬,9787513311762.0,归还,2024-12-19 16:36:57,59.0,李碧华著,新星出版社,2013-01-01,北京,235,I247.5,584699858100293,IB24G10
201323308,The Count of Monte Cristo,9781509827978.0,归还,2024-12-19 16:36:57,51.0,"Dumas, Alexandre, 1802-1870; Maquet, Auguste, 1813-1888; Fiorentino, Pier Angelo, 1811-1864",Macmillan Collectors Library,2017-01-01,UK,695,843.7,584699858100293,IB24G10
201001290,印度六派哲学,9787100208680.0,外借,2024-12-19 17:09:45,108.0,木村泰贤著,商务印书馆,2022-01-01,北京,10535,B351.2,584699859378245,IB24G10
201307745,Penguin Classics Deluxe Edition: Dracula,9780143106166.0,续借,2024-12-19 23:07:21,54.0,Bram Stoker,Penguin USA,2010-11-30,美国,,823.8,584699875807301,IB24G10
201322069,The Birth of Classical Europe: A History from Troy to Augustine,9780143120452.0,续借,2024-12-19 23:07:23,130.0,Simon Price,Penguin Books,,,0,938,584699875807301,IB24G10
200859598,存在主义是一种人道主义,9787532758012.0,续借,2024-12-20 08:44:06,32.0,（法）萨特著,上海译文出版社,2012-01-01,上海,113,B086,584699852910661,IB24G10
201001502,水与梦,9787100167765.0,续借,2024-12-20 08:44:07,39.0,巴什拉著,商务印书馆,2019-01-01,北京,244,B565.59,584699852910661,IB24G10
200882054,权力意志与永恒轮回,9787532772360.0,归还,2024-12-20 08:47:10,49.0,(德)尼采著　(德)沃尔法特著　虞龙发译,上海译文出版社,2016-01-01,上海,331,B516.47,584699852910661,IB24G10
200885569,界限之书,9787559840943.0,归还,2024-12-20 08:47:10,76.0,（法）雅贝斯著,广西师范大学出版社,2021-01-01,桂林,429,I565.45,584699852910661,IB24G10
200986086,火的精神分析,9787100167789.0,归还,2024-12-20 08:47:12,25.0,（法）巴什拉著,商务印书馆,2019-01-01,北京,113,B565.59,584699852910661,IB24G10
200997314,时间简史,9787535794567.0,归还,2024-12-20 08:47:48,39.0,"(英)霍金著;许明贤,吴忠超译",湖南科学技术出版社,2018-01-01,长沙,190,P19-49,584699863957573,IB24G10
200986086,火的精神分析,9787100167789.0,外借,2024-12-20 08:48:52,25.0,（法）巴什拉著,商务印书馆,2019-01-01,北京,113,B565.59,584699852910661,IB24G10
200882054,权力意志与永恒轮回,9787532772360.0,外借,2024-12-20 08:48:58,49.0,(德)尼采著　(德)沃尔法特著　虞龙发译,上海译文出版社,2016-01-01,上海,331,B516.47,584699852910661,IB24G10
200885569,界限之书,9787559840943.0,外借,2024-12-20 08:49:10,76.0,（法）雅贝斯著,广西师范大学出版社,2021-01-01,桂林,429,I565.45,584699852910661,IB24G10
200876524,巨人的陨落II,9787539989891.0,归还,2024-12-20 12:21:21,43.0,(英)福莱特著;于大卫译,江苏凤凰文艺出版社,2016-01-01,南京,372,I561.45,584699871535173,IB24G10
200876551,巨人的陨落III,9787539989891.0,外借,2024-12-20 13:11:00,43.0,(英)福莱特著;于大卫译,江苏凤凰文艺出版社,2016-01-01,南京,372,I561.45,584699871535173,IB24G10
200973651,从零开始读懂物理学,9787301333686.0,外借,2024-12-20 13:11:00,59.0,汪振东著,北京大学出版社,2022-01-01,北京,318,O4-49,584699871535173,IB24G10
200988850,建筑师的1堂必修课,9787111711544.0,外借,2024-12-20 13:11:00,49.0,罗松著,机械工业出版社,2022-01-01,北京,301,TU,584699871535173,IB24G10
200991267,人人都该懂的工程学,9787213096471.0,外借,2024-12-20 13:11:00,59.9,(英)娜塔莎·麦卡锡(Natasha McCarthy)著 ,浙江人民出版社,2020-01-01,杭州,191,TB-49,584699871535173,IB24G10
200987272,美国史. 上册,9787100056748.0,外借,2024-12-20 14:16:54,190.0,（美）马丁著,商务印书馆,2012-01-01,北京,1510,K712.0,584699861790789,IB24G10
201011127,政治哲学与幸福根基,9787544732819.0,外借,2024-12-20 15:01:53,39.0,(英)罚勒著;李里峰译,译林出版社,2013-01-01,南京,139,D0,584699845550149,IB24G10
201011813,政治的历史与边界 ,9787544729826.0,外借,2024-12-20 15:02:03,39.0,"(英)肯尼思·米诺格 (Minogue, Kenneth) 著", 译林出版社,2013-01-01,南京 ,125113,D0,584699845550149,IB24G10
201011813,政治的历史与边界 ,9787544729826.0,续借,2024-12-20 15:02:19,39.0,"(英)肯尼思·米诺格 (Minogue, Kenneth) 著", 译林出版社,2013-01-01,南京 ,125113,D0,584699845550149,IB24G10
201011127,政治哲学与幸福根基,9787544732819.0,续借,2024-12-20 15:02:23,39.0,(英)罚勒著;李里峰译,译林出版社,2013-01-01,南京,139,D0,584699845550149,IB24G10
200883767,银河系搭车客指南.2,9787532764655.0,续借,2024-12-20 15:02:25,53.6,(英)亚当斯著;姚向辉译,上海译文出版社,2014-01-01,上海,279,I561.45,584699845550149,IB24G10
201617679,我们生活在巨大的差距里,9787530223970.0,归还,2024-12-23 07:30:00,59.0,余华 著,北京十月文艺出版社 ,2024-01-01,北京 ,280,I267.1,584699865239621,IB24G10
201034781,透过佛法看世界:给寻找答案的人,9787508646978.0,归还,2024-12-23 09:45:15,39.8,希阿荣博堪布著,中信出版社,2014-01-01,北京,321,B948,450611290882117,IB22G12
200874321,剧变 ,9787521712032.0,外借,2024-12-23 09:49:27,98.0,"(美)戴蒙德 (Diamond, Jared 1937~) 著", 中信出版集团股份有限公司,2020-01-01,北京 ,25435,F039,450611291119685,IB22G12
200989626,饥饿的盛世 : 乾隆时代的得与失,9787229167127.0,外借,2024-12-23 09:49:27,58.0,(蒙族)张宏杰 (1972~) 著,重庆出版社,2022-01-01,重庆,402,K249.309,450611291119685,IB22G12
200801061,不安之书,9787559656797.0,外借,2024-12-23 09:58:35,78.0,佩索阿著,北京联合出版公司,2022-01-01,北京,488,I552.65,450611290882117,IB22G12
200879308,惶然录,9787532172092.0,外借,2024-12-23 09:58:35,68.0,佩索阿,上海文艺出版社,2019-01-01,上海,10405,I552.65,450611290882117,IB22G12
200880546,微暗的火,9787532780693.0,外借,2024-12-23 10:12:49,63.0,（美）纳博科夫著,上海译文出版社有限公司,2019-01-01,上海,378,I712.45,450611290882117,IB22G12
200803773,东京八平米,9787542678652.0,归还,2024-12-23 11:17:15,79.0,(日)吉井忍 著,上海三联书店,2022-01-01,上海,305,I313.65,450611328335941,IB22G12
200981278,香水 : 气味的炼金术,9787559835352.0,归还,2024-12-23 11:17:21,98.0,"(法)让-克罗德·艾列纳 (Ellena, Jean-Claude) (1947~) 著",广西师范大学出版社,2021-01-01,桂林,363,TQ658.1,450611328335941,IB22G12
201049579,从你的全世界路过,9787540491949.0,归还,2024-12-23 15:11:58,45.0,张嘉佳著,湖南文艺出版社,,,,I247.7,584699858948165,IB24G10
201602186,像我们一样疯狂,9787303207695.0,外借,2024-12-23 17:46:07,54.0,(美)伊森·沃特斯,北京师范大学出版社 ,2016-01-01,北京 ,290,R395.2,450611279773765,IB22G12
201018193,人世的真相,9787569520767.0,归还,2024-12-23 17:55:32,69.0,（英）毛姆著,陕西师范大学出版总社,2021-01-01,西安,316,I561.45,517464412696645,IB23G11
200827436,剑桥艺术史·上,9787544792028.0,归还,2024-12-23 17:55:40,249.0,(美)伍德福德著,译林出版社,2023-01-01,南京,499,J110.9,517464412696645,IB23G11
200831476,浮士德,9787020151028.0,外借,2024-12-23 18:08:38,59.0,（德）歌德著,人民文学出版社,1994-01-01,北京,555,I516.34,517464412696645,IB23G11
200853399,神曲,9787532752522.0,外借,2024-12-23 18:08:49,42.0,（意）但丁著,上海译文出版社,2011-01-01,上海,695,I546.23,517464412696645,IB23G11
200878808,总结：毛姆创作生涯回忆录,9787532785520.0,外借,2024-12-23 18:08:56,52.0,（英）毛姆著,上海译文出版社有限公司,2021-01-01,上海,285,I561.55,517464412696645,IB23G11
201311151,GAUGUIN,9783836532235.0,外借,2024-12-23 18:12:17,87.0,Ingo F. Walther,TASCHEN,2017-11-19,德国,,759.4,517464412696645,IB23G11
201053340,云边有个小卖部,9787540487645.0,归还,2024-12-24 07:15:04,42.0,张嘉佳著,湖南文艺出版社,2018-01-01,长沙,306,I247.5,584699848413253,IB24G10
201035842,Python编程 ：从入门到实践,9787115546081.0,归还,2024-12-24 07:15:09,109.8,"(美)马瑟斯 (Matthes, Eric) 著", 人民邮电出版社,2020-01-01,北京 ,18444,TP311.561,584699848413253,IB24G10
201323291,"A tree grows in Brooklyn, : a novel",9780060736262.0,归还,2024-12-24 07:22:46,41.0,"Smith, Betty",Harpercollins,2005-01-01,New York,493,813.52,584699837497413,IB24G10
200699832,Small Pleasures,9781474613903.0,归还,2024-12-24 07:23:05,47.0,Clare Chambers,Orion Publishing Group,2021-04-29,英国,,823.91,584699837497413,IB24G10
201308940,Word Cloud Classics: The Age Of Innocence,9781626860568.0,归还,2024-12-24 07:23:13,44.0,Edith Wharton,Canterbury Classics,2014-05-01,美国,,813.52,584699837497413,IB24G10
201308940,Word Cloud Classics: The Age Of Innocence,9781626860568.0,外借,2024-12-24 07:25:34,44.0,Edith Wharton,Canterbury Classics,2014-05-01,美国,,813.52,584699837497413,IB24G10
200979183,悉达多,9787201112695.0,归还,2024-12-24 07:44:41,32.0,(德)黑塞著 姜乙译,天津人民出版社,2017-01-01,天津,137,I516.45,584699858735173,IB24G10
200829915,现代拉丁美洲文学,9787544781015.0,归还,2024-12-24 08:13:15,39.0,(美)埃切维里亚著,译林出版社,2020-01-01,南京,126,I730.65,455797921001541,IB23G11
200859133,美丽新世界,9787532773404.0,归还,2024-12-24 11:39:06,28.0,(英)赫胥黎著,上海译文出版社,2017-01-01,上海,298,I561.45,584699885924421,IB24G10
200814379,信使,9787500865582.0,归还,2024-12-24 11:39:09,29.0,刘慈欣著,中国工人出版社,2017-01-01,北京,,I247.7,584699885924421,IB24G10
200987227,红与黑,9787201108186.0,归还,2024-12-24 11:39:09,42.0,(法)司汤达著;罗新璋译,天津人民出版社,2016-01-01,天津,471,I565.44,584699885924421,IB24G10
200859133,美丽新世界,9787532773404.0,外借,2024-12-24 11:39:39,28.0,(英)赫胥黎著,上海译文出版社,2017-01-01,上海,298,I561.45,584699885924421,IB24G10
200987227,红与黑,9787201108186.0,外借,2024-12-24 11:39:45,42.0,(法)司汤达著;罗新璋译,天津人民出版社,2016-01-01,天津,471,I565.44,584699885924421,IB24G10
200859641,想象,9787532764082.0,外借,2024-12-24 11:56:16,48.0,(法)萨特著　杜小真译,上海译文出版社,2014-01-01,上海,188,B565.53,584699859378245,IB24G10
200920147,情节与历史叙事,9787208178755.0,外借,2024-12-24 11:56:20,85.0,(法）利科著,上海人民出版社,2023-01-01,上海,308,B089.2,584699859378245,IB24G10
200856207,康德 ,9787108065490.0,归还,2024-12-24 17:17:52,32.0,"库尔-旺特 (Kul-Want, Christopher) (英) 文", 生活·读书·新知三联书店,2019-01-01,北京 ,177,B516.31,450611279773765,IB22G12
200907082,平面设计完全手册,9787530470954.0,归还,2024-12-24 17:17:52,89.0,(德)韦格著,北京科学技术出版社,2017-01-01,北京,470,J506,450611279773765,IB22G12
200975472,穷人的理财经 ,9787547312230.0,归还,2024-12-24 17:28:09,45.0,"(美)默多克 (Morduch, Jonathan) 著", 东方出版中心,2018-01-01,上海 ,293,F830.59,455798096085061,IB23G11
200976051,香港重庆大厦,9787567532700.0,归还,2024-12-25 07:47:02,65.0,（美）麦高登著,华东师范大学出版社,2015-01-01,上海,308,C912.81,584699853152325,IB24G10
201022151,林家铺子,9787020142330.0,归还,2024-12-25 07:47:02,28.0,茅盾著,人民文学出版社,2021-01-01,北京,147,I246.7,584699853152325,IB24G10
201051119,神雕侠侣 .2,9787546200705.0,归还,2024-12-25 07:47:02,36.25,金庸 著, 广州出版社,2010-01-01,广州,1564,I247.5,584699853152325,IB24G10
201051128,神雕侠侣 .3,9787546200705.0,归还,2024-12-25 07:47:12,36.25,金庸 著, 广州出版社,2010-01-01,广州,1564,I247.5,584699853152325,IB24G10
201051100,神雕侠侣 .1,9787546200705.0,归还,2024-12-25 07:47:14,36.25,金庸 著, 广州出版社,2010-01-01,广州,1564,I247.5,584699853152325,IB24G10
200803416,真实幸福的形而上学,9787305261527.0,外借,2024-12-25 12:25:56,45.0,（法）巴迪欧著,南京大学出版社,2023-01-01,南京,137,B82,584699859378245,IB24G10
201045449,中国哲学如何登场 ,9787305242632.0,外借,2024-12-25 12:26:04,58.0,李泽厚 (1930~2021) 著, 南京大学出版社,2021-01-01,南京 ,245,B261,584699859378245,IB24G10
201000521,斯宾诺莎与表现问题,9787100168984.0,外借,2024-12-25 12:26:21,39.0,（法）德勒兹著,商务印书馆,2019-01-01,北京,382,B563.1,584699859378245,IB24G10
200865395,夜莺,9787559654168.0,归还,2024-12-25 12:40:39,68.0,(美)汉娜著,北京联合出版公司,2021-01-01,北京,521,I712.45,584699847979077,IB24G10
200813815,丽达与天鹅 : 叶芝诗歌新译详注,9787307224520.0,归还,2024-12-26 08:30:00,48.0,"(爱尔兰)叶芝 (Yeats, William Butler 1865~1939) 著",武汉大学出版社,2022-01-01,武汉,3913460,I562.25,450611316584517,IB22G12
200872467,猫和狗的生活哲学,9787572604164.0,归还,2024-12-26 08:30:00,65.0,简单心理著,湖南文艺出版社,2022-01-01,长沙,294,B821-49,450611296985157,IB22G12
200842570,萨摩亚人的成年 ,9787100136112.0,归还,2024-12-26 08:30:02,39.0,"(美)米德 (Mead, Margaret 1901~1978) 著", 商务印书馆,2017-01-01,北京 ,10276,C912.4,450611296985157,IB22G12
201010985,猎人笔记,9787544775809.0,归还,2024-12-26 08:30:05,38.0,(俄罗斯) 屠格涅夫 著, 译林出版社,2019-01-01,南京,327,I512.44,450611316584517,IB22G12
200964572,审美人类学,9787503971327.0,归还,2024-12-26 08:30:15,128.0,向丽著,文化艺术出版社,2022-01-01,北京,624,B83-05,450611296985157,IB22G12
201017372,不原谅也没关系,9787571425517.0,归还,2024-12-26 08:30:15,89.0,(美)沃克著,北京科学技术出版社,2023-01-01,北京,344,R749.05,450611296985157,IB22G12
200967392,文学术语词典,9787301249987.0,归还,2024-12-26 09:23:59,138.0,(美)艾布拉姆斯著;吴松江译,北京大学出版社,2014-01-01,北京,865,I-61,455797997994053,IB23G11
Z0063177,INTRODUCTION TO TOPOLOGY,9780486663524.0,外借,2024-12-26 09:28:06,60.0,,DOVER,,USA,206,IB-5-M-4,455797997994053,IB23G11
Z0065131,國際文憑大學預科項目中文A語言與文學課程學習指導——文学卷(简体版),9789620433641.0,外借,2024-12-26 09:28:06,141.3,禹慧灵编著,三联书店(香港)有限公司,2013-01-01,香港,265,IB-1-CH-1,455797997994053,IB23G11
Z0068864,IBDP中文A文学课程试卷(1)7分范文点评,9789620437946.0,外借,2024-12-26 09:28:06,0.0,李萍,三联书店(香港)有限公司,2015-01-01,香港,246,IB-1-CH-1,455797997994053,IB23G11
200824590,春之祭,9787520130356.0,归还,2024-12-26 11:10:33,86.0,9加）埃克斯坦斯著,社会科学文献出版社,2018-01-01,北京,507,K143,584699879964741,IB24G10
200917525,"大秦帝国·第四部, 阳谋春秋. 上卷",9787208152472.0,归还,2024-12-26 11:25:44,58.0,孙皓晖著,上海人民出版社,2019-01-01,上海,426,I247.53,584699884843077,IB24G10
200917543,"大秦帝国·第四部, 阳谋春秋. 下卷",9787208152472.0,外借,2024-12-26 11:27:09,58.0,孙皓晖著,上海人民出版社,2019-01-01,上海,495,I247.53,584699884843077,IB24G10
201037172,峰会:影响2世纪的六场元首会谈,9787508681832.0,外借,2024-12-26 11:49:42,78.0,雷诺慈著;马俊译,中信出版社,2018-01-01,北京,576,K150.5,584699846234181,IB24G10
200613078,Unraveller,9781529080407.0,续借,2024-12-27 07:01:09,100.0,"Hardinge, Frances",Pan Macmillan,2022-09-01,,416,823.92,584699870892101,IB24G10
200991267,人人都该懂的工程学,9787213096471.0,归还,2024-12-27 07:48:32,59.9,(英)娜塔莎·麦卡锡(Natasha McCarthy)著 ,浙江人民出版社,2020-01-01,杭州,191,TB-49,584699871535173,IB24G10
200888931,生命中那些重要的事,9787559857538.0,归还,2024-12-27 09:26:54,69.0,（澳）辛格著,广西师范大学出版社,2023-01-01,桂林,339,B82,584699866955845,IB24G10
200994549,本书书名无法描述本书内容昂:精装珍藏版,9787559614315.0,归还,2024-12-27 09:26:54,49.8,(美)卡普兰著;袁婧译,北京联合出版公司,2018-01-01,北京,240,B-49,584699866955845,IB24G10
200845979,逻辑的引擎,9787535794420.0,归还,2024-12-27 10:18:32,49.0,(美)戴维斯著;张卜天译,湖南科学技术出版社,2018-01-01,长沙,291,TP302.2,584699863957573,IB24G10
201323317,The A.B.C. murders,9780062930484.0,归还,2024-12-27 10:18:32,105.0,"Christie, Agatha",William Morrow,2019-01-01,New York,252,823.912,584699863957573,IB24G10
201313426,(PBC)A Treatise of Human Nature,9780140432442.0,归还,2024-12-27 11:11:55,63.0,David Hume,penguin uk,1985-10-31,英国,,128,584699875594309,IB24G10
201313676,"Human, All Too Human",9780140446173.0,归还,2024-12-27 11:11:55,41.0,Friedrich Nietzsche,Penguin UK,2015-10-08,英国,,128,584699875594309,IB24G10
201313729,Essays and Aphorisms,9780140442274.0,归还,2024-12-27 11:11:56,41.0,Arthur Schopenhauer and R. J. Hollingdale,Penguin UK,2016-06-02,英国,,193,584699875594309,IB24G10
200862771,基因社会,9787559407290.0,归还,2024-12-27 11:16:30,49.8,(美)莱凯尔等著;尹晓虹等译,江苏凤凰文艺出版社,2017-01-01,南京,251,Q343.2,584699859591237,IB24G10
200694490,Bantam Classics：Pride And Prejudice,9780553213102.0,归还,2024-12-27 11:19:13,13.0,Jane Austen,Bantam Classics,1983-12-01,美国,,823.7,584699851178053,IB24G10
200859641,想象,9787532764082.0,归还,2024-12-27 11:31:10,48.0,(法)萨特著　杜小真译,上海译文出版社,2014-01-01,上海,188,B565.53,584699859378245,IB24G10
200977997,存在与时间,9787559814487.0,归还,2024-12-27 11:31:10,45.0,陈嘉映著,广西师范大学出版社,2019-01-01,桂林,317,B086,584699859378245,IB24G10
200831626,爱伦·坡短篇小说全集. 下,9787100202084.0,外借,2024-12-27 11:38:55,69.5,（美）爱伦·坡著,商务印书馆,2022-01-01,北京,10984,I712.45,584699885924421,IB24G10
201323031,Freakonomics,9780061956270.0,归还,2024-12-27 11:39:56,60.0,Steven D. Levitt,HarperCollins Publishers Inc,2009-08-01,,336,330,584699863535685,IB24G10
201323647,Alma Classics:Tales of Horror,9781847496096.0,外借,2024-12-27 12:20:45,32.0,Edgar Allan Poe,Alma Books,,UK,311,813.3,450611317665861,IB22G12
200687596,Noise: A Flaw in Human Judgment,9780316266659.0,外借,2024-12-27 12:20:55,73.0,Daniel Kahneman,"Little, Brown US",2021-05-18,美国,,153.83,450611317665861,IB22G12
201049891,万物归一,9787559823168.0,外借,2024-12-27 12:37:57,45.0,（美）狄勒德著,广西师范大学出版社,2022-01-01,桂林,110,I712.65,584699888091205,IB24G10
200917080,"做中学电子电路, 电路基础 ",9787030596451.0,外借,2024-12-27 13:24:39,68.0,(日)ADWIN株式会社 著, 科学出版社,2019-01-01,北京 ,121,TN7,584699871535173,IB24G10
200912085,叔本华思想随笔,9787208157415.0,归还,2024-12-27 14:22:57,78.0,（德）叔本华著,上海人民出版社,2019-01-01,上海,346,B516.41,584699854663749,IB24G10
201050138,营销管理,9787521742213.0,归还,2024-12-27 14:38:24,158.0,"科特勒 (Kotler, Philip) (Kotler, Philip)(著);凯勒 (Keller, Kevin Lane) (Keller, Kevin Lane)(著);切尔内夫 (Chernev, Alexander) (Chernev, Alexander)(著)",北京中信出版集团股份有限公司2022,2022-01-01,北京,27666,F713.56,455798031200325,IB23G11
200915368,机器学习：原理、算法与应用,9787302532347.0,归还,2024-12-27 14:41:15,88.0,雷明 (计算机技术) 著, 清华大学出版社,2019-01-01,北京 ,16398,TP181,584699889176645,IB24G10
200820978,沉默的羔羊,9787544784689.0,归还,2024-12-27 14:41:36,49.0,(美)哈里斯著,译林出版社,2021-01-01,南京,369,I712.45,584699889602629,IB24G10
200942533,"思考,快与慢",9787508633558.0,归还,2024-12-27 14:43:18,69.0,"(美)卡尼曼著,李爱民,何梦莹译",中信出版社,2016-01-01,北京,424,F069.9-49,584699885277253,IB24G10
200938450,粒子物理论,9787111543428.0,归还,2024-12-27 14:43:35,89.0,(美)大卫著;王青译,机械工业出版社,2016-01-01,北京,353,O572.2,584699890253893,IB24G10
200970832,国富论,9787519015084.0,归还,2024-12-27 14:43:35,34.0,(英)斯密著;陈虹译,中国文联出版公司,2016-01-01,北京,658,F091.33,584699890253893,IB24G10
200919792,灿烂千阳,9787208072107.0,归还,2024-12-27 15:41:19,49.0,"(美)胡赛尼 (Hosseini, Khaled 1965~) 著", 上海人民出版社,2007-01-01,上海,428,I712.45,584699880624197,IB24G10
201035218,运动营养全书：全彩图解版,9787115535276.0,外借,2024-12-27 15:51:45,248.0,"(美)玛利亚·A.斯帕诺 (Spano, Marie A.) 著", 人民邮电出版社,2020-01-01,北京 ,10510,G804.32,584699880624197,IB24G10
201318396,No Country for Old Men,9780375706677.0,归还,2024-12-27 15:54:03,75.0,"Carthy, Cormac Mc",Random House US,2006-01-01,USA,309,813.54,455798122922053,IB23G11
201301741,Brief Answers to the Big Questions,9781473695993.0,归还,2024-12-30 08:04:07,49.0,Stephen Hawking,John Murray Publisher,2020-03-05,英国,,500,584699851841605,IB24G10
201307488,55 Successful Harvard Law Essays （2nd Edition）,9781250047236.0,归还,2024-12-30 08:04:07,50.0,Staff of the Harvard Crimson,Square Fish,2014-07-08,美国,,340.07,584699851841605,IB24G10
200907019,微积分和数学分析引论. 第一卷. 第二分册,9787030084699.0,归还,2024-12-31 08:05:17,99.0,"(美)R. 柯朗 (Courant, Richard 1888~1972) 著",科学出版社,2001-01-01,北京,365,O17,584699849691205,IB24G10
200869364,哲学小史,9787547739617.0,归还,2025-01-02 07:31:45,49.0,（英）沃伯顿著,北京日报出版社,2021-01-01,北京,313,B5-49,584699874275397,IB24G10
200985988,故事新编,9787201089560.0,归还,2025-01-02 09:38:33,25.0,鲁迅著,天津人民出版社,2015-01-01,天津,288,I210.6,584699859591237,IB24G10
201020545,彷徨,9787020142187.0,归还,2025-01-02 09:38:33,26.0,鲁迅著,人民文学出版社,2021-01-01,北京,185,I210.6,584699859591237,IB24G10
200803416,真实幸福的形而上学,9787305261527.0,归还,2025-01-02 14:29:49,45.0,（法）巴迪欧著,南京大学出版社,2023-01-01,南京,137,B82,584699859378245,IB24G10
200813361,习近平新时代中国特色社会主义思想学习问答 ,9787514710304.0,归还,2025-01-02 15:05:10,42.0,中共中央宣传部,学习出版社,,北京,10460,D610,584699888529477,IB24G10
200819365,习近平新时代中国特色社会主义思想基本问题,9787503568770.0,归还,2025-01-02 15:05:10,95.0,中共中央党校著,中共中央党校出版社,2020-01-01,北京,432,D610,584699888529477,IB24G10
200687596,Noise: A Flaw in Human Judgment,9780316266659.0,归还,2025-01-02 15:31:10,73.0,Daniel Kahneman,"Little, Brown US",2021-05-18,美国,,153.83,450611317665861,IB22G12
201323647,Alma Classics:Tales of Horror,9781847496096.0,归还,2025-01-02 15:31:10,32.0,Edgar Allan Poe,Alma Books,,UK,311,813.3,450611317665861,IB22G12
201000521,斯宾诺莎与表现问题,9787100168984.0,归还,2025-01-02 15:39:12,39.0,（法）德勒兹著,商务印书馆,2019-01-01,北京,382,B563.1,584699859378245,IB24G10
200861790,都柏林人,9787532773442.0,归还,2025-01-02 16:51:07,32.0,(爱尔兰)乔伊斯著;王逢振译,上海译文出版社,2016-01-01,上海,230,I562.45,455798058967109,IB23G11
201058568,一个人暖呼呼,9787550289215.0,归还,2025-01-02 16:51:13,49.9,（日）高木直子著,北京联合出版公司,2016-01-01,北京,173,J238.2,455798058967109,IB23G11
200689362,The Ender Quintet #5： Ender in Exile,9781250773111.0,归还,2025-01-02 17:02:20,31.0,Orson Scott Card,TOR Books,2021-08-24,美国,,813.54,584699874517061,IB24G10
200693160,The Lost Symbol,9781400079148.0,归还,2025-01-02 17:02:20,38.0,Dan Brown,Anchor Books,2010-10-19,美国,,813.54,584699874517061,IB24G10
201049891,万物归一,9787559823168.0,归还,2025-01-02 17:21:10,45.0,（美）狄勒德著,广西师范大学出版社,2022-01-01,桂林,110,I712.65,584699888091205,IB24G10
201034219,那个特别的疯子,9787559622822.0,归还,2025-01-02 17:30:19,48.0,(美)布雷迪著;赵说说译,北京联合出版公司,2018-01-01,北京,359,B84-49,584699853152325,IB24G10
200912637,建筑,9787807680284.0,外借,2025-01-02 17:31:34,43.0,（英）弗伦奇著,生活·读书·新知三联书店,2014-01-01,北京,144,TU-092,584699853152325,IB24G10
200950612,契诃夫短篇小说集,9787540237004.0,归还,2025-01-02 17:36:47,29.0,(俄罗斯)契诃夫著,北京燕山出版社,2017-01-01,北京,387,I512.44,584699853586501,IB24G10
200870085,密室收藏家,9787539981635.0,归还,2025-01-02 18:32:07,36.0,（日）大山诚一郎著,江苏凤凰文艺出版社,2017-01-01,南京,225,I313.45,450611280293957,IB22G12
200988850,建筑师的1堂必修课,9787111711544.0,归还,2025-01-02 18:40:22,49.0,罗松著,机械工业出版社,2022-01-01,北京,301,TU,584699871535173,IB24G10
200917080,"做中学电子电路, 电路基础 ",9787030596451.0,归还,2025-01-02 18:40:31,68.0,(日)ADWIN株式会社 著, 科学出版社,2019-01-01,北京 ,121,TN7,584699871535173,IB24G10
200917080,"做中学电子电路, 电路基础 ",9787030596451.0,外借,2025-01-02 18:43:47,68.0,(日)ADWIN株式会社 著, 科学出版社,2019-01-01,北京 ,121,TN7,584699871535173,IB24G10
201035441,不可不知的36种电子元器件,9787115440969.0,外借,2025-01-02 18:43:47,49.0,张晓东著, 人民邮电出版社,2017-01-01,北京 ,266,TN-49,584699871535173,IB24G10
200987218,红与黑,9787201108186.0,续借,2025-01-02 20:59:46,42.0,(法)司汤达著;罗新璋译,天津人民出版社,2016-01-01,天津,471,I565.44,584699858526277,IB24G10
200877738,洛丽塔,9787532780686.0,续借,2025-01-02 20:59:51,76.0,（美）弗拉基米尔·纳博科夫(Vladimir Nabokov)著 主万译,上海译文出版社有限公司,2019-01-01,上海,502,I712.45,584699858526277,IB24G10
201010770,从动力学到统计物理学 ,9787301276600.0,归还,2025-01-03 07:26:07,89.0,郑志刚 (1969.8~) 著, 北京大学出版社,2016-01-01,北京 ,491,O313,584699890253893,IB24G10
201602186,像我们一样疯狂,9787303207695.0,归还,2025-01-03 07:44:03,54.0,(美)伊森·沃特斯,北京师范大学出版社 ,2016-01-01,北京 ,290,R395.2,450611279773765,IB22G12
200879308,惶然录,9787532172092.0,续借,2025-01-03 08:22:52,68.0,佩索阿,上海文艺出版社,2019-01-01,上海,10405,I552.65,450611290882117,IB22G12
200875534,"银河帝国.1,基地",9787539983295.0,归还,2025-01-03 09:37:00,45.0,(美)阿西莫夫著,江苏凤凰文艺出版社,2015-01-01,南京,277,I712.45,450611290103877,IB22G12
201056203,美丽新世界,9787532774685.0,归还,2025-01-03 09:37:00,45.0,(英)赫胥黎著;陈超译,上海译文出版社,2017-01-01,上海,349,I561.45,450611290103877,IB22G12
200688924,Sex And The City,9780446617680.0,归还,2025-01-03 09:55:21,35.0,Candace Bushnell,Grand Central Publishing,2006-08-01,美国,,813.6,450611283214405,IB22G12
201312757,Literary Theory: A Very Short Introduction,9780199691340.0,归还,2025-01-03 09:55:21,48.0,Jonathan Culler,Oxford University Press UK,2011-07-28,英国,,801.95,450611283214405,IB22G12
201324209,"The new Avengers : Vol. 8,. Secret invasion book 1",9780785132974.0,归还,2025-01-03 09:55:21,73.0,"Bendis, Brian Michael",,,,,741.5973,450611283214405,IB22G12
200854520,鼠疫,9787532752508.0,归还,2025-01-03 11:15:13,28.0,(法)加缪著,上海译文出版社,2011-01-01,上海,233,I565.45,584699887661125,IB24G10
201000040,维特根斯坦的维也纳,9787540778903.0,归还,2025-01-03 11:15:13,59.0,(美)雅尼克著,漓江出版社有限公司,2016-01-01,桂林,399,B561.59,584699887661125,IB24G10
200970574,布拉格：黑色与金色之城,9787301311929.0,外借,2025-01-03 11:31:27,78.0,"(美)德默兹 (Demetz, Peter 1922~) 著", 北京大学出版社,2020-01-01,北京 ,511,K524.9,584699846234181,IB24G10
201324735,Art : the definitive visual history,9780241629031.0,外借,2025-01-03 12:28:57,181.0,DK,,,,,709,517464412696645,IB23G11
200801061,不安之书,9787559656797.0,归还,2025-01-03 13:08:19,78.0,佩索阿著,北京联合出版公司,2022-01-01,北京,488,I552.65,450611290882117,IB22G12
200880546,微暗的火,9787532780693.0,归还,2025-01-03 13:08:19,63.0,（美）纳博科夫著,上海译文出版社有限公司,2019-01-01,上海,378,I712.45,450611290882117,IB22G12
200697460,Signet Classics: Tales From Shakespeare,9780451530646.0,续借,2025-01-03 14:19:52,9.0,Charles Lamb,Signet,2007-06-05,美国,,822.33,584699868303429,IB24G10
201314746,Pearson Chemistry for the IB Diploma SL,9781292427690.0,归还,2025-01-03 14:32:30,335.0,"Brown, Catrin; Ford, Mike; Canning, Oliver; Economou, Andreas; Irwin, Garth",Pearson Education Limited,2023-04-14,London,656,IB-4-CH-3,584699865874501,IB24G10
200917552,"大秦帝国·第五部, 铁血文明. 上卷",9787208152472.0,外借,2025-01-06 07:23:26,58.0,孙皓晖著,上海人民出版社,2019-01-01,上海,495,I247.53,584699884843077,IB24G10
200882768,火星俱乐部,9787532178995.0,归还,2025-01-06 09:56:34,65.0,（美）库什纳著,上海文艺出版社,2022-01-01,上海,410,I712.45,584699842498629,IB24G10
201324922,Hans Christian Andersen's Fairy Tales,9780141329017.0,归还,2025-01-06 09:56:34,29.95,retold by Naomi Lewis;illustrations by P,Puffin Books,2010-01-01,London,181,839.8136,584699842498629,IB24G10
Z0065131,國際文憑大學預科項目中文A語言與文學課程學習指導——文学卷(简体版),9789620433641.0,归还,2025-01-06 10:48:12,141.3,禹慧灵编著,三联书店(香港)有限公司,2013-01-01,香港,265,IB-1-CH-1,455797997994053,IB23G11
200945594,我与地坛:插图版,9787540478087.0,归还,2025-01-06 11:10:34,56.0,史铁生著,湖南文艺出版社,2016-01-01,长沙,294,I267,584699845120069,IB24G10
200917543,"大秦帝国·第四部, 阳谋春秋. 下卷",9787208152472.0,归还,2025-01-06 11:35:23,58.0,孙皓晖著,上海人民出版社,2019-01-01,上海,495,I247.53,584699884843077,IB24G10
200221866,河边的错误,9787538755961.0,归还,2025-01-06 14:40:37,42.0,余华著,时代文艺出版社,2018-01-01,长春,207,I247.5,584699842277445,IB24G10
200687122,Breaking dawn,9781907410512.0,外借,2025-01-06 15:41:02,75.0,"Meyer, Stephenie,","Atom,",2010-01-01,London,702,813.6,584699842498629,IB24G10
200920147,情节与历史叙事,9787208178755.0,归还,2025-01-06 16:25:01,85.0,(法）利科著,上海人民出版社,2023-01-01,上海,308,B089.2,584699859378245,IB24G10
201001290,印度六派哲学,9787100208680.0,归还,2025-01-06 16:25:01,108.0,木村泰贤著,商务印书馆,2022-01-01,北京,10535,B351.2,584699859378245,IB24G10
200859981,西西弗神话:散论荒诞,9787532775859.0,外借,2025-01-06 18:03:33,32.0,(法)加缪著　沈志明译,译文出版社,2017-01-01,上海,160,B565.59,517464412696645,IB23G11
200873297,地狱之行:1914-1949,9787508683003.0,外借,2025-01-06 18:55:45,89.0,(英)克肖著;林华译,中信出版社,2019-01-01,北京,588,K505,450611273154629,IB22G12
200873297,地狱之行:1914-1949,9787508683003.0,归还,2025-01-06 20:08:20,89.0,(英)克肖著;林华译,中信出版社,2019-01-01,北京,588,K505,450611273154629,IB22G12
200936434,制造东京,9787521733266.0,外借,2025-01-06 20:10:13,79.0,(日)藤森照信 (1946~) 著,中信出版社,2021-01-01,北京,385,TU-093.131,455798075973701,IB23G11
201033274,深度学习 ,9787115461476.0,归还,2025-01-07 07:30:24,168.0,"(美)伊恩·古德费洛 (Goodfellow, Ian) 著", 人民邮电出版社,2017-01-01,北京 ,10500,TP181,455798100992069,IB23G11
200696112,A Tale of Two Cities,9780785839835.0,外借,2025-01-07 07:30:45,42.0,Charles Dickens,Chartwell Books,2021-10-19,英国,,823.8,455798100992069,IB23G11
200805717,一间自己的房间,9787572225482.0,外借,2025-01-07 11:00:16,42.0,（英）吴尔夫著,浙江教育出版社,2021-01-01,杭州,36282,I106,450611282698309,IB22G12
200861674,爱的艺术 ,9787532779901.0,归还,2025-01-07 11:25:49,39.0,"(美)弗罗姆 (Fromm, Erich 1900~1980) 著", 上海译文出版社有限公司,2019-01-01,上海 ,135,C912.6,584699847327813,IB24G10
200997591,平面犬,9787544281232.0,归还,2025-01-07 11:25:49,59.0,（日）乙一著,南海出版公司,2021-01-01,海口,265,I313.45,584699847327813,IB24G10
201045449,中国哲学如何登场 ,9787305242632.0,归还,2025-01-07 11:31:52,58.0,李泽厚 (1930~2021) 著, 南京大学出版社,2021-01-01,南京 ,245,B261,584699859378245,IB24G10
200875687,小岛经济学,9787508672960.0,外借,2025-01-07 11:34:13,48.0,(美)彼得著;胡晓姣译,中信出版社,2017-01-01,北京,298,F0-49,455798095261765,IB23G11
200876016,"怪诞行为学. 2, 非理性的积极力量",9787508681436.0,外借,2025-01-07 11:34:13,45.0,"(美)丹·艾瑞里 (Ariely, Dan) 著",中信出版集团股份有限公司,2017-01-01,北京,18250,F069.9,455798095261765,IB23G11
200992523,牛奶可乐经济学 4,9787213094842.0,外借,2025-01-07 11:34:13,69.9,(美)罗伯特·弗兰克(Robert H. Frank)著,浙江人民出版社,2020-01-01,杭州,268,F0-49,455798095261765,IB23G11
200898403,科学技术史,9787308225854.0,归还,2025-01-07 16:27:45,48.0,米丽琴,浙江大学出版社,2022-01-01,杭州,169,N091,450611280855109,IB22G12
200915304,聆听音乐,9787302526308.0,归还,2025-01-07 16:27:45,98.0,（美）莱特著,清华大学出版社,2019-01-01,北京,525,J605.1,450611280855109,IB22G12
200986184,新音乐的哲学,9787100198981.0,归还,2025-01-07 16:27:45,68.0,（德）阿多诺著,商务印书馆,2022-01-01,北京,270,J60-02,450611280855109,IB22G12
Z0063607,BIOLOGY,72919345.0,归还,2025-01-07 16:27:49,12.0,,McGrawHill,,USA,955,IB-4-BI-2,450611272904773,IB22G12
200977176,体内火焰,9787509016114.0,外借,2025-01-07 16:37:01,49.8,陈思安,当代世界出版社,2021-01-01,北京,270,I247.7,584699853369413,IB24G10
200870129,字母表谜案 ,9787555911425.0,外借,2025-01-07 17:25:39,42.0,"(日)大山诚一郎 (Oyama, Seiichiro, 1971~) 著", 河南文艺出版社,2021-01-01,郑州 ,283,I313.45,450611280293957,IB22G12
200943943,秘密,9787544258210.0,外借,2025-01-07 17:25:48,45.0,(日)东野圭吾,南海出版公司,2017-01-01,海口,330,I313.45,450611280293957,IB22G12
200805263,秘密结晶,9787532791231.0,外借,2025-01-07 17:34:44,68.0,（日）小川洋子著,上海译文出版社有限公司,2022-01-01,上海,363,I313.45,450611280293957,IB22G12
200994665,假面山庄,9787530217559.0,外借,2025-01-07 17:34:51,45.0,(日)东野圭吾著,北京十月文艺出版社,2018-01-01,北京,230,I313.45,450611280293957,IB22G12
201307040,Normal people : a novel,9781984822185.0,外借,2025-01-07 20:25:08,26.0,"Rooney, Sally; Baardman, Gerda",Hogarth,2020-01-01,USA,287,823.92,455798058967109,IB23G11
200996217,神经科学原理. 第5版. 下册,9787111430810.0,外借,2025-01-08 07:17:59,149.5,(美)坎德尔著,机械工业出版社,2016-01-01,北京,1709,R338,584699859591237,IB24G10
201306666,How We Live,9780679781400.0,归还,2025-01-08 08:17:36,58.0,Sherwin B. Nuland,Vintage USA,1998-05-26,美国,,612,450611288834117,IB22G12
201318591,The Bell Jar,9780061148514.0,归还,2025-01-08 08:17:37,83.0,"Plath, Sylvia",Harper Perennial,2013-06-11,New York,243,813.54,450611288834117,IB22G12
200889592,贫穷的质感,9787532182480.0,归还,2025-01-08 11:22:29,52.0,王梆,上海文艺出版社,2022-01-01,上海,350,K561.03,584699868942405,IB24G10
201039688,鲁迅全集·第一卷,9787536094239.0,归还,2025-01-08 11:25:01,29.9,鲁迅著,花城出版社,2021-01-01,广州,20,I210.1,584699869589573,IB24G10
200945594,我与地坛:插图版,9787540478087.0,外借,2025-01-08 11:33:05,56.0,史铁生著,湖南文艺出版社,2016-01-01,长沙,294,I267,584699868942405,IB24G10
200697157,The Masque of the Red Death,9780241573754.0,归还,2025-01-08 14:29:49,47.0,Edgar Allan Poe,Penguin UK,2022-08-25,英国,,813.3,455798118166597,IB23G11
201322087,Born a crime : stories from a South African childhood,9780399588198.0,归还,2025-01-08 14:29:49,120.0,"Noah, Trevor, 1984-",Karl Blessing Verlag GmbH,2016-01-01,New York,288,791.450,455798118166597,IB23G11
200880573,推销员之死,9787532783038.0,归还,2025-01-08 14:43:44,52.0,"(美)阿瑟·米勒 (Miller, Arthur 1915~2005) 著",上海译文出版社,2020-01-01,上海,223,I712.35,584699880865861,IB24G10
200697157,The Masque of the Red Death,9780241573754.0,外借,2025-01-08 14:44:31,47.0,Edgar Allan Poe,Penguin UK,2022-08-25,英国,,813.3,584699880865861,IB24G10
200854511,呼啸山庄,9787532751198.0,外借,2025-01-08 15:09:40,38.0,(英)勃朗特著,上海译文出版社,2010-01-01,上海,406,I561.44,584699858526277,IB24G10
201022909,额尔古纳河右岸 ,9787020139590.0,归还,2025-01-08 15:31:52,32.0,迟子建 (1964~) 著, 人民文学出版社,2010-01-01,北京 ,266,I247.5,584699888091205,IB24G10
200862012,魔山. 下,9787532780525.0,归还,2025-01-08 15:32:01,39.0,"(德)托马斯·曼 (Mann, Thomas 1875~1955) 著",上海译文出版社,2019-01-01,上海,835,I516.45,584699888091205,IB24G10
200948216,戴维营三天,9787500171980.0,归还,2025-01-08 15:32:01,89.0,（美）加滕著,中译出版社,2023-01-01,北京,13373,F11,584699888091205,IB24G10
200862003,魔山. 上,9787532780525.0,归还,2025-01-08 15:32:03,39.0,"(德)托马斯·曼 (Mann, Thomas 1875~1955) 著",上海译文出版社,2019-01-01,上海,400,I516.45,584699888091205,IB24G10
200862003,魔山. 上,9787532780525.0,外借,2025-01-08 15:32:39,39.0,"(德)托马斯·曼 (Mann, Thomas 1875~1955) 著",上海译文出版社,2019-01-01,上海,400,I516.45,584699888091205,IB24G10
200862012,魔山. 下,9787532780525.0,外借,2025-01-08 15:32:47,39.0,"(德)托马斯·曼 (Mann, Thomas 1875~1955) 著",上海译文出版社,2019-01-01,上海,835,I516.45,584699888091205,IB24G10
201022909,额尔古纳河右岸 ,9787020139590.0,外借,2025-01-08 15:32:54,32.0,迟子建 (1964~) 著, 人民文学出版社,2010-01-01,北京 ,266,I247.5,584699888091205,IB24G10
200948216,戴维营三天,9787500171980.0,外借,2025-01-08 15:33:01,89.0,（美）加滕著,中译出版社,2023-01-01,北京,13373,F11,584699888091205,IB24G10
200948216,戴维营三天,9787500171980.0,续借,2025-01-08 15:33:09,89.0,（美）加滕著,中译出版社,2023-01-01,北京,13373,F11,584699888091205,IB24G10
201022909,额尔古纳河右岸 ,9787020139590.0,续借,2025-01-08 15:33:11,32.0,迟子建 (1964~) 著, 人民文学出版社,2010-01-01,北京 ,266,I247.5,584699888091205,IB24G10
200862012,魔山. 下,9787532780525.0,续借,2025-01-08 15:33:14,39.0,"(德)托马斯·曼 (Mann, Thomas 1875~1955) 著",上海译文出版社,2019-01-01,上海,835,I516.45,584699888091205,IB24G10
200862003,魔山. 上,9787532780525.0,续借,2025-01-08 15:33:16,39.0,"(德)托马斯·曼 (Mann, Thomas 1875~1955) 著",上海译文出版社,2019-01-01,上海,400,I516.45,584699888091205,IB24G10
200985817,国富论,9787100108843.0,归还,2025-01-08 16:16:03,148.0,（英）亚当·斯密著,商务印书馆,2015-01-01,北京,920,F091.33,455798051688517,IB23G11
200876187,心流:最优体验心理学,9787508675534.0,归还,2025-01-08 16:16:12,49.0,(美)契克森米哈赖著;张定绮译,中信出版社,2017-01-01,北京,381,B84-49,455798051688517,IB23G11
201033461,怪诞行为学,9787508680965.0,归还,2025-01-08 16:16:14,48.0,(美)艾瑞里著,中信出版社,2017-01-01,北京,28325,F069.9-49,455798051688517,IB23G11
200876025,"怪诞行为学. 6, 非凡的决定",9787521711981.0,归还,2025-01-08 16:16:16,49.0,"(美)丹·艾瑞里 (Ariely, Dan) 著",中信出版集团股份有限公司,2019-01-01,北京,200,F069.9,455798051688517,IB23G11
201014231,在希腊,9787500879701.0,归还,2025-01-08 16:22:44,54.0,（爱尔兰）马哈菲著,中国工人出版社,2022-01-01,北京,200,K125,584699888091205,IB24G10
200861754,玻璃球游戏 ,9787532757039.0,归还,2025-01-08 16:22:47,27.0,"(德)赫尔曼·黑塞 (Hesse, Hermann 1877~1962) 著", 上海译文出版社,2012-01-01,上海 ,457,I516.45,584699888091205,IB24G10
201014231,在希腊,9787500879701.0,外借,2025-01-08 16:23:16,54.0,（爱尔兰）马哈菲著,中国工人出版社,2022-01-01,北京,200,K125,584699888091205,IB24G10
200861754,玻璃球游戏 ,9787532757039.0,外借,2025-01-08 16:23:25,27.0,"(德)赫尔曼·黑塞 (Hesse, Hermann 1877~1962) 著", 上海译文出版社,2012-01-01,上海 ,457,I516.45,584699888091205,IB24G10
200867865,牛津古希腊史 ,9787511560216.0,归还,2025-01-08 17:04:41,119.9,(英)博德曼 编, 人民日报出版社,2020-01-01,北京 ,534,K125,584699881078853,IB24G10
200836514,清洁女工之死,9787513339414.0,归还,2025-01-08 17:04:42,42.0,（英）克里斯蒂著,新星出版社,2022-01-01,北京,236,I561.45,584699881078853,IB24G10
200836435,波洛圣诞探案记,9787513338110.0,归还,2025-01-08 17:04:50,42.0,克里斯蒂,新星出版社,2023-01-01,北京,269,I561.45,584699881078853,IB24G10
200945978,细雪,9787544281621.0,归还,2025-01-08 17:04:50,59.0,（日）谷崎润一郎著,南海出版公司,2021-01-01,海口,635,I313.45,584699881078853,IB24G10
200876551,巨人的陨落III,9787539989891.0,归还,2025-01-08 17:19:17,43.0,(英)福莱特著;于大卫译,江苏凤凰文艺出版社,2016-01-01,南京,372,I561.45,584699871535173,IB24G10
200817642,存在主义咖啡馆:自由、存在和杏子鸡尾酒,9787559610782.0,外借,2025-01-08 17:19:44,88.0,(美)贝克韦尔,北京联合出版公司,2018-01-01,北京,563,B085,455797997469765,IB23G11
200874438,世界的凛冬1,9787539999074.0,外借,2025-01-08 17:20:17,44.0,(英)福莱特著,江苏凤凰文艺出版社,2017-01-01,南京,341,I561.45,584699871535173,IB24G10
200874456,世界的凛冬·Ⅱ,9787539999074.0,外借,2025-01-08 17:20:17,44.0,(英)福莱特著,江苏凤凰文艺出版社,2017-01-01,南京,397,I561.45,584699871535173,IB24G10
200874465,世界的凛冬·Ⅲ,9787539999074.0,外借,2025-01-08 17:20:17,44.0,(英)福莱特著,江苏凤凰文艺出版社,2017-01-01,南京,341,I561.45,584699871535173,IB24G10
201315308,Cambridge International AS &amp; A Level Further Mathematics Worked Solutions Manual with Cambridge Elevate Edition,9781108770187.0,外借,2025-01-08 17:31:41,306.0,"McKelvey, Lee; Crozier, Martin; James, Muriel",Cambridge University Press,2020-06-04,UK,252,AL-5-M-1,455798051688517,IB23G11
201502338,Further Mathematics further prob and stats,9781510421813.0,外借,2025-01-08 17:31:41,238.0,John du Feu,Hodder,2018-01-01,英国,,AL-5-M-5,455798051688517,IB23G11
201502427,cambridge as & a level further math 1 student's book,9781510421783.0,外借,2025-01-08 17:31:53,238.0,"Sophie Goldie, Rose Jewell",Hodder,2018-01-01,英国,198,AL-5-M-1,455798051688517,IB23G11
201502463,Further Mathematics further mechanics,9781510421806.0,外借,2025-01-08 17:31:53,238.0,"Jean-Paul Muscat, Sophie Goldie",Hodder,2018-01-01,英国,195,AL-5-M-1,455798051688517,IB23G11
201502481,cambridge as & a level further math 2 student's book,9781510421790.0,外借,2025-01-08 17:31:53,238.0,"Rose Jewell, Jean-Paul Muscat",Hodder,2018-01-01,英国,198,AL-5-M-1,455798051688517,IB23G11
201012741,望春风,9787544762588.0,归还,2025-01-08 19:59:04,48.0,格非著,译林出版社,2016-01-01,南京,393,I247.5,450611291119685,IB22G12
200969746,梦的解析,9787554617069.0,外借,2025-01-08 20:02:33,59.8,(奥)弗洛伊德著,古吴轩出版社,2023-01-01,苏州,364,B845.1,584699858100293,IB24G10
201325949,The Tree Book: The Inside Story of Our Greatest Species,9780241487556.0,续借,2025-01-08 21:18:18,136.0,DK,DK Publishing,2022-03-31,英国,,582.16,584699853369413,IB24G10
200977176,体内火焰,9787509016114.0,续借,2025-01-08 21:18:21,49.8,陈思安,当代世界出版社,2021-01-01,北京,270,I247.7,584699853369413,IB24G10
201306853,The Philosophy of Law: A Very Short Introduction,9780199687008.0,外借,2025-01-09 07:24:53,36.0,Raymond Wacks,Oxford University Press UK,2014-02-27,英国,,340.1,450611284529221,IB22G12
200699510,I Know This to Be True: Ruth Bader Ginsburg ( I Know This to Be True ),9781797200163.0,外借,2025-01-09 07:25:01,66.0,"Geoff Blackwell,Ruth Hobday",Chronicle Books,2020-03-24,美国,,347.73,450611284529221,IB22G12
201322489,DK-Big Ideas：The Law Book,9780241410196.0,外借,2025-01-09 07:25:12,89.0,DK,DK Publishing,2020-09-03,英国,,340.09,450611284529221,IB22G12
201025862,文学批评导引 (第二版）,9787040401615.0,归还,2025-01-09 07:30:05,33.5,王先霈 (1939.7~) 主编, 高等教育出版社,2014-01-01,北京 ,344,I06,584699864387653,IB24G10
200926463,文学的读法,9787555026006.0,归还,2025-01-09 07:30:11,68.0,"(英)特里·伊格尔顿(Eagleton, Terry) 著",海峡文艺出版社,2021-01-01,福州,272,I06,584699864387653,IB24G10
201306470,The O. Henry Prize Stories 1th Anniversary Edition (219),9780525565536.0,外借,2025-01-09 08:06:32,47.0,Laura Furman,Anchor Books,2019-09-10,美国,,808.83,584699864387653,IB24G10
200882982,瓦尔登湖,9787532768011.0,外借,2025-01-09 08:06:44,45.0,(美)梭罗著;潘庆舲译,上海译文出版社,2015-01-01,上海,407,I712.64,584699864387653,IB24G10
201306470,The O. Henry Prize Stories 1th Anniversary Edition (219),9780525565536.0,续借,2025-01-09 08:07:12,47.0,Laura Furman,Anchor Books,2019-09-10,美国,,808.83,584699864387653,IB24G10
200882982,瓦尔登湖,9787532768011.0,续借,2025-01-09 08:07:15,45.0,(美)梭罗著;潘庆舲译,上海译文出版社,2015-01-01,上海,407,I712.64,584699864387653,IB24G10
200922369,图解行为经济学中的思维陷阱,9787504699879.0,外借,2025-01-09 10:57:15,69.0,波波工作室著,中国科学技术出版社,2023-01-01,北京,170,F069.9-64,455798095261765,IB23G11
201024630,经济学的世界 ,9787121367113.0,外借,2025-01-09 10:57:15,128.0,"(英)泰吉万·帕丁格 (Pettinger, Tejvan) 著", 电子工业出版社,2019-01-01,北京 ,320,F0-49,455798095261765,IB23G11
201033461,怪诞行为学,9787508680965.0,外借,2025-01-09 10:57:15,48.0,(美)艾瑞里著,中信出版社,2017-01-01,北京,28325,F069.9-49,455798095261765,IB23G11
200922369,图解行为经济学中的思维陷阱,9787504699879.0,归还,2025-01-09 10:58:05,69.0,波波工作室著,中国科学技术出版社,2023-01-01,北京,170,F069.9-64,455798095261765,IB23G11
200922369,图解行为经济学中的思维陷阱,9787504699879.0,外借,2025-01-09 10:58:17,69.0,波波工作室著,中国科学技术出版社,2023-01-01,北京,170,F069.9-64,455798095261765,IB23G11
200876025,"怪诞行为学. 6, 非凡的决定",9787521711981.0,外借,2025-01-09 10:58:49,49.0,"(美)丹·艾瑞里 (Ariely, Dan) 著",中信出版集团股份有限公司,2019-01-01,北京,200,F069.9,455798095261765,IB23G11
200942542,"思考,快与慢",9787508633558.0,外借,2025-01-09 10:58:55,69.0,"(美)卡尼曼著,李爱民,何梦莹译",中信出版社,2016-01-01,北京,424,F069.9-49,455798095261765,IB23G11
201323291,"A tree grows in Brooklyn, : a novel",9780060736262.0,外借,2025-01-09 11:49:21,41.0,"Smith, Betty",Harpercollins,2005-01-01,New York,493,813.52,584699866955845,IB24G10
200878639,罪与罚,9787532778188.0,归还,2025-01-09 12:42:17,41.0,(俄)陀思妥耶夫斯基著,上海译文出版社,2018-01-01,上海,532,I512.44,455798117085253,IB23G11
200896771,现代生活的画像：马奈及其追随者艺术中的巴黎,9787534459030.0,归还,2025-01-09 12:45:05,79.0,"(英)T. J. 克拉克 (Clark, T. J. 1943~) 著", 江苏美术出版社,2013-01-01,南京 ,503,J205.1,455797923815493,IB23G11
200898644,美术与世界,9787569323924.0,归还,2025-01-09 12:45:08,59.8,周利明,西安交通大学出版社,2022-01-01,西安,352,J1,455797923815493,IB23G11
200860185,在轮下,9787532780822.0,外借,2025-01-09 13:10:11,98.0,（德）黑塞著,上海译文出版社,2019-01-01,上海,202,I516.15,455798117085253,IB23G11
201018665,达·芬奇密码,9787020126132.0,外借,2025-01-09 13:10:11,75.0,(美)布朗著,人民文学出版社,2017-01-01,北京,439,I712.45,455798117085253,IB23G11
200948323,哈利·波特与历史,9787500170969.0,归还,2025-01-09 15:17:41,68.0,（法）里多诺著,中译出版社,2022-01-01,北京,229,I561.078,455797996257349,IB23G11
200983917,九三年 ,9787505729117.0,外借,2025-01-09 15:26:46,68.0,"(法)雨果 (Hugo, Victor 1802~1885) 著", 中国友谊出版公司,2012-01-01,北京 ,407,I565.44,455797996257349,IB23G11
200688951,Foundations Edge,9780553293388.0,外借,2025-01-09 15:43:48,31.0,Isaac Asimov,Ballantine Books,1991-10-01,美国,,813.08,584699861790789,IB24G10
201503104,"Do It Today: Overcome Procrastination, Improve Productivity, and Achieve More Meaningful Things",9781983184529.0,外借,2025-01-09 15:43:59,151.0,Darius Foroux,Independently published,2018-06-20,,169,658,584699861790789,IB24G10
201310401,The Gods Themselves,9780553288100.0,外借,2025-01-09 15:44:05,22.0,Isaac Asimov,Bantam Classics,1990-09-04,美国,,813.54,584699861790789,IB24G10
200889547,鸿沟,9787532159062.0,外借,2025-01-09 16:07:05,75.0,(德)萨顿多夫,上海文艺出版社,2018-01-01,上海,390,Q958.12-49,455798118166597,IB23G11
200694533,Signet Classics: Black Beauty,9780451531742.0,外借,2025-01-09 16:24:16,13.0,Anna Sewell,Signet,2011-01-04,美国,,823.8,455798118166597,IB23G11
200860238,阿莱夫,9787532773206.0,归还,2025-01-09 16:33:12,39.0,(阿根廷)博尔赫斯著;王永年等译,上海译文出版社,2017-01-01,上海,203,I783.15,455797921001541,IB23G11
200887068,小径分岔的花园,9787532762897.0,归还,2025-01-09 16:33:12,35.0,(阿根廷)博尔赫斯著;王永年译,上海译文出版社,2015-01-01,上海,99,I783.45,455797921001541,IB23G11
Z0068864,IBDP中文A文学课程试卷(1)7分范文点评,9789620437946.0,归还,2025-01-09 16:57:17,0.0,李萍,三联书店(香港)有限公司,2015-01-01,香港,246,IB-1-CH-1,455797997994053,IB23G11
200879022,纳博科夫文学讲稿三种·唐吉坷德讲稿,9787532778423.0,归还,2025-01-09 17:05:50,90.0,(美)纳博科夫著,上海译文出版社,2018-01-01,上海,287,I106,455798075973701,IB23G11
200807733,日本近代思想史,9787513938990.0,归还,2025-01-09 17:05:59,58.0,鹿野政直著,民主与建设出版社有限责任公司,2022-01-01,北京,316,B313.4,455798075973701,IB23G11
200936434,制造东京,9787521733266.0,归还,2025-01-09 17:06:32,79.0,(日)藤森照信 (1946~) 著,中信出版社,2021-01-01,北京,385,TU-093.131,455798075973701,IB23G11
201302562,Line By Line: How To Edit Your Own Writing,9780395393918.0,归还,2025-01-09 17:06:32,77.0,Claire Kehrwald Cook,Houghton Mifflin Harcourt,1986-06-30,美国,,808.04,455798075973701,IB23G11
201325422,The woman in white,9780141389431.0,归还,2025-01-09 17:06:35,35.0,"Collins, Wilkie, 1824-1889; Sutherland, John, 1938-; Sweet, Matthew; Sucksmith, Harvey Peter",Penguin UK,2012-01-01,UK,718,823.8,455798075973701,IB23G11
200877738,洛丽塔,9787532780686.0,归还,2025-01-09 17:09:51,76.0,（美）弗拉基米尔·纳博科夫(Vladimir Nabokov)著 主万译,上海译文出版社有限公司,2019-01-01,上海,502,I712.45,584699858526277,IB24G10
200987218,红与黑,9787201108186.0,归还,2025-01-09 17:09:51,42.0,(法)司汤达著;罗新璋译,天津人民出版社,2016-01-01,天津,471,I565.44,584699858526277,IB24G10
200879923,从“童怀周”到审江青,9787515304717.0,归还,2025-01-09 17:12:14,31.0,汪文风著,中国青年出版社,2012-01-01,北京,236,D652,455798092681285,IB23G11
200972126,一战史 ,9787301297995.0,归还,2025-01-09 17:12:14,98.0,"(英)基根 (Keegan, John 1934~2012) 著", 北京大学出版社,2018-01-01,北京 ,429,K143,455798092681285,IB23G11
200883758,银河系搭车客指南.1,9787532764655.0,外借,2025-01-09 17:12:22,53.6,(英)亚当斯著;姚向辉译,上海译文出版社,2014-01-01,上海,279,I561.45,455798075195461,IB23G11
200814921,日军“慰安妇”研究,9787512636217.0,归还,2025-01-09 17:12:25,68.0,苏智良著,团结出版社,2015-01-01,北京,376,K313.46,455798092681285,IB23G11
Z0068578,Revision Guide Edexcel International GCSE Chemistry Edexcel Certificate in Chemistry,9780435046729.0,归还,2025-01-09 17:12:29,71.0,Cliff Curtis,[出版者不详],2011-01-01,[出版地不,123,IB-4-CH-3,455798092681285,IB23G11
200875963,基因：不平等的遗传,9787508680743.0,归还,2025-01-09 17:12:42,58.0,"(美)道尔顿·康利 (Conley, Dalton) 著", 中信出版集团股份有限公司,2018-01-01,北京 ,360,Q343.1-49,455798092681285,IB23G11
201059166,叶卡捷琳娜大帝与波将金 ：全2册.1,9787522813684.0,归还,2025-01-09 17:12:43,99.0,（英）西蒙.赛巴格.蒙蒂菲奥里著 ,社会科学文献出版社 ,2023-01-01,北京 ,121005,K835.120.9,455798092681285,IB23G11
200801356,制造宠物,9787545219531.0,归还,2025-01-09 17:13:04,78.0,（美）段义孚著,上海光启书局有限公司,2022-01-01,上海,10300,S865.3-091,455798092681285,IB23G11
201059175,叶卡捷琳娜大帝与波将金 ：全2册.2,9787522813684.0,归还,2025-01-09 17:13:08,99.0,（英）西蒙.赛巴格.蒙蒂菲奥里著 ,社会科学文献出版社 ,2023-01-01,北京 ,121005,K835.120.9,455798092681285,IB23G11
200936434,制造东京,9787521733266.0,外借,2025-01-09 17:13:27,79.0,(日)藤森照信 (1946~) 著,中信出版社,2021-01-01,北京,385,TU-093.131,455798075973701,IB23G11
201302562,Line By Line: How To Edit Your Own Writing,9780395393918.0,外借,2025-01-09 17:13:34,77.0,Claire Kehrwald Cook,Houghton Mifflin Harcourt,1986-06-30,美国,,808.04,455798075973701,IB23G11
201325422,The woman in white,9780141389431.0,外借,2025-01-09 17:13:39,35.0,"Collins, Wilkie, 1824-1889; Sutherland, John, 1938-; Sweet, Matthew; Sucksmith, Harvey Peter",Penguin UK,2012-01-01,UK,718,823.8,455798075973701,IB23G11
201058014,纪录片也要讲故事,9787550250024.0,外借,2025-01-09 17:48:55,45.0,（美）希拉·柯伦·伯纳德著 ,北京联合出版公司 ,2015-01-01,北京 ,34381,J952,450611279773765,IB22G12
201058112,导演课,9787221172310.0,外借,2025-01-09 17:50:21,78.0,（英）亚历山大·麦肯德里克著 ,贵州人民出版社 ,2022-01-01,贵阳 ,33282,J911,450611279773765,IB22G12
200814921,日军“慰安妇”研究,9787512636217.0,外借,2025-01-09 18:11:16,68.0,苏智良著,团结出版社,2015-01-01,北京,376,K313.46,455798116372549,IB23G11
201059166,叶卡捷琳娜大帝与波将金 ：全2册.1,9787522813684.0,外借,2025-01-09 18:11:16,99.0,（英）西蒙.赛巴格.蒙蒂菲奥里著 ,社会科学文献出版社 ,2023-01-01,北京 ,121005,K835.120.9,455798116372549,IB23G11
201059175,叶卡捷琳娜大帝与波将金 ：全2册.2,9787522813684.0,外借,2025-01-09 18:11:16,99.0,（英）西蒙.赛巴格.蒙蒂菲奥里著 ,社会科学文献出版社 ,2023-01-01,北京 ,121005,K835.120.9,455798116372549,IB23G11
200664913,Economics for the IB diploma. Coursebook,9781108847063.0,续借,2025-01-09 18:30:13,353.0,"Tragakes, Ellie",Cambridge University Press,2020-01-01,USA,679,IB-3-EB-8,455798041292869,IB23G11
200973651,从零开始读懂物理学,9787301333686.0,归还,2025-01-09 18:59:21,59.0,汪振东著,北京大学出版社,2022-01-01,北京,318,O4-49,584699871535173,IB24G10
200891348,第三帝国,9787570210817.0,外借,2025-01-09 19:08:15,39.0,（英）伯利著,长江文艺出版社,2020-01-01,武汉,446,K516.44,455798116372549,IB23G11
201064668,女书规范字书法字帖,9787302467052.0,外借,2025-01-09 19:08:15,69.8,赵丽明 著,清华大学出版社 ,2017-01-01,北京 ,202,J292.1,455798116372549,IB23G11
201064702,厌女简史 ：世界上最古老的偏见,9787559676016.0,外借,2025-01-09 19:08:15,68.0,（爱尔兰）杰克.霍兰 著,北京联合出版公司 ,2024-01-01,北京 ,350,C913.68,455798116372549,IB23G11
201022213,你的夏天还好吗？,9787020171774.0,归还,2025-01-09 19:22:55,48.0,(韩)金爱烂 (女， 1980~) 著,人民文学出版社,2022-01-01,北京,239,I312.645,584699856826437,IB24G10
200941945,器官之书,9787522803012.0,外借,2025-01-09 19:44:09,69.0,英国惠康博物馆著,社会科学文献出版社,2022-01-01,北京,208,R32-49,584699859591237,IB24G10
200975141,希望之线,9787544262705.0,归还,2025-01-09 20:38:38,59.0,（日）东野圭吾著,南海出版公司,2021-01-01,海口,294,I313.45,455797989703749,IB23G11
200970841,国富论,9787519015084.0,归还,2025-01-10 07:31:09,34.0,(英)斯密著;陈虹译,中国文联出版公司,2016-01-01,北京,658,F091.33,584699866521669,IB24G10
200967481,"经济学原理, 微观经济学分册 ",9787301256909.0,归还,2025-01-10 07:47:35,72.0,"(美)曼昆 (Mankiw, N. Gregory) 著", 北京大学出版社,2015-01-01,北京 ,10543,F0,455797948674117,IB23G11
201056105,宏观经济学 ,9787300276311.0,归还,2025-01-10 07:47:35,79.0,"(美)N. 格里高利·曼昆 (Mankiw, N. Gregory) 著", 中国人民大学出版社,2020-01-01,北京 ,454,F015,455797948674117,IB23G11
200403795,Mathematics: Core Topics HL,9781925489583.0,归还,2025-01-10 07:56:35,346.0,Michael Haese,,,,,IB-5-M-1,455798100992069,IB23G11
201301420,Bantam Classics：King Lear,9780553212976.0,归还,2025-01-10 07:56:42,13.0,William Shakespeare,Bantam Classics,1988-01-01,美国,,822.33,455798100992069,IB23G11
200694515,Bantam Classics：Jane Eyre,9780553211405.0,归还,2025-01-10 07:56:50,13.0,Charlotte Bronte,Bantam Classics,1983-09-01,美国,,823.8,455798100992069,IB23G11
200696112,A Tale of Two Cities,9780785839835.0,归还,2025-01-10 07:56:54,42.0,Charles Dickens,Chartwell Books,2021-10-19,英国,,823.8,455798100992069,IB23G11
201322069,The Birth of Classical Europe: A History from Troy to Augustine,9780143120452.0,归还,2025-01-10 09:40:08,130.0,Simon Price,Penguin Books,,,0,938,584699875807301,IB24G10
200945040,古典欧洲的诞生：从特洛伊到奥古斯丁,9787508694375.0,归还,2025-01-10 09:40:13,68.0,"(英)普莱斯 (Price, Simon) 著", 中信出版集团股份有限公司,2019-01-01,北京 ,23418,K502,584699875807301,IB24G10
200967613,力学,9787301094013.0,归还,2025-01-10 09:50:36,50.0,舒幼生著,北京大学出版社,2005-01-01,北京,397,O3,584699877527621,IB24G10
201323629,The fellowship of the ring : being the first part of The lord of the rings,9780261103573.0,归还,2025-01-10 09:50:46,26.0,"Tolkien, J. R. R.",,,,407,823.912,584699877527621,IB24G10
200686622,The Highly Sensitive Person,9780553062182.0,归还,2025-01-10 09:53:40,70.0,Elaine N. Aron,Harmony Books,1997-06-02,美国,,155.23,584699869802565,IB24G10
200900971,特朗普自传:从商人到参选总统,9787515342634.0,归还,2025-01-10 09:53:50,59.9,"(美)唐纳德·特朗普,(美)托尼·施瓦茨著;尹",中国青年出版社,2016-01-01,北京,245,K837.12,584699870675013,IB24G10
201308012,The School of Life: How to Spend Time Alone,9780230768086.0,归还,2025-01-10 09:53:51,29.0,"Maitland, Sara",Macmillan UK,2014-01-02,英国,,155.92,584699869802565,IB24G10
200990400,牛奶可乐经济学3,9787550297715.0,归还,2025-01-10 09:54:01,49.9,(美)罗伯特·弗兰克 著,北京联合出版公司,2017-01-01,北京,226,F0-49,584699870675013,IB24G10
200967613,力学,9787301094013.0,外借,2025-01-10 09:54:17,50.0,舒幼生著,北京大学出版社,2005-01-01,北京,397,O3,584699877527621,IB24G10
201323629,The fellowship of the ring : being the first part of The lord of the rings,9780261103573.0,外借,2025-01-10 09:54:24,26.0,"Tolkien, J. R. R.",,,,407,823.912,584699877527621,IB24G10
200890946,索拉里斯星 ,9787544782173.0,归还,2025-01-10 09:56:52,49.0,"(波)斯坦尼斯瓦夫·莱姆(Lem, Stanislaw) 著", 译林出版社,2021-01-01,南京 ,254,I513.45,455798036811845,IB23G11
200659135,Siddhartha,9780553208849.0,归还,2025-01-10 09:56:58,25.0,"Hesse, Hermann",Bantam,,Toronto ; New York :,152,833.912,455798034522181,IB23G11
200826106,西南联大诗词课,9787545565836.0,归还,2025-01-10 09:56:58,58.0,闻一多 (1899~1946) 著,天地出版社,2021-01-01,成都,378,I207.2,455798034522181,IB23G11
201058611,长夜难明,9787572611971.0,归还,2025-01-10 09:56:58,52.0,紫金陈 著,湖南文艺出版社 ,2023-01-01,长沙 ,299,I247.5,455798034522181,IB23G11
200659135,Siddhartha,9780553208849.0,外借,2025-01-10 09:57:25,25.0,"Hesse, Hermann",Bantam,,Toronto ; New York :,152,833.912,455798034522181,IB23G11
200826106,西南联大诗词课,9787545565836.0,外借,2025-01-10 09:57:25,58.0,闻一多 (1899~1946) 著,天地出版社,2021-01-01,成都,378,I207.2,455798034522181,IB23G11
201058611,长夜难明,9787572611971.0,外借,2025-01-10 09:57:25,52.0,紫金陈 著,湖南文艺出版社 ,2023-01-01,长沙 ,299,I247.5,455798034522181,IB23G11
201325672,The Call of the Wild,9780141321059.0,归还,2025-01-10 09:59:53,55.0,Jack London,Penguin Group,1903-01-01,England,133,813.52,584699857035333,IB24G10
200922163,语法修辞讲话,9787100092388.0,归还,2025-01-10 10:25:30,58.0,吕叔湘著,商务印书馆,2013-01-01,北京,416,H14,455798092681285,IB23G11
201064702,厌女简史 ：世界上最古老的偏见,9787559676016.0,归还,2025-01-10 10:25:30,68.0,（爱尔兰）杰克.霍兰 著,北京联合出版公司 ,2024-01-01,北京 ,350,C913.68,455798116372549,IB23G11
200814921,日军“慰安妇”研究,9787512636217.0,归还,2025-01-10 10:25:37,68.0,苏智良著,团结出版社,2015-01-01,北京,376,K313.46,455798116372549,IB23G11
200891348,第三帝国,9787570210817.0,归还,2025-01-10 10:25:42,39.0,（英）伯利著,长江文艺出版社,2020-01-01,武汉,446,K516.44,455798116372549,IB23G11
201059175,叶卡捷琳娜大帝与波将金 ：全2册.2,9787522813684.0,归还,2025-01-10 10:25:47,99.0,（英）西蒙.赛巴格.蒙蒂菲奥里著 ,社会科学文献出版社 ,2023-01-01,北京 ,121005,K835.120.9,455798116372549,IB23G11
201059166,叶卡捷琳娜大帝与波将金 ：全2册.1,9787522813684.0,归还,2025-01-10 10:25:51,99.0,（英）西蒙.赛巴格.蒙蒂菲奥里著 ,社会科学文献出版社 ,2023-01-01,北京 ,121005,K835.120.9,455798116372549,IB23G11
201064668,女书规范字书法字帖,9787302467052.0,归还,2025-01-10 10:25:56,69.8,赵丽明 著,清华大学出版社 ,2017-01-01,北京 ,202,J292.1,455798116372549,IB23G11
201064668,女书规范字书法字帖,9787302467052.0,外借,2025-01-10 10:26:44,69.8,赵丽明 著,清华大学出版社 ,2017-01-01,北京 ,202,J292.1,455798092681285,IB23G11
201059166,叶卡捷琳娜大帝与波将金 ：全2册.1,9787522813684.0,外借,2025-01-10 10:26:55,99.0,（英）西蒙.赛巴格.蒙蒂菲奥里著 ,社会科学文献出版社 ,2023-01-01,北京 ,121005,K835.120.9,455798092681285,IB23G11
201059175,叶卡捷琳娜大帝与波将金 ：全2册.2,9787522813684.0,外借,2025-01-10 10:27:04,99.0,（英）西蒙.赛巴格.蒙蒂菲奥里著 ,社会科学文献出版社 ,2023-01-01,北京 ,121005,K835.120.9,455798092681285,IB23G11
201064702,厌女简史 ：世界上最古老的偏见,9787559676016.0,外借,2025-01-10 10:27:17,68.0,（爱尔兰）杰克.霍兰 著,北京联合出版公司 ,2024-01-01,北京 ,350,C913.68,455798092681285,IB23G11
200891348,第三帝国,9787570210817.0,外借,2025-01-10 10:27:40,39.0,（英）伯利著,长江文艺出版社,2020-01-01,武汉,446,K516.44,455798092681285,IB23G11
201064668,女书规范字书法字帖,9787302467052.0,续借,2025-01-10 10:27:54,69.8,赵丽明 著,清华大学出版社 ,2017-01-01,北京 ,202,J292.1,455798092681285,IB23G11
201059166,叶卡捷琳娜大帝与波将金 ：全2册.1,9787522813684.0,续借,2025-01-10 10:28:01,99.0,（英）西蒙.赛巴格.蒙蒂菲奥里著 ,社会科学文献出版社 ,2023-01-01,北京 ,121005,K835.120.9,455798092681285,IB23G11
201059175,叶卡捷琳娜大帝与波将金 ：全2册.2,9787522813684.0,续借,2025-01-10 10:28:04,99.0,（英）西蒙.赛巴格.蒙蒂菲奥里著 ,社会科学文献出版社 ,2023-01-01,北京 ,121005,K835.120.9,455798092681285,IB23G11
201064702,厌女简史 ：世界上最古老的偏见,9787559676016.0,续借,2025-01-10 10:28:07,68.0,（爱尔兰）杰克.霍兰 著,北京联合出版公司 ,2024-01-01,北京 ,350,C913.68,455798092681285,IB23G11
200891348,第三帝国,9787570210817.0,续借,2025-01-10 10:28:12,39.0,（英）伯利著,长江文艺出版社,2020-01-01,武汉,446,K516.44,455798092681285,IB23G11
200874535,"怪诞行为学. 4, 诚实的真相",9787508681481.0,归还,2025-01-10 10:29:26,45.0,"(美)丹·艾瑞里 (Ariely, Dan) 著",中信出版集团股份有限公司,2017-01-01,北京,28222,F069.9,455798095261765,IB23G11
200990400,牛奶可乐经济学3,9787550297715.0,外借,2025-01-10 10:29:45,49.9,(美)罗伯特·弗兰克 著,北京联合出版公司,2017-01-01,北京,226,F0-49,455798095261765,IB23G11
201605030,大学之路 : 陪女儿在美国选大学. 上册,9787115470294.0,外借,2025-01-10 10:35:05,49.5,吴军 ,人民邮电出版社 ,2018-01-01,北京 ,326,G649.712.8,584699877527621,IB24G10
200035675,physics for the IB diploma exam preparation guide,9781107495753.0,归还,2025-01-10 10:37:10,260.0,K.Asokos,Cambridge University Pre,2016-01-01,New York,271,IB-4-PH-5,455797937246277,IB23G11
200936906,颠覆人心的设计 ,9787515367323.0,归还,2025-01-10 10:37:13,98.0,(日) 尾泽早飞编著,中国青年出版社 ,2022-01-01,北京,265,J511,455798099406917,IB23G11
200699155,The Brass Verdict,9781409155768.0,归还,2025-01-10 10:41:22,47.0,Michael Connelly,Orion Publishing Group,2014-11-06,英国,,813.54,455797972914245,IB23G11
201303357,"Surely You’re Joking,Mr. Feynman!",9780393355628.0,归还,2025-01-10 10:41:22,84.0,Richard P. Feynman,W. W. Norton & Company,2018-02-06,美国,,530.092,455797972914245,IB23G11
201319894,The laws of thermodynamics : a very short introduction,9780199572199.0,归还,2025-01-10 10:41:22,66.0,"Atkins, P. W. (Peter William), 1940-",Oxford University Press,,New York,103,536.7,455797972914245,IB23G11
Z0063174,Numerical Methods for Scientists and Engineers,9780486652412.0,归还,2025-01-10 10:41:32,126.0,,DOVER,,USA,721,IB-5-M-4,455797972914245,IB23G11
200933516,数学哲学 ,9787535295330.0,归还,2025-01-10 10:49:06,58.0,张景中 (1936~) 著, 湖北科学技术出版社,2017-01-01,武汉 ,229,O1-0,450611310669893,IB22G12
200904263,艺术哲学,9787511743046.0,归还,2025-01-10 10:49:10,58.0,（美）奥尔德里奇著,中央编译出版社,2023-01-01,北京,229,J0-02,450611310669893,IB22G12
200904619,数理化通俗演义 下,9787559610942.0,归还,2025-01-10 10:49:19,34.0,梁衡 (1946~) 著, 北京联合出版公司,2018-01-01,北京 ,10228,I247.4,450611310669893,IB22G12
200904593,数理化通俗演义 上,9787559610942.0,归还,2025-01-10 10:49:23,34.0,梁衡 (1946~) 著, 北京联合出版公司,2018-01-01,北京 ,10228,I247.4,450611310669893,IB22G12
200904628,数理化通俗演义 下,9787559610942.0,归还,2025-01-10 10:49:28,34.0,梁衡 (1946~) 著, 北京联合出版公司,2018-01-01,北京 ,10228,I247.4,450611310669893,IB22G12
200904600,数理化通俗演义 上,9787559610942.0,归还,2025-01-10 10:49:30,34.0,梁衡 (1946~) 著, 北京联合出版公司,2018-01-01,北京 ,10228,I247.4,450611310669893,IB22G12
200920290,历史哲学,9787545821826.0,归还,2025-01-10 10:49:33,128.0,(德)黑格尔著,上海书店出版社,2022-01-01,上海,17514,K01,450611310669893,IB22G12
200697460,Signet Classics: Tales From Shakespeare,9780451530646.0,归还,2025-01-10 11:05:33,9.0,Charles Lamb,Signet,2007-06-05,美国,,822.33,584699868303429,IB24G10
200933589,拒绝平庸：25个引领市场的营销法则,9787505755987.0,归还,2025-01-10 11:05:43,128.0,（德）谢勒著,中国友谊出版公司 ,2023-01-01,北京,372,F713.50,584699872460869,IB24G10
200847744,战争中没有女性,9787521717808.0,外借,2025-01-10 11:16:07,69.0,"(白俄)S. A. 阿列克谢耶维奇 (Алекс?ев?ч, СвятланаАляксандра?на 1948~) 著",中信出版社,2021-01-01,北京,421,I511.45,455798092681285,IB23G11
200847744,战争中没有女性,9787521717808.0,续借,2025-01-10 11:16:15,69.0,"(白俄)S. A. 阿列克谢耶维奇 (Алекс?ев?ч, СвятланаАляксандра?на 1948~) 著",中信出版社,2021-01-01,北京,421,I511.45,455798092681285,IB23G11
200978308,王氏之死 : 大历史背后的小人物命运,9787549506897.0,外借,2025-01-10 11:16:38,56.0,"(美)史景迁 (Spence, Jonathan D. 1936~2021) 著",广西师范大学出版社,2011-01-01,桂林,17189,D691.9,455798092681285,IB23G11
200978308,王氏之死 : 大历史背后的小人物命运,9787549506897.0,续借,2025-01-10 11:16:44,56.0,"(美)史景迁 (Spence, Jonathan D. 1936~2021) 著",广西师范大学出版社,2011-01-01,桂林,17189,D691.9,455798092681285,IB23G11
200814921,日军“慰安妇”研究,9787512636217.0,外借,2025-01-10 11:19:41,68.0,苏智良著,团结出版社,2015-01-01,北京,376,K313.46,455798092681285,IB23G11
200814921,日军“慰安妇”研究,9787512636217.0,续借,2025-01-10 11:19:48,68.0,苏智良著,团结出版社,2015-01-01,北京,376,K313.46,455798092681285,IB23G11
200699770,Signet Classics: The Age of Innocence,9780451530882.0,归还,2025-01-10 11:20:37,13.0,Edith Wharton,Signet,2008-03-04,美国,,813.52,450611283214405,IB22G12
200917552,"大秦帝国·第五部, 铁血文明. 上卷",9787208152472.0,归还,2025-01-10 11:26:02,58.0,孙皓晖著,上海人民出版社,2019-01-01,上海,495,I247.53,584699884843077,IB24G10
201027904,三国演义.下,9787020008728.0,归还,2025-01-10 11:29:20,19.5,(明)罗贯中著,人民文学出版社,2017-01-01,北京,990,I242.4,584699836194885,IB24G10
200927177,精准表达,9787210104339.0,外借,2025-01-10 11:30:07,38.0,（日）高田贵久著,江西人民出版社,2018-01-01,南昌,18271,H019-49,584699865239621,IB24G10
201053340,云边有个小卖部,9787540487645.0,外借,2025-01-10 11:30:12,42.0,张嘉佳著,湖南文艺出版社,2018-01-01,长沙,306,I247.5,584699865239621,IB24G10
201029779,当下的力量:白金版,9787508661766.0,外借,2025-01-10 11:30:18,59.0,(德)托利著;曹植译,中信出版社,2016-01-01,北京,260,B821-49,584699865239621,IB24G10
201029779,当下的力量:白金版,9787508661766.0,续借,2025-01-10 11:30:35,59.0,(德)托利著;曹植译,中信出版社,2016-01-01,北京,260,B821-49,584699865239621,IB24G10
201053340,云边有个小卖部,9787540487645.0,续借,2025-01-10 11:30:36,42.0,张嘉佳著,湖南文艺出版社,2018-01-01,长沙,306,I247.5,584699865239621,IB24G10
200927177,精准表达,9787210104339.0,续借,2025-01-10 11:30:37,38.0,（日）高田贵久著,江西人民出版社,2018-01-01,南昌,18271,H019-49,584699865239621,IB24G10
200847450,倾城之恋,9787530218624.0,归还,2025-01-10 11:32:00,49.5,张爱玲著,北京十月文艺出版社,2019-01-01,北京,328,I246.7,455797990740037,IB23G11
200862539,古都,9787573502353.0,归还,2025-01-10 11:32:07,49.0,(日)川端康成著,南海出版公司,2022-01-01,海口,330,I313.45,455797990740037,IB23G11
200976881,血与火 : 坦格利安王朝史. 第一卷 ,9787229145781.0,外借,2025-01-10 11:49:41,180.0,"(美)乔治·R.R.马丁 (Martin, George Raymond Richard 1948~) 著", 重庆出版社,2020-01-01,重庆 ,567,I712.45,584699860484165,IB24G10
201011868,科学哲学,9787544732765.0,归还,2025-01-10 11:56:28,39.0,"(英)奥卡沙著,韩广忠译",译林出版社,2015-01-01,南京,139,N02,450611298566213,IB22G12
200959427,改变心理学的4项研究:第7版,9787115472342.0,归还,2025-01-10 11:56:31,48.0,(美)霍克著　白学军译,人民邮电出版社,2018-01-01,北京,424,B84,450611298566213,IB22G12
200881108,历史的意外,9787569932478.0,归还,2025-01-10 11:56:32,59.8,(法)让-克里斯托弗·布松著,北京时代华文书局,2020-01-01,北京,262,K105,450611298566213,IB22G12
200940820,惊艳一击：数理史上的绝妙证明,9787521311532.0,归还,2025-01-10 11:56:32,69.0,曹则贤 (1966~) 著, 外语教学与研究出版社,2019-01-01,北京 ,277,O-091,450611298566213,IB22G12
201303357,"Surely You’re Joking,Mr. Feynman!",9780393355628.0,外借,2025-01-10 11:57:47,84.0,Richard P. Feynman,W. W. Norton & Company,2018-02-06,美国,,530.092,450611298566213,IB22G12
200807877,浮士德,9787100203715.0,归还,2025-01-10 12:00:42,120.0,歌德著,商务印书馆,2022-01-01,北京,750,I516.34,455798068555845,IB23G11
200807886,浮士德,9787100203715.0,归还,2025-01-10 12:00:42,120.0,歌德著,商务印书馆,2022-01-01,北京,750,I516.34,455798068555845,IB23G11
200858571,浮士德,9787532752607.0,归还,2025-01-10 12:00:42,78.0,歌德,上海译文出版社,2011-01-01,上海,1810562,I516.34,455798068555845,IB23G11
200872797,伊斯坦布尔三城记 ,9787542667076.0,归还,2025-01-10 12:13:18,138.0,"(英)贝塔妮·休斯 (Hughes, Bettany) 著", 上海三联书店,2019-01-01,上海 ,650,K937.4,450611289841733,IB22G12
201314185,DK-Big Ideas：The Crime Book,9780241298961.0,外借,2025-01-10 12:34:09,73.0,Peter James,DK Publishing,2017-04-03,英国,,364.1,584699864387653,IB24G10
201326154,Lost in translation : an illustrated compendium of untranslatable words from around the world,9781607747109.0,外借,2025-01-10 12:34:25,63.0,"Sanders, Ella Frances",Ten Speed Press,2014-01-01,New York,,410,584699864387653,IB24G10
201322336,Grammar 101,9781507203590.0,外借,2025-01-10 12:34:32,57.0,Kathleen Sears,Adams Media,2005-09-17,美国,,428.2,584699864387653,IB24G10
201059148,白夜行,9787544291163.0,外借,2025-01-10 12:45:19,59.6,(日)东野圭吾著,南海出版公司,2017-01-01,海口,598,I313.45,455798037352517,IB23G11
200687792,Dreams of a Final Theory: The Scientists Search for the Ultimate Laws of Nature,9780679744085.0,外借,2025-01-10 12:46:24,79.0,Steven Weinberg,Vintage USA,1994-02-01,美国,,530,455797972914245,IB23G11
200695612,Just Six Numbers: The Deep Forces That Shape the Universe,9780465036738.0,外借,2025-01-10 12:46:24,65.0,Martin Rees,Basic Books,2001-05-03,美国,,523.18,455797972914245,IB23G11
201306826,Knowledge: A Very Short Introduction,9780199661268.0,外借,2025-01-10 12:46:24,38.0,"Nagel, Jennifer",Oxford University Press UK,2014-09-25,英国,,121,455797972914245,IB23G11
201307674,Advice for a Young Investigator,9780262681506.0,外借,2025-01-10 12:46:24,87.0,Ramon y Cajal,MIT Press,1999-01-01,美国,,507.2,455797972914245,IB23G11
201312187,Languages: A Very Short Introduction,9780199590599.0,外借,2025-01-10 12:46:24,48.0,"Anderson, Stephen",Oxford University Press,2012-06-28,英国,,410,455797972914245,IB23G11
201315111,The Great Gatsby,9780743273565.0,归还,2025-01-10 12:52:03,68.0,F. Scott Fitzgerald,SIMON & SCHUSTER,2004-10-01,New York,180,813.52,455798086996037,IB23G11
201324156,The hobbit,9780261102217.0,归还,2025-01-10 12:52:21,55.0,"Tolkien, J. R. R.,","HarperCollinsPunlishers,",2006-01-01,London,389,823.912,584699877314629,IB24G10
200824545,"我是谁?如果有我,有几个我?",9787509775899.0,外借,2025-01-10 12:53:14,62.0,(德)理查德·大卫·普列斯特,社会科学文献出版社,2016-01-01,北京,400,B,584699866955845,IB24G10
200712602,"游艺黑白 : 世界钢琴家访谈录. 4, 1968-199",9787559821034.0,归还,2025-01-10 13:40:24,74.5,焦元溥 (1978~) 著, 广西师范大学出版社,2019-01-01,桂林 ,479,J624.19,450611320303685,IB22G12
200712577,"游艺黑白 : 世界钢琴家访谈录. 3, 1954-1965",9787559821034.0,归还,2025-01-10 13:40:25,74.5,焦元溥 (1978~) 著, 广西师范大学出版社,2019-01-01,桂林 ,479,J624.19,450611320303685,IB22G12
201059148,白夜行,9787544291163.0,归还,2025-01-10 13:50:50,59.6,(日)东野圭吾著,南海出版公司,2017-01-01,海口,598,I313.45,455798037352517,IB23G11
200936434,制造东京,9787521733266.0,归还,2025-01-10 13:52:46,79.0,(日)藤森照信 (1946~) 著,中信出版社,2021-01-01,北京,385,TU-093.131,455798075973701,IB23G11
201322372,Philosophy 101,9781440567674.0,外借,2025-01-10 13:54:00,61.0,Paul Kleinman,Adams Media,2013-10-18,美国,,100,584699861790789,IB24G10
201022865,浮士德,9787020104543.0,归还,2025-01-10 13:54:26,36.0,"(德)歌德 (Goethe, Johann Wolfgang von 1749~1832) 著",人民文学出版社,1994-01-01,北京,466,I516.34,455798068555845,IB23G11
200895905,这就是社会学,9787545477283.0,归还,2025-01-10 13:56:22,52.0,(日)堀内进之介,广东经济出版社,2021-01-01,广州,269,C91,455798063370309,IB23G11
201502917,Dune,9780441172719.0,归还,2025-01-10 14:09:06,50.0,Frank Herbert,Ace Books,2019-01-01,USA,884,813.54,584699861119045,IB24G10
200854511,呼啸山庄,9787532751198.0,续借,2025-01-10 14:12:12,38.0,(英)勃朗特著,上海译文出版社,2010-01-01,上海,406,I561.44,584699858526277,IB24G10
200690350,"The hobbit, or, There and back again",9780345339683.0,外借,2025-01-10 14:14:32,0.0,"Tolkien, J. R. R. (John Ronald Reuel), 1892-1973; Anderson, Douglas A. 1959-",Del Rey Books,,,,823.912,584699861119045,IB24G10
200942533,"思考,快与慢",9787508633558.0,外借,2025-01-10 14:30:01,69.0,"(美)卡尼曼著,李爱民,何梦莹译",中信出版社,2016-01-01,北京,424,F069.9-49,455798086996037,IB23G11
200694329,Lord of the Flies,9780399533372.0,归还,2025-01-10 14:40:59,90.0,William Golding,PENGUIN Group (USA) Inc.,2006-10-01,,225,823.914,584699873386565,IB24G10
201325583,Never let me go,9780571258093.0,归还,2025-01-10 14:40:59,72.0,"Ishiguro, Kazuo",Faber and Faber,,London,282,823.914,584699873386565,IB24G10
201325583,Never let me go,9780571258093.0,外借,2025-01-10 14:43:43,72.0,"Ishiguro, Kazuo",Faber and Faber,,London,282,823.914,584699873386565,IB24G10
200694329,Lord of the Flies,9780399533372.0,外借,2025-01-10 14:43:51,90.0,William Golding,PENGUIN Group (USA) Inc.,2006-10-01,,225,823.914,584699873386565,IB24G10
200876436,谁动了我的奶酪?,9787521714586.0,外借,2025-01-10 14:44:19,45.0,（美）约翰逊著,中信出版集团股份有限公司,2020-01-01,北京,106,B825-49,584699844268101,IB24G10
200876800,谁动了我的奶酪．2，走出迷宫,9787521711400.0,外借,2025-01-10 14:44:19,45.0,(美)斯宾塞·约翰逊(Spencer Johnson)著；殷蕾译,中信出版集团股份有限公司,2020-01-01,北京,,B825-49,584699844268101,IB24G10
200954191,孤独力 ,9787201140070.0,外借,2025-01-10 14:44:19,42.8,(日)午堂登纪雄 (1971~) 著, 天津人民出版社,2018-01-01,天津 ,251,B821,584699844268101,IB24G10
201051681,悲伤即成长,9787115598561.0,外借,2025-01-10 14:44:19,59.8,(美)芬奇著,人民邮电出版社,2022-01-01,北京,278,B821-49,584699844268101,IB24G10
200694329,Lord of the Flies,9780399533372.0,续借,2025-01-10 14:44:49,90.0,William Golding,PENGUIN Group (USA) Inc.,2006-10-01,,225,823.914,584699873386565,IB24G10
201325583,Never let me go,9780571258093.0,续借,2025-01-10 14:44:51,72.0,"Ishiguro, Kazuo",Faber and Faber,,London,282,823.914,584699873386565,IB24G10
200816242,IBM和纳粹,9787218131559.0,归还,2025-01-10 15:02:56,68.0,"（美） 布莱克 Black, Edwin((美)埃德温·布莱克(Edwin Black)著)",广州 广东人民出版社 2018,2018-01-01,广州,456,K152,584699890499653,IB24G10
200915340,数学建模实用教程,9787302587590.0,归还,2025-01-10 15:02:56,56.0,付丽华著,清华大学出版社,2022-01-01,北京,254,O141.4,584699890499653,IB24G10
200514336,"宗教改革史. 上卷, 德国的宗教改革，从开始到奥格斯堡宗教和约 ",9787100133753.0,归还,2025-01-10 15:04:44,77.0,"(英)林赛 (Lindsay/Lyndsay,Sir David 1490~1555) 著", 商务印书馆,2017-01-01,北京 ,12564,B979.5,450880100499525,IB22G12
200514327,"宗教改革史. 下卷, 瑞士、法国、尼德兰、苏格兰及英格兰的宗教改革，再洗礼派及索齐尼派运动，反宗教改革 ",9787100133777.0,归还,2025-01-10 15:04:48,89.0,(英)林赛 著, 商务印书馆,2017-01-01,北京 ,681,B979.5,450880100499525,IB22G12
200515282,神圣罗马帝国 ,9787100132749.0,归还,2025-01-10 15:04:51,82.0,"(英)布赖斯 (Bryce,James 1838~1922) 著", 商务印书馆,2017-01-01,北京 ,12606,K516.3,450880100499525,IB22G12
200514158,路易十四时代 ,9787100133142.0,归还,2025-01-10 15:04:54,86.0,(法)伏尔泰 著, 商务印书馆,2017-01-01,北京 ,634,K565.3,450880100499525,IB22G12
200688096,Before I Fall,9780340980903.0,归还,2025-01-10 15:17:52,45.0,Lauren Oliver,Hodder,2010-07-22,英国,,813.6,584699856592965,IB24G10
201320908,Duchamp,9783836534321.0,归还,2025-01-10 15:43:38,110.0,"Mink, Janis",Taschen,2017-01-11,,96,700,455798073110597,IB23G11
201321532,Dadaism,9783836505628.0,归还,2025-01-10 15:44:09,87.0,"Elger, Dietmar",TASCHEN,2016-01-15,德国,,709.04,455798073110597,IB23G11
201320846,Lichtenstein,9783836532075.0,归还,2025-01-10 15:44:21,110.0,"Hendrickson, Janis",Taschen,2019-05-07,,96,700,455798073110597,IB23G11
201322336,Grammar 101,9781507203590.0,续借,2025-01-10 15:53:35,57.0,Kathleen Sears,Adams Media,2005-09-17,美国,,428.2,584699864387653,IB24G10
201326154,Lost in translation : an illustrated compendium of untranslatable words from around the world,9781607747109.0,续借,2025-01-10 15:53:37,63.0,"Sanders, Ella Frances",Ten Speed Press,2014-01-01,New York,,410,584699864387653,IB24G10
201314185,DK-Big Ideas：The Crime Book,9780241298961.0,续借,2025-01-10 15:53:41,73.0,Peter James,DK Publishing,2017-04-03,英国,,364.1,584699864387653,IB24G10
200996217,神经科学原理. 第5版. 下册,9787111430810.0,续借,2025-01-25 19:06:24,149.5,(美)坎德尔著,机械工业出版社,2016-01-01,北京,1709,R338,584699859591237,IB24G10
200941945,器官之书,9787522803012.0,续借,2025-01-25 19:06:26,69.0,英国惠康博物馆著,社会科学文献出版社,2022-01-01,北京,208,R32-49,584699859591237,IB24G10
201307040,Normal people : a novel,9781984822185.0,续借,2025-02-01 14:44:03,26.0,"Rooney, Sally; Baardman, Gerda",Hogarth,2020-01-01,USA,287,823.92,455798058967109,IB23G11
200969746,梦的解析,9787554617069.0,续借,2025-02-06 22:01:16,59.8,(奥)弗洛伊德著,古吴轩出版社,2023-01-01,苏州,364,B845.1,584699858100293,IB24G10
200207739,悉达多,9787201112695.0,归还,2025-02-17 06:57:57,32.0,(德)黑塞著 姜乙译,天津人民出版社,2017-01-01,天津,137,I516.45,450611276992581,IB22G12
200940474,重塑大脑回路 ,9787111596813.0,归还,2025-02-17 06:58:16,59.0,"(美)科布 (Korb, Alex) 著", 机械工业出版社,2018-01-01,北京 ,16193,R749.405,450611275976773,IB22G12
200942560,长安十二时辰 上,9787540478315.0,外借,2025-02-17 07:17:36,49.8,马伯庸著,湖南文艺出版社,2017-01-01,长沙,328,I247.5,584699884843077,IB24G10
201325949,The Tree Book: The Inside Story of Our Greatest Species,9780241487556.0,归还,2025-02-17 07:31:48,136.0,DK,DK Publishing,2022-03-31,英国,,582.16,584699853369413,IB24G10
200871208,北方以北 ,9787559633118.0,归还,2025-02-17 07:32:19,108.0,"(英)巴勒克拉夫 (Barraclough, Eleanor Rosamund) 著", 北京联合出版公司,2019-01-01,北京 ,20376,K530.9,584699853369413,IB24G10
201006990,博弈与社会,9787301218211.0,归还,2025-02-17 07:32:43,68.0,张维迎著,北京大学出版社,2013-01-01,北京,,F224.32,455798095261765,IB23G11
201024630,经济学的世界 ,9787121367113.0,归还,2025-02-17 07:32:43,128.0,"(英)泰吉万·帕丁格 (Pettinger, Tejvan) 著", 电子工业出版社,2019-01-01,北京 ,320,F0-49,455798095261765,IB23G11
200942542,"思考,快与慢",9787508633558.0,归还,2025-02-17 07:32:47,69.0,"(美)卡尼曼著,李爱民,何梦莹译",中信出版社,2016-01-01,北京,424,F069.9-49,455798095261765,IB23G11
200922369,图解行为经济学中的思维陷阱,9787504699879.0,归还,2025-02-17 07:32:54,69.0,波波工作室著,中国科学技术出版社,2023-01-01,北京,170,F069.9-64,455798095261765,IB23G11
200876016,"怪诞行为学. 2, 非理性的积极力量",9787508681436.0,归还,2025-02-17 07:33:26,45.0,"(美)丹·艾瑞里 (Ariely, Dan) 著",中信出版集团股份有限公司,2017-01-01,北京,18250,F069.9,455798095261765,IB23G11
201033461,怪诞行为学,9787508680965.0,归还,2025-02-17 07:33:26,48.0,(美)艾瑞里著,中信出版社,2017-01-01,北京,28325,F069.9-49,455798095261765,IB23G11
200875687,小岛经济学,9787508672960.0,归还,2025-02-17 07:33:29,48.0,(美)彼得著;胡晓姣译,中信出版社,2017-01-01,北京,298,F0-49,455798095261765,IB23G11
200876025,"怪诞行为学. 6, 非凡的决定",9787521711981.0,归还,2025-02-17 07:33:29,49.0,"(美)丹·艾瑞里 (Ariely, Dan) 著",中信出版集团股份有限公司,2019-01-01,北京,200,F069.9,455798095261765,IB23G11
200856369,罗素 ,9787108067081.0,归还,2025-02-17 07:34:01,32.0,"(英)罗宾逊 (Robinson, David) 文", 生活·读书·新知三联书店,2020-01-01,北京 ,177,B561.54,455797957926981,IB23G11
200890321,维特根斯坦与《逻辑哲学论》,9787559851833.0,归还,2025-02-17 07:34:03,108.0,（英）莫里斯著,广西师范大学出版社,2022-01-01,桂林,520,B561.59,455797957926981,IB23G11
200895120,科学发现的逻辑 ,9787810836074.0,外借,2025-02-17 07:34:55,60.0,"(英)波普尔 (Popper, Karl Raimund 1902~1994) 著", 中国美术学院出版社,2008-01-01,杭州 ,18483,N02,455797957926981,IB23G11
200943541,解忧杂货店,9787544298995.0,归还,2025-02-17 07:35:36,59.0,(日)东野圭吾著,南海出版公司,2020-01-01,海口,309,I313.45,450611287269445,IB22G12
201321872,The Herb Book,9780241569504.0,外借,2025-02-17 07:35:36,136.0,DK,DK Publishing,2023-04-06,英国,,	635.7,584699853369413,IB24G10
200875730,叙事经济学 ,9787521715101.0,归还,2025-02-17 07:37:18,88.0,"(美)罗伯特·希勒 (Shiller, Robert J.) 著", 中信出版集团股份有限公司,2020-01-01,北京 ,19355,F0,584699862003781,IB24G10
200954798,宏观经济数据分析手册,9787564237820.0,归还,2025-02-17 07:37:18,128.0,李奇霖 著,上海财经大学出版社,2021-01-01,上海,564,F015-62,584699861340229,IB24G10
200687122,Breaking dawn,9781907410512.0,归还,2025-02-17 09:15:14,75.0,"Meyer, Stephenie,","Atom,",2010-01-01,London,702,813.6,584699842498629,IB24G10
201013214,帝国的铸就：1861-1871,9787544790208.0,归还,2025-02-17 09:15:17,88.0,(美)贝兰著,译林出版社,2022-01-01,南京,465,K14,584699837288517,IB24G10
201325422,The woman in white,9780141389431.0,归还,2025-02-17 09:46:13,35.0,"Collins, Wilkie, 1824-1889; Sutherland, John, 1938-; Sweet, Matthew; Sucksmith, Harvey Peter",Penguin UK,2012-01-01,UK,718,823.8,455798075973701,IB23G11
201302562,Line By Line: How To Edit Your Own Writing,9780395393918.0,归还,2025-02-17 09:46:16,77.0,Claire Kehrwald Cook,Houghton Mifflin Harcourt,1986-06-30,美国,,808.04,455798075973701,IB23G11
201325422,The woman in white,9780141389431.0,外借,2025-02-17 09:48:05,35.0,"Collins, Wilkie, 1824-1889; Sutherland, John, 1938-; Sweet, Matthew; Sucksmith, Harvey Peter",Penguin UK,2012-01-01,UK,718,823.8,455798075973701,IB23G11
201302562,Line By Line: How To Edit Your Own Writing,9780395393918.0,外借,2025-02-17 09:48:12,77.0,Claire Kehrwald Cook,Houghton Mifflin Harcourt,1986-06-30,美国,,808.04,455798075973701,IB23G11
200941945,器官之书,9787522803012.0,归还,2025-02-17 11:13:46,69.0,英国惠康博物馆著,社会科学文献出版社,2022-01-01,北京,208,R32-49,584699859591237,IB24G10
200942551,长安十二时辰 上,9787540478315.0,外借,2025-02-17 11:17:31,49.8,马伯庸著,湖南文艺出版社,2017-01-01,长沙,328,I247.5,584699859161157,IB24G10
201059237,围城,9787020127894.0,归还,2025-02-17 11:35:53,36.0,钱钟书著,人民文学出版社 ,2017-01-01,北京 ,377,I247.57,584699857674309,IB24G10
201014339,堕落 流放与王国,9787544784405.0,外借,2025-02-17 11:46:49,55.0,（法）加缪著,译林出版社,2021-01-01,南京,239,I565.45,584699887661125,IB24G10
200689433,Never Let Me Go,9780307276476.0,归还,2025-02-17 12:21:54,31.0,Kazuo Ishiguro,Vintage USA,2006-01-09,美国,,823.914,455798118879301,IB23G11
200881082,权力精英 ,9787569915006.0,归还,2025-02-17 12:21:54,78.0,"(美)C. 赖特·米尔斯 (Mills, Chales Wright 1916~1962) 著", 北京时代华文书局,2019-01-01,北京 ,10401,D771.261,455798118879301,IB23G11
200929585,耶鲁大学公开课,9787550238954.0,归还,2025-02-17 12:21:54,39.8,(美)史密斯著,北京联合出版公司,2015-01-01,北京,299,D0,455798118879301,IB23G11
201011699,法律,9787544755054.0,归还,2025-02-17 12:21:54,39.0,(英)瓦克斯著;殷源源译,译林出版社,2016-01-01,南京,167,D90,455798118879301,IB23G11
201049187,无依之地,9787559433022.0,归还,2025-02-17 12:21:54,39.0,（美）布鲁德著,江苏凤凰文艺出版社,2019-01-01,南京,326,D771.28,455798118879301,IB23G11
200689433,Never Let Me Go,9780307276476.0,外借,2025-02-17 12:22:21,31.0,Kazuo Ishiguro,Vintage USA,2006-01-09,美国,,823.914,455798118879301,IB23G11
200881082,权力精英 ,9787569915006.0,外借,2025-02-17 12:22:21,78.0,"(美)C. 赖特·米尔斯 (Mills, Chales Wright 1916~1962) 著", 北京时代华文书局,2019-01-01,北京 ,10401,D771.261,455798118879301,IB23G11
200929585,耶鲁大学公开课,9787550238954.0,外借,2025-02-17 12:22:21,39.8,(美)史密斯著,北京联合出版公司,2015-01-01,北京,299,D0,455798118879301,IB23G11
201011699,法律,9787544755054.0,外借,2025-02-17 12:22:21,39.0,(英)瓦克斯著;殷源源译,译林出版社,2016-01-01,南京,167,D90,455798118879301,IB23G11
201049187,无依之地,9787559433022.0,外借,2025-02-17 12:22:21,39.0,（美）布鲁德著,江苏凤凰文艺出版社,2019-01-01,南京,326,D771.28,455798118879301,IB23G11
200847450,倾城之恋,9787530218624.0,外借,2025-02-17 13:38:48,49.5,张爱玲著,北京十月文艺出版社,2019-01-01,北京,328,I246.7,450611281657925,IB22G12
200727909,素食者 ,9787541160868.0,外借,2025-02-17 14:17:00,48.0,(韩)韩江 (1970-) 著, 四川文艺出版社,2021-01-01,成都 ,191,I312.645,450611265806405,IB22G12
201602159,为什么伟大不能被计划,9787500173625.0,外借,2025-02-17 14:17:08,79.0,"(美)肯尼斯·斯坦利(Stanley, Kenneth)",中译出版社,2023-01-01,北京,295,TP18,450611265806405,IB22G12
200809161,阿拉伯人的梦想宫殿,9787509016480.0,外借,2025-02-17 14:48:50,95.0,（美）阿贾米著,当代世界出版社,2022-01-01,北京,375,K370.07,450611273154629,IB22G12
200822887,1453君士坦丁堡之战,9787520107921.0,外借,2025-02-17 15:24:04,86.0,(英)克劳利著,上海科学技术文献出版社,2017-01-01,上海,500,K546.3,450611273154629,IB22G12
200035032,Intermediate Counting & Probability,9781934124062.0,外借,2025-02-17 16:42:59,389.0,David Patrick,David Patrick,2007-01-01,U.S,386,IB-5-M-1,455797997994053,IB23G11
200192647,IBDP中文A文学课程专题拓展论文及个人口头评论优秀范例点评,9789620441417.0,外借,2025-02-17 16:42:59,128.0,"苏媛,李萍著",三联书店(香港)有限公司,2018-01-01,香港,249,IB-1-CH-1,455797997994053,IB23G11
201318127,IB中文A文学个人口试实例,9789811866760.0,外借,2025-02-17 16:42:59,103.0,贺一凡、解斐斐,  中華書局(新加坡),2023-03-01,香港,155,IB-1-CH-1,455797997994053,IB23G11
201503872,IBDP中文A课程文学知识小辞典（简体版）,9789620443329.0,外借,2025-02-17 16:42:59,145.0,李萍；彭振；苏媛,三联书店（香港）有限公司,2023-01-01,香港,,IB-1-CH-1,455797997994053,IB23G11
200865304,哲学家们都干了些什么,9787550242234.0,外借,2025-02-17 16:55:07,52.0,林欣浩著,北京联合出版公司,2015-01-01,北京,517,B-49,584699875594309,IB24G10
200857233,为奴十二年,9787532774050.0,归还,2025-02-17 17:03:33,48.0,(美)诺萨普著　蒋漫译,上海译文出版社,2017-01-01,上海,272,I712.44,450611284004933,IB22G12
200873288,地狱之行:1914-1949,9787508683003.0,归还,2025-02-17 17:07:02,89.0,(英)克肖著;林华译,中信出版社,2019-01-01,北京,588,K505,455798107287621,IB23G11
200895200,德国简史,9787544286107.0,归还,2025-02-17 17:07:02,35.0,（美）帕米利著,南海出版公司,2018-01-01,海口,196,K516.09,455798107287621,IB23G11
201034040,钢铁帝国 : 普鲁士的兴衰,9787508679778.0,归还,2025-02-17 17:07:02,88.0,"(英)克里斯托弗·克拉克 (Clark, Christopher 1960~) 著", 中信出版集团股份有限公司,2018-01-01,北京 ,674,K516.3,455798107287621,IB23G11
201053233,第一哲学沉思录,9787532788446.0,归还,2025-02-17 17:07:02,78.0,（法）笛卡尔著,上海译文出版社有限公司,2022-01-01,上海,174,B565.21,455798107287621,IB23G11
200820781,从俾斯麦到希特勒,9787544758765.0,外借,2025-02-17 17:16:49,42.0,（德）哈夫纳著,译林出版社,2016-01-01,南京,252,K516.42,455798107287621,IB23G11
200856127,伦理学 ,9787108050519.0,外借,2025-02-17 17:16:49,28.0,"(英)罗宾逊 (Robinson, Dave) 文", 生活·读书·新知三联书店,2016-01-01,北京 ,178,B82,455798107287621,IB23G11
200896156,西班牙史,9787553513720.0,外借,2025-02-17 17:16:49,29.8,伯尔奈克,上海文化出版社,2019-01-01,上海,187,K551,455798107287621,IB23G11
201013973,魏玛德国：希望与悲剧,9787301311479.0,外借,2025-02-17 17:16:49,80.0,"(美)埃里克·韦茨(Weitz, Eric D.) 著", 北京大学出版社,2021-01-01,北京 ,13506,K516.43,455798107287621,IB23G11
201318608,The Bell Jar,9780061148514.0,归还,2025-02-17 17:17:04,83.0,"Plath, Sylvia",Harper Perennial,2013-06-11,New York,243,813.54,455798100992069,IB23G11
201011813,政治的历史与边界 ,9787544729826.0,归还,2025-02-17 17:32:01,39.0,"(英)肯尼思·米诺格 (Minogue, Kenneth) 著", 译林出版社,2013-01-01,南京 ,125113,D0,584699845550149,IB24G10
201011127,政治哲学与幸福根基,9787544732819.0,归还,2025-02-17 17:32:04,39.0,(英)罚勒著;李里峰译,译林出版社,2013-01-01,南京,139,D0,584699845550149,IB24G10
200859909,傲慢与偏见,9787532787319.0,外借,2025-02-17 17:36:52,98.0,(英)奥斯丁著,上海译文出版社有限公司,2021-01-01,上海,14440,I561.44,584699858735173,IB24G10
201014231,在希腊,9787500879701.0,归还,2025-02-17 17:45:20,54.0,（爱尔兰）马哈菲著,中国工人出版社,2022-01-01,北京,200,K125,584699888091205,IB24G10
200861754,玻璃球游戏 ,9787532757039.0,归还,2025-02-17 17:45:24,27.0,"(德)赫尔曼·黑塞 (Hesse, Hermann 1877~1962) 著", 上海译文出版社,2012-01-01,上海 ,457,I516.45,584699888091205,IB24G10
200862012,魔山. 下,9787532780525.0,归还,2025-02-17 17:45:27,39.0,"(德)托马斯·曼 (Mann, Thomas 1875~1955) 著",上海译文出版社,2019-01-01,上海,835,I516.45,584699888091205,IB24G10
200862003,魔山. 上,9787532780525.0,归还,2025-02-17 17:45:31,39.0,"(德)托马斯·曼 (Mann, Thomas 1875~1955) 著",上海译文出版社,2019-01-01,上海,400,I516.45,584699888091205,IB24G10
201022909,额尔古纳河右岸 ,9787020139590.0,归还,2025-02-17 17:45:34,32.0,迟子建 (1964~) 著, 人民文学出版社,2010-01-01,北京 ,266,I247.5,584699888091205,IB24G10
200948216,戴维营三天,9787500171980.0,归还,2025-02-17 17:45:36,89.0,（美）加滕著,中译出版社,2023-01-01,北京,13373,F11,584699888091205,IB24G10
200872127,NFT元宇宙经济通证,9787576321777.0,外借,2025-02-17 17:46:16,69.0,郭小川著,北京理工大学出版社有限责任公司,2023-01-01,北京,11216,TP311.135,584699888091205,IB24G10
200950667,人工智能不会做什么：1亿人类与1亿机器人共存的未来,9787220110931.0,外借,2025-02-17 17:46:24,49.0,(日)羽生善治 著, 四川人民出版社,2019-01-01,成都 ,182,TP18,584699888091205,IB24G10
200969924,人工智能的价值反思,9787567146129.0,外借,2025-02-17 17:46:29,78.0,孙伟平著,上海大学出版社,2023-01-01,上海,258,TP18,584699888091205,IB24G10
201029519,智能革命,9787508673219.0,外借,2025-02-17 17:46:36,68.0,李彦宏著,中信出版社,2017-01-01,北京,324,TP18,584699888091205,IB24G10
200868178,作为意志和表象的世界,9787553524481.0,外借,2025-02-17 17:50:19,68.0,（德）叔本华著,上海文化出版社,2021-01-01,上海,587,B516.41,584699841630277,IB24G10
200879308,惶然录,9787532172092.0,归还,2025-02-17 17:55:37,68.0,佩索阿,上海文艺出版社,2019-01-01,上海,10405,I552.65,450611290882117,IB22G12
200033882,The Official SAT Study Guide,9781457304309.0,外借,2025-02-17 17:59:13,161.0,The College Board,College Board,2016-01-01,US.,792,IB-7-R.B-1,584699865874501,IB24G10
200418020,MH's PSAT/NMSQT,9780071742115.0,外借,2025-02-17 17:59:13,180.0,McGraw-Hill's,,,,469,IB-7-R.B-1,584699865874501,IB24G10
200418039,Barron's巴朗SAT 16 专著 = Barron's SAT 16,9787519211202.0,外借,2025-02-17 17:59:13,70.0,卡尔内瓦莱,世界图书出版公司北京公司,2016-01-01,北京,15453,IB-7-R.B-1,584699865874501,IB24G10
200977176,体内火焰,9787509016114.0,归还,2025-02-18 07:16:36,49.8,陈思安,当代世界出版社,2021-01-01,北京,270,I247.7,584699853369413,IB24G10
200990400,牛奶可乐经济学3,9787550297715.0,归还,2025-02-18 07:47:16,49.9,(美)罗伯特·弗兰克 著,北京联合出版公司,2017-01-01,北京,226,F0-49,455798095261765,IB23G11
200992523,牛奶可乐经济学 4,9787213094842.0,归还,2025-02-18 07:47:16,69.9,(美)罗伯特·弗兰克(Robert H. Frank)著,浙江人民出版社,2020-01-01,杭州,268,F0-49,455798095261765,IB23G11
200868515,助推：如何做出有关健康、财富与幸福的最佳决策,9787508684918.0,外借,2025-02-18 07:53:13,59.0,"(美)泰勒 (Thaler, Richard H. 1945~) 著", 中信出版集团股份有限公司,2018-01-01,北京 ,23330,F0-49,455798095261765,IB23G11
201006990,博弈与社会,9787301218211.0,外借,2025-02-18 07:53:13,68.0,张维迎著,北京大学出版社,2013-01-01,北京,,F224.32,455798095261765,IB23G11
201031365,“错误”的行为,9787508684512.0,外借,2025-02-18 07:53:13,69.0,(美)塞勒著,中信出版集团股份有限公司,2018-01-01,北京 ,31417,F069.9-49,455798095261765,IB23G11
201049481,哈佛经济学笔记 ,9787539938608.0,外借,2025-02-18 07:53:13,42.0,陈晋 (女) 著, 江苏文艺出版社,2010-01-01,南京 ,288,F0-49,455798095261765,IB23G11
200511357,弗雷格 ,9787100149914.0,归还,2025-02-18 09:53:58,85.0,(英)达米特 著, 商务印书馆,2017-01-01,北京 ,47954,B516.59,450611266056261,IB22G12
200727909,素食者 ,9787541160868.0,归还,2025-02-18 09:54:12,48.0,(韩)韩江 (1970-) 著, 四川文艺出版社,2021-01-01,成都 ,191,I312.645,450611265806405,IB22G12
201602159,为什么伟大不能被计划,9787500173625.0,归还,2025-02-18 09:54:16,79.0,"(美)肯尼斯·斯坦利(Stanley, Kenneth)",中译出版社,2023-01-01,北京,295,TP18,450611265806405,IB22G12
201602159,为什么伟大不能被计划,9787500173625.0,外借,2025-02-18 09:59:32,79.0,"(美)肯尼斯·斯坦利(Stanley, Kenneth)",中译出版社,2023-01-01,北京,295,TP18,450611266056261,IB22G12
200727909,素食者 ,9787541160868.0,外借,2025-02-18 09:59:37,48.0,(韩)韩江 (1970-) 著, 四川文艺出版社,2021-01-01,成都 ,191,I312.645,450611266056261,IB22G12
200805717,一间自己的房间,9787572225482.0,归还,2025-02-18 10:38:07,42.0,（英）吴尔夫著,浙江教育出版社,2021-01-01,杭州,36282,I106,450611282698309,IB22G12
201301153,Sophie’s World,9780374530716.0,归还,2025-02-18 11:37:25,66.0,Jostein Gaarder,Macmillan US,2007-03-20,美国,,839.82374,450611289337925,IB22G12
201323674,Waves,9780241372081.0,归还,2025-02-18 11:37:25,55.0,"Woolf, Virginia",Penguin Books Ltd,2019-04-04,,288,823.912,450611289337925,IB22G12
201325618,The Martian : a novel,9781785031137.0,外借,2025-02-18 11:37:52,75.0,"Weir, Andy",Penguin,2014-01-01,UK,369,813.6,450611289337925,IB22G12
201011868,科学哲学,9787544732765.0,外借,2025-02-18 12:01:46,39.0,"(英)奥卡沙著,韩广忠译",译林出版社,2015-01-01,南京,139,N02,455798122922053,IB23G11
200976881,血与火 : 坦格利安王朝史. 第一卷 ,9787229145781.0,归还,2025-02-18 12:21:49,180.0,"(美)乔治·R.R.马丁 (Martin, George Raymond Richard 1948~) 著", 重庆出版社,2020-01-01,重庆 ,567,I712.45,584699860484165,IB24G10
200861273,1844年经济学哲学手搞,9787010130033.0,外借,2025-02-18 12:23:15,48.0,马克思著,人民出版社,2016-01-01,北京,325,A811.21,455797970149445,IB23G11
200880136,物种起源(导读注释版)(英文),9787532782130.0,外借,2025-02-18 12:42:31,158.0,查尔斯·达尔文,上海译文出版社,2019-08-01,,,Q111.2,584699853369413,IB24G10
200690350,"The hobbit, or, There and back again",9780345339683.0,归还,2025-02-18 13:20:18,0.0,"Tolkien, J. R. R. (John Ronald Reuel), 1892-1973; Anderson, Douglas A. 1959-",Del Rey Books,,,,823.912,584699861119045,IB24G10
200694436,Dune,9780340960196.0,外借,2025-02-18 14:11:47,51.0,Frank Herbert,Hodder,2015-07-16,英国,,813.54,455798075973701,IB23G11
200691876,Dopamine Nation: Finding Balance in the Age of Indulgence,9781524746728.0,归还,2025-02-18 14:48:00,105.0,Anna Lembke,Dutton Books,2021-08-24,美国,,152.42,455798098456645,IB23G11
201310759,Where the crawdads sing,9781472154668.0,归还,2025-02-18 14:50:44,75.0,"Owens, Delia",Corsair,2018-01-01,UK,370,813.6,455798098456645,IB23G11
200691206,Strangers Drowning,9781846143991.0,外借,2025-02-18 14:51:26,59.0,Larissa MacFarquhar,penguin uk,2016-09-29,英国,,170,455798098456645,IB23G11
201325164,Simply psychology,9780241515679.0,外借,2025-02-18 14:51:32,90.0," Eysenck, Michael W",,,,,150,455798098456645,IB23G11
201319000,Ib Diploma Programme Chemistry 2023 Edition Study Guide,9781382016568.0,归还,2025-02-18 17:55:53,288.0,"Neuss, Geoffrey",Oxford,2023-10-05,UK,201,IB-4-CH-3,584699862896709,IB24G10
201500955,Physics for the IB Diploma Coursebook with Digital Access (2 Years),9781009071888.0,归还,2025-02-18 17:56:22,418.0,"Tsokos, K. A.",Cambridge University Press,2023-06-22,,530,IB-4-PH-5,584699862896709,IB24G10
200874438,世界的凛冬1,9787539999074.0,归还,2025-02-19 06:59:00,44.0,(英)福莱特著,江苏凤凰文艺出版社,2017-01-01,南京,341,I561.45,584699871535173,IB24G10
200874456,世界的凛冬·Ⅱ,9787539999074.0,归还,2025-02-19 06:59:00,44.0,(英)福莱特著,江苏凤凰文艺出版社,2017-01-01,南京,397,I561.45,584699871535173,IB24G10
200874465,世界的凛冬·Ⅲ,9787539999074.0,归还,2025-02-19 06:59:00,44.0,(英)福莱特著,江苏凤凰文艺出版社,2017-01-01,南京,341,I561.45,584699871535173,IB24G10
200865091,社交媒体简史：从莎草纸到互联网,9787508696980.0,归还,2025-02-19 11:14:22,48.0,"(美)汤姆·斯丹迪奇 (Standage, Tom) 著", 中信出版集团股份有限公司,2019-01-01,北京 ,303,G206.2,584699875364933,IB24G10
201056196,美丽新世界,9787532774685.0,归还,2025-02-19 11:14:22,45.0,(英)赫胥黎著;陈超译,上海译文出版社,2017-01-01,上海,349,I561.45,584699875364933,IB24G10
200973198,爱的设计,9787508090108.0,归还,2025-02-19 11:26:46,59.0,(美)布鲁姆著;胡辛凯译,华夏出版社,2017-01-01,北京,323,I565.064,584699859378245,IB24G10
200973198,爱的设计,9787508090108.0,外借,2025-02-19 11:26:58,59.0,(美)布鲁姆著;胡辛凯译,华夏出版社,2017-01-01,北京,323,I565.064,584699859378245,IB24G10
200877514,沉沦·流放与王国,9787532789115.0,外借,2025-02-19 11:27:03,62.0,（法）加缪著,上海译文出版社有限公司,2022-01-01,上海,319,I565.45,584699859378245,IB24G10
200945353,饺子,9787513311755.0,外借,2025-02-19 11:40:56,49.0,李碧华著,新星出版社,2014-01-01,北京,202,I247.7,455798107287621,IB23G11
200857750,复活,9787532752409.0,归还,2025-02-19 11:48:33,48.0,(俄罗斯)托尔斯泰著,上海译文出版社,2011-01-01,上海,516,I512.44,584699851386949,IB24G10
200839619,布匿战争 : 罗马、迦太基与地中海霸权的争夺,9787557026233.0,外借,2025-02-19 11:50:25,89.0,"(英)阿德里安·戈兹沃西 (Goldsworthy, Adrian Keith 1969~) 著",广东旅游出版社,2022-01-01,广州,507,K126,584699851386949,IB24G10
200980082,树犹如此,9787549563517.0,外借,2025-02-19 15:52:07,68.0,白先勇著,广西师范大学出版社,2015-01-01,桂林,392,I267,455797993836613,IB23G11
200968248,人体解剖图谱,9787559200099.0,外借,2025-02-19 17:22:08,198.0,"(法)布尔热里 (Bourgery, Jean-Marc 1797~1849) 著", 北京美术摄影出版社,2018-01-01,北京,829,R322-64,584699859591237,IB24G10
201058112,导演课,9787221172310.0,归还,2025-02-19 17:37:13,78.0,（英）亚历山大·麦肯德里克著 ,贵州人民出版社 ,2022-01-01,贵阳 ,33282,J911,450611279773765,IB22G12
201058014,纪录片也要讲故事,9787550250024.0,归还,2025-02-19 17:37:14,45.0,（美）希拉·柯伦·伯纳德著 ,北京联合出版公司 ,2015-01-01,北京 ,34381,J952,450611279773765,IB22G12
200996217,神经科学原理. 第5版. 下册,9787111430810.0,归还,2025-02-20 07:00:17,149.5,(美)坎德尔著,机械工业出版社,2016-01-01,北京,1709,R338,584699859591237,IB24G10
200831751,长安十二时辰 下,9787540478339.0,外借,2025-02-20 08:25:41,49.8,马伯庸著,湖南文艺出版社,2017-01-01,长沙,310,I247.5,584699884843077,IB24G10
200889547,鸿沟,9787532159062.0,归还,2025-02-20 10:23:30,75.0,(德)萨顿多夫,上海文艺出版社,2018-01-01,上海,390,Q958.12-49,455798118166597,IB23G11
201059013,普通化学原理,9787301225578.0,外借,2025-02-20 12:13:58,76.0,华彤文,北京大学出版社 ,2013-01-01,北京 ,492,O6,584699859591237,IB24G10
201007677,I have a dream,9787568905220.0,外借,2025-02-20 13:42:02,39.8,Tango著,重庆大学出版社,2017-01-01,重庆,1,J228.2,584699847327813,IB24G10
200977470,地书 ,9787549513697.0,外借,2025-02-20 13:42:10,58.0,徐冰 ,桂林,2012-01-01,广西师范大学出版社,112,J522,584699847327813,IB24G10
200875106,珠唾集,9787540790400.0,外借,2025-02-20 13:42:47,68.0,(西)塞尔纳著,漓江出版社有限公司,2022-01-01,桂林,403,H343.3,584699847327813,IB24G10
200988663,好好告别,9787572502583.0,外借,2025-02-20 13:53:14,79.9,（英）曼尼克斯著,河南科学技术出版社,2021-01-01,郑州,11327,I712.55,584699847327813,IB24G10
201308717,Among Others,9781472106537.0,外借,2025-02-20 13:54:01,32.0,Jo Walton,Little Brown UK,2013-03-21,英国,,823.91,645528527228997,IB24G10
201310991,The Lost Hero (Heroes of Olympus Book 1),9780141325491.0,外借,2025-02-20 13:54:01,63.0,"Riordan, Rick",Penguin Random House Children's UK,2012-10-04,,576,741.5,645528527228997,IB24G10
200174382,牛蛙,9787510857720.0,外借,2025-02-20 15:30:47,39.8,胡迁著,九州出版社,2017-01-01,北京,294,I247.5,450611266056261,IB22G12
Z0064882,莫言作品精选,9787535459350.0,外借,2025-02-20 15:30:54,25.0,莫言著,长江文艺出版社,2012-01-01,武汉,314,I217.2,450611266056261,IB22G12
Z0070196,鲜血梅花,9787506371056.0,外借,2025-02-20 15:30:59,18.0,余华著,作家出版社,2014-01-01,北京,143,I247.7,450611266056261,IB22G12
200859909,傲慢与偏见,9787532787319.0,归还,2025-02-20 17:12:11,98.0,(英)奥斯丁著,上海译文出版社有限公司,2021-01-01,上海,14440,I561.44,584699858735173,IB24G10
200884980,简爱,9787532778119.0,外借,2025-02-20 17:14:57,38.0,(英)勃朗特著,上海译文出版社,2018-01-01,上海,578,I561.44,584699858735173,IB24G10
200993158,彷徨之刃,9787544276207.0,归还,2025-02-20 17:50:57,39.5,(日)东野圭吾著,南海出版公司,2015-01-01,海口,327,I313.45,450611280293957,IB22G12
200994665,假面山庄,9787530217559.0,归还,2025-02-20 17:50:57,45.0,(日)东野圭吾著,北京十月文艺出版社,2018-01-01,北京,230,I313.45,450611280293957,IB22G12
200912637,建筑,9787807680284.0,归还,2025-02-21 07:24:15,43.0,（英）弗伦奇著,生活·读书·新知三联书店,2014-01-01,北京,144,TU-092,584699853152325,IB24G10
201325618,The Martian : a novel,9781785031137.0,归还,2025-02-21 10:52:45,75.0,"Weir, Andy",Penguin,2014-01-01,UK,369,813.6,450611289337925,IB22G12
200980064,台北人,9787549559886.0,外借,2025-02-21 11:29:39,69.0,白先勇著,广西师范大学出版社,2015-01-01,桂林,291,I247.7,584699868303429,IB24G10
200942560,长安十二时辰 上,9787540478315.0,归还,2025-02-21 11:39:00,49.8,马伯庸著,湖南文艺出版社,2017-01-01,长沙,328,I247.5,584699884843077,IB24G10
200909892,边城,9787214108463.0,外借,2025-02-21 13:35:06,32.0,沈从文著,江苏人民出版社,2014-01-01,南京,278,I246.5,450611317665861,IB22G12
201310492,"Girl, woman, other",9780241984994.0,外借,2025-02-21 13:55:12,70.0,"Evaristo, Bernardine, 1959-",Penguin,2020-01-01,UK,453,823.914,450611289337925,IB22G12
200692633,Getting Lost,9781913097004.0,归还,2025-02-21 13:56:15,61.0,Annie Ernaux,Fitzcarraldo Editions,2022-09-21,英国,,813.6,455798115651653,IB23G11
201018665,达·芬奇密码,9787020126132.0,归还,2025-02-21 13:56:19,75.0,(美)布朗著,人民文学出版社,2017-01-01,北京,439,I712.45,455798117085253,IB23G11
200860185,在轮下,9787532780822.0,归还,2025-02-21 13:56:22,98.0,（德）黑塞著,上海译文出版社,2019-01-01,上海,202,I516.15,455798117085253,IB23G11
200862067,红与黑,9787532751228.0,外借,2025-02-21 14:00:58,35.0,(法)司汤达著,上海译文出版社,2010-01-01,上海,18537,I565.44,455798117085253,IB23G11
200945077,民国太太的厨房 ,9787508664163.0,外借,2025-02-21 14:00:58,52.0,李舒 (女，新闻学) 著, 中信出版集团股份有限公司,2016-01-01,北京 ,244,I247.8,455798117085253,IB23G11
201302562,Line By Line: How To Edit Your Own Writing,9780395393918.0,归还,2025-02-24 07:40:19,77.0,Claire Kehrwald Cook,Houghton Mifflin Harcourt,1986-06-30,美国,,808.04,455798075973701,IB23G11
200694436,Dune,9780340960196.0,归还,2025-02-24 07:40:22,51.0,Frank Herbert,Hodder,2015-07-16,英国,,813.54,455798075973701,IB23G11
200973198,爱的设计,9787508090108.0,归还,2025-02-24 10:00:33,59.0,(美)布鲁姆著;胡辛凯译,华夏出版社,2017-01-01,北京,323,I565.064,584699859378245,IB24G10
200977167,葡萄柚,9787549573110.0,外借,2025-02-24 10:06:28,48.0,(日)小野洋子,广西师范大学出版社,2015-01-01,桂林,1,I313.25,584699859378245,IB24G10
200935417,爱，不可能,9787532964475.0,外借,2025-02-24 10:06:42,59.0,（法）普鲁斯特著,山东文艺出版社,2022-01-01,济南,170,I565.25,584699859378245,IB24G10
200727909,素食者 ,9787541160868.0,归还,2025-02-24 10:07:03,48.0,(韩)韩江 (1970-) 著, 四川文艺出版社,2021-01-01,成都 ,191,I312.645,450611266056261,IB22G12
200207178,洛丽塔,9787532738151.0,外借,2025-02-24 10:08:16,39.0,(美)弗拉基米尔·纳博科夫著,上海译文出版社,2015-01-01,上海,503,I712.45,450611266056261,IB22G12
200877514,沉沦·流放与王国,9787532789115.0,归还,2025-02-24 10:39:13,62.0,（法）加缪著,上海译文出版社有限公司,2022-01-01,上海,319,I565.45,584699859378245,IB24G10
201019183,山海变.1指间错,9787020169283.0,外借,2025-02-24 11:16:51,58.0,八月槎,人民文学出版社,2022-01-01,北京,315,I247.5,584699884843077,IB24G10
201019192,山海变.2绾青丝,9787020169276.0,外借,2025-02-24 11:17:00,58.0,八月槎,人民文学出版社,2022-01-01,北京,285,I247.5,584699884843077,IB24G10
201019209,山海变.3星野乱,9787020169290.0,外借,2025-02-24 11:17:09,58.0,八月槎,人民文学出版社,2022-01-01,北京,291,I247.5,584699884843077,IB24G10
200839619,布匿战争 : 罗马、迦太基与地中海霸权的争夺,9787557026233.0,归还,2025-02-24 12:06:36,89.0,"(英)阿德里安·戈兹沃西 (Goldsworthy, Adrian Keith 1969~) 著",广东旅游出版社,2022-01-01,广州,507,K126,584699851386949,IB24G10
200977167,葡萄柚,9787549573110.0,归还,2025-02-24 15:05:18,48.0,(日)小野洋子,广西师范大学出版社,2015-01-01,桂林,1,I313.25,584699859378245,IB24G10
200987021,微积分的计算：数理经济学与统计经济学辅助教程 ,9787100205900.0,归还,2025-02-24 15:30:36,26.0,"(美) 费雪( Fisher, Irving)著",商务印书馆,2022-01-01,北京,89,O172,584699862896709,IB24G10
200699770,Signet Classics: The Age of Innocence,9780451530882.0,外借,2025-02-24 16:22:02,13.0,Edith Wharton,Signet,2008-03-04,美国,,813.52,450611283214405,IB22G12
200834865,呐喊,9787020138081.0,归还,2025-02-24 17:02:44,20.0,鲁迅著,人民文学出版社,2018-01-01,北京,180,I210.6,450611287269445,IB22G12
201059237,围城,9787020127894.0,外借,2025-02-24 17:41:41,36.0,钱钟书著,人民文学出版社 ,2017-01-01,北京 ,377,I247.57,584699853152325,IB24G10
200943774,霸王别姬,9787513311762.0,外借,2025-02-24 17:43:04,59.0,李碧华著,新星出版社,2013-01-01,北京,235,I247.5,584699853152325,IB24G10
201004554,福柯,9787568918626.0,外借,2025-02-24 17:47:29,48.0,泰勒著,重庆大学出版社,2019-01-01,重庆,253,B565.59,584699856826437,IB24G10
200837032,匈人王阿提拉,9787559631909.0,外借,2025-02-25 07:06:46,78.0,（德）罗森著,北京联合出版公司,2019-01-01,北京,345,K289,584699851386949,IB24G10
200861273,1844年经济学哲学手搞,9787010130033.0,归还,2025-02-25 07:53:16,48.0,马克思著,人民出版社,2016-01-01,北京,325,A811.21,455797970149445,IB23G11
200694533,Signet Classics: Black Beauty,9780451531742.0,归还,2025-02-25 08:02:08,13.0,Anna Sewell,Signet,2011-01-04,美国,,823.8,455798118166597,IB23G11
200909892,边城,9787214108463.0,归还,2025-02-25 11:40:30,32.0,沈从文著,江苏人民出版社,2014-01-01,南京,278,I246.5,450611317665861,IB22G12
200808885,堂吉诃德,9787540254308.0,外借,2025-02-25 15:31:20,128.0,（西）塞万提斯著,北京燕山出版社,2019-01-01,北京,101036,I551.43,584699875151941,IB24G10
200824778,世界摄影史,9787551429993.0,外借,2025-02-25 15:37:28,39.0,顾铮著,杭州 浙江摄影出版社 2020,2020-01-01,杭州,195,J409.1,584699875364933,IB24G10
200807494,中国当代摄影景观 : 198-22,9787208170698.0,外借,2025-02-25 15:37:35,188.0,顾铮 (1959~) 著,上海人民出版社,2022-01-01,上海,422,J409.2,584699875364933,IB24G10
200698405,Project Hail Mary,9780593355275.0,外借,2025-02-25 16:15:18,65.0,Andy Weir,Ballantine Books,2021-05-04,美国,,813.6,450611289337925,IB22G12
200837032,匈人王阿提拉,9787559631909.0,归还,2025-02-25 16:29:48,78.0,（德）罗森著,北京联合出版公司,2019-01-01,北京,345,K289,584699851386949,IB24G10
200824199,诅咒之塔,9787520186902.0,外借,2025-02-25 17:00:49,62.0,（美）克劳利著,社会科学文献出版社,2021-01-01,北京,300,K560.7,584699851386949,IB24G10
200613078,Unraveller,9781529080407.0,归还,2025-02-26 09:09:41,100.0,"Hardinge, Frances",Pan Macmillan,2022-09-01,,416,823.92,584699870892101,IB24G10
201407655,Amusing Ourselves to Death[娱乐至死],9780143036531.0,外借,2025-02-26 11:07:49,94.0,"Postman, Neil[尼尔·波兹曼]",PENGUIN GROUP,2006-01-01,NEW YORK,184,302.234,450611289337925,IB22G12
200858214,小妇人,9787532757008.0,外借,2025-02-26 11:37:11,48.0,(美)奥尔科特著,上海译文出版社,2012-01-01,上海,535,I712.44,584699868303429,IB24G10
200824199,诅咒之塔,9787520186902.0,归还,2025-02-26 11:50:50,62.0,（美）克劳利著,社会科学文献出版社,2021-01-01,北京,300,K560.7,584699851386949,IB24G10
200822440,拜占庭的新生,9787520118156.0,外借,2025-02-26 11:53:09,79.0,(美）诺里奇著,社会科学文献出版社,2020-01-01,北京,27498,K134,584699851386949,IB24G10
Z0012203,丁玲集,7501514747.0,外借,2025-02-26 12:05:08,15.5,丁玲,知识出版社,,,207,I266,450611317665861,IB22G12
Z0028274,丁玲小说 梦珂,7532522768.0,外借,2025-02-26 12:05:14,13.4,周伟鸿编选,上海古籍出版社,1997-01-01,上海,205,I246.7,450611317665861,IB22G12
200935417,爱，不可能,9787532964475.0,归还,2025-02-26 14:12:11,59.0,（法）普鲁斯特著,山东文艺出版社,2022-01-01,济南,170,I565.25,584699859378245,IB24G10
200806315,不再等待戈多,9787550733145.0,外借,2025-02-26 14:18:19,38.0,贝瑟里著,海天出版社,2022-01-01,深圳,226,I565.45,584699859378245,IB24G10
200868052,面纱,9787210082835.0,外借,2025-02-26 14:18:25,39.8,（英）毛姆著,江西人民出版社,2016-01-01,南昌,267,I561.45,584699859378245,IB24G10
200881750,血清素,9787532787746.0,外借,2025-02-26 14:18:33,68.0,(法)米歇尔·维勒贝克(Michel Houellebecq)著,上海译文出版社有限公司,2022-01-01,上海,24340,I565.45,584699859378245,IB24G10
200980082,树犹如此,9787549563517.0,归还,2025-02-26 14:56:13,68.0,白先勇著,广西师范大学出版社,2015-01-01,桂林,392,I267,455797993836613,IB23G11
200841063,长安的荔枝,9787572608582.0,外借,2025-02-26 14:58:17,45.0,马伯庸著,湖南文艺出版社,2022-01-01,长沙,216,I247.5,455797993836613,IB23G11
200839673,罗马元老院与人民：一部古罗马史,9787513922494.0,归还,2025-02-27 08:36:23,118.0,"(英)玛丽·比尔德 (Beard, Mary 1955~) 著", 民主与建设出版社有限责任公司,2018-01-01,北京 ,17599,K126-49,450611286782021,IB22G12
201004554,福柯,9787568918626.0,归还,2025-02-27 08:43:01,48.0,泰勒著,重庆大学出版社,2019-01-01,重庆,253,B565.59,584699856826437,IB24G10
200877462,牛虻,9787532778317.0,外借,2025-02-27 08:43:34,30.0,(爱尔兰)伏尼契著,上海译文出版社,2018-01-01,上海,351,I562.44,450611286782021,IB22G12
201043922,规训与惩罚,9787108065841.0,外借,2025-02-27 08:49:30,58.0,(法)福柯 著,生活·读书·新知三联书店,2019-01-01,北京,353,B565.59,584699856826437,IB24G10
200887157,女性影像手册,9787532181759.0,外借,2025-02-27 10:23:50,49.0,张屏瑾著,上海文艺出版社,2022-01-01,上海,195,J905-53,455798117085253,IB23G11
200997653,受戒,9787530211458.0,外借,2025-02-27 10:25:33,36.0,汪曾祺著,北京十月文艺出版社,2012-01-01,北京,,I247.7,455798117085253,IB23G11
200997653,受戒,9787530211458.0,归还,2025-02-27 10:26:00,36.0,汪曾祺著,北京十月文艺出版社,2012-01-01,北京,,I247.7,455798117085253,IB23G11
200997653,受戒,9787530211458.0,外借,2025-02-27 10:26:14,36.0,汪曾祺著,北京十月文艺出版社,2012-01-01,北京,,I247.7,455798117085253,IB23G11
200690840,ALMA Junior Classics:The Canterville Ghost and Other Stories(Secondary-school 12+),9781847496126.0,外借,2025-02-27 10:28:51,36.0,"Wilde, Oscar",Alma Books,2016-12-01,英国,,428.6,455798118166597,IB23G11
200889547,鸿沟,9787532159062.0,外借,2025-02-27 10:28:51,75.0,(德)萨顿多夫,上海文艺出版社,2018-01-01,上海,390,Q958.12-49,455798118166597,IB23G11
200690840,ALMA Junior Classics:The Canterville Ghost and Other Stories(Secondary-school 12+),9781847496126.0,续借,2025-02-27 10:29:18,36.0,"Wilde, Oscar",Alma Books,2016-12-01,英国,,428.6,455798118166597,IB23G11
200889547,鸿沟,9787532159062.0,续借,2025-02-27 10:29:22,75.0,(德)萨顿多夫,上海文艺出版社,2018-01-01,上海,390,Q958.12-49,455798118166597,IB23G11
200875142,秋园 ,9787559640666.0,外借,2025-02-27 10:47:59,38.0,杨本芬 (女， 1940-) 著, 北京联合出版公司,2020-01-01,北京 ,264,I247.5,455797990740037,IB23G11
200870744,遮蔽的天空,9787559418371.0,归还,2025-02-27 11:48:02,49.0,(美)鲍尔斯著;阳曦译,江苏凤凰文艺出版社,2018-01-01,南京,370,I712.45,455798116724805,IB23G11
201301858,The Picture of Dorian Gray,9780785839972.0,归还,2025-02-27 11:48:03,42.0,Oscar Wilde,Chartwell Books,2021-10-19,英国,,823.8,455798116724805,IB23G11
201301858,The Picture of Dorian Gray,9780785839972.0,外借,2025-02-27 11:48:18,42.0,Oscar Wilde,Chartwell Books,2021-10-19,英国,,823.8,455798116724805,IB23G11
200970869,现代建筑年鉴,9787112119318.0,外借,2025-02-27 11:51:15,28.0,(法）柯布西耶著,中国建筑工业出版社,2010-01-01,北京,211,TU-8,584699853152325,IB24G10
200968916,羊脂球,9787550284975.0,外借,2025-02-27 11:52:07,29.0,(法)莫泊桑著,北京联合出版公司,2016-01-01,北京,13333,I565.44,584699853152325,IB24G10
200988048,自卑与超越,9787533943257.0,归还,2025-02-27 11:52:37,32.0,(奥)阿德勒著;杨颖译,浙江文艺出版社,2016-01-01,杭州,261,B848,584699858100293,IB24G10
201039465,凯恩斯 ,9787108065506.0,归还,2025-02-27 11:52:37,35.0,"普 (Puph, Peter) 著", 生活·读书·新知三联书店,2019-01-01,北京 ,174,F091.348,584699858100293,IB24G10
200847192,沉默的大多数,9787530220368.0,外借,2025-02-27 11:53:45,59.0,王小波著,北京十月文艺出版社,2021-01-01,北京,227,I267.1,584699853152325,IB24G10
200877024,才女之累：李清照及其接受史,9787532582112.0,外借,2025-02-27 11:54:56,78.0,"(美)艾朗诺 (Egan, Ronald C.) 著", 上海古籍出版社,2017-01-01,上海 ,363,I207.23,455798116724805,IB23G11
200974561,北宋名家词选讲 ,9787301114926.0,外借,2025-02-27 11:54:56,68.0,(加)叶嘉莹 (女， 1924.6~) 著, 北京大学出版社,2007-01-01,北京 ,383,I207.23,455798116724805,IB23G11
201042362,棋王树王孩子王 ,9787539990583.0,外借,2025-02-27 11:54:56,38.0,阿城 (1949~) 著, 江苏凤凰文艺出版社,2016-01-01,南京 ,179,I247.57,455798116724805,IB23G11
201304356,Educated: A Memoir,9780099511021.0,外借,2025-02-27 17:32:26,45.0,Tara Westover,Hutchinson,2018-11-02,英国,,270.092,584699884150853,IB24G10
201324959,Peter Pan,9781909621633.0,外借,2025-02-27 17:35:21,51.0,"Barrie, J. M.",Macmillan,,London,200,823.912,584699861119045,IB24G10
200697745,Wordsworth: Little Prince,9781853261589.0,外借,2025-02-27 17:35:33,13.0,Saint-Exupery,Wordsworth,2010-11-01,英国,,843.912,584699861119045,IB24G10
200868178,作为意志和表象的世界,9787553524481.0,归还,2025-02-28 07:03:17,68.0,（德）叔本华著,上海文化出版社,2021-01-01,上海,587,B516.41,584699841630277,IB24G10
201019183,山海变.1指间错,9787020169283.0,续借,2025-02-28 07:08:56,58.0,八月槎,人民文学出版社,2022-01-01,北京,315,I247.5,584699884843077,IB24G10
201019192,山海变.2绾青丝,9787020169276.0,续借,2025-02-28 07:09:01,58.0,八月槎,人民文学出版社,2022-01-01,北京,285,I247.5,584699884843077,IB24G10
201019209,山海变.3星野乱,9787020169290.0,续借,2025-02-28 07:09:02,58.0,八月槎,人民文学出版社,2022-01-01,北京,291,I247.5,584699884843077,IB24G10
201306470,The O. Henry Prize Stories 1th Anniversary Edition (219),9780525565536.0,归还,2025-02-28 07:11:14,47.0,Laura Furman,Anchor Books,2019-09-10,美国,,808.83,584699864387653,IB24G10
200882982,瓦尔登湖,9787532768011.0,归还,2025-02-28 07:11:19,45.0,(美)梭罗著;潘庆舲译,上海译文出版社,2015-01-01,上海,407,I712.64,584699864387653,IB24G10
201314185,DK-Big Ideas：The Crime Book,9780241298961.0,归还,2025-02-28 07:11:29,73.0,Peter James,DK Publishing,2017-04-03,英国,,364.1,584699864387653,IB24G10
201322336,Grammar 101,9781507203590.0,归还,2025-02-28 07:11:36,57.0,Kathleen Sears,Adams Media,2005-09-17,美国,,428.2,584699864387653,IB24G10
201326154,Lost in translation : an illustrated compendium of untranslatable words from around the world,9781607747109.0,归还,2025-02-28 07:11:42,63.0,"Sanders, Ella Frances",Ten Speed Press,2014-01-01,New York,,410,584699864387653,IB24G10
200697157,The Masque of the Red Death,9780241573754.0,归还,2025-02-28 08:53:53,47.0,Edgar Allan Poe,Penguin UK,2022-08-25,英国,,813.3,584699880865861,IB24G10
200697157,The Masque of the Red Death,9780241573754.0,外借,2025-02-28 08:54:13,47.0,Edgar Allan Poe,Penguin UK,2022-08-25,英国,,813.3,584699880865861,IB24G10
200697157,The Masque of the Red Death,9780241573754.0,归还,2025-02-28 09:47:34,47.0,Edgar Allan Poe,Penguin UK,2022-08-25,英国,,813.3,584699880865861,IB24G10
200804665,古都.5,9787220128165.0,外借,2025-02-28 14:32:01,49.6,（日）川端康成著,四川人民出版社,2023-01-01,成都,241,I313.45,455797990740037,IB23G11
201325583,Never let me go,9780571258093.0,归还,2025-02-28 15:17:56,72.0,"Ishiguro, Kazuo",Faber and Faber,,London,282,823.914,584699873386565,IB24G10
200694329,Lord of the Flies,9780399533372.0,归还,2025-02-28 15:17:59,90.0,William Golding,PENGUIN Group (USA) Inc.,2006-10-01,,225,823.914,584699873386565,IB24G10
200875106,珠唾集,9787540790400.0,归还,2025-03-03 08:52:38,68.0,(西)塞尔纳著,漓江出版社有限公司,2022-01-01,桂林,403,H343.3,584699847327813,IB24G10
200977470,地书 ,9787549513697.0,归还,2025-03-03 08:52:38,58.0,徐冰 ,桂林,2012-01-01,广西师范大学出版社,112,J522,584699847327813,IB24G10
201007677,I have a dream,9787568905220.0,归还,2025-03-03 08:52:38,39.8,Tango著,重庆大学出版社,2017-01-01,重庆,1,J228.2,584699847327813,IB24G10
200688951,Foundations Edge,9780553293388.0,归还,2025-03-03 10:42:28,31.0,Isaac Asimov,Ballantine Books,1991-10-01,美国,,813.08,584699861790789,IB24G10
201503104,"Do It Today: Overcome Procrastination, Improve Productivity, and Achieve More Meaningful Things",9781983184529.0,归还,2025-03-03 10:42:28,151.0,Darius Foroux,Independently published,2018-06-20,,169,658,584699861790789,IB24G10
200987272,美国史. 上册,9787100056748.0,归还,2025-03-03 10:42:30,190.0,（美）马丁著,商务印书馆,2012-01-01,北京,1510,K712.0,584699861790789,IB24G10
201310401,The Gods Themselves,9780553288100.0,归还,2025-03-03 10:42:30,22.0,Isaac Asimov,Bantam Classics,1990-09-04,美国,,813.54,584699861790789,IB24G10
200822440,拜占庭的新生,9787520118156.0,归还,2025-03-03 11:01:30,79.0,(美）诺里奇著,社会科学文献出版社,2020-01-01,北京,27498,K134,584699851386949,IB24G10
201325618,The Martian : a novel,9781785031137.0,外借,2025-03-03 11:46:43,75.0,"Weir, Andy",Penguin,2014-01-01,UK,369,813.6,455798075973701,IB23G11
200914920,拼贴城市 Collage city,9787560898292.0,外借,2025-03-03 11:49:32,128.0,罗,同济大学出版社,2021-01-01,上海,367,TU-021,455798075973701,IB23G11
201058201,镜头的语法 :插图修订第2版,9787550297791.0,外借,2025-03-03 11:56:03,45.0,（英）罗伊·汤普森著 ,北京联合出版公司 ,2017-01-01,北京 ,189,J931,455798075973701,IB23G11
201057989,剪辑的语法 :插图修订第2版,9787550297746.0,外借,2025-03-03 11:56:10,45.0,（英）罗伊·汤普森著 ,北京联合出版公司 ,2017-01-01,北京 ,10193,J932,455798075973701,IB23G11
200928318,如何写影评（插图修订第8版）,9787559614452.0,外借,2025-03-03 11:56:14,45.0,"(美)蒂莫西·J. 科里根 (Corrigan, Timothy J.) 著", 北京联合出版公司,2018-01-01,北京 ,17195,J905,455798075973701,IB23G11
201325618,The Martian : a novel,9781785031137.0,归还,2025-03-03 11:56:50,75.0,"Weir, Andy",Penguin,2014-01-01,UK,369,813.6,455798075973701,IB23G11
201005125,拉丁美洲史,9787507551341.0,外借,2025-03-03 12:11:47,98.0,韦伯斯特著,华文出版社,2019-01-01,北京,338,K73,584699851386949,IB24G10
200886461,第二性,9787532763399.0,外借,2025-03-03 12:18:32,180.0,(法)波伏瓦著;郑克鲁译,上海译文出版社,2017-01-01,上海,949,C913.68,584699836194885,IB24G10
200881750,血清素,9787532787746.0,归还,2025-03-03 15:08:03,68.0,(法)米歇尔·维勒贝克(Michel Houellebecq)著,上海译文出版社有限公司,2022-01-01,上海,24340,I565.45,584699859378245,IB24G10
200927177,精准表达,9787210104339.0,归还,2025-03-03 17:26:52,38.0,（日）高田贵久著,江西人民出版社,2018-01-01,南昌,18271,H019-49,584699865239621,IB24G10
201053340,云边有个小卖部,9787540487645.0,归还,2025-03-03 17:26:56,42.0,张嘉佳著,湖南文艺出版社,2018-01-01,长沙,306,I247.5,584699865239621,IB24G10
201029779,当下的力量:白金版,9787508661766.0,归还,2025-03-03 17:26:59,59.0,(德)托利著;曹植译,中信出版社,2016-01-01,北京,260,B821-49,584699865239621,IB24G10
200855976,海明威文集(13),9787532781584.0,归还,2025-03-03 17:44:03,66.0,（美）海明威著,上海译文出版社有限公司,2019-01-01,上海,218,I712.15,455798105178181,IB23G11
200934472,人力资源规划操作指南：规划概述+实用图表+流程架构+操作方案,9787115565648.0,外借,2025-03-03 17:55:19,79.0,乔继玉主编,人民邮电出版社,2021-01-01,北京,268,F243,455798105178181,IB23G11
200835926,诺曼征服 : 黑斯廷斯战役与英格兰诺曼王朝的崛起,,外借,2025-03-04 10:15:12,98.0,"(英)莫里斯 (Morris, Marc) 著", 西安出版社,2020-01-01,西安,536,K561.07,584699851386949,IB24G10
200939137,雨 ,9787521304459.0,归还,2025-03-04 14:42:56,59.0,"(美)巴内特 (Barnett, Cynthia) 著", 外语教学与研究出版社,2018-01-01,北京 ,390,P426.62,455798117818437,IB23G11
201019959,空海,9787571015473.0,归还,2025-03-04 14:42:56,88.0,（意）佩里西著,湖南科学技术出版社,2022-01-01,长沙,23317,P74,455798117818437,IB23G11
200808830,美国,9787520412025.0,归还,2025-03-04 14:43:13,198.0,澳大利亚Lonely Planet公司著,中国地图出版社,2019-01-01,北京,1343,K971.29,455798117818437,IB23G11
201324584,Dry,9781481481977.0,归还,2025-03-04 14:43:14,65.0,"Shusterman, Neal; Shusterman, Jarrod",Simon & Schuster,2018-01-01,New York,390,813.54,455798117818437,IB23G11
200861148,置身事内 ,9787208171336.0,归还,2025-03-04 14:43:55,65.0,兰小欢著, 上海人民出版社,2021-01-01,上海 ,330,D630.1,455798117818437,IB23G11
200908553,观云识天 ：英国国家气象局带你读懂天空的表情,9787571402563.0,归还,2025-03-04 14:43:55,69.0,"(英)理查德·哈姆林 (Hamblyn, Richard) 著", 北京科学技术出版社,2021-01-01,北京 ,12139,P426.5,455798117818437,IB23G11
200975695,1Q84.BOOK1,9787544292894.0,归还,2025-03-04 14:43:55,49.6,(日)村上春树著,南海出版公司,2018-01-01,海口,392,I313.45,455798117818437,IB23G11
200877462,牛虻,9787532778317.0,归还,2025-03-04 15:43:17,30.0,(爱尔兰)伏尼契著,上海译文出版社,2018-01-01,上海,351,I562.44,450611286782021,IB22G12
200883080,斯普特尼克恋人,9787532765515.0,归还,2025-03-04 16:26:05,56.0,(日)村上春树著,上海译文出版社,2014-01-01,上海,282,I313.45,450611310915653,IB22G12
200882161,1973年的弹子球,9787532765522.0,外借,2025-03-04 17:35:39,47.0,(日)村上春树著,上海译文出版社,2014-01-01,上海,290,I313.45,450611310915653,IB22G12
200882161,1973年的弹子球,9787532765522.0,归还,2025-03-04 17:35:51,47.0,(日)村上春树著,上海译文出版社,2014-01-01,上海,290,I313.45,450611310915653,IB22G12
200942579,长安十二时辰 下,9787540478339.0,外借,2025-03-04 17:36:40,49.8,马伯庸著,湖南文艺出版社,2017-01-01,长沙,310,I247.5,584699859161157,IB24G10
200806315,不再等待戈多,9787550733145.0,归还,2025-03-05 10:28:36,38.0,贝瑟里著,海天出版社,2022-01-01,深圳,226,I565.45,584699859378245,IB24G10
200868052,面纱,9787210082835.0,归还,2025-03-05 10:28:36,39.8,（英）毛姆著,江西人民出版社,2016-01-01,南昌,267,I561.45,584699859378245,IB24G10
200877462,牛虻,9787532778317.0,外借,2025-03-05 10:29:37,30.0,(爱尔兰)伏尼契著,上海译文出版社,2018-01-01,上海,351,I562.44,584699859378245,IB24G10
200824545,"我是谁?如果有我,有几个我?",9787509775899.0,归还,2025-03-05 11:51:29,62.0,(德)理查德·大卫·普列斯特,社会科学文献出版社,2016-01-01,北京,400,B,584699866955845,IB24G10
201323291,"A tree grows in Brooklyn, : a novel",9780060736262.0,归还,2025-03-05 11:51:29,41.0,"Smith, Betty",Harpercollins,2005-01-01,New York,493,813.52,584699866955845,IB24G10
200882526,基督山伯爵:全2册-上册,9787532778140.0,外借,2025-03-05 16:55:00,44.5,(法)大仲马著,上海译文出版社,2018-01-01,上海,693,I565.44,450611286782021,IB22G12
200942551,长安十二时辰 上,9787540478315.0,归还,2025-03-06 07:27:13,49.8,马伯庸著,湖南文艺出版社,2017-01-01,长沙,328,I247.5,584699859161157,IB24G10
200926089,洞穴奇案 ,9787510891779.0,外借,2025-03-06 08:54:12,56.0,"(美)彼得·萨伯 (Suber, Peter) 著", 九州出版社,2020-01-01,北京 ,174,D971.2,584699857461317,IB24G10
200904771,康德的世界,9787511735034.0,外借,2025-03-06 09:08:29,49.0,（德）盖尔著,中央编译出版社,2018-01-01,北京,322,B516.31,584699857461317,IB24G10
200926089,洞穴奇案 ,9787510891779.0,归还,2025-03-06 10:12:34,56.0,"(美)彼得·萨伯 (Suber, Peter) 著", 九州出版社,2020-01-01,北京 ,174,D971.2,584699857461317,IB24G10
201044262,巨人的文明,9787111595816.0,外借,2025-03-06 10:42:15,69.0,陈文捷著, 机械工业出版社,2018-01-01,北京 ,288,TU-095.46,584699853152325,IB24G10
201047232,自然地理学,9787040228762.0,外借,2025-03-06 10:42:28,52.8,伍光和著,高等教育出版社,2008-01-01,北京,502,P9,584699853152325,IB24G10
200800696,关于女儿,9787559851987.0,外借,2025-03-06 16:51:05,42.0,金惠珍著,广西师范大学出版社,2022-01-01,桂林,217,I312.645,584699856826437,IB24G10
200921592,素食者 ,9787541160868.0,外借,2025-03-06 16:51:05,48.0,(韩)韩江 (1970-) 著, 四川文艺出版社,2021-01-01,成都 ,191,I312.645,584699856826437,IB24G10
201307745,Penguin Classics Deluxe Edition: Dracula,9780143106166.0,归还,2025-03-07 08:21:27,54.0,Bram Stoker,Penguin USA,2010-11-30,美国,,823.8,584699875807301,IB24G10
200854511,呼啸山庄,9787532751198.0,归还,2025-03-07 11:09:39,38.0,(英)勃朗特著,上海译文出版社,2010-01-01,上海,406,I561.44,584699858526277,IB24G10
200685892,Five Survive,9780593704899.0,外借,2025-03-07 13:33:25,51.0,"Jackson, Holly",Delacorte Press,2022-11-29,,0,823.92,450611289841733,IB22G12
200696675,Bantam Classics：Wuthering Heights,9780553212587.0,外借,2025-03-07 13:33:34,10.0,Emily Bronte,Bantam Classics,1983-10-01,美国,,823.8,450611289841733,IB22G12
201502917,Dune,9780441172719.0,外借,2025-03-07 13:33:39,50.0,Frank Herbert,Ace Books,2019-01-01,USA,884,813.54,450611289841733,IB22G12
200689656,Harry Potter and the Sorcerer's Stone,9781408883808.0,外借,2025-03-07 13:33:45,103.0,"Rowling, J. K.; Dellepiane Rawson, Alicia",Bloomsbury UK,,,,823.914,450611289841733,IB22G12
200699743,Signet Classics: Crime and Punishment,9780451530066.0,外借,2025-03-07 13:41:11,13.0,Fyodor Dostoyevsky,Signet,2006-03-07,美国,,891.733,450611289841733,IB22G12
201324806,The Karamazov Brothers (Wordsworth Classics),9781840221862.0,外借,2025-03-07 13:41:15,32.0,Fyodor Dostoevsky,Wordsworth,2010-01-05,英国,,891.73,450611289841733,IB22G12
200942533,"思考,快与慢",9787508633558.0,归还,2025-03-07 14:30:10,69.0,"(美)卡尼曼著,李爱民,何梦莹译",中信出版社,2016-01-01,北京,424,F069.9-49,455798086996037,IB23G11
200945816,动物凶猛,9787530213636.0,外借,2025-03-07 14:30:23,35.0,王朔著,北京十月文艺出版社,2015-01-01,北京,302,I247.5,455798086996037,IB23G11
200942579,长安十二时辰 下,9787540478339.0,归还,2025-03-10 07:28:19,49.8,马伯庸著,湖南文艺出版社,2017-01-01,长沙,310,I247.5,584699859161157,IB24G10
200883213,昨日的世界,9787532777150.0,外借,2025-03-10 09:47:56,49.0,(奥)茨威格著;徐友敬等译,上海译文出版社,2018-01-01,上海,444,K835.215.6,450611286782021,IB22G12
200877462,牛虻,9787532778317.0,归还,2025-03-10 10:46:58,30.0,(爱尔兰)伏尼契著,上海译文出版社,2018-01-01,上海,351,I562.44,584699859378245,IB24G10
200885051,时代的精神状况,9787532761371.0,外借,2025-03-10 11:19:48,48.0,"德 雅斯贝尔斯 Jaspers, Karl 1883-1969)(著)",上海译文出版社,2013-01-01,上海,249,B516.53,584699859378245,IB24G10
200906608,对活人的治理：1979-198,9787208165212.0,外借,2025-03-10 11:19:55,90.0,（法）米歇尔·福柯著,上海 上海人民出版社 2020,2020-01-01,上海,541,B920,584699859378245,IB24G10
201058602,社会学基本概念,9787301344477.0,归还,2025-03-10 14:56:39,79.0,(英）安东尼·吉登斯 著,北京大学出版社 ,2023-01-01,北京 ,353,C91,584699866955845,IB24G10
200691581,The Offing,9781526611307.0,外借,2025-03-10 15:43:17,48.0,Benjamin Myers,Bloomsbury UK,2020-03-05,英国,,823.92,584699866955845,IB24G10
201058602,社会学基本概念,9787301344477.0,外借,2025-03-10 15:43:38,79.0,(英）安东尼·吉登斯 著,北京大学出版社 ,2023-01-01,北京 ,353,C91,584699866955845,IB24G10
201310722,The Queens Gambit : Now a Major Netflix Drama,9781474622578.0,外借,2025-03-10 16:16:13,46.0,Walter Tevis,Orion Publishing Group,2020-10-27,英国,,813.54,450611289841733,IB22G12
201302508,Flipped,9780375811746.0,外借,2025-03-10 16:16:23,67.0,Wendelin Van Draanen,Random House US,2001-10-09,美国,,813.6,450611289841733,IB22G12
200687355,Paper Towns,9780142414934.0,外借,2025-03-10 16:16:39,148.0,John Green,Speak,2009-01-01,USA,,813.6,450611289841733,IB22G12
201309654,the five people you meet in heaven,9780751536140.0,外借,2025-03-10 16:16:45,34.0,"Albom, Mitch",SPHERE,,,231,813.6,450611289841733,IB22G12
200880172,寻羊冒险记,9787532765492.0,外借,2025-03-10 16:41:29,46.0,(日)村上春树著,上海译文出版社,2014-01-01,上海,366,I313.45,450611310915653,IB22G12
200831751,长安十二时辰 下,9787540478339.0,归还,2025-03-10 17:39:19,49.8,马伯庸著,湖南文艺出版社,2017-01-01,长沙,310,I247.5,584699884843077,IB24G10
200809198,红楼梦:上,9787020137466.0,外借,2025-03-10 17:41:16,33.5,曹学芹著,人民文学出版社,2018-01-01,北京,1315,I242.4,584699858526277,IB24G10
200856127,伦理学 ,9787108050519.0,归还,2025-03-11 08:09:38,28.0,"(英)罗宾逊 (Robinson, Dave) 文", 生活·读书·新知三联书店,2016-01-01,北京 ,178,B82,455798107287621,IB23G11
200896156,西班牙史,9787553513720.0,归还,2025-03-11 08:09:38,29.8,伯尔奈克,上海文化出版社,2019-01-01,上海,187,K551,455798107287621,IB23G11
200820816,飘·上,9787544777407.0,外借,2025-03-11 09:11:00,44.0,(美)米切尔著,译林出版社,2019-01-01,南京,1047,I712.45,450611282698309,IB22G12
201057257,食南之徒,9787572616099.0,外借,2025-03-11 10:38:19,56.0,马伯庸,湖南文艺出版社,2024-01-01,长沙,269,I247.5,584699859161157,IB24G10
200875124,崔健诗歌集,9787509016565.0,外借,2025-03-11 10:40:46,79.0,崔健著,当代世界出版社,2022-01-01,北京,23185,I227,584699859161157,IB24G10
200983917,九三年 ,9787505729117.0,归还,2025-03-11 12:37:38,68.0,"(法)雨果 (Hugo, Victor 1802~1885) 著", 中国友谊出版公司,2012-01-01,北京 ,407,I565.44,455797996257349,IB23G11
200694588,Wordsworth Collectors Editions：Great Expectations,9781840228014.0,归还,2025-03-11 12:38:02,38.0,Charles Dickens,Wordsworth,2020-09-02,英国,,823.8,455797996257349,IB23G11
200989779,音乐和数学：谜一般的关系,9787547855508.0,归还,2025-03-11 12:38:15,48.0,梁进著,上海科学技术出版社,2022-01-01,上海,139,J6,455797996257349,IB23G11
200801677,如何听爵士 ,9787550287327.0,归还,2025-03-11 12:38:22,45.0,"(美)特德·焦亚 (Gioia, Ted) 著", 北京联合出版公司,2018-01-01,北京 ,248,J609.15,455797996257349,IB23G11
200907956,音乐心理学,9787030658500.0,归还,2025-03-11 12:38:28,89.0,陈杰著,科学出版社,2020-01-01,北京,231,J60-051,455797996257349,IB23G11
200925669,我们为什么爱音乐 ,9787573902740.0,归还,2025-03-11 12:38:33,58.0,(美)莱维廷著,浙江科学技术出版社,2023-01-01,杭州,374,B849,455797996257349,IB23G11
200820889,杀死一只知更鸟,9787544766500.0,归还,2025-03-11 12:38:43,58.0,(美)李著,译林出版社,2017-01-01,南京,,I712.45,455797996257349,IB23G11
200801677,如何听爵士 ,9787550287327.0,外借,2025-03-11 12:40:05,45.0,"(美)特德·焦亚 (Gioia, Ted) 著", 北京联合出版公司,2018-01-01,北京 ,248,J609.15,455797996257349,IB23G11
200925669,我们为什么爱音乐 ,9787573902740.0,外借,2025-03-11 12:40:19,58.0,(美)莱维廷著,浙江科学技术出版社,2023-01-01,杭州,374,B849,455797996257349,IB23G11
201504014,Art Song in English: High Voice: 50 Songs by 21 American and British Composers,9781423418313.0,外借,2025-03-11 12:40:48,400.0,"Kimball, Carol",Boosey &amp; Hawkes Inc,2007-01-01,,192,780,455797996257349,IB23G11
200820889,杀死一只知更鸟,9787544766500.0,外借,2025-03-11 12:41:29,58.0,(美)李著,译林出版社,2017-01-01,南京,,I712.45,455798118879301,IB23G11
200885051,时代的精神状况,9787532761371.0,归还,2025-03-11 17:26:02,48.0,"德 雅斯贝尔斯 Jaspers, Karl 1883-1969)(著)",上海译文出版社,2013-01-01,上海,249,B516.53,584699859378245,IB24G10
200967588,宗教哲学经典选读,9787301095720.0,外借,2025-03-11 17:30:27,59.8,（美）斯图尔特著,北京大学出版社,2005-01-01,北京,653,B920,584699859378245,IB24G10
201029519,智能革命,9787508673219.0,归还,2025-03-11 17:35:53,68.0,李彦宏著,中信出版社,2017-01-01,北京,324,TP18,584699888091205,IB24G10
200904771,康德的世界,9787511735034.0,归还,2025-03-12 10:21:39,49.0,（德）盖尔著,中央编译出版社,2018-01-01,北京,322,B516.31,584699857461317,IB24G10
201324129,The curious incident of the dog in the night-time,9780099470434.0,外借,2025-03-12 11:38:46,60.0,"Haddon, Mark, 1962-",Vintage,2003-01-01,London,271,823.92,450611282698309,IB22G12
201309654,the five people you meet in heaven,9780751536140.0,归还,2025-03-12 15:47:21,34.0,"Albom, Mitch",SPHERE,,,231,813.6,450611289841733,IB22G12
200839673,罗马元老院与人民：一部古罗马史,9787513922494.0,外借,2025-03-12 17:27:20,118.0,"(英)玛丽·比尔德 (Beard, Mary 1955~) 著", 民主与建设出版社有限责任公司,2018-01-01,北京 ,17599,K126-49,584699851386949,IB24G10
200923581,欢乐的葬礼,9787533965679.0,外借,2025-03-12 18:00:04,56.0,(俄)乌利茨卡娅著,浙江文艺出版社,2021-01-01,杭州,,I512.45,584699853586501,IB24G10
200923581,欢乐的葬礼,9787533965679.0,续借,2025-03-12 18:00:18,56.0,(俄)乌利茨卡娅著,浙江文艺出版社,2021-01-01,杭州,,I512.45,584699853586501,IB24G10
200837014,改变历史的香料商人,9787557024833.0,外借,2025-03-13 10:05:11,72.0,（英）米尔顿著,广东旅游出版社,2021-01-01,广州,342,I561.45,450611328335941,IB22G12
201306504,Emotional Design,9780465051366.0,外借,2025-03-13 10:42:03,55.0,Don Norman,Basic Books,2005-05-11,美国,,155.911,584699847979077,IB24G10
200842874,金枝 .上册,9787100136853.0,外借,2025-03-13 12:39:14,74.0,"(英)弗雷泽 (Frazer, James George 1854~1941) 著", 商务印书馆,2017-01-01,北京 ,1260,B933,450611318874181,IB22G12
201323558,Rebecca,9781844080380.0,外借,2025-03-13 13:15:15,74.0,"Du Maurier, Daphne, 1907-1989",Virago Press,2003-01-01,UK,441,823.912,450611289841733,IB22G12
200865297,哲学家们都干了些什么,9787550242234.0,归还,2025-03-13 14:23:45,52.0,林欣浩著,北京联合出版公司,2015-01-01,北京,517,B-49,584699852910661,IB24G10
200859598,存在主义是一种人道主义,9787532758012.0,归还,2025-03-13 14:23:56,32.0,（法）萨特著,上海译文出版社,2012-01-01,上海,113,B086,584699852910661,IB24G10
200882054,权力意志与永恒轮回,9787532772360.0,归还,2025-03-13 14:23:56,49.0,(德)尼采著　(德)沃尔法特著　虞龙发译,上海译文出版社,2016-01-01,上海,331,B516.47,584699852910661,IB24G10
200986086,火的精神分析,9787100167789.0,归还,2025-03-13 14:23:58,25.0,（法）巴什拉著,商务印书馆,2019-01-01,北京,113,B565.59,584699852910661,IB24G10
201001502,水与梦,9787100167765.0,归还,2025-03-13 14:23:58,39.0,巴什拉著,商务印书馆,2019-01-01,北京,244,B565.59,584699852910661,IB24G10
200885569,界限之书,9787559840943.0,归还,2025-03-13 14:24:01,76.0,（法）雅贝斯著,广西师范大学出版社,2021-01-01,桂林,429,I565.45,584699852910661,IB24G10
200882054,权力意志与永恒轮回,9787532772360.0,外借,2025-03-13 14:26:22,49.0,(德)尼采著　(德)沃尔法特著　虞龙发译,上海译文出版社,2016-01-01,上海,331,B516.47,584699852910661,IB24G10
200885051,时代的精神状况,9787532761371.0,外借,2025-03-13 14:26:28,48.0,"德 雅斯贝尔斯 Jaspers, Karl 1883-1969)(著)",上海译文出版社,2013-01-01,上海,249,B516.53,584699852910661,IB24G10
201001502,水与梦,9787100167765.0,外借,2025-03-13 14:26:35,39.0,巴什拉著,商务印书馆,2019-01-01,北京,244,B565.59,584699852910661,IB24G10
200885569,界限之书,9787559840943.0,外借,2025-03-13 14:26:44,76.0,（法）雅贝斯著,广西师范大学出版社,2021-01-01,桂林,429,I565.45,584699852910661,IB24G10
200699743,Signet Classics: Crime and Punishment,9780451530066.0,归还,2025-03-13 16:21:55,13.0,Fyodor Dostoyevsky,Signet,2006-03-07,美国,,891.733,450611289841733,IB22G12
200402661,Physics for Scientists and Engineers with Modern Physics Pearson New International Edition,9781292020761.0,归还,2025-03-13 16:47:41,1059.0,"Giancoli, Douglas C.",Pearson Education Limited,2013-07-29,,1440,IB-4-PH-5,584699890253893,IB24G10
200402661,Physics for Scientists and Engineers with Modern Physics Pearson New International Edition,9781292020761.0,外借,2025-03-13 16:47:50,1059.0,"Giancoli, Douglas C.",Pearson Education Limited,2013-07-29,,1440,IB-4-PH-5,584699890253893,IB24G10
200884481,欧洲史 : 转型时代(约145-1914),9787521731804.0,外借,2025-03-13 16:54:09,118.0,"(英)诺曼·戴维斯 (Davies, Norman 1939~) 著",中信出版社,2021-01-01,北京,595,K500,584699890253893,IB24G10
200884668,欧洲史 : 古典时代(史前－公元337),9787521731422.0,外借,2025-03-13 16:54:09,78.0,"(英)诺曼·戴维斯 (Davies, Norman 1939~) 著",中信出版社,2021-01-01,北京,312,K500,584699890253893,IB24G10
200889191,欧洲史 ,9787521731798.0,外借,2025-03-13 16:54:09,78.0,(英)戴维斯,中信出版社,2021-01-01,北京,358,K500,584699890253893,IB24G10
200843098,乌托邦 ,9787100131940.0,外借,2025-03-13 16:54:16,28.0,"(英)莫尔 (More, Thomas 1478~1535) 著", 商务印书馆,2017-01-01,北京 ,11163,D091.6,584699890253893,IB24G10
200859133,美丽新世界,9787532773404.0,归还,2025-03-13 17:21:30,28.0,(英)赫胥黎著,上海译文出版社,2017-01-01,上海,298,I561.45,584699885924421,IB24G10
200831626,爱伦·坡短篇小说全集. 下,9787100202084.0,归还,2025-03-13 17:21:33,69.5,（美）爱伦·坡著,商务印书馆,2022-01-01,北京,10984,I712.45,584699885924421,IB24G10
200987227,红与黑,9787201108186.0,归还,2025-03-13 17:21:35,42.0,(法)司汤达著;罗新璋译,天津人民出版社,2016-01-01,天津,471,I565.44,584699885924421,IB24G10
200969924,人工智能的价值反思,9787567146129.0,归还,2025-03-13 17:21:43,78.0,孙伟平著,上海大学出版社,2023-01-01,上海,258,TP18,584699888091205,IB24G10
200950667,人工智能不会做什么：1亿人类与1亿机器人共存的未来,9787220110931.0,归还,2025-03-13 17:21:45,49.0,(日)羽生善治 著, 四川人民出版社,2019-01-01,成都 ,182,TP18,584699888091205,IB24G10
200872127,NFT元宇宙经济通证,9787576321777.0,归还,2025-03-13 17:21:47,69.0,郭小川著,北京理工大学出版社有限责任公司,2023-01-01,北京,11216,TP311.135,584699888091205,IB24G10
200831626,爱伦·坡短篇小说全集. 下,9787100202084.0,外借,2025-03-13 17:22:36,69.5,（美）爱伦·坡著,商务印书馆,2022-01-01,北京,10984,I712.45,584699885924421,IB24G10
200879745,玩笑,9787532789252.0,外借,2025-03-13 17:33:41,59.0,（意）斯塔尔诺内著,上海译文出版社有限公司,2022-01-01,上海,204,I546.45,584699888091205,IB24G10
200823163,夜莺与玫瑰,9787544788588.0,外借,2025-03-13 17:34:01,38.0,（英）王尔德著,译林出版社,2022-01-01,南京,179,I561.88,584699888091205,IB24G10
200869462,北欧众神 ,9787559416735.0,外借,2025-03-13 17:34:13,42.0,"(英)尼尔·盖曼 (Gaiman, Neil 1960~) 著", 江苏凤凰文艺出版社,2018-01-01,南京 ,262,I561.45,584699888091205,IB24G10
200934472,人力资源规划操作指南：规划概述+实用图表+流程架构+操作方案,9787115565648.0,归还,2025-03-13 17:48:07,79.0,乔继玉主编,人民邮电出版社,2021-01-01,北京,268,F243,455798105178181,IB23G11
201019218,山海变.4奔掠火,9787020166732.0,外借,2025-03-14 07:24:08,58.0,八月槎,人民文学出版社,2022-01-01,北京,294,I247.5,584699884843077,IB24G10
201019227,山海变.5旧时雨,9787020166718.0,外借,2025-03-14 07:24:39,58.0,八月槎,人民文学出版社,2022-01-01,北京,297,I247.5,584699884843077,IB24G10
200875124,崔健诗歌集,9787509016565.0,归还,2025-03-14 07:25:32,79.0,崔健著,当代世界出版社,2022-01-01,北京,23185,I227,584699859161157,IB24G10
201019218,山海变.4奔掠火,9787020166732.0,续借,2025-03-14 07:26:00,58.0,八月槎,人民文学出版社,2022-01-01,北京,294,I247.5,584699884843077,IB24G10
201019227,山海变.5旧时雨,9787020166718.0,续借,2025-03-14 07:26:08,58.0,八月槎,人民文学出版社,2022-01-01,北京,297,I247.5,584699884843077,IB24G10
200850409,鹿鼎记 .一,9787546213415.0,外借,2025-03-14 07:26:25,36.0,金庸 (1924~2018) 著, 广州出版社,2013-01-01,广州 ,1823,I247.5,584699859161157,IB24G10
201059237,围城,9787020127894.0,续借,2025-03-14 07:40:40,36.0,钱钟书著,人民文学出版社 ,2017-01-01,北京 ,377,I247.57,584699853152325,IB24G10
200943774,霸王别姬,9787513311762.0,续借,2025-03-14 07:40:44,59.0,李碧华著,新星出版社,2013-01-01,北京,235,I247.5,584699853152325,IB24G10
200970869,现代建筑年鉴,9787112119318.0,续借,2025-03-14 07:40:47,28.0,(法）柯布西耶著,中国建筑工业出版社,2010-01-01,北京,211,TU-8,584699853152325,IB24G10
200968916,羊脂球,9787550284975.0,续借,2025-03-14 07:40:49,29.0,(法)莫泊桑著,北京联合出版公司,2016-01-01,北京,13333,I565.44,584699853152325,IB24G10
200847192,沉默的大多数,9787530220368.0,续借,2025-03-14 07:40:51,59.0,王小波著,北京十月文艺出版社,2021-01-01,北京,227,I267.1,584699853152325,IB24G10
201044262,巨人的文明,9787111595816.0,续借,2025-03-14 07:40:53,69.0,陈文捷著, 机械工业出版社,2018-01-01,北京 ,288,TU-095.46,584699853152325,IB24G10
201047232,自然地理学,9787040228762.0,续借,2025-03-14 07:40:56,52.8,伍光和著,高等教育出版社,2008-01-01,北京,502,P9,584699853152325,IB24G10
200696675,Bantam Classics：Wuthering Heights,9780553212587.0,归还,2025-03-14 08:05:03,10.0,Emily Bronte,Bantam Classics,1983-10-01,美国,,823.8,450611289841733,IB22G12
200689656,Harry Potter and the Sorcerer's Stone,9781408883808.0,归还,2025-03-14 08:05:04,103.0,"Rowling, J. K.; Dellepiane Rawson, Alicia",Bloomsbury UK,,,,823.914,450611289841733,IB22G12
201324806,The Karamazov Brothers (Wordsworth Classics),9781840221862.0,归还,2025-03-14 08:05:32,32.0,Fyodor Dostoevsky,Wordsworth,2010-01-05,英国,,891.73,450611289841733,IB22G12
201324156,The hobbit,9780261102217.0,外借,2025-03-14 09:03:31,55.0,"Tolkien, J. R. R.,","HarperCollinsPunlishers,",2006-01-01,London,389,823.912,450611289841733,IB22G12
200686819,The Da Vinci Code,9780552161275.0,外借,2025-03-14 09:03:47,39.0,Dan Brown,Random House UK,2009-09-01,英国,,813.54,450611289841733,IB22G12
200689647,Harry Potter and the Chamber of Secrets,9781408898154.0,外借,2025-03-14 09:04:03,102.0,"Rowling, J. K.",Bloomsbury UK,,,,823.914,450611289841733,IB22G12
200696684,A Thousand Splendid Suns,9781594483073.0,外借,2025-03-14 10:05:41,35.0,Khaled Hosseini,Penguin USA,2008-05-06,美国,,813.6,584699856592965,IB24G10
200696684,A Thousand Splendid Suns,9781594483073.0,续借,2025-03-14 10:05:55,35.0,Khaled Hosseini,Penguin USA,2008-05-06,美国,,813.6,584699856592965,IB24G10
200983089,莱特湾海战,9787513929783.0,外借,2025-03-14 10:38:32,129.8,"(英)威尔默特 (Willmott, H. P. 1945~) 著",民主与建设出版社有限责任公司,2020-01-01,北京,343,E195.2,450611267612741,IB22G12
200192148,Cracking the AP Physics C Exam,9781524710132.0,归还,2025-03-14 11:32:27,70.0,Princeton Review,Princeton Review,2017-01-01,New York,655,IB-4-PH-5,450611325075525,IB22G12
200975098,原野,9787530217306.0,归还,2025-03-14 11:32:27,36.0,曹禺著,北京十月文艺出版社,2018-01-01,北京,246,I234,450611325075525,IB22G12
201324469,Science of Gardening,9780241559253.0,外借,2025-03-14 11:56:26,91.0,"Farrimond, Dr. Stuart",Dorling Kindersley Ltd,2023-03-02,美国,,635,584699853369413,IB24G10
200922092,康德,9787100176910.0,外借,2025-03-14 12:03:16,45.0,（德）布兰特著,商务印书馆,2019-01-01,北京,352,B516.31,584699859378245,IB24G10
200935195,伯克利物理学教程:第5卷·统计物理学(英文影印版),9787111464631.0,外借,2025-03-14 12:10:32,49.8,(美)F.瑞夫著,机械工业出版社,2017-01-01,北京,398,O4,584699890253893,IB24G10
201013544,海洋的子民,9787301323182.0,外借,2025-03-14 12:10:32,88.0,(美)汤普森著,北京大学出版社,2021-01-01,北京,17443,K606-49,584699890253893,IB24G10
201051681,悲伤即成长,9787115598561.0,归还,2025-03-14 12:17:24,59.8,(美)芬奇著,人民邮电出版社,2022-01-01,北京,278,B821-49,584699844268101,IB24G10
200876436,谁动了我的奶酪?,9787521714586.0,归还,2025-03-14 12:17:25,45.0,（美）约翰逊著,中信出版集团股份有限公司,2020-01-01,北京,106,B825-49,584699844268101,IB24G10
200876800,谁动了我的奶酪．2，走出迷宫,9787521711400.0,归还,2025-03-14 12:17:25,45.0,(美)斯宾塞·约翰逊(Spencer Johnson)著；殷蕾译,中信出版集团股份有限公司,2020-01-01,北京,,B825-49,584699844268101,IB24G10
201308940,Word Cloud Classics: The Age Of Innocence,9781626860568.0,归还,2025-03-14 14:09:36,44.0,Edith Wharton,Canterbury Classics,2014-05-01,美国,,813.52,584699837497413,IB24G10
201302526,Emma: V&A Collectors Edition,9780241432556.0,外借,2025-03-14 14:10:04,68.0,Jane Austen,penguin uk,2021-02-25,英国,,823.7,584699837497413,IB24G10
201311204,The Castle,9780241197806.0,外借,2025-03-14 14:10:04,29.0,Franz Kafka,Penguin UK,2010-01-01,英国,,833.91,584699837497413,IB24G10
200923581,欢乐的葬礼,9787533965679.0,归还,2025-03-17 07:50:07,56.0,(俄)乌利茨卡娅著,浙江文艺出版社,2021-01-01,杭州,,I512.45,584699853586501,IB24G10
200923572,女孩儿们,9787533964160.0,外借,2025-03-17 07:52:54,52.0,(俄)乌利茨卡娅著,浙江文艺出版社,2021-01-01,杭州,197,I512.45,584699853586501,IB24G10
200923572,女孩儿们,9787533964160.0,续借,2025-03-17 07:53:04,52.0,(俄)乌利茨卡娅著,浙江文艺出版社,2021-01-01,杭州,197,I512.45,584699853586501,IB24G10
201006115,通往奴役之路 ,9787500421368.0,外借,2025-03-17 11:12:19,42.0,"(英)弗里德里希·奥古斯特·哈耶克 (Hayek, Friedrich August Von 1899~1992) 著", 中国社会科学出版社,1997-01-01,北京 ,270,F091.352,584699856826437,IB24G10
200404151,Mathematics: Analysis and Approaches HL,9781925489590.0,外借,2025-03-17 11:42:07,387.0,Michael Haese,,,,,IB-5-M-1,584699845550149,IB24G10
200404151,Mathematics: Analysis and Approaches HL,9781925489590.0,续借,2025-03-17 11:42:31,387.0,Michael Haese,,,,,IB-5-M-1,584699845550149,IB24G10
200404151,Mathematics: Analysis and Approaches HL,9781925489590.0,归还,2025-03-17 11:43:41,387.0,Michael Haese,,,,,IB-5-M-1,584699845550149,IB24G10
201059013,普通化学原理,9787301225578.0,续借,2025-03-17 11:44:05,76.0,华彤文,北京大学出版社 ,2013-01-01,北京 ,492,O6,584699859591237,IB24G10
201054713,呼啸山庄,9787532778355.0,外借,2025-03-17 11:45:57,32.0,(英)勃朗特著,上海译文出版社,2018-01-01,上海,406,I561.44,584699858735173,IB24G10
200851033,违童之愿 ,9787108048455.0,外借,2025-03-17 11:46:03,35.0,"(美)霍恩布鲁姆 (Hornblum, Allen M.) 著", 生活·读书·新知三联书店,2015-01-01,北京 ,14280,R-097,584699859591237,IB24G10
200839673,罗马元老院与人民：一部古罗马史,9787513922494.0,归还,2025-03-17 12:07:39,118.0,"(英)玛丽·比尔德 (Beard, Mary 1955~) 著", 民主与建设出版社有限责任公司,2018-01-01,北京 ,17599,K126-49,584699851386949,IB24G10
200943774,霸王别姬,9787513311762.0,归还,2025-03-17 15:07:26,59.0,李碧华著,新星出版社,2013-01-01,北京,235,I247.5,584699853152325,IB24G10
200968916,羊脂球,9787550284975.0,归还,2025-03-17 15:07:26,29.0,(法)莫泊桑著,北京联合出版公司,2016-01-01,北京,13333,I565.44,584699853152325,IB24G10
200697665,Fantastic Beasts: The Crimes of Grindelwald – The Original Screenplay PB,9780751578287.0,外借,2025-03-17 16:14:40,45.0,"Rowling, J.K.",Little Brown UK,2019-11-14,英国,,791.43,584699842498629,IB24G10
200919024,查拉图斯特拉如是说,9787208150188.0,外借,2025-03-17 16:38:52,78.0,(德)尼采著,上海人民出版社,2018-01-01,上海,527,B516.47,584699878805573,IB24G10
200814324,背德者,9787505735910.0,外借,2025-03-18 07:02:42,39.8,"(法)安德烈·纪德 (Gide, André 1869~1951) 著",中国友谊出版公司,2015-01-01,北京,25142,I565.45,584699859378245,IB24G10
200884980,简爱,9787532778119.0,归还,2025-03-18 07:21:54,38.0,(英)勃朗特著,上海译文出版社,2018-01-01,上海,578,I561.44,584699858735173,IB24G10
200919792,灿烂千阳,9787208072107.0,外借,2025-03-18 09:07:45,49.0,"(美)胡赛尼 (Hosseini, Khaled 1965~) 著", 上海人民出版社,2007-01-01,上海,428,I712.45,455798105178181,IB23G11
200699510,I Know This to Be True: Ruth Bader Ginsburg ( I Know This to Be True ),9781797200163.0,归还,2025-03-18 11:55:39,66.0,"Geoff Blackwell,Ruth Hobday",Chronicle Books,2020-03-24,美国,,347.73,450611284529221,IB22G12
201306853,The Philosophy of Law: A Very Short Introduction,9780199687008.0,归还,2025-03-18 11:55:39,36.0,Raymond Wacks,Oxford University Press UK,2014-02-27,英国,,340.1,450611284529221,IB22G12
201322489,DK-Big Ideas：The Law Book,9780241410196.0,归还,2025-03-18 11:55:42,89.0,DK,DK Publishing,2020-09-03,英国,,340.09,450611284529221,IB22G12
201322489,DK-Big Ideas：The Law Book,9780241410196.0,外借,2025-03-18 11:55:52,89.0,DK,DK Publishing,2020-09-03,英国,,340.09,450611284529221,IB22G12
200696513,Watching the English: The International Bestseller Revised and Updated,9781444785203.0,外借,2025-03-18 11:56:55,55.0,Kate Fox,Hodder,2014-10-23,英国,,306.094,450611284529221,IB22G12
200820781,从俾斯麦到希特勒,9787544758765.0,归还,2025-03-18 11:57:18,42.0,（德）哈夫纳著,译林出版社,2016-01-01,南京,252,K516.42,455798107287621,IB23G11
200945353,饺子,9787513311755.0,归还,2025-03-18 11:57:18,49.0,李碧华著,新星出版社,2014-01-01,北京,202,I247.7,455798107287621,IB23G11
201013973,魏玛德国：希望与悲剧,9787301311479.0,归还,2025-03-18 11:57:18,80.0,"(美)埃里克·韦茨(Weitz, Eric D.) 著", 北京大学出版社,2021-01-01,北京 ,13506,K516.43,455798107287621,IB23G11
200861638,第二性 Ⅱ,9787532749676.0,外借,2025-03-18 12:01:59,68.0,(法)波伏瓦著;郑克鲁译,上海译文出版社,2011-01-01,上海,614,C913.68,455798107287621,IB23G11
201311197,kandinsky,9783836507462.0,外借,2025-03-18 12:32:12,87.0,Hajo Düchting,TASCHEN,2015-11-06,德国,,759.70,450611267612741,IB22G12
201311197,kandinsky,9783836507462.0,归还,2025-03-18 15:52:16,87.0,Hajo Düchting,TASCHEN,2015-11-06,德国,,759.70,450611267612741,IB22G12
201504292,"Olive, Again: A Novel",9780812996548.0,外借,2025-03-18 16:47:54,131.0,"Strout, Elizabeth",Random House,1900-01-01,,304, 813.54,450611288834117,IB22G12
200889011,妇女、家庭与法律实践,9787559843937.0,外借,2025-03-18 16:57:41,68.0,赵刘洋,广西师范大学出版社,2021-01-01,桂林,283,D929.49,455798107287621,IB23G11
200918169,清末民国人口贩卖与家庭生活,9787208170841.0,外借,2025-03-18 16:57:41,89.0,任思梅著,上海人民出版社,2022-01-01,上海,427,D693.98,455798107287621,IB23G11
200937709,论自由,9787502055394.0,外借,2025-03-18 16:57:41,35.0,（英）密尔著,煤炭工业出版社,2017-01-01,北京,274,D081,455798107287621,IB23G11
201005535,浮出历史地表 : 现代妇女文学研究,9787301293577.0,外借,2025-03-18 16:57:41,59.0,孟悦 (1956~) 著,北京大学出版社,2018-01-01,北京,291,I206.7,455798107287621,IB23G11
200883767,银河系搭车客指南.2,9787532764655.0,归还,2025-03-18 17:06:16,53.6,(英)亚当斯著;姚向辉译,上海译文出版社,2014-01-01,上海,279,I561.45,584699845550149,IB24G10
200697745,Wordsworth: Little Prince,9781853261589.0,归还,2025-03-18 17:30:34,13.0,Saint-Exupery,Wordsworth,2010-11-01,英国,,843.912,584699861119045,IB24G10
201059148,白夜行,9787544291163.0,外借,2025-03-18 17:32:55,59.6,(日)东野圭吾著,南海出版公司,2017-01-01,海口,598,I313.45,584699861119045,IB24G10
200961129,祝勇文学笔记,9787545162387.0,外借,2025-03-18 17:37:51,68.0,祝勇著,辽海出版社,2022-01-01,沈阳,249,I217.2,584699865239621,IB24G10
201617679,我们生活在巨大的差距里,9787530223970.0,外借,2025-03-18 17:39:17,59.0,余华 著,北京十月文艺出版社 ,2024-01-01,北京 ,280,I267.1,584699865239621,IB24G10
200968248,人体解剖图谱,9787559200099.0,归还,2025-03-19 06:52:10,198.0,"(法)布尔热里 (Bourgery, Jean-Marc 1797~1849) 著", 北京美术摄影出版社,2018-01-01,北京,829,R322-64,584699859591237,IB24G10
200958320,乌合之众:群体心理学,9787533951702.0,外借,2025-03-19 11:00:21,49.8,(法)勒庞著;董强译,浙江文艺出版社,2018-01-01,杭州,247,C912.64,584699856826437,IB24G10
200821469,自由论,9787544716741.0,外借,2025-03-19 11:00:36,69.0,（英）伯林著,译林出版社,2011-01-01,南京,401,D081,584699856826437,IB24G10
201011742,休谟 ,9787544765466.0,外借,2025-03-19 11:00:43,39.0,英 艾耶尔 著),南京 译林出版社 2016,2016-01-01,南京,120,B561.291,584699856826437,IB24G10
200906608,对活人的治理：1979-198,9787208165212.0,归还,2025-03-19 11:48:12,90.0,（法）米歇尔·福柯著,上海 上海人民出版社 2020,2020-01-01,上海,541,B920,584699859378245,IB24G10
201304356,Educated: A Memoir,9780099511021.0,续借,2025-03-19 12:08:49,45.0,Tara Westover,Hutchinson,2018-11-02,英国,,270.092,584699884150853,IB24G10
200800696,关于女儿,9787559851987.0,归还,2025-03-19 15:46:11,42.0,金惠珍著,广西师范大学出版社,2022-01-01,桂林,217,I312.645,584699856826437,IB24G10
200821469,自由论,9787544716741.0,归还,2025-03-19 15:46:11,69.0,（英）伯林著,译林出版社,2011-01-01,南京,401,D081,584699856826437,IB24G10
201011742,休谟 ,9787544765466.0,归还,2025-03-19 15:46:11,39.0,英 艾耶尔 著),南京 译林出版社 2016,2016-01-01,南京,120,B561.291,584699856826437,IB24G10
201043922,规训与惩罚,9787108065841.0,归还,2025-03-19 15:46:11,58.0,(法)福柯 著,生活·读书·新知三联书店,2019-01-01,北京,353,B565.59,584699856826437,IB24G10
201006115,通往奴役之路 ,9787500421368.0,归还,2025-03-19 15:48:06,42.0,"(英)弗里德里希·奥古斯特·哈耶克 (Hayek, Friedrich August Von 1899~1992) 著", 中国社会科学出版社,1997-01-01,北京 ,270,F091.352,584699856826437,IB24G10
201022909,额尔古纳河右岸 ,9787020139590.0,外借,2025-03-19 16:20:36,32.0,迟子建 (1964~) 著, 人民文学出版社,2010-01-01,北京 ,266,I247.5,455798114512965,IB23G11
200839860,过往,9787533964337.0,外借,2025-03-19 16:20:49,45.0,艾伟著,浙江文艺出版社,2021-01-01,杭州,156,I247.5,455798114512965,IB23G11
200929594,耶鲁大学公开课,9787550238954.0,外借,2025-03-19 16:28:43,39.8,(美)史密斯著,北京联合出版公司,2015-01-01,北京,299,D0,584699856826437,IB24G10
201039250,经验主义 ,9787108066626.0,外借,2025-03-19 16:28:50,32.0,"(英)罗宾逊 (Robinson, Dave) 文", 生活·读书·新知三联书店,2019-01-01,北京 ,177,B089,584699856826437,IB24G10
201011127,政治哲学与幸福根基,9787544732819.0,外借,2025-03-19 16:28:57,39.0,(英)罚勒著;李里峰译,译林出版社,2013-01-01,南京,139,D0,584699856826437,IB24G10
200921592,素食者 ,9787541160868.0,续借,2025-03-19 16:29:17,48.0,(韩)韩江 (1970-) 著, 四川文艺出版社,2021-01-01,成都 ,191,I312.645,584699856826437,IB24G10
200958320,乌合之众:群体心理学,9787533951702.0,续借,2025-03-19 16:29:18,49.8,(法)勒庞著;董强译,浙江文艺出版社,2018-01-01,杭州,247,C912.64,584699856826437,IB24G10
200929594,耶鲁大学公开课,9787550238954.0,续借,2025-03-19 16:29:19,39.8,(美)史密斯著,北京联合出版公司,2015-01-01,北京,299,D0,584699856826437,IB24G10
201039250,经验主义 ,9787108066626.0,续借,2025-03-19 16:29:20,32.0,"(英)罗宾逊 (Robinson, Dave) 文", 生活·读书·新知三联书店,2019-01-01,北京 ,177,B089,584699856826437,IB24G10
201011127,政治哲学与幸福根基,9787544732819.0,续借,2025-03-19 16:29:21,39.0,(英)罚勒著;李里峰译,译林出版社,2013-01-01,南京,139,D0,584699856826437,IB24G10
200846576,穆斯林的葬礼,9787530222362.0,外借,2025-03-19 17:09:54,68.0,霍达著,北京十月文艺出版社,2022-01-01,北京,620,I247.5,455798100992069,IB23G11
200846576,穆斯林的葬礼,9787530222362.0,归还,2025-03-19 17:09:59,68.0,霍达著,北京十月文艺出版社,2022-01-01,北京,620,I247.5,455798100992069,IB23G11
200846576,穆斯林的葬礼,9787530222362.0,外借,2025-03-19 17:10:11,68.0,霍达著,北京十月文艺出版社,2022-01-01,北京,620,I247.5,455798100992069,IB23G11
200696675,Bantam Classics：Wuthering Heights,9780553212587.0,外借,2025-03-19 17:14:09,10.0,Emily Bronte,Bantam Classics,1983-10-01,美国,,823.8,455798100992069,IB23G11
200945629,成为波伏瓦 ,9787521723427.0,归还,2025-03-19 17:39:00,78.0,"(英)凯特·柯克帕特里克 (Kirkpatrick, Kate 1984~) 著", 中信出版集团股份有限公司,2021-01-01,北京 ,427,K835.655.6,455797991358533,IB23G11
200841081,做哲学,9787559617293.0,外借,2025-03-19 17:40:45,118.0,"(美)小西奥多·希克,刘易斯·沃恩著",北京联合出版社,2018-01-01,北京,648,B0,455797991358533,IB23G11
200929594,耶鲁大学公开课,9787550238954.0,归还,2025-03-20 08:33:18,39.8,(美)史密斯著,北京联合出版公司,2015-01-01,北京,299,D0,584699856826437,IB24G10
201039250,经验主义 ,9787108066626.0,归还,2025-03-20 08:33:21,32.0,"(英)罗宾逊 (Robinson, Dave) 文", 生活·读书·新知三联书店,2019-01-01,北京 ,177,B089,584699856826437,IB24G10
201011127,政治哲学与幸福根基,9787544732819.0,归还,2025-03-20 08:33:22,39.0,(英)罚勒著;李里峰译,译林出版社,2013-01-01,南京,139,D0,584699856826437,IB24G10
201501124,The Unbearable Lightness of Being,9780571135394.0,外借,2025-03-20 08:40:59,46.0,"Kundera, Milan",,,,, 891.86354,450611286782021,IB22G12
200690626,Disorder in the Court: Great Fractured Moments in Courtroom History,9780393319286.0,外借,2025-03-20 09:29:14,74.0,"DIXIT, AVINASH; NAL",W. W. Norton & Company,1999-08-17,美国,,347.73,450611284529221,IB22G12
201055311,连城决,9787546206141.0,外借,2025-03-20 11:39:07,35.0,金庸 (1924~2018) 著, 广州出版社,2011-01-01,广州,362,I247.5,584699888091205,IB24G10
200858508,基督山伯爵 （上）,9787532751242.0,外借,2025-03-20 12:13:00,39.0,(法)大仲马著,上海译文出版社,2010-01-01,上海,693,I565.44,584699868303429,IB24G10
200907956,音乐心理学,9787030658500.0,外借,2025-03-20 12:16:01,89.0,陈杰著,科学出版社,2020-01-01,北京,231,J60-051,455797996257349,IB23G11
200698405,Project Hail Mary,9780593355275.0,归还,2025-03-20 12:41:58,65.0,Andy Weir,Ballantine Books,2021-05-04,美国,,813.6,450611289337925,IB22G12
201324129,The curious incident of the dog in the night-time,9780099470434.0,归还,2025-03-20 15:41:29,60.0,"Haddon, Mark, 1962-",Vintage,2003-01-01,London,271,823.92,450611282698309,IB22G12
201323086,The Art of Racing in the Rain Intl,9780062023063.0,外借,2025-03-20 15:46:14,70.0,Garth Stein,HARPER COLLINS US BRAND CODE,2010-08-31,,0,813.54,450611282698309,IB22G12
200995502,算法导论 ,9787111407010.0,外借,2025-03-20 16:14:07,128.0,"(美)科尔曼 (Cormen, Thomas H.) 著", 机械工业出版社,2013-01-01,北京 ,13780,TP301.6,450611267612741,IB22G12
200876221,哲学课,9787521717372.0,外借,2025-03-20 17:41:48,98.0,"(美)威尔·杜兰特 (Durant, Will 1885~1981) 著",中信出版社,2021-01-01,北京,27419,B,584699856826437,IB24G10
200958507,这就是哲学,9787545477306.0,外借,2025-03-20 17:41:48,52.0,（日）山竹伸二著,广东经济出版社,2021-01-01,广州,235,B,584699856826437,IB24G10
200994460,我的十堂大体解剖课 ,9787203107552.0,外借,2025-03-21 07:16:24,36.0,何翰蓁 著, 山西人民出版社,2019-01-01,太原 ,230,R322,584699859591237,IB24G10
201028244,维塔 : 社会遗弃下的疯癫与文明,9787305252563.0,外借,2025-03-21 07:16:29,68.0,"(巴西)若昂·比尔 (Biehl, Jo?o Guilherme, 1960~) 著",南京大学出版社,2022-01-01,南京,454,R199.777,584699859591237,IB24G10
201019236,山海变.6水云乡,9787020166725.0,外借,2025-03-21 07:17:23,58.0,八月槎,人民文学出版社,2022-01-01,北京,297,I247.5,584699884843077,IB24G10
201019236,山海变.6水云乡,9787020166725.0,续借,2025-03-21 07:17:37,58.0,八月槎,人民文学出版社,2022-01-01,北京,297,I247.5,584699884843077,IB24G10
200917080,"做中学电子电路, 电路基础 ",9787030596451.0,归还,2025-03-21 11:47:01,68.0,(日)ADWIN株式会社 著, 科学出版社,2019-01-01,北京 ,121,TN7,584699871535173,IB24G10
201035441,不可不知的36种电子元器件,9787115440969.0,归还,2025-03-21 11:47:01,49.0,张晓东著, 人民邮电出版社,2017-01-01,北京 ,266,TN-49,584699871535173,IB24G10
200872555,永恒的边缘.Ⅰ,9787559403223.0,外借,2025-03-21 11:49:10,56.0,(英)福莱特著,江苏凤凰文艺出版社,2017-01-01,南京,420,I561.45,584699871535173,IB24G10
200825759,巴比伦,9787520150446.0,外借,2025-03-21 11:57:41,69.0,(英）克里瓦切克著,社会科学文献出版社·甲骨文工作室(分社),2020-01-01,北京,385,K124.3,584699851386949,IB24G10
200988850,建筑师的1堂必修课,9787111711544.0,外借,2025-03-21 11:58:34,49.0,罗松著,机械工业出版社,2022-01-01,北京,301,TU,584699871535173,IB24G10
200988663,好好告别,9787572502583.0,续借,2025-03-21 12:20:38,79.9,（英）曼尼克斯著,河南科学技术出版社,2021-01-01,郑州,11327,I712.55,584699847327813,IB24G10
200877328,海明威短篇小说全集.上,9787532781560.0,归还,2025-03-24 08:08:25,69.0,(美)海明威(Ernest Hemingway)著 陈良廷，蔡慧等译,上海译文出版社有限公司,2019-01-01,上海,987,I712.45,450611302723653,IB22G12
200889752,纳博科夫文学讲稿三种·俄罗斯文学讲稿,9787532778423.0,归还,2025-03-24 08:08:29,89.0,(美)纳博科夫著,上海译文出版社,2018-01-01,上海,380,I106,450611304542277,IB22G12
200879040,纳博科夫文学讲稿三种·唐吉坷德讲稿,9787532778423.0,归还,2025-03-24 08:08:37,89.0,(美)纳博科夫著,上海译文出版社,2018-01-01,上海,287,I106,450611304542277,IB22G12
200889761,纳博科夫文学讲稿三种·文学讲稿,9787532778423.0,归还,2025-03-24 08:08:40,89.0,(美)纳博科夫著,上海译文出版社,2018-01-01,上海,439,I106,450611304542277,IB22G12
200859776,鼠疫,9787532761753.0,归还,2025-03-24 08:08:43,45.0,（法）加缪著,上海译文出版社,2013-01-01,上海,273,I565.45,450611302723653,IB22G12
200877872,罗生门,9787532751495.0,归还,2025-03-24 08:08:46,40.0,(日)芥川龙之介著;林少华译,上海译文出版社,2010-01-01,上海,249,I313.45,450611302723653,IB22G12
200859605,包法利夫人,9787532784721.0,归还,2025-03-24 08:08:49,58.0,(法)福楼拜著　李健吾译,上海译文出版社,2020-01-01,上海,408,I565.44,450611302723653,IB22G12
200821370,极端的年代:1914-1991,9787508674629.0,外借,2025-03-24 08:09:54,128.0,(英)霍布斯鲍姆著;郑明萱译,中信出版社,2017-01-01,北京,724,K1,450611302723653,IB22G12
200949055,文学批评入门,9787576004441.0,归还,2025-03-24 08:10:02,54.0,汤拥华 (1976~) 著,华东师范大学出版社,2020-01-01,上海,300,I06,450611325075525,IB22G12
201319563,Little Book of Politics,9780241426432.0,归还,2025-03-24 08:10:02,45.0,DK,Dorling Kindersley Ltd,2020-05-07,美国,,320,450611325075525,IB22G12
200862094,变形记,9787532756964.0,外借,2025-03-24 08:35:50,38.0,(奥)卡夫卡著,上海译文出版社,2012-01-01,上海,517,I521.45,450611302723653,IB22G12
201017586,伦敦围城,9787020142125.0,外借,2025-03-24 09:34:32,39.0,（美）詹姆斯著,人民文学出版社,2021-01-01,北京,122,I712.44,450611283214405,IB22G12
201307709,Penguin Vitae: The Age of Innocence,9780143134817.0,外借,2025-03-24 09:34:41,77.0,Edith Wharton,Penguin USA,2021-02-23,美国,,813.52,450611283214405,IB22G12
200923518,买办的女儿,9787533962951.0,外借,2025-03-24 09:34:51,69.0,赵柏田著,浙江文艺出版社,2022-01-01,杭州,446,I247.5,450611283214405,IB22G12
201027897,三国演义.上,9787020008728.0,外借,2025-03-24 09:35:02,20.0,(明)罗贯中著,人民文学出版社,2017-01-01,北京,990,I242.4,450611283214405,IB22G12
200835926,诺曼征服 : 黑斯廷斯战役与英格兰诺曼王朝的崛起,,归还,2025-03-24 11:51:38,98.0,"(英)莫里斯 (Morris, Marc) 著", 西安出版社,2020-01-01,西安,536,K561.07,584699851386949,IB24G10
201005125,拉丁美洲史,9787507551341.0,归还,2025-03-24 11:51:38,98.0,韦伯斯特著,华文出版社,2019-01-01,北京,338,K73,584699851386949,IB24G10
200822459,美利坚的民族,9787520178853.0,外借,2025-03-24 11:53:58,79.0,（美）伍达德著,社会科学文献出版社,2021-01-01,北京,23404,K710.03,584699851386949,IB24G10
200879022,纳博科夫文学讲稿三种·唐吉坷德讲稿,9787532778423.0,外借,2025-03-24 12:27:51,90.0,(美)纳博科夫著,上海译文出版社,2018-01-01,上海,287,I106,450611302723653,IB22G12
201303295,Lolly Willowes,9780241573785.0,归还,2025-03-24 13:29:16,47.0,Sylvia Townsend Warner,Penguin UK,2022-08-25,英国,,823.91,455798035157061,IB23G11
200835908,北洋觉梦录,9787559847010.0,外借,2025-03-24 13:34:47,49.0,禅心初著,广西师范大学出版社,2022-01-01,桂林,282,K258.206,584699887878213,IB24G10
200814324,背德者,9787505735910.0,归还,2025-03-24 15:07:49,39.8,"(法)安德烈·纪德 (Gide, André 1869~1951) 著",中国友谊出版公司,2015-01-01,北京,25142,I565.45,584699859378245,IB24G10
200805584,在绝望之巅,9787559660503.0,外借,2025-03-24 15:09:15,49.8,(法)齐奥朗著　唐江译,北京联合出版公司,2022-01-01,北京,203,B565.59,584699859378245,IB24G10
201000521,斯宾诺莎与表现问题,9787100168984.0,外借,2025-03-24 15:09:19,39.0,（法）德勒兹著,商务印书馆,2019-01-01,北京,382,B563.1,584699859378245,IB24G10
200697665,Fantastic Beasts: The Crimes of Grindelwald – The Original Screenplay PB,9780751578287.0,归还,2025-03-24 16:32:52,45.0,"Rowling, J.K.",Little Brown UK,2019-11-14,英国,,791.43,584699842498629,IB24G10
200980073,树犹如此,9787549563517.0,归还,2025-03-24 17:15:22,68.0,白先勇著,广西师范大学出版社,2015-01-01,桂林,392,I267,584699887439941,IB24G10
200903932,犯罪心理学 ,9787559436108.0,外借,2025-03-24 17:47:40,59.0,"(英)格罗斯 (Gross, Hans 1847~) 著", 江苏凤凰文艺出版社,2019-01-01,南京 ,15414,D917.2,450611271848005,IB22G12
200886470,第二性,9787532763399.0,外借,2025-03-25 06:47:02,180.0,(法)波伏瓦著;郑克鲁译,上海译文出版社,2017-01-01,上海,949,C913.68,584699847753797,IB24G10
200851033,违童之愿 ,9787108048455.0,归还,2025-03-25 06:58:05,35.0,"(美)霍恩布鲁姆 (Hornblum, Allen M.) 著", 生活·读书·新知三联书店,2015-01-01,北京 ,14280,R-097,584699859591237,IB24G10
200994460,我的十堂大体解剖课 ,9787203107552.0,归还,2025-03-25 06:58:05,36.0,何翰蓁 著, 山西人民出版社,2019-01-01,太原 ,230,R322,584699859591237,IB24G10
200696407,Signet Classics: Dracula,9780451530660.0,外借,2025-03-25 11:34:41,13.0,Bram Stoker,Signet,2007-09-04,美国,,823.8,450611283214405,IB22G12
200870129,字母表谜案 ,9787555911425.0,归还,2025-03-25 12:10:41,42.0,"(日)大山诚一郎 (Oyama, Seiichiro, 1971~) 著", 河南文艺出版社,2021-01-01,郑州 ,283,I313.45,450611280293957,IB22G12
200967588,宗教哲学经典选读,9787301095720.0,归还,2025-03-25 12:26:31,59.8,（美）斯图尔特著,北京大学出版社,2005-01-01,北京,653,B920,584699859378245,IB24G10
200923518,买办的女儿,9787533962951.0,归还,2025-03-25 13:23:27,69.0,赵柏田著,浙江文艺出版社,2022-01-01,杭州,446,I247.5,450611283214405,IB22G12
200825759,巴比伦,9787520150446.0,归还,2025-03-25 13:42:47,69.0,(英）克里瓦切克著,社会科学文献出版社·甲骨文工作室(分社),2020-01-01,北京,385,K124.3,584699851386949,IB24G10
200779755,经济用语图鉴,9787544298841.0,归还,2025-03-25 16:20:29,68.0,(日)花冈幸子 著,南海出版公司,2021-01-01,海口,299,F0-49,450611250929733,IB22G12
200755414,叔凡说法 一看就懂的法律常识,9787559657015.0,归还,2025-03-25 16:20:35,59.8,李叔凡 著, 北京联合出版公司,2021-01-01,北京 ,256,D920.5,450611250929733,IB22G12
200535616,如何成为幸福的有钱人,9787542673831.0,归还,2025-03-25 16:20:40,59.0,(日)和田裕美著　英尔岛译,上海三联书店,2022-01-01,上海,158,F014.41,450611250929733,IB22G12
200541388,做一杯美味咖啡,9787559203908.0,归还,2025-03-25 16:20:44,68.0,堀口俊英,北京美术摄影出版社,2020-01-01,北京,167,TS273,450611254730821,IB22G12
200779791,设计的细节 : 日本经典设计透析,9787115434500.0,归还,2025-03-25 16:20:50,59.0,(日)日经设计 编,人民邮电出版社,2016-01-01,北京,185,TB21,450611254730821,IB22G12
200535938,料理图鉴,9787535676238.0,归还,2025-03-25 16:20:53,70.0,(日)越智登代子著　(日)平野惠理子绘　杨晓婷译,湖南美术出版社,2018-01-01,长沙,383,TS972.11,450611254730821,IB22G12
200699770,Signet Classics: The Age of Innocence,9780451530882.0,归还,2025-03-25 16:33:58,13.0,Edith Wharton,Signet,2008-03-04,美国,,813.52,450611283214405,IB22G12
201020064,如果尸体会说话,9787571015923.0,外借,2025-03-25 16:59:43,59.0,（美）罗琦著,湖南科学技术出版社,2022-01-01,长沙,235,R322,584699859591237,IB24G10
201029403,公寓,9787540482848.0,外借,2025-03-25 16:59:50,38.0,(英)格雷,湖南文艺出版社,2017-01-01,长沙,314,I561.45,584699859591237,IB24G10
200685892,Five Survive,9780593704899.0,归还,2025-03-26 10:09:47,51.0,"Jackson, Holly",Delacorte Press,2022-11-29,,0,823.92,450611289841733,IB22G12
200690626,Disorder in the Court: Great Fractured Moments in Courtroom History,9780393319286.0,续借,2025-03-26 12:13:34,74.0,"DIXIT, AVINASH; NAL",W. W. Norton & Company,1999-08-17,美国,,347.73,450611284529221,IB22G12
200696513,Watching the English: The International Bestseller Revised and Updated,9781444785203.0,续借,2025-03-26 12:13:36,55.0,Kate Fox,Hodder,2014-10-23,英国,,306.094,450611284529221,IB22G12
201322489,DK-Big Ideas：The Law Book,9780241410196.0,续借,2025-03-26 12:13:38,89.0,DK,DK Publishing,2020-09-03,英国,,340.09,450611284529221,IB22G12
201301260,Accounting 11,9781507202920.0,外借,2025-03-26 12:13:52,65.0,"Cagan, Michele",Adams Media Corporation,2017-05-09,New York,272,657,450611284529221,IB22G12
200695729,The Personal MBA,9780670919536.0,外借,2025-03-26 12:14:00,65.0,Josh Kaufman,penguin uk,2012-09-06,英国,,650,450611284529221,IB22G12
201303035,HBRs 1 Must Reads on Strategy,9781422157985.0,外借,2025-03-26 12:14:07,103.0,Harvard Business Review,Harvard Business Review Press,2011-02-07,美国,,658.401,450611284529221,IB22G12
201306194,Negotiation Genius,9780553384116.0,外借,2025-03-26 12:14:13,53.0,Deepak Malhotra & Max Bazerman,Bantam,2008-08-26,美国,,658.40,450611284529221,IB22G12
201300289,False Justice: Eight Myths that Convict the Innocent,9781138783003.0,外借,2025-03-26 12:14:21,225.0,Petro,Routledge,2018-12-06,英国,,320.97,450611284529221,IB22G12
201303035,HBRs 1 Must Reads on Strategy,9781422157985.0,归还,2025-03-26 12:42:02,103.0,Harvard Business Review,Harvard Business Review Press,2011-02-07,美国,,658.401,450611284529221,IB22G12
201306194,Negotiation Genius,9780553384116.0,归还,2025-03-26 12:42:02,53.0,Deepak Malhotra & Max Bazerman,Bantam,2008-08-26,美国,,658.40,450611284529221,IB22G12
201301260,Accounting 11,9781507202920.0,归还,2025-03-26 12:42:04,65.0,"Cagan, Michele",Adams Media Corporation,2017-05-09,New York,272,657,450611284529221,IB22G12
200695729,The Personal MBA,9780670919536.0,归还,2025-03-26 12:42:09,65.0,Josh Kaufman,penguin uk,2012-09-06,英国,,650,450611284529221,IB22G12
200858214,小妇人,9787532757008.0,续借,2025-03-26 13:51:31,48.0,(美)奥尔科特著,上海译文出版社,2012-01-01,上海,535,I712.44,584699868303429,IB24G10
201306504,Emotional Design,9780465051366.0,归还,2025-03-26 16:32:38,55.0,Don Norman,Basic Books,2005-05-11,美国,,155.911,584699847979077,IB24G10
201315503,Ib Diploma Programme Physics 223 Edition Student Book,9781382016599.0,外借,2025-03-26 17:24:43,330.0,"Homer, David; Heathcote, William; Pietka, Maciej","Oxford University Press, USA",2023-03-03,UK,720,IB-4-PH-5,584699861119045,IB24G10
200980064,台北人,9787549559886.0,归还,2025-03-26 17:28:28,69.0,白先勇著,广西师范大学出版社,2015-01-01,桂林,291,I247.7,584699868303429,IB24G10
201065284,人形爱情故事,9787513353465.0,外借,2025-03-27 11:43:52,69.0,（英）珍妮特.温特森著 ,新星出版社 ,2024-01-01,北京 ,346,I561.45,450611288834117,IB22G12
201065818,出发吧！了不起的身体旅行 .2,9787559664136.0,外借,2025-03-27 11:52:37,88.0,邓超 著,北京联合出版公司 ,2022-01-01,北京 ,204,R33-49,450611288834117,IB22G12
200035746,physics workbook with CD-ROM,9781316634929.0,外借,2025-03-27 12:16:33,167.0,Mark Farrington,Cambridge University Pre,2017-01-01,New York,242,IB-4-PH-5,584699861119045,IB24G10
200979183,悉达多,9787201112695.0,外借,2025-03-27 12:22:26,32.0,(德)黑塞著 姜乙译,天津人民出版社,2017-01-01,天津,137,I516.45,584699875364933,IB24G10
200925927,北欧神话 ,9787513923224.0,外借,2025-03-27 12:22:33,66.0,"(英)卡罗琳·拉灵顿 (Larrington, Carolyne) 著", 民主与建设出版社有限责任公司,2018-01-01,北京 ,16183,I530.73,584699875364933,IB24G10
200686819,The Da Vinci Code,9780552161275.0,归还,2025-03-27 15:04:09,39.0,Dan Brown,Random House UK,2009-09-01,英国,,813.54,450611289841733,IB22G12
200689647,Harry Potter and the Chamber of Secrets,9781408898154.0,归还,2025-03-27 15:04:09,102.0,"Rowling, J. K.",Bloomsbury UK,,,,823.914,450611289841733,IB22G12
201302982,The Gospel of Loki,9781473202375.0,外借,2025-03-27 17:35:20,47.0,Joanne M Harris,Gollancz,2015-06-04,英国,,823.91,584699842498629,IB24G10
200817642,存在主义咖啡馆:自由、存在和杏子鸡尾酒,9787559610782.0,归还,2025-03-27 17:46:02,88.0,(美)贝克韦尔,北京联合出版公司,2018-01-01,北京,563,B085,455797997469765,IB23G11
200954413,舞台灯光设计概要,9787104020578.0,外借,2025-03-27 17:47:14,46.0,冯德仲著,中国戏剧出版社,2007-01-01,北京,200,J814.4,455797997469765,IB23G11
201023757,万历十五年,9787101101621.0,外借,2025-03-28 07:13:18,65.0,(美)黄仁宇著,中华书局,2014-01-01,北京,387,K248.307,584699859591237,IB24G10
200977096,人体形态学,9787568087124.0,外借,2025-03-28 07:16:52,69.9,张烨,华中科技大学出版社,2022-01-01,武汉,339,R32,584699859591237,IB24G10
200192665,IBDP中文A文学课程专题拓展论文及个人口头评论优秀范例点评,9789620441417.0,外借,2025-03-28 12:37:12,128.0,"苏媛,李萍著",三联书店(香港)有限公司,2018-01-01,香港,249,IB-1-CH-1,455797989703749,IB23G11
200878657,金银岛·化身博士,9787532778225.0,外借,2025-03-28 14:13:24,28.0,(英)斯蒂文森著,上海译文出版社,2018-01-01,上海,298,I561.44,450611302723653,IB22G12
200809198,红楼梦:上,9787020137466.0,续借,2025-03-30 18:00:46,33.5,曹学芹著,人民文学出版社,2018-01-01,北京,1315,I242.4,584699858526277,IB24G10
200868178,作为意志和表象的世界,9787553524481.0,外借,2025-03-31 06:52:48,68.0,（德）叔本华著,上海文化出版社,2021-01-01,上海,587,B516.41,584699841630277,IB24G10
201053233,第一哲学沉思录,9787532788446.0,外借,2025-03-31 06:53:01,78.0,（法）笛卡尔著,上海译文出版社有限公司,2022-01-01,上海,174,B565.21,584699841630277,IB24G10
200971092,审判 ,9787513930826.0,外借,2025-03-31 06:53:06,49.8,(奥)弗兰兹·卡夫卡 著, 民主与建设出版社有限责任公司,2020-01-01,北京 ,222,I521.45,584699841630277,IB24G10
201325422,The woman in white,9780141389431.0,归还,2025-03-31 07:46:13,35.0,"Collins, Wilkie, 1824-1889; Sutherland, John, 1938-; Sweet, Matthew; Sucksmith, Harvey Peter",Penguin UK,2012-01-01,UK,718,823.8,455798075973701,IB23G11
201323086,The Art of Racing in the Rain Intl,9780062023063.0,归还,2025-03-31 09:31:17,70.0,Garth Stein,HARPER COLLINS US BRAND CODE,2010-08-31,,0,813.54,450611282698309,IB22G12
200820816,飘·上,9787544777407.0,归还,2025-03-31 09:31:18,44.0,(美)米切尔著,译林出版社,2019-01-01,南京,1047,I712.45,450611282698309,IB22G12
201311231,Chocolat,9780552998482.0,外借,2025-03-31 09:58:02,37.0,Joanne Harris,Black Swan Books,1999-03-04,英国,,823.91,450611282698309,IB22G12
200820825,飘·下,9787544777407.0,外借,2025-03-31 09:58:13,44.0,(美)米切尔著,译林出版社,2019-01-01,南京,1047,I712.45,450611282698309,IB22G12
201324673,Orlando,9780241371961.0,外借,2025-03-31 11:25:54,55.0,"Woolf, Virginia",Penguin Books Ltd,2019-03-07,,336,823.912,455798075973701,IB23G11
201047214,数学建模教学案例精选,9787040589177.0,外借,2025-03-31 12:19:45,41.1,韩中庚著,高等教育出版社,2022-01-01,北京,308,O141.4,584699866955845,IB24G10
200979183,悉达多,9787201112695.0,归还,2025-03-31 12:25:59,32.0,(德)黑塞著 姜乙译,天津人民出版社,2017-01-01,天津,137,I516.45,584699875364933,IB24G10
201324959,Peter Pan,9781909621633.0,归还,2025-03-31 12:27:35,51.0,"Barrie, J. M.",Macmillan,,London,200,823.912,584699861119045,IB24G10
200881849,舞!舞!舞!,9787532765461.0,外借,2025-03-31 15:47:40,60.0,(日)村上春树著,上海译文出版社,2014-01-01,上海,478,I313.45,450611310915653,IB22G12
200878657,金银岛·化身博士,9787532778225.0,归还,2025-03-31 16:13:15,28.0,(英)斯蒂文森著,上海译文出版社,2018-01-01,上海,298,I561.44,450611302723653,IB22G12
200869195,小姨多鹤 ,9787506390507.0,外借,2025-03-31 17:27:55,29.0,(美)严歌苓 (女， 1958~) 著, 作家出版社,2016-01-01,北京 ,321,I247.5,455798105178181,IB23G11
200932553,5分钟怪诞数学 : 那些看似不可能的生活真相,9787572208522.0,外借,2025-03-31 17:28:33,48.0,(德)克里斯蒂安·黑塞,浙江教育出版社,2021-01-01,杭州,205,O1-49,455798105178181,IB23G11
200916134,时尚中的数学 ,9787030567475.0,外借,2025-03-31 17:28:39,49.0,(美)西蒙斯 (数学) 著, 科学出版社,2018-01-01,北京 ,62,O1-49,455798105178181,IB23G11
200807056,本巴,9787544787932.0,外借,2025-04-01 09:27:48,59.0,刘亮程著,译林出版社,2022-01-01,南京,319,I247.5,455797989703749,IB23G11
201006115,通往奴役之路 ,9787500421368.0,外借,2025-04-01 13:37:59,42.0,"(英)弗里德里希·奥古斯特·哈耶克 (Hayek, Friedrich August Von 1899~1992) 著", 中国社会科学出版社,1997-01-01,北京 ,270,F091.352,584699856826437,IB24G10
201407655,Amusing Ourselves to Death[娱乐至死],9780143036531.0,归还,2025-04-01 14:01:02,94.0,"Postman, Neil[尼尔·波兹曼]",PENGUIN GROUP,2006-01-01,NEW YORK,184,302.234,450611289337925,IB22G12
201065248,语言恶女：女性如何夺回语言,9787559675583.0,外借,2025-04-01 14:08:20,62.0,（美）阿曼达.蒙特尔著 ,北京联合出版公司 ,2024-01-01,北京 ,253,H0-49,584699856826437,IB24G10
200883758,银河系搭车客指南.1,9787532764655.0,归还,2025-04-01 16:44:30,53.6,(英)亚当斯著;姚向辉译,上海译文出版社,2014-01-01,上海,279,I561.45,455798075195461,IB23G11
200174382,牛蛙,9787510857720.0,归还,2025-04-01 16:50:30,39.8,胡迁著,九州出版社,2017-01-01,北京,294,I247.5,450611266056261,IB22G12
200207178,洛丽塔,9787532738151.0,归还,2025-04-01 16:50:34,39.0,(美)弗拉基米尔·纳博科夫著,上海译文出版社,2015-01-01,上海,503,I712.45,450611266056261,IB22G12
201028244,维塔 : 社会遗弃下的疯癫与文明,9787305252563.0,归还,2025-04-02 06:52:19,68.0,"(巴西)若昂·比尔 (Biehl, Jo?o Guilherme, 1960~) 著",南京大学出版社,2022-01-01,南京,454,R199.777,584699859591237,IB24G10
201029403,公寓,9787540482848.0,归还,2025-04-02 06:52:19,38.0,(英)格雷,湖南文艺出版社,2017-01-01,长沙,314,I561.45,584699859591237,IB24G10
201006990,博弈与社会,9787301218211.0,归还,2025-04-02 07:41:52,68.0,张维迎著,北京大学出版社,2013-01-01,北京,,F224.32,455798095261765,IB23G11
201049481,哈佛经济学笔记 ,9787539938608.0,归还,2025-04-02 07:42:02,42.0,陈晋 (女) 著, 江苏文艺出版社,2010-01-01,南京 ,288,F0-49,455798095261765,IB23G11
200868515,助推：如何做出有关健康、财富与幸福的最佳决策,9787508684918.0,归还,2025-04-02 07:42:05,59.0,"(美)泰勒 (Thaler, Richard H. 1945~) 著", 中信出版集团股份有限公司,2018-01-01,北京 ,23330,F0-49,455798095261765,IB23G11
201031365,“错误”的行为,9787508684512.0,归还,2025-04-02 07:42:08,69.0,(美)塞勒著,中信出版集团股份有限公司,2018-01-01,北京 ,31417,F069.9-49,455798095261765,IB23G11
200868515,助推：如何做出有关健康、财富与幸福的最佳决策,9787508684918.0,外借,2025-04-02 07:47:37,59.0,"(美)泰勒 (Thaler, Richard H. 1945~) 著", 中信出版集团股份有限公司,2018-01-01,北京 ,23330,F0-49,455798095261765,IB23G11
201031365,“错误”的行为,9787508684512.0,外借,2025-04-02 07:47:37,69.0,(美)塞勒著,中信出版集团股份有限公司,2018-01-01,北京 ,31417,F069.9-49,455798095261765,IB23G11
201049481,哈佛经济学笔记 ,9787539938608.0,外借,2025-04-02 07:47:37,42.0,陈晋 (女) 著, 江苏文艺出版社,2010-01-01,南京 ,288,F0-49,455798095261765,IB23G11
201310492,"Girl, woman, other",9780241984994.0,归还,2025-04-02 09:38:45,70.0,"Evaristo, Bernardine, 1959-",Penguin,2020-01-01,UK,453,823.914,450611289337925,IB22G12
200945111,穆斯林的葬礼,9787530222362.0,外借,2025-04-02 11:35:11,68.0,霍达著,北京十月文艺出版社,2022-01-01,北京,620,I247.5,455798105178181,IB23G11
200991515,终极观星指南,9787556708277.0,外借,2025-04-02 12:13:55,98.0,(美)鲍勃·金著,海峡书局,2021-01-01,福州,266,P12-62,450611319373893,IB22G12
201047232,自然地理学,9787040228762.0,归还,2025-04-02 12:25:29,52.8,伍光和著,高等教育出版社,2008-01-01,北京,502,P9,584699853152325,IB24G10
200945111,穆斯林的葬礼,9787530222362.0,归还,2025-04-02 12:31:54,68.0,霍达著,北京十月文艺出版社,2022-01-01,北京,620,I247.5,455798105178181,IB23G11
201323086,The Art of Racing in the Rain Intl,9780062023063.0,外借,2025-04-02 12:42:14,70.0,Garth Stein,HARPER COLLINS US BRAND CODE,2010-08-31,,0,813.54,584699881758789,IB24G10
201309397,The New Yorker Stories,9781439168752.0,外借,2025-04-02 14:34:04,57.0,Ann Beattie,Simon & Schuster,2011-10-11,美国,,813.54,450611325075525,IB22G12
200693776,The Sound and the Fury,9780099475019.0,外借,2025-04-02 14:34:12,28.0,William Faulkner,Random House UK,2009-05-07,英国,,813.52,450611325075525,IB22G12
201312310,Rhetoric: A Very Short Introduction,9780199651368.0,外借,2025-04-02 14:38:36,48.0,"Toye, Richard",Oxford University Press,2013-03-28,英国,,808,450611325075525,IB22G12
200823243,一句顶一万句,9787536097261.0,外借,2025-04-02 16:33:18,68.0,刘震云 著,花城出版社,2022-01-01,广州,620,I247.5,455797989703749,IB23G11
200870584,女孩们,9787559612236.0,外借,2025-04-02 16:44:59,49.8,(美)克莱因著;韩冬译,北京联合出版公司,2018-01-01,北京,353,I712.45,584699880865861,IB24G10
200807056,本巴,9787544787932.0,归还,2025-04-03 07:36:52,59.0,刘亮程著,译林出版社,2022-01-01,南京,319,I247.5,455797989703749,IB23G11
200859865,反抗者,9787532777280.0,外借,2025-04-03 08:48:00,58.0,(法)加缪著　沈志明译,上海译文出版社有限公司,2018-01-01,上海,425,I565.65,455797921001541,IB23G11
200870584,女孩们,9787559612236.0,归还,2025-04-03 08:54:55,49.8,(美)克莱因著;韩冬译,北京联合出版公司,2018-01-01,北京,353,I712.45,584699880865861,IB24G10
200860103,黑塞童话集,9787532780822.0,外借,2025-04-03 09:31:55,98.0,（德）黑塞著,上海译文出版社,2019-01-01,上海,258,I516.15,584699880865861,IB24G10
200874081,海上钢琴师,9787540482732.0,外借,2025-04-03 09:31:55,48.0,(意)巴里科著,湖南文艺出版社,2017-01-01,长沙,173,I546.45,584699880865861,IB24G10
200847469,文城,9787530221099.0,归还,2025-04-03 09:45:11,59.0,余华著,北京十月文艺出版社,2021-01-01,北京,348,I247.5,450611308707909,IB22G12
200943426,正在抢救中,9787553211213.0,外借,2025-04-03 11:43:35,59.8,李鸿政著,贵州科技出版社,2022-01-01,贵阳,296,R197.1,584699859591237,IB24G10
200909892,边城,9787214108463.0,外借,2025-04-03 11:45:22,32.0,沈从文著,江苏人民出版社,2014-01-01,南京,278,I246.5,584699859591237,IB24G10
200842972,自杀论 ,9787100132343.0,外借,2025-04-03 11:46:03,52.0,"(法)迪尔凯姆 (Durkheim, Emile 1858~1917) 著", 商务印书馆,2017-01-01,北京 ,435,C913.9,584699874725957,IB24G10
200842972,自杀论 ,9787100132343.0,归还,2025-04-03 11:46:42,52.0,"(法)迪尔凯姆 (Durkheim, Emile 1858~1917) 著", 商务印书馆,2017-01-01,北京 ,435,C913.9,584699874725957,IB24G10
200690047,How to Stay Sane in an Age of Division : From the Booker shortlisted author of 1 Minutes 38 Seconds in This Strange World,9781788165723.0,外借,2025-04-03 12:15:13,26.0,Elif Shafak,Profile Books,2020-08-27,英国,,814.6,584699866955845,IB24G10
201058602,社会学基本概念,9787301344477.0,续借,2025-04-03 12:16:53,79.0,(英）安东尼·吉登斯 著,北京大学出版社 ,2023-01-01,北京 ,353,C91,584699866955845,IB24G10
200691581,The Offing,9781526611307.0,续借,2025-04-03 12:16:55,48.0,Benjamin Myers,Bloomsbury UK,2020-03-05,英国,,823.92,584699866955845,IB24G10
201047214,数学建模教学案例精选,9787040589177.0,续借,2025-04-03 12:16:56,41.1,韩中庚著,高等教育出版社,2022-01-01,北京,308,O141.4,584699866955845,IB24G10
200874722,极简天文学 ,9787521700930.0,外借,2025-04-03 12:23:44,49.0,"(英)科林·斯图尔特 (Stuart, Colin) 著", 中信出版集团股份有限公司,2019-01-01,北京 ,293,P1-49,584699869589573,IB24G10
200998162,人人都该懂的脑科学 ,9787557686642.0,外借,2025-04-03 12:32:18,65.9,"(英)阿马尔·阿尔查拉比 (Al-Chalabi, Ammar) 著", 天津科学技术出版社,2020-01-01,天津 ,280,R338.2-49,584699874725957,IB24G10
200991855,脑机穿越 : 脑机接口改变人类未来,9787213065835.0,外借,2025-04-03 12:32:23,79.9,"(巴西)米格尔·尼科莱利斯 (Nicolelis, Miguel A.) 著",浙江人民出版社,2015-01-01,杭州,10282,R338.2,584699874725957,IB24G10
201322130,A Brief History of Time,9780553380163.0,外借,2025-04-03 13:37:30,120.0,"Hawking, Stephen",Bantam,1998-09-01,,224,523.1 ,450611289337925,IB22G12
201019183,山海变.1指间错,9787020169283.0,归还,2025-04-03 14:10:15,58.0,八月槎,人民文学出版社,2022-01-01,北京,315,I247.5,584699884843077,IB24G10
200921592,素食者 ,9787541160868.0,归还,2025-04-03 14:33:29,48.0,(韩)韩江 (1970-) 著, 四川文艺出版社,2021-01-01,成都 ,191,I312.645,584699856826437,IB24G10
200808885,堂吉诃德,9787540254308.0,归还,2025-04-07 07:30:06,128.0,（西）塞万提斯著,北京燕山出版社,2019-01-01,北京,101036,I551.43,584699875151941,IB24G10
201323558,Rebecca,9781844080380.0,归还,2025-04-07 09:24:48,74.0,"Du Maurier, Daphne, 1907-1989",Virago Press,2003-01-01,UK,441,823.912,450611289841733,IB22G12
200692483,Wordsworth: Social Contract,9781853267819.0,外借,2025-04-07 10:12:26,20.0,Jean-Jacques Roussea,Wordsworth,1998-03-05,英国,,320.01,450611289337925,IB22G12
200693044,A Theory of Justice: Original Edition,9780674017726.0,外借,2025-04-07 10:12:32,196.0,"Rawls, John",Harvard University Press,2005-04-30,美国,,320.01,450611289337925,IB22G12
201020064,如果尸体会说话,9787571015923.0,归还,2025-04-07 10:25:41,59.0,（美）罗琦著,湖南科学技术出版社,2022-01-01,长沙,235,R322,584699859591237,IB24G10
200805584,在绝望之巅,9787559660503.0,归还,2025-04-07 10:33:43,49.8,(法)齐奥朗著　唐江译,北京联合出版公司,2022-01-01,北京,203,B565.59,584699859378245,IB24G10
200922092,康德,9787100176910.0,归还,2025-04-07 10:33:43,45.0,（德）布兰特著,商务印书馆,2019-01-01,北京,352,B516.31,584699859378245,IB24G10
200827677,基督教神学,9787544732871.0,外借,2025-04-07 10:37:12,39.0,(英)福特著;吴周放译,译林出版社,2014-01-01,南京,181,B972,584699859378245,IB24G10
201002716,致死的疾病,9787516124512.0,外借,2025-04-07 10:38:22,96.0,克尔凯郭尔著,中国社会科学出版社,2013-01-01,北京,595,B534,584699859378245,IB24G10
200957152,社会性动物 ,9787567599703.0,外借,2025-04-07 10:49:42,79.0,"(美)艾略特·阿伦森 (Aronson, Elliot) 著", 华东师范大学出版社,2020-01-01,上海 ,380,C912.6,450611292119109,IB22G12
200859856,米佳的爱情,9787532783618.0,外借,2025-04-07 10:54:27,65.0,"(俄)蒲宁 (Бунин, ИванАлексеевич 1870~1953) 著",上海译文出版社,2020-01-01,上海,10502,I512.45,450611302723653,IB22G12
200862094,变形记,9787532756964.0,归还,2025-04-07 11:47:19,38.0,(奥)卡夫卡著,上海译文出版社,2012-01-01,上海,517,I521.45,450611302723653,IB22G12
200953110,写给大家的平面设计手册,9787574102293.0,外借,2025-04-07 11:55:45,78.0,（日）生田信一著,江苏凤凰美术出版社,2022-01-01,南京,200,J511,450611279773765,IB22G12
200907082,平面设计完全手册,9787530470954.0,外借,2025-04-07 11:55:50,89.0,(德)韦格著,北京科学技术出版社,2017-01-01,北京,470,J506,450611279773765,IB22G12
200859856,米佳的爱情,9787532783618.0,归还,2025-04-07 12:03:50,65.0,"(俄)蒲宁 (Бунин, ИванАлексеевич 1870~1953) 著",上海译文出版社,2020-01-01,上海,10502,I512.45,450611302723653,IB22G12
201011109,西方正典,9787544755450.0,外借,2025-04-07 12:10:44,78.0,"(美)哈罗德·布鲁姆 (Bloom,Harold 1930~) 著",译林出版社,2011-01-01,南京,516,I106,450611302723653,IB22G12
201011109,西方正典,9787544755450.0,归还,2025-04-07 12:10:50,78.0,"(美)哈罗德·布鲁姆 (Bloom,Harold 1930~) 著",译林出版社,2011-01-01,南京,516,I106,450611302723653,IB22G12
200861790,都柏林人,9787532773442.0,外借,2025-04-07 12:18:25,32.0,(爱尔兰)乔伊斯著;王逢振译,上海译文出版社,2016-01-01,上海,230,I562.45,450611302723653,IB22G12
200795835,种在走廊上的苹果树,9787224138122.0,外借,2025-04-07 12:25:31,35.0,残雪 ,陕西人民出版社 ,2020-01-01,西安 ,168,I247.5,455797989703749,IB23G11
201302508,Flipped,9780375811746.0,归还,2025-04-07 13:31:15,67.0,Wendelin Van Draanen,Random House US,2001-10-09,美国,,813.6,450611289841733,IB22G12
201324156,The hobbit,9780261102217.0,归还,2025-04-07 13:31:15,55.0,"Tolkien, J. R. R.,","HarperCollinsPunlishers,",2006-01-01,London,389,823.912,450611289841733,IB22G12
200827150,白杨木的春天,9787555910411.0,外借,2025-04-07 15:19:27,35.0,吕新著,照片,2020-01-01,郑州,222,I247.5,455797999575109,IB23G11
200918597,商业海报设计,9787302613329.0,外借,2025-04-07 15:27:43,69.8,屈正庚著,清华大学出版社,2022-01-01,北京,165,J524.3,455797999575109,IB23G11
200865723,21：太空漫游,9787532170692.0,归还,2025-04-07 16:45:59,62.0,(英)克拉克著,上海文艺出版社,2019-01-01,上海,275,I561.45,450611287797829,IB22G12
200902595,蛤蟆先生去看心理医生,9787201161693.0,归还,2025-04-07 16:45:59,38.0,"(英)罗伯特·戴博德(De Board, Robert) 著",天津人民出版社,2020-01-01,天津,199,B84-49,450611287797829,IB22G12
200983604,"猎魔人. 卷一, 白狼崛起 ",9787229151485.0,归还,2025-04-07 16:45:59,72.8,"(波)安杰伊·萨普科夫斯基(Sapkowski, Andrzej 1948~) 著", 重庆出版社,2020-01-01,重庆 ,308,I513.45,450611287797829,IB22G12
200853362,巨流河,9787108056184.0,外借,2025-04-07 17:24:19,79.0,齐邦媛著,生活·读书·新知三联书店,2016-01-01,北京,398,I247.5,455797995286597,IB23G11
200875133,秋园 ,9787559640666.0,外借,2025-04-07 17:29:58,38.0,杨本芬 (女， 1940-) 著, 北京联合出版公司,2020-01-01,北京 ,264,I247.5,455798077993029,IB23G11
200951416,三体Ⅲ,9787229030933.0,外借,2025-04-08 07:55:39,38.0,刘慈欣,重庆出版社,2010-01-01,重庆,513,I247.5,450611287797829,IB22G12
200834801,推拿,9787020164257.0,外借,2025-04-08 08:00:32,59.0,毕飞宇著,人民文学出版社,2008-01-01,北京,290,I247.5,455798077993029,IB23G11
200861638,第二性 Ⅱ,9787532749676.0,归还,2025-04-08 08:20:42,68.0,(法)波伏瓦著;郑克鲁译,上海译文出版社,2011-01-01,上海,614,C913.68,455798107287621,IB23G11
201005535,浮出历史地表 : 现代妇女文学研究,9787301293577.0,归还,2025-04-08 08:20:42,59.0,孟悦 (1956~) 著,北京大学出版社,2018-01-01,北京,291,I206.7,455798107287621,IB23G11
200687729,Chiltern Classic：Northanger Abbey,9781912714278.0,外借,2025-04-08 10:10:58,98.0,Jane Austen,Chiltern Publishing,2019-11-11,美国,,823.7,584699847979077,IB24G10
200507736,金陵十三钗 ,9787506398541.0,外借,2025-04-08 12:17:09,39.0,(美)严歌苓 (女， 1958~) 著, 作家出版社,2018-01-01,北京 ,206,I712.45,455797996257349,IB23G11
200691581,The Offing,9781526611307.0,归还,2025-04-08 13:04:56,48.0,Benjamin Myers,Bloomsbury UK,2020-03-05,英国,,823.92,584699866955845,IB24G10
Z0063177,INTRODUCTION TO TOPOLOGY,9780486663524.0,归还,2025-04-08 17:06:22,60.0,,DOVER,,USA,206,IB-5-M-4,455797997994053,IB23G11
201011840,文学理论入门,9787544729666.0,归还,2025-04-08 17:06:27,39.0,(美)卡勒著;李平译,译林出版社,2013-01-01,南京,143,I0,455797997994053,IB23G11
201046073,给青年的二十七堂文学课,9787513136891.0,归还,2025-04-08 17:06:27,39.8,叶圣陶著,开明出版社,2017-01-01,北京,204,I-49,455797997994053,IB23G11
200862254,远大前程,9787532753659.0,外借,2025-04-08 17:20:18,42.0,(英)狄更斯著,上海译文出版社,2011-01-01,上海,547,I561.44,584699875807301,IB24G10
200909892,边城,9787214108463.0,归还,2025-04-09 07:03:21,32.0,沈从文著,江苏人民出版社,2014-01-01,南京,278,I246.5,584699859591237,IB24G10
200822887,1453君士坦丁堡之战,9787520107921.0,归还,2025-04-09 07:34:04,86.0,(英)克劳利著,上海科学技术文献出版社,2017-01-01,上海,500,K546.3,450611273154629,IB22G12
200841063,长安的荔枝,9787572608582.0,归还,2025-04-09 09:35:39,45.0,马伯庸著,湖南文艺出版社,2022-01-01,长沙,216,I247.5,455797993836613,IB23G11
200853362,巨流河,9787108056184.0,归还,2025-04-09 09:35:50,79.0,齐邦媛著,生活·读书·新知三联书店,2016-01-01,北京,398,I247.5,455797995286597,IB23G11
200853362,巨流河,9787108056184.0,外借,2025-04-09 09:36:44,79.0,齐邦媛著,生活·读书·新知三联书店,2016-01-01,北京,398,I247.5,455797993836613,IB23G11
200809161,阿拉伯人的梦想宫殿,9787509016480.0,归还,2025-04-09 11:15:48,95.0,（美）阿贾米著,当代世界出版社,2022-01-01,北京,375,K370.07,450611273154629,IB22G12
200826008,西南联大哲学课,9787545558371.0,归还,2025-04-09 11:43:56,58.0,冯友兰 (1895~1990) 著,天地出版社,2021-01-01,成都,370,B2,455797955629125,IB23G11
201050995,弃长安,9787545566062.0,归还,2025-04-09 11:43:56,68.0,张明扬著,天地出版社,2022-01-01,成都,312,K242.205,455797955629125,IB23G11
201323086,The Art of Racing in the Rain Intl,9780062023063.0,归还,2025-04-09 13:27:32,70.0,Garth Stein,HARPER COLLINS US BRAND CODE,2010-08-31,,0,813.54,584699881758789,IB24G10
200871805,晓寺,9787559646859.0,归还,2025-04-09 16:33:25,56.0,(日)三岛由纪夫著,北京联合出版公司,2021-01-01,北京,394,I313.45,450611297759301,IB22G12
200858214,小妇人,9787532757008.0,归还,2025-04-09 17:34:07,48.0,(美)奥尔科特著,上海译文出版社,2012-01-01,上海,535,I712.44,584699868303429,IB24G10
200875133,秋园 ,9787559640666.0,归还,2025-04-10 07:52:23,38.0,杨本芬 (女， 1940-) 著, 北京联合出版公司,2020-01-01,北京 ,264,I247.5,455798077993029,IB23G11
200817205,跨越边界的社区：北京“浙江村”的生活史,9787807681885.0,外借,2025-04-10 08:13:27,68.0,项飚著,生活书店出版有限公司,2018-01-01,北京,,C912.81,450611272413253,IB22G12
201065818,出发吧！了不起的身体旅行 .2,9787559664136.0,归还,2025-04-10 08:25:46,88.0,邓超 著,北京联合出版公司 ,2022-01-01,北京 ,204,R33-49,450611288834117,IB22G12
201504292,"Olive, Again: A Novel",9780812996548.0,归还,2025-04-10 08:25:46,131.0,"Strout, Elizabeth",Random House,1900-01-01,,304, 813.54,450611288834117,IB22G12
201502739,倾城之恋,9787530218624.0,外借,2025-04-10 08:38:30,49.5,张爱玲著,北京十月文艺出版社,2019-01-01,北京,328,I246.7,450611275219013,IB22G12
200986237,喧哗与骚动,9787201134604.0,归还,2025-04-10 10:57:22,88.0,福克纳著;李继宏译,天津人民出版社,2018-01-01,天津,313,I712.45,450611295711301,IB22G12
201020493,塑料的世界,9787030609915.0,归还,2025-04-10 11:07:14,58.0,魏昕宇著,科学出版社,2019-01-01,北京,10265,TB324-49,584699865874501,IB24G10
201019192,山海变.2绾青丝,9787020169276.0,归还,2025-04-10 11:22:16,58.0,八月槎,人民文学出版社,2022-01-01,北京,285,I247.5,584699884843077,IB24G10
200827150,白杨木的春天,9787555910411.0,归还,2025-04-10 12:22:54,35.0,吕新著,照片,2020-01-01,郑州,222,I247.5,455797999575109,IB23G11
200850409,鹿鼎记 .一,9787546213415.0,续借,2025-04-10 20:30:31,36.0,金庸 (1924~2018) 著, 广州出版社,2013-01-01,广州 ,1823,I247.5,584699859161157,IB24G10
201057257,食南之徒,9787572616099.0,归还,2025-04-11 07:30:00,56.0,马伯庸,湖南文艺出版社,2024-01-01,长沙,269,I247.5,584699859161157,IB24G10
200694748,Il Duro,9780141398631.0,外借,2025-04-11 08:40:14,10.0,"Lawrence, D. H. (David Herbert), 1885-1930",PENGUIN BOOKS,,,,914.504,450611273154629,IB22G12
200853362,巨流河,9787108056184.0,归还,2025-04-11 08:52:49,79.0,齐邦媛著,生活·读书·新知三联书店,2016-01-01,北京,398,I247.5,455797993836613,IB23G11
201311231,Chocolat,9780552998482.0,归还,2025-04-11 11:52:59,37.0,Joanne Harris,Black Swan Books,1999-03-04,英国,,823.91,450611282698309,IB22G12
200822459,美利坚的民族,9787520178853.0,归还,2025-04-11 12:10:39,79.0,（美）伍达德著,社会科学文献出版社,2021-01-01,北京,23404,K710.03,584699851386949,IB24G10
200876221,哲学课,9787521717372.0,归还,2025-04-11 12:36:04,98.0,"(美)威尔·杜兰特 (Durant, Will 1885~1981) 著",中信出版社,2021-01-01,北京,27419,B,584699856826437,IB24G10
200958507,这就是哲学,9787545477306.0,归还,2025-04-11 12:36:04,52.0,（日）山竹伸二著,广东经济出版社,2021-01-01,广州,235,B,584699856826437,IB24G10
200694748,Il Duro,9780141398631.0,归还,2025-04-11 12:59:27,10.0,"Lawrence, D. H. (David Herbert), 1885-1930",PENGUIN BOOKS,,,,914.504,450611273154629,IB22G12
200874321,剧变 ,9787521712032.0,归还,2025-04-11 13:26:13,98.0,"(美)戴蒙德 (Diamond, Jared 1937~) 著", 中信出版集团股份有限公司,2020-01-01,北京 ,25435,F039,450611291119685,IB22G12
200989626,饥饿的盛世 : 乾隆时代的得与失,9787229167127.0,归还,2025-04-11 13:26:18,58.0,(蒙族)张宏杰 (1972~) 著,重庆出版社,2022-01-01,重庆,402,K249.309,450611291119685,IB22G12
200936817,汪曾祺小说集. 鸡鸭名家 ,9787538756388.0,外借,2025-04-11 14:49:36,38.0,汪曾祺 (1920~1997) 著, 时代文艺出版社,2018-01-01,长春 ,372,I247,584699873386565,IB24G10
200690047,How to Stay Sane in an Age of Division : From the Booker shortlisted author of 1 Minutes 38 Seconds in This Strange World,9781788165723.0,归还,2025-04-14 09:11:52,26.0,Elif Shafak,Profile Books,2020-08-27,英国,,814.6,584699866955845,IB24G10
200820825,飘·下,9787544777407.0,归还,2025-04-14 09:13:56,44.0,(美)米切尔著,译林出版社,2019-01-01,南京,1047,I712.45,450611282698309,IB22G12
200847361,流俗地 ,9787530221280.0,外借,2025-04-14 09:18:52,55.0,(马来)黎紫书 (女， 1971~) 著, 北京十月文艺出版社,2021-01-01,北京 ,29476,I338.45,450611282698309,IB22G12
200916768,夏日终曲,9787513598255.0,归还,2025-04-14 11:10:00,39.9,(美)艾席蒙著,外语教学与研究出版社,2018-01-01,北京,230,I712.45,450611276476485,IB22G12
200991515,终极观星指南,9787556708277.0,归还,2025-04-14 11:16:48,98.0,(美)鲍勃·金著,海峡书局,2021-01-01,福州,266,P12-62,450611319373893,IB22G12
201407192,The Human Bone Manual,9780120884674.0,归还,2025-04-14 11:16:48,394.0,"White, Tim D.; Folkens, Pieter A.",Academic Press,2005-07-01,,488,611.71,450611324321861,IB22G12
201407192,The Human Bone Manual,9780120884674.0,外借,2025-04-14 11:19:08,394.0,"White, Tim D.; Folkens, Pieter A.",Academic Press,2005-07-01,,488,611.71,450611324321861,IB22G12
200916768,夏日终曲,9787513598255.0,外借,2025-04-14 11:19:16,39.9,(美)艾席蒙著,外语教学与研究出版社,2018-01-01,北京,230,I712.45,450611324321861,IB22G12
201005955,鸟类的崛起 : 2.25亿年的进化,9787121376900.0,外借,2025-04-14 14:49:29,118.0,"(美)桑卡尔·查特吉 (Chatterjee, Sankar) 著",电子工业出版社,2020-01-01,北京,15328,Q959.7-49,584699884843077,IB24G10
200823298,"如果在冬夜,一个旅人",9787544722292.0,外借,2025-04-14 16:56:58,58.0,(意)卡尔维诺著;萧天佑译,译林出版社,2016-01-01,南京,300,I546.45,455797978308677,IB23G11
201014339,堕落 流放与王国,9787544784405.0,归还,2025-04-14 18:07:15,55.0,（法）加缪著,译林出版社,2021-01-01,南京,239,I565.45,584699887661125,IB24G10
200659135,Siddhartha,9780553208849.0,归还,2025-04-14 18:18:23,25.0,"Hesse, Hermann",Bantam,,Toronto ; New York :,152,833.912,455798034522181,IB23G11
201058611,长夜难明,9787572611971.0,归还,2025-04-14 18:18:23,52.0,紫金陈 著,湖南文艺出版社 ,2023-01-01,长沙 ,299,I247.5,455798034522181,IB23G11
201065248,语言恶女：女性如何夺回语言,9787559675583.0,归还,2025-04-15 14:36:07,62.0,（美）阿曼达.蒙特尔著 ,北京联合出版公司 ,2024-01-01,北京 ,253,H0-49,584699856826437,IB24G10
200958320,乌合之众:群体心理学,9787533951702.0,归还,2025-04-15 15:00:11,49.8,(法)勒庞著;董强译,浙江文艺出版社,2018-01-01,杭州,247,C912.64,584699856826437,IB24G10
201059013,普通化学原理,9787301225578.0,归还,2025-04-15 16:14:55,76.0,华彤文,北京大学出版社 ,2013-01-01,北京 ,492,O6,584699859591237,IB24G10
201057630,后电影视觉 :运动影像媒介与观众的共同进化,9787559857774.0,外借,2025-04-15 19:16:34,88.0,（美）罗杰·F·库克 著,广西师范大学出版社 ,2023-01-01,桂林 ,304,J9,584699861340229,IB24G10
201057934,现代电影艺术,9787541163753.0,外借,2025-04-15 19:16:49,32.0,（日）岩崎昶著 ,四川文艺出版社 ,2022-01-01,成都 ,186,J90,584699861340229,IB24G10
201617679,我们生活在巨大的差距里,9787530223970.0,续借,2025-04-16 00:14:16,59.0,余华 著,北京十月文艺出版社 ,2024-01-01,北京 ,280,I267.1,584699865239621,IB24G10
200961129,祝勇文学笔记,9787545162387.0,续借,2025-04-16 00:14:17,68.0,祝勇著,辽海出版社,2022-01-01,沈阳,249,I217.2,584699865239621,IB24G10
200861380,与社会学同游 ,9787301247099.0,归还,2025-04-16 07:22:48,33.0,(美)伯格著, 北京大学出版社,2014-01-01,北京 ,27241,C91,455798114885701,IB23G11
200974721,转角遇见社会学,9787301322116.0,归还,2025-04-16 07:22:48,69.0,（加）约翰斯顿著,北京大学出版社,2021-01-01,北京,12412,C91,455798114885701,IB23G11
200795835,种在走廊上的苹果树,9787224138122.0,归还,2025-04-16 07:23:39,35.0,残雪 ,陕西人民出版社 ,2020-01-01,西安 ,168,I247.5,455797989703749,IB23G11
200927328,雨,9787220105135.0,外借,2025-04-16 15:02:53,38.0,（马来）黄锦树著,四川人民出版社,2018-01-01,成都,270,I338.45,584699853803589,IB24G10
200853576,一个女孩的记忆,9787208178335.0,外借,2025-04-16 15:33:36,48.0,（法）埃尔诺著,上海人民出版社,2022-01-01,上海,139,I565.45,584699856826437,IB24G10
200857938,克拉拉与太阳 ,9787532786831.0,外借,2025-04-16 15:33:36,68.0,(英)石黑一雄 (1954-) 著, 上海译文出版社有限公司,2021-01-01,上海 ,392,I561.45,584699856826437,IB24G10
200887638,绝对笑喷之弃业医生日志 ,9787569925326.0,外借,2025-04-16 15:33:36,56.0,"(英)亚当·凯 (Kay, Adam 1980-) 著; 胡逍扬 译", 北京时代华文书局,2019-01-01,北京 ,298,I561.45,584699856826437,IB24G10
200949055,文学批评入门,9787576004441.0,外借,2025-04-16 17:18:23,54.0,汤拥华 (1976~) 著,华东师范大学出版社,2020-01-01,上海,300,I06,455797997994053,IB23G11
200976961,许子东现代文学课,9787542662583.0,外借,2025-04-16 17:18:23,69.0,许子东 (1954~) 著,上海三联书店,2018-01-01,上海,425,I209.6,455797997994053,IB23G11
201023793,小说课,9787020156894.0,外借,2025-04-16 17:18:23,49.0,毕飞宇著,人民文学出版社,2020-01-01,北京,237,I106.4,455797997994053,IB23G11
200690350,"The hobbit, or, There and back again",9780345339683.0,外借,2025-04-16 17:30:25,0.0,"Tolkien, J. R. R. (John Ronald Reuel), 1892-1973; Anderson, Douglas A. 1959-",Del Rey Books,,,,823.912,584699858526277,IB24G10
200693044,A Theory of Justice: Original Edition,9780674017726.0,归还,2025-04-16 18:02:49,196.0,"Rawls, John",Harvard University Press,2005-04-30,美国,,320.01,450611289337925,IB22G12
200969746,梦的解析,9787554617069.0,归还,2025-04-17 10:01:04,59.8,(奥)弗洛伊德著,古吴轩出版社,2023-01-01,苏州,364,B845.1,584699858100293,IB24G10
200853576,一个女孩的记忆,9787208178335.0,归还,2025-04-17 10:37:19,48.0,（法）埃尔诺著,上海人民出版社,2022-01-01,上海,139,I565.45,584699856826437,IB24G10
201320089,Elon Musk: How the Billionaire CEO of SpaceX and ...,9780753555644.0,归还,2025-04-17 14:10:55,75.0,"Vance, Ashlee",Ebury Publishing,2016-03-10,,416,338.7629,584699851841605,IB24G10
200688924,Sex And The City,9780446617680.0,外借,2025-04-17 14:11:42,35.0,Candace Bushnell,Grand Central Publishing,2006-08-01,美国,,813.6,584699851841605,IB24G10
200686515,The 6:2 Man,9781529061963.0,外借,2025-04-17 14:11:51,63.0,David Baldacci,Macmillan UK,2022-07-21,英国,,813.6,584699851841605,IB24G10
200696675,Bantam Classics：Wuthering Heights,9780553212587.0,续借,2025-04-17 15:44:33,10.0,Emily Bronte,Bantam Classics,1983-10-01,美国,,823.8,455798100992069,IB23G11
200846576,穆斯林的葬礼,9787530222362.0,续借,2025-04-17 15:44:39,68.0,霍达著,北京十月文艺出版社,2022-01-01,北京,620,I247.5,455798100992069,IB23G11
201057630,后电影视觉 :运动影像媒介与观众的共同进化,9787559857774.0,归还,2025-04-17 15:57:09,88.0,（美）罗杰·F·库克 著,广西师范大学出版社 ,2023-01-01,桂林 ,304,J9,584699861340229,IB24G10
201057612,王家卫的电影世界,9787301311431.0,外借,2025-04-17 16:04:22,60.0,（马来）张建德著 ,北京大学出版社 ,2021-01-01,北京 ,278,J905.2,584699861340229,IB24G10
201005955,鸟类的崛起 : 2.25亿年的进化,9787121376900.0,续借,2025-04-17 16:20:25,118.0,"(美)桑卡尔·查特吉 (Chatterjee, Sankar) 著",电子工业出版社,2020-01-01,北京,15328,Q959.7-49,584699884843077,IB24G10
200847744,战争中没有女性,9787521717808.0,归还,2025-04-17 17:10:57,69.0,"(白俄)S. A. 阿列克谢耶维奇 (Алекс?ев?ч, СвятланаАляксандра?на 1948~) 著",中信出版社,2021-01-01,北京,421,I511.45,455798092681285,IB23G11
200891348,第三帝国,9787570210817.0,归还,2025-04-17 17:10:57,39.0,（英）伯利著,长江文艺出版社,2020-01-01,武汉,446,K516.44,455798092681285,IB23G11
201059166,叶卡捷琳娜大帝与波将金 ：全2册.1,9787522813684.0,归还,2025-04-17 17:11:00,99.0,（英）西蒙.赛巴格.蒙蒂菲奥里著 ,社会科学文献出版社 ,2023-01-01,北京 ,121005,K835.120.9,455798092681285,IB23G11
201064668,女书规范字书法字帖,9787302467052.0,归还,2025-04-17 17:11:00,69.8,赵丽明 著,清华大学出版社 ,2017-01-01,北京 ,202,J292.1,455798092681285,IB23G11
201064702,厌女简史 ：世界上最古老的偏见,9787559676016.0,归还,2025-04-17 17:11:07,68.0,（爱尔兰）杰克.霍兰 著,北京联合出版公司 ,2024-01-01,北京 ,350,C913.68,455798092681285,IB23G11
200978308,王氏之死 : 大历史背后的小人物命运,9787549506897.0,归还,2025-04-17 17:11:13,56.0,"(美)史景迁 (Spence, Jonathan D. 1936~2021) 著",广西师范大学出版社,2011-01-01,桂林,17189,D691.9,455798092681285,IB23G11
201059175,叶卡捷琳娜大帝与波将金 ：全2册.2,9787522813684.0,归还,2025-04-17 17:11:25,99.0,（英）西蒙.赛巴格.蒙蒂菲奥里著 ,社会科学文献出版社 ,2023-01-01,北京 ,121005,K835.120.9,455798092681285,IB23G11
200814921,日军“慰安妇”研究,9787512636217.0,归还,2025-04-17 17:18:22,68.0,苏智良著,团结出版社,2015-01-01,北京,376,K313.46,455798092681285,IB23G11
200891348,第三帝国,9787570210817.0,外借,2025-04-17 17:45:07,39.0,（英）伯利著,长江文艺出版社,2020-01-01,武汉,446,K516.44,455798092681285,IB23G11
201059166,叶卡捷琳娜大帝与波将金 ：全2册.1,9787522813684.0,外借,2025-04-17 17:47:02,99.0,（英）西蒙.赛巴格.蒙蒂菲奥里著 ,社会科学文献出版社 ,2023-01-01,北京 ,121005,K835.120.9,455798092681285,IB23G11
200891348,第三帝国,9787570210817.0,续借,2025-04-17 17:57:25,39.0,（英）伯利著,长江文艺出版社,2020-01-01,武汉,446,K516.44,455798092681285,IB23G11
201059166,叶卡捷琳娜大帝与波将金 ：全2册.1,9787522813684.0,续借,2025-04-17 17:57:27,99.0,（英）西蒙.赛巴格.蒙蒂菲奥里著 ,社会科学文献出版社 ,2023-01-01,北京 ,121005,K835.120.9,455798092681285,IB23G11
200978308,王氏之死 : 大历史背后的小人物命运,9787549506897.0,外借,2025-04-17 18:00:32,56.0,"(美)史景迁 (Spence, Jonathan D. 1936~2021) 著",广西师范大学出版社,2011-01-01,桂林,17189,D691.9,455798092681285,IB23G11
200847744,战争中没有女性,9787521717808.0,外借,2025-04-17 18:01:01,69.0,"(白俄)S. A. 阿列克谢耶维奇 (Алекс?ев?ч, СвятланаАляксандра?на 1948~) 著",中信出版社,2021-01-01,北京,421,I511.45,455798092681285,IB23G11
200841063,长安的荔枝,9787572608582.0,外借,2025-04-17 20:10:08,45.0,马伯庸著,湖南文艺出版社,2022-01-01,长沙,216,I247.5,584699859161157,IB24G10
200845979,逻辑的引擎,9787535794420.0,外借,2025-04-17 20:13:44,49.0,(美)戴维斯著;张卜天译,湖南科学技术出版社,2018-01-01,长沙,291,TP302.2,584699863957573,IB24G10
200925927,北欧神话 ,9787513923224.0,续借,2025-04-17 20:24:58,66.0,"(英)卡罗琳·拉灵顿 (Larrington, Carolyne) 著", 民主与建设出版社有限责任公司,2018-01-01,北京 ,16183,I530.73,584699875364933,IB24G10
201019209,山海变.3星野乱,9787020169290.0,归还,2025-04-18 07:13:59,58.0,八月槎,人民文学出版社,2022-01-01,北京,291,I247.5,584699884843077,IB24G10
200880458,低欲望社会,9787532779529.0,归还,2025-04-18 07:38:21,58.0,（日）大前研一著,上海译文出版社有限公司,2018-01-01,上海,237,C924.313,455798114885701,IB23G11
201050076,社会的麦当劳化,9787300312590.0,归还,2025-04-18 07:38:21,59.0,（美）里茨尔著,中国人民大学出版社,2023-01-01,北京,370,C91,455798114885701,IB23G11
200835409,无用的神学,9787559850850.0,外借,2025-04-18 08:06:30,88.0,夏可君著,广西师范大学出版社,2022-01-01,桂林,608,B1-03,455797991358533,IB23G11
200835409,无用的神学,9787559850850.0,归还,2025-04-18 08:29:41,88.0,夏可君著,广西师范大学出版社,2022-01-01,桂林,608,B1-03,455797991358533,IB23G11
200881705,不能承受的生命之轻,9787532766635.0,外借,2025-04-18 08:39:00,88.0,昆德拉著,上海译文出版社,2014-01-01,上海,427,I565.45,455797991358533,IB23G11
200192656,IBDP中文A文学课程专题拓展论文及个人口头评论优秀范例点评,9789620441417.0,归还,2025-04-18 11:09:59,128.0,"苏媛,李萍著",三联书店(香港)有限公司,2018-01-01,香港,249,IB-1-CH-1,450611289092165,IB22G12
201005955,鸟类的崛起 : 2.25亿年的进化,9787121376900.0,归还,2025-04-18 11:34:43,118.0,"(美)桑卡尔·查特吉 (Chatterjee, Sankar) 著",电子工业出版社,2020-01-01,北京,15328,Q959.7-49,584699884843077,IB24G10
200975141,希望之线,9787544262705.0,外借,2025-04-18 13:32:40,59.0,（日）东野圭吾著,南海出版公司,2021-01-01,海口,294,I313.45,455797989703749,IB23G11
200965982,社会心理学,9787115410047.0,外借,2025-04-18 14:26:14,128.0,(美)迈尔斯著;侯玉波译,人民邮电出版社,2016-01-01,北京,707,C912.6,455798114885701,IB23G11
200878112,快乐的死,9787532168750.0,外借,2025-04-18 14:43:37,39.0,"(法)阿尔贝·加缪 (Camus, Albert 1913~1960) 著",上海文艺出版社,2019-01-01,上海,149,I565.45,584699866955845,IB24G10
200687015,The Martian (MTI),9781101905555.0,外借,2025-04-18 14:53:43,39.0,Andy Weir,Crown Publishers,2015-08-18,美国,,813.6,584699856592965,IB24G10
200868178,作为意志和表象的世界,9787553524481.0,归还,2025-04-21 06:24:20,68.0,（德）叔本华著,上海文化出版社,2021-01-01,上海,587,B516.41,584699841630277,IB24G10
201053233,第一哲学沉思录,9787532788446.0,归还,2025-04-21 06:24:20,78.0,（法）笛卡尔著,上海译文出版社有限公司,2022-01-01,上海,174,B565.21,584699841630277,IB24G10
200872555,永恒的边缘.Ⅰ,9787559403223.0,归还,2025-04-21 07:50:25,56.0,(英)福莱特著,江苏凤凰文艺出版社,2017-01-01,南京,420,I561.45,584699871535173,IB24G10
201054713,呼啸山庄,9787532778355.0,归还,2025-04-21 10:21:42,32.0,(英)勃朗特著,上海译文出版社,2018-01-01,上海,406,I561.44,584699858735173,IB24G10
201002716,致死的疾病,9787516124512.0,归还,2025-04-21 12:07:16,96.0,克尔凯郭尔著,中国社会科学出版社,2013-01-01,北京,595,B534,584699859378245,IB24G10
201028253,非道德的政治,9787305250965.0,外借,2025-04-21 12:15:47,78.0,（以）沙尔夫斯坦著,南京大学出版社,2022-01-01,南京,14454,D095.4,584699856826437,IB24G10
200919998,正义的语境,9787208177994.0,外借,2025-04-21 12:16:03,98.0,（德）福斯特著,上海人民出版社,2023-01-01,上海,392,D081,584699856826437,IB24G10
201039189,正义诸领域：为多元主义与平等一辩 ,9787544793797.0,外借,2025-04-21 12:16:03,98.0,(美) 沃尔泽著,译林出版社,2022-01-01,南京,401,D081,584699856826437,IB24G10
201320089,Elon Musk: How the Billionaire CEO of SpaceX and ...,9780753555644.0,外借,2025-04-21 13:40:13,75.0,"Vance, Ashlee",Ebury Publishing,2016-03-10,,416,338.7629,450611289337925,IB22G12
200882713,把自己作为方法 : 与项飙谈话,9787532176953.0,外借,2025-04-21 14:55:33,48.0,项飚 (1972~) 著,上海文艺出版社,2020-01-01,上海,308,C958-53,450611287797829,IB22G12
201308003,"How to Make Small Talk: Conversation Starters, Exercises, and Scenarios",9781507204993.0,外借,2025-04-21 15:37:14,43.0,Melissa Wadsworth,Adams Media,2017-10-10,美国,,177.2,450611287797829,IB22G12
200699137,Flipped,9781529013245.0,外借,2025-04-21 15:37:19,45.0,Wendelin Van Draanen,Macmillan Education,2018-07-20,英国,,813.6,450611287797829,IB22G12
201059148,白夜行,9787544291163.0,归还,2025-04-21 16:37:51,59.6,(日)东野圭吾著,南海出版公司,2017-01-01,海口,598,I313.45,584699861119045,IB24G10
201019218,山海变.4奔掠火,9787020166732.0,归还,2025-04-21 17:38:46,58.0,八月槎,人民文学出版社,2022-01-01,北京,294,I247.5,584699884843077,IB24G10
200807494,中国当代摄影景观 : 198-22,9787208170698.0,归还,2025-04-22 11:43:18,188.0,顾铮 (1959~) 著,上海人民出版社,2022-01-01,上海,422,J409.2,584699875364933,IB24G10
200878112,快乐的死,9787532168750.0,归还,2025-04-22 12:08:25,39.0,"(法)阿尔贝·加缪 (Camus, Albert 1913~1960) 著",上海文艺出版社,2019-01-01,上海,149,I565.45,584699866955845,IB24G10
201058602,社会学基本概念,9787301344477.0,归还,2025-04-22 12:08:25,79.0,(英）安东尼·吉登斯 著,北京大学出版社 ,2023-01-01,北京 ,353,C91,584699866955845,IB24G10
201323282,What You Can See From Here,9781526638540.0,外借,2025-04-22 12:16:29,56.0,Nicole Krauss,Bloomsbury UK,2021-07-22,英国,,833.92,584699866955845,IB24G10
200881849,舞!舞!舞!,9787532765461.0,归还,2025-04-22 14:10:19,60.0,(日)村上春树著,上海译文出版社,2014-01-01,上海,478,I313.45,450611310915653,IB22G12
200696407,Signet Classics: Dracula,9780451530660.0,归还,2025-04-22 14:32:05,13.0,Bram Stoker,Signet,2007-09-04,美国,,823.8,450611283214405,IB22G12
201017586,伦敦围城,9787020142125.0,归还,2025-04-22 14:32:05,39.0,（美）詹姆斯著,人民文学出版社,2021-01-01,北京,122,I712.44,450611283214405,IB22G12
201027897,三国演义.上,9787020008728.0,归还,2025-04-22 14:32:05,20.0,(明)罗贯中著,人民文学出版社,2017-01-01,北京,990,I242.4,450611283214405,IB22G12
200967793,"经济学原理, 微观经济学分册 ",9787301256909.0,归还,2025-04-22 15:10:03,72.0,"(美)曼昆 (Mankiw, N. Gregory) 著", 北京大学出版社,2015-01-01,北京 ,10543,F0,450611308453957,IB22G12
200804610,美丽与哀愁.3,9787220128165.0,归还,2025-04-22 15:10:11,49.6,（日）川端康成著,四川人民出版社,2023-01-01,成都,241,I313.45,450611307655237,IB22G12
200907082,平面设计完全手册,9787530470954.0,续借,2025-04-22 16:28:36,89.0,(德)韦格著,北京科学技术出版社,2017-01-01,北京,470,J506,450611279773765,IB22G12
200953110,写给大家的平面设计手册,9787574102293.0,续借,2025-04-22 16:28:43,78.0,（日）生田信一著,江苏凤凰美术出版社,2022-01-01,南京,200,J511,450611279773765,IB22G12
201307709,Penguin Vitae: The Age of Innocence,9780143134817.0,归还,2025-04-23 08:00:14,77.0,Edith Wharton,Penguin USA,2021-02-23,美国,,813.52,450611283214405,IB22G12
200975141,希望之线,9787544262705.0,归还,2025-04-23 11:51:29,59.0,（日）东野圭吾著,南海出版公司,2021-01-01,海口,294,I313.45,455797989703749,IB23G11
200961129,祝勇文学笔记,9787545162387.0,归还,2025-04-23 14:56:22,68.0,祝勇著,辽海出版社,2022-01-01,沈阳,249,I217.2,584699865239621,IB24G10
200961762,建筑鉴赏方法,9787805018195.0,外借,2025-04-23 15:45:23,69.8,(意)普利纳著,北京美术摄影出版社,2016-01-01,北京,375,TU-861,584699853152325,IB24G10
201302526,Emma: V&A Collectors Edition,9780241432556.0,归还,2025-04-23 16:25:34,68.0,Jane Austen,penguin uk,2021-02-25,英国,,823.7,584699837497413,IB24G10
201311204,The Castle,9780241197806.0,归还,2025-04-23 16:25:34,29.0,Franz Kafka,Penguin UK,2010-01-01,英国,,833.91,584699837497413,IB24G10
200974712,镜与灯 ,9787301323229.0,外借,2025-04-23 16:26:08,98.0,"(美)M. H. 艾布拉姆斯 (Abrams, Meyer Howard 1912~2015) 著", 北京大学出版社,2021-01-01,北京 ,24435,I109.9,584699837497413,IB24G10
200879745,玩笑,9787532789252.0,归还,2025-04-24 07:01:41,59.0,（意）斯塔尔诺内著,上海译文出版社有限公司,2022-01-01,上海,204,I546.45,584699888091205,IB24G10
201055311,连城决,9787546206141.0,归还,2025-04-24 07:01:47,35.0,金庸 (1924~2018) 著, 广州出版社,2011-01-01,广州,362,I247.5,584699888091205,IB24G10
201015007,“鸟人”应该知道的鸟问题,9787301312315.0,外借,2025-04-24 08:27:57,64.0,"(美)劳拉·埃里克森 (Erickson, Laura) 著",北京大学出版社,2020-01-01,北京,372,Q959.7-49,584699884843077,IB24G10
200984569,英国鸟类史,9787214271426.0,外借,2025-04-24 08:28:02,98.0,（英）亚尔登著,江苏人民出版社,2022-01-01,南京,398,Q959.7,584699884843077,IB24G10
201010280,丛中鸟：观鸟的社会史,9787301292761.0,外借,2025-04-24 08:28:10,78.0,"(英)斯蒂芬·莫斯 (Moss, Stephen 1960~) 著", 北京大学出版社,2019-01-01,北京 ,467,Q959.7,584699884843077,IB24G10
200898430,鸟类的天赋 ,9787544774970.0,外借,2025-04-24 08:28:16,78.0,"(美)珍妮弗·阿克曼 (Akerman, Jennifer) 著", 译林出版社,2019-01-01,南京 ,385,Q959.7-49,584699884843077,IB24G10
200809198,红楼梦:上,9787020137466.0,归还,2025-04-24 10:02:03,33.5,曹学芹著,人民文学出版社,2018-01-01,北京,1315,I242.4,584699858526277,IB24G10
201322372,Philosophy 101,9781440567674.0,归还,2025-04-24 10:56:34,61.0,Paul Kleinman,Adams Media,2013-10-18,美国,,100,584699861790789,IB24G10
200854511,呼啸山庄,9787532751198.0,外借,2025-04-24 11:01:44,38.0,(英)勃朗特著,上海译文出版社,2010-01-01,上海,406,I561.44,584699858526277,IB24G10
201019227,山海变.5旧时雨,9787020166718.0,归还,2025-04-24 11:17:52,58.0,八月槎,人民文学出版社,2022-01-01,北京,297,I247.5,584699884843077,IB24G10
200974561,北宋名家词选讲 ,9787301114926.0,归还,2025-04-24 11:49:48,68.0,(加)叶嘉莹 (女， 1924.6~) 著, 北京大学出版社,2007-01-01,北京 ,383,I207.23,455798116724805,IB23G11
201042362,棋王树王孩子王 ,9787539990583.0,归还,2025-04-24 11:49:48,38.0,阿城 (1949~) 著, 江苏凤凰文艺出版社,2016-01-01,南京 ,179,I247.57,455798116724805,IB23G11
200877024,才女之累：李清照及其接受史,9787532582112.0,归还,2025-04-24 11:49:53,78.0,"(美)艾朗诺 (Egan, Ronald C.) 著", 上海古籍出版社,2017-01-01,上海 ,363,I207.23,455798116724805,IB23G11
200919998,正义的语境,9787208177994.0,归还,2025-04-24 13:07:28,98.0,（德）福斯特著,上海人民出版社,2023-01-01,上海,392,D081,584699856826437,IB24G10
201039189,正义诸领域：为多元主义与平等一辩 ,9787544793797.0,归还,2025-04-24 13:07:28,98.0,(美) 沃尔泽著,译林出版社,2022-01-01,南京,401,D081,584699856826437,IB24G10
201055810,政治情感,9787300311555.0,外借,2025-04-24 13:15:50,118.0,（美）努斯鲍姆著,中国人民大学出版社,2022-01-01,北京,18618,D0-02,584699856826437,IB24G10
201325164,Simply psychology,9780241515679.0,归还,2025-04-24 15:59:05,90.0," Eysenck, Michael W",,,,,150,455798098456645,IB23G11
200192656,IBDP中文A文学课程专题拓展论文及个人口头评论优秀范例点评,9789620441417.0,外借,2025-04-24 16:00:47,128.0,"苏媛,李萍著",三联书店(香港)有限公司,2018-01-01,香港,249,IB-1-CH-1,455798098456645,IB23G11
200402661,Physics for Scientists and Engineers with Modern Physics Pearson New International Edition,9781292020761.0,续借,2025-04-24 16:39:30,1059.0,"Giancoli, Douglas C.",Pearson Education Limited,2013-07-29,,1440,IB-4-PH-5,584699890253893,IB24G10
200951416,三体Ⅲ,9787229030933.0,归还,2025-04-25 08:16:45,38.0,刘慈欣,重庆出版社,2010-01-01,重庆,513,I247.5,450611287797829,IB22G12
200726900,疯癫与文明 : 理性时代的疯癫史,9787108065575.0,外借,2025-04-25 11:23:19,49.0,"(法米歇尔·)福柯 (Foucault, Michel 1926~1984) 著", 生活·读书·新知三联书店,2019-01-01,北京 ,273,B565.59,450611312689221,IB22G12
200881698,不能承受的生命之轻,9787532766635.0,归还,2025-04-25 14:49:37,88.0,昆德拉著,上海译文出版社,2014-01-01,上海,427,I565.45,455798035157061,IB23G11
200880831,脑研究的新大陆：一位德国工程师与一位中国科学家之间的对话,9787544490207.0,外借,2025-04-25 14:49:54,68.0,顾凡及 著, 上海教育出版社有限公司,2019-01-01,上海 ,168147,Q983,455798035157061,IB23G11
201013731,重症监护室的故事 ,9787544783545.0,外借,2025-04-25 14:50:03,68.0,"(英)马特·摩根(Morgan, Matt) 著",译林出版社,2021-01-01,南京 ,12277,R459.7,455798035157061,IB23G11
200954413,舞台灯光设计概要,9787104020578.0,归还,2025-04-27 07:18:52,46.0,冯德仲著,中国戏剧出版社,2007-01-01,北京,200,J814.4,455797997469765,IB23G11
200871789,我将宇宙随身携带,9787559651709.0,外借,2025-04-27 07:19:22,58.0,(葡)佩索阿著,北京联合出版公司,2021-01-01,北京,227,I552.25,584699841843269,IB24G10
200850409,鹿鼎记 .一,9787546213415.0,归还,2025-04-27 07:26:49,36.0,金庸 (1924~2018) 著, 广州出版社,2013-01-01,广州 ,1823,I247.5,584699859161157,IB24G10
200971092,审判 ,9787513930826.0,续借,2025-04-27 08:07:21,49.8,(奥)弗兰兹·卡夫卡 著, 民主与建设出版社有限责任公司,2020-01-01,北京 ,222,I521.45,584699841630277,IB24G10
200191915,Pearson Baccalaureate Standard Level Chemistry,9781447959069.0,归还,2025-04-27 11:17:28,298.0,"Catrin Brown,Mike Ford",Pearson,2014-01-01,U.K.,656,IB-4-CH-3,450611289092165,IB22G12
Z0068840,國際文憑大學預科項目中文A語言與文學課程學習指導——语言卷(简体版),9789620433641.0,归还,2025-04-27 11:17:30,141.3,禹慧灵编著,三联书店(香港)有限公司,2013-01-01,香港,132,IB-1-CH-1,450611289092165,IB22G12
Z0068838,國際文憑大學預科項目中文A語言與文學課程學習指導——评估卷(简体版),9789620433641.0,归还,2025-04-27 11:17:32,141.3,禹慧灵编著,三联书店(香港)有限公司,2013-01-01,香港,461,IB-1-CH-1,450611289092165,IB22G12
201015007,“鸟人”应该知道的鸟问题,9787301312315.0,归还,2025-04-27 11:39:34,64.0,"(美)劳拉·埃里克森 (Erickson, Laura) 著",北京大学出版社,2020-01-01,北京,372,Q959.7-49,584699884843077,IB24G10
200972475,人性能达到的境界,9787512694040.0,外借,2025-04-27 12:39:40,58.0,(美)马斯洛著,团结出版社,2022-01-01,北京,10556,B84,584699866955845,IB24G10
200953110,写给大家的平面设计手册,9787574102293.0,归还,2025-04-27 13:36:00,78.0,（日）生田信一著,江苏凤凰美术出版社,2022-01-01,南京,200,J511,450611279773765,IB22G12
201048400,现代汉语修辞学 ,9787309146752.0,外借,2025-04-27 15:05:15,45.0,吴礼权 (1964~) 著, 复旦大学出版社有限公司,2020-01-01,上海 ,551,H15,450611279773765,IB22G12
200823163,夜莺与玫瑰,9787544788588.0,归还,2025-04-27 16:32:58,38.0,（英）王尔德著,译林出版社,2022-01-01,南京,179,I561.88,584699888091205,IB24G10
200869462,北欧众神 ,9787559416735.0,归还,2025-04-27 16:33:01,42.0,"(英)尼尔·盖曼 (Gaiman, Neil 1960~) 著", 江苏凤凰文艺出版社,2018-01-01,南京 ,262,I561.45,584699888091205,IB24G10
200659135,Siddhartha,9780553208849.0,外借,2025-04-27 17:22:20,25.0,"Hesse, Hermann",Bantam,,Toronto ; New York :,152,833.912,455798034522181,IB23G11
201058611,长夜难明,9787572611971.0,外借,2025-04-27 17:22:27,52.0,紫金陈 著,湖南文艺出版社 ,2023-01-01,长沙 ,299,I247.5,455798034522181,IB23G11
201050593,雪山飞狐,9787546206196.0,外借,2025-04-27 17:48:41,35.0,金庸 (1924~2018) 著, 广州出版社,2011-01-01,广州,357,I247.5,584699888091205,IB24G10
200802417,天堂,9787532790890.0,外借,2025-04-27 17:48:56,78.0,"(英)阿卜杜勒拉扎克·古尔纳 (Gurnah, Abdulrazak 1948~) 著",上海译文出版社,2022-01-01,上海,283,I561.45,584699888091205,IB24G10
201044770,订书匠,9787541156472.0,外借,2025-04-27 17:49:08,48.0,(英)柯林斯著,四川文艺出版社,2020-01-01,成都,362,I561.45,584699888091205,IB24G10
200869569,刀锋,9787547744581.0,归还,2025-04-28 09:59:56,76.0,(英)毛姆著,北京日报出版社,2023-01-01,北京,472,I561.45,455798066937925,IB23G11
201054090,争夺非洲,9787513939072.0,外借,2025-04-28 10:29:15,149.8,张宏伟著,民主与建设出版社有限责任公司,2022-01-01,北京,459,K4,584699836862533,IB24G10
201045537,向您告知，明天我们一家就要被杀 : 卢旺达大屠杀纪事,9787305230677.0,外借,2025-04-28 10:29:22,56.0,"(美)菲利普·古雷维奇 (Gourevitch, Philip) 著",南京大学出版社,2020-01-01,南京,340,K427,584699836862533,IB24G10
201019236,山海变.6水云乡,9787020166725.0,归还,2025-04-28 11:17:18,58.0,八月槎,人民文学出版社,2022-01-01,北京,297,I247.5,584699884843077,IB24G10
201308575,The Waves,9781847497819.0,归还,2025-04-28 15:28:31,21.0,"Woolf, Virginia",ALMA BOOKS,2018-12-28,英国,,823.91,450611295711301,IB22G12
200877408,蝇王,9787532788132.0,外借,2025-04-28 15:52:57,78.0,(英)威廉·戈尔丁(Milliam Golding)著 龚志成译,上海译文出版社有限公司,2021-01-01,上海,234,I561.45,584699880865861,IB24G10
201015178,自深深处,9787544752183.0,外借,2025-04-28 15:52:57,48.0,(英)王尔德著;朱纯深译,译林出版社,2015-01-01,南京,362,I561.64,584699880865861,IB24G10
200816581,财富、贫穷与政治,9787572211874.0,外借,2025-04-28 16:43:23,45.0,（美）索厄尔著,浙江教育出版社,2021-01-01,杭州,305,F0-49,584699858100293,IB24G10
200847986,中国现当代文学名篇十五讲,9787301216507.0,外借,2025-04-28 16:53:07,59.0,陈思和 著,北京大学出版社,2013-01-01,北京,,I206.6,450611287797829,IB22G12
200929291,文学理论 ,9787213077272.0,外借,2025-04-28 16:53:17,60.0,"(美)韦勒克 (Wellek, Rene 1903~1995) 著", 浙江人民出版社,2017-01-01,杭州 ,23343,I0,450611287797829,IB22G12
200942542,"思考,快与慢",9787508633558.0,外借,2025-04-28 16:57:00,69.0,"(美)卡尼曼著,李爱民,何梦莹译",中信出版社,2016-01-01,北京,424,F069.9-49,584699858100293,IB24G10
200988850,建筑师的1堂必修课,9787111711544.0,归还,2025-04-28 17:37:27,49.0,罗松著,机械工业出版社,2022-01-01,北京,301,TU,584699871535173,IB24G10
200872564,永恒的边缘.Ⅱ,9787559403223.0,外借,2025-04-28 17:37:56,56.0,(英)福莱特著,江苏凤凰文艺出版社,2017-01-01,南京,420,I561.45,584699871535173,IB24G10
200872573,永恒的边缘.Ⅲ,9787559403223.0,外借,2025-04-28 17:37:56,56.0,(英)福莱特著,江苏凤凰文艺出版社,2017-01-01,南京,420,I561.45,584699871535173,IB24G10
201019183,山海变.1指间错,9787020169283.0,外借,2025-04-28 17:42:18,58.0,八月槎,人民文学出版社,2022-01-01,北京,315,I247.5,584699884843077,IB24G10
201019192,山海变.2绾青丝,9787020169276.0,外借,2025-04-28 17:42:25,58.0,八月槎,人民文学出版社,2022-01-01,北京,285,I247.5,584699884843077,IB24G10
200847986,中国现当代文学名篇十五讲,9787301216507.0,归还,2025-04-29 08:06:29,59.0,陈思和 著,北京大学出版社,2013-01-01,北京,,I206.6,450611287797829,IB22G12
200929291,文学理论 ,9787213077272.0,归还,2025-04-29 08:06:29,60.0,"(美)韦勒克 (Wellek, Rene 1903~1995) 著", 浙江人民出版社,2017-01-01,杭州 ,23343,I0,450611287797829,IB22G12
200836836,桑苏西来客,9787513315111.0,外借,2025-04-29 12:03:49,28.0,(英)克里斯蒂著,新星出版社,2018-01-01,,237,I561.45,584699837075525,IB24G10
200871495,绝叫,9787559641182.0,外借,2025-04-29 12:04:33,58.0,(日)叶真中显著,北京联合出版公司,2020-01-01,北京,,I313.45,584699837075525,IB24G10
201044770,订书匠,9787541156472.0,归还,2025-04-29 12:08:51,48.0,(英)柯林斯著,四川文艺出版社,2020-01-01,成都,362,I561.45,584699888091205,IB24G10
200977096,人体形态学,9787568087124.0,归还,2025-04-30 06:51:54,69.9,张烨,华中科技大学出版社,2022-01-01,武汉,339,R32,584699859591237,IB24G10
201304356,Educated: A Memoir,9780099511021.0,归还,2025-04-30 07:32:33,45.0,Tara Westover,Hutchinson,2018-11-02,英国,,270.092,584699884150853,IB24G10
200699208,Anna Karenina,9780140449174.0,外借,2025-04-30 09:11:19,65.0,Leo Tolstoy,Macmillan,2006-01-01,UK,,891.733,584699883278405,IB24G10
200967613,力学,9787301094013.0,归还,2025-04-30 11:08:39,50.0,舒幼生著,北京大学出版社,2005-01-01,北京,397,O3,584699877527621,IB24G10
201323629,The fellowship of the ring : being the first part of The lord of the rings,9780261103573.0,归还,2025-04-30 11:08:52,26.0,"Tolkien, J. R. R.",,,,407,823.912,584699877527621,IB24G10
201321872,The Herb Book,9780241569504.0,归还,2025-04-30 11:35:23,136.0,DK,DK Publishing,2023-04-06,英国,,	635.7,584699853369413,IB24G10
201324469,Science of Gardening,9780241559253.0,归还,2025-04-30 11:35:23,91.0,"Farrimond, Dr. Stuart",Dorling Kindersley Ltd,2023-03-02,美国,,635,584699853369413,IB24G10
201019183,山海变.1指间错,9787020169283.0,归还,2025-04-30 11:41:34,58.0,八月槎,人民文学出版社,2022-01-01,北京,315,I247.5,584699884843077,IB24G10
200882027,万尼亚舅舅·三姊妹·樱桃园,9787532766642.0,外借,2025-04-30 11:42:01,56.0,契诃夫,上海译文出版社,2014-01-01,上海,288,I512.34,584699858100293,IB24G10
200862030,雾都孤儿,9787532751297.0,外借,2025-04-30 11:42:07,40.0,(英)狄更斯著,上海译文出版社,2010-01-01,上海,462,I561.44,584699858100293,IB24G10
200880136,物种起源(导读注释版)(英文),9787532782130.0,归还,2025-04-30 11:42:50,158.0,查尔斯·达尔文,上海译文出版社,2019-08-01,,,Q111.2,584699853369413,IB24G10
201019209,山海变.3星野乱,9787020169290.0,外借,2025-04-30 11:43:07,58.0,八月槎,人民文学出版社,2022-01-01,北京,291,I247.5,584699884843077,IB24G10
201019218,山海变.4奔掠火,9787020166732.0,外借,2025-04-30 11:43:20,58.0,八月槎,人民文学出版社,2022-01-01,北京,294,I247.5,584699884843077,IB24G10
200805986,豆腐,9787572608322.0,外借,2025-04-30 11:43:49,128.0,朱赢椿著,湖南文艺出版社,2022-01-01,长沙,451295,TS214.2,584699853369413,IB24G10
201321872,The Herb Book,9780241569504.0,外借,2025-04-30 11:43:57,136.0,DK,DK Publishing,2023-04-06,英国,,	635.7,584699853369413,IB24G10
201321872,The Herb Book,9780241569504.0,续借,2025-04-30 11:45:00,136.0,DK,DK Publishing,2023-04-06,英国,,	635.7,584699853369413,IB24G10
200805986,豆腐,9787572608322.0,续借,2025-04-30 11:45:03,128.0,朱赢椿著,湖南文艺出版社,2022-01-01,长沙,451295,TS214.2,584699853369413,IB24G10
201053527,效率崇拜 ,9787305232848.0,外借,2025-04-30 11:50:29,59.0,"(加)贾尼丝·格罗斯·斯坦 (Stein, Janice Gross 1943-) 著", 南京大学出版社,2020-01-01,南京 ,362,F069.9,584699858100293,IB24G10
200933035,助推快与慢：人类动因与行为经济学,9787300188317.0,外借,2025-04-30 11:50:45,52.0,"(美)卡斯·R.桑斯坦 (Sunstein, Cass R.) 著", 中国人民大学出版社,2021-01-01,北京 ,10172,F069.9,584699858100293,IB24G10
201303320,Treasure Island,9781847494863.0,外借,2025-04-30 12:10:18,32.0,"Stevenson, Robert Louis",Alma Books,2016-12-01,英国,,823.8,584699856592965,IB24G10
200883213,昨日的世界,9787532777150.0,归还,2025-04-30 12:31:28,49.0,(奥)茨威格著;徐友敬等译,上海译文出版社,2018-01-01,上海,444,K835.215.6,450611286782021,IB22G12
201501124,The Unbearable Lightness of Being,9780571135394.0,归还,2025-04-30 12:31:32,46.0,"Kundera, Milan",,,,, 891.86354,450611286782021,IB22G12
200882526,基督山伯爵:全2册-上册,9787532778140.0,归还,2025-04-30 12:31:35,44.5,(法)大仲马著,上海译文出版社,2018-01-01,上海,693,I565.44,450611286782021,IB22G12
200919024,查拉图斯特拉如是说,9787208150188.0,归还,2025-04-30 12:32:37,78.0,(德)尼采著,上海人民出版社,2018-01-01,上海,527,B516.47,584699878805573,IB24G10
200919024,查拉图斯特拉如是说,9787208150188.0,外借,2025-04-30 12:32:52,78.0,(德)尼采著,上海人民出版社,2018-01-01,上海,527,B516.47,584699878805573,IB24G10
200871789,我将宇宙随身携带,9787559651709.0,归还,2025-04-30 12:37:19,58.0,(葡)佩索阿著,北京联合出版公司,2021-01-01,北京,227,I552.25,584699841843269,IB24G10
200857215,月亮和六便士,9787532749003.0,外借,2025-04-30 14:38:04,48.0,(英)毛姆著　傅惟慈译,上海译文出版社,2009-01-01,上海,347,I561.45,450611286782021,IB22G12
201028253,非道德的政治,9787305250965.0,归还,2025-04-30 14:41:34,78.0,（以）沙尔夫斯坦著,南京大学出版社,2022-01-01,南京,14454,D095.4,584699856826437,IB24G10
201307709,Penguin Vitae: The Age of Innocence,9780143134817.0,外借,2025-05-02 12:06:56,77.0,Edith Wharton,Penguin USA,2021-02-23,美国,,813.52,450611283214405,IB22G12
200690350,"The hobbit, or, There and back again",9780345339683.0,续借,2025-05-03 22:47:06,0.0,"Tolkien, J. R. R. (John Ronald Reuel), 1892-1973; Anderson, Douglas A. 1959-",Del Rey Books,,,,823.912,584699858526277,IB24G10
200862254,远大前程,9787532753659.0,续借,2025-05-04 00:55:45,42.0,(英)狄更斯著,上海译文出版社,2011-01-01,上海,547,I561.44,584699875807301,IB24G10
200882027,万尼亚舅舅·三姊妹·樱桃园,9787532766642.0,归还,2025-05-06 06:50:55,56.0,契诃夫,上海译文出版社,2014-01-01,上海,288,I512.34,584699858100293,IB24G10
200943426,正在抢救中,9787553211213.0,归还,2025-05-06 06:50:55,59.8,李鸿政著,贵州科技出版社,2022-01-01,贵阳,296,R197.1,584699859591237,IB24G10
201023757,万历十五年,9787101101621.0,归还,2025-05-06 06:50:55,65.0,(美)黄仁宇著,中华书局,2014-01-01,北京,387,K248.307,584699859591237,IB24G10
201019192,山海变.2绾青丝,9787020169276.0,归还,2025-05-06 07:10:42,58.0,八月槎,人民文学出版社,2022-01-01,北京,285,I247.5,584699884843077,IB24G10
201019209,山海变.3星野乱,9787020169290.0,归还,2025-05-06 07:10:49,58.0,八月槎,人民文学出版社,2022-01-01,北京,291,I247.5,584699884843077,IB24G10
201019236,山海变.6水云乡,9787020166725.0,外借,2025-05-06 07:23:56,58.0,八月槎,人民文学出版社,2022-01-01,北京,297,I247.5,584699884843077,IB24G10
201019227,山海变.5旧时雨,9787020166718.0,外借,2025-05-06 07:24:08,58.0,八月槎,人民文学出版社,2022-01-01,北京,297,I247.5,584699884843077,IB24G10
200935505,"汪曾祺散文集, 人间知味 ",9787538756579.0,外借,2025-05-06 09:27:10,38.0,汪曾祺 (1920~1997) 著, 时代文艺出版社,2018-01-01,长春 ,361,I267,455798034522181,IB23G11
200936808,汪曾祺小说集. 鸡鸭名家 ,9787538756388.0,外借,2025-05-06 09:27:22,38.0,汪曾祺 (1920~1997) 著, 时代文艺出版社,2018-01-01,长春 ,372,I247,455798034522181,IB23G11
201019218,山海变.4奔掠火,9787020166732.0,归还,2025-05-06 11:16:09,58.0,八月槎,人民文学出版社,2022-01-01,北京,294,I247.5,584699884843077,IB24G10
201049579,从你的全世界路过,9787540491949.0,外借,2025-05-06 11:36:30,45.0,张嘉佳著,湖南文艺出版社,,,,I247.7,584699859161157,IB24G10
201053796,积极心理诗学,9787506888400.0,外借,2025-05-06 12:12:34,88.0,罗辉著,中国书籍出版社,2021-01-01,北京,11524,I052,584699847979077,IB24G10
200687729,Chiltern Classic：Northanger Abbey,9781912714278.0,续借,2025-05-06 12:31:52,98.0,Jane Austen,Chiltern Publishing,2019-11-11,美国,,823.7,584699847979077,IB24G10
201018665,达·芬奇密码,9787020126132.0,外借,2025-05-06 16:57:08,75.0,(美)布朗著,人民文学出版社,2017-01-01,北京,439,I712.45,450611287797829,IB22G12
200854496,乱世佳人 ·上,9787532751273.0,外借,2025-05-06 16:57:16,44.5,(美)米切尔著,上海译文出版社,2010-01-01,上海,1105,I712.45,450611287797829,IB22G12
201057612,王家卫的电影世界,9787301311431.0,归还,2025-05-07 07:37:27,60.0,（马来）张建德著 ,北京大学出版社 ,2021-01-01,北京 ,278,J905.2,584699861340229,IB24G10
200877408,蝇王,9787532788132.0,归还,2025-05-07 11:13:43,78.0,(英)威廉·戈尔丁(Milliam Golding)著 龚志成译,上海译文出版社有限公司,2021-01-01,上海,234,I561.45,584699880865861,IB24G10
200861353,乌合之众,9787301272084.0,外借,2025-05-07 11:26:12,35.0,(法)勒庞著,北京大学出版社,2016-01-01,北京,258,C912.64,584699861790789,IB24G10
200965973,社会心理学,9787115410047.0,外借,2025-05-07 11:26:12,128.0,(美)迈尔斯著;侯玉波译,人民邮电出版社,2016-01-01,北京,707,C912.6,584699861790789,IB24G10
200861353,乌合之众,9787301272084.0,归还,2025-05-07 11:27:28,35.0,(法)勒庞著,北京大学出版社,2016-01-01,北京,258,C912.64,584699861790789,IB24G10
200965973,社会心理学,9787115410047.0,归还,2025-05-07 11:27:28,128.0,(美)迈尔斯著;侯玉波译,人民邮电出版社,2016-01-01,北京,707,C912.6,584699861790789,IB24G10
200861353,乌合之众,9787301272084.0,外借,2025-05-07 11:27:33,35.0,(法)勒庞著,北京大学出版社,2016-01-01,北京,258,C912.64,584699861790789,IB24G10
200965973,社会心理学,9787115410047.0,外借,2025-05-07 11:27:33,128.0,(美)迈尔斯著;侯玉波译,人民邮电出版社,2016-01-01,北京,707,C912.6,584699861790789,IB24G10
200934427,天才基本法：完结篇. 上,9787559437372.0,外借,2025-05-07 11:43:01,39.0,长洱 著, 江苏凤凰文艺出版社,2019-01-01,南京 ,560,I247.5,584699875807301,IB24G10
201605030,大学之路 : 陪女儿在美国选大学. 上册,9787115470294.0,归还,2025-05-07 12:03:49,49.5,吴军 ,人民邮电出版社 ,2018-01-01,北京 ,326,G649.712.8,584699877527621,IB24G10
200859776,鼠疫,9787532761753.0,外借,2025-05-07 12:09:35,45.0,（法）加缪著,上海译文出版社,2013-01-01,上海,273,I565.45,584699877527621,IB24G10
200911255,诺曼底登陆,9787208132252.0,外借,2025-05-07 12:17:52,75.0,（美）西蒙兹著,上海人民出版社,2015-01-01,上海,270,E195.2,584699877527621,IB24G10
201043548,蛤蟆先生去看心理医生,9787541164262.0,归还,2025-05-07 16:27:16,48.0,(英)狄保德著,四川文艺出版社,2022-01-01,成都,269,B849.1-49,450611277504581,IB22G12
201309627,Bantam Classics：Frankenstein,9780553212471.0,归还,2025-05-07 16:27:19,51.0,Mary Shelley,Bantam Classics,1984-05-01,美国,,823.7,450611274195013,IB22G12
200860103,黑塞童话集,9787532780822.0,归还,2025-05-07 17:20:47,98.0,（德）黑塞著,上海译文出版社,2019-01-01,上海,258,I516.15,584699880865861,IB24G10
200874081,海上钢琴师,9787540482732.0,归还,2025-05-07 17:20:47,48.0,(意)巴里科著,湖南文艺出版社,2017-01-01,长沙,173,I546.45,584699880865861,IB24G10
200861353,乌合之众,9787301272084.0,归还,2025-05-07 17:21:11,35.0,(法)勒庞著,北京大学出版社,2016-01-01,北京,258,C912.64,584699861790789,IB24G10
200861353,乌合之众,9787301272084.0,外借,2025-05-07 17:21:44,35.0,(法)勒庞著,北京大学出版社,2016-01-01,北京,258,C912.64,584699880865861,IB24G10
200927328,雨,9787220105135.0,续借,2025-05-07 22:45:55,38.0,（马来）黄锦树著,四川人民出版社,2018-01-01,成都,270,I338.45,584699853803589,IB24G10
200826286,伟大的海·上,9787509791127.0,外借,2025-05-08 10:19:54,84.0,"(英)阿布拉菲亚 (Abulafia, David) 著", 社会科学文献出版社·甲骨文工作室,2018-01-01,北京 ,11956,K10,584699851386949,IB24G10
200984569,英国鸟类史,9787214271426.0,归还,2025-05-08 11:16:35,98.0,（英）亚尔登著,江苏人民出版社,2022-01-01,南京,398,Q959.7,584699884843077,IB24G10
201019227,山海变.5旧时雨,9787020166718.0,归还,2025-05-08 11:16:38,58.0,八月槎,人民文学出版社,2022-01-01,北京,297,I247.5,584699884843077,IB24G10
201000193,天使与魔鬼,9787020126897.0,外借,2025-05-08 11:34:19,89.0,(美)布朗著,人民文学出版社,2017-01-01,北京,492,I712.45,450611287797829,IB22G12
200990703,人文地理学通识:全彩插图,9787564580070.0,外借,2025-05-08 11:35:28,228.0,(英)鲁宾斯坦著　罗爽译,郑州大学出版社,2021-01-01,郑州,555,K901,584699847979077,IB24G10
201059013,普通化学原理,9787301225578.0,外借,2025-05-08 11:35:36,76.0,华彤文,北京大学出版社 ,2013-01-01,北京 ,492,O6,584699847979077,IB24G10
200985880,外婆的道歉信,9787201116693.0,归还,2025-05-08 12:31:16,42.0,(瑞典)弗雷德里克·巴克曼著;孟汇一译,天津人民出版社,2017-01-01,天津,344,I532.45,450611278004293,IB22G12
201018665,达·芬奇密码,9787020126132.0,归还,2025-05-08 17:12:24,75.0,(美)布朗著,人民文学出版社,2017-01-01,北京,439,I712.45,450611287797829,IB22G12
200833107,哲学起步 ,9787100154710.0,外借,2025-05-09 07:18:44,45.0,邓晓芒 (1948~) 著, 商务印书馆,2017-01-01,北京 ,383,B-49,584699859591237,IB24G10
201050502,"四世同堂. 第一部, 惶惑 ",9787547311790.0,外借,2025-05-09 07:24:02,29.5,老舍 (1899~1966) 著, 东方出版中心,2017-01-01,上海 ,366,I246.5,584699859591237,IB24G10
200768179,既爱又恨 : 走近边缘型人格障碍,9787300272696.0,归还,2025-05-09 08:34:30,75.0,"(美)杰罗德·J.克雷斯曼 (Kreisman, Jerold) 著",中国人民大学出版社,2020-01-01,北京,21274,R749.91,450611298308165,IB22G12
200786140,理解与治疗双相情感障碍,9787552026603.0,归还,2025-05-09 08:34:30,50.0,"(法)米拉贝尔-萨容 (Mirabel-Sarron, Christine) 著",上海社会科学院出版社,2020-01-01,上海,291,R749.405,450611298308165,IB22G12
Z0060340,IB Prepared:Approach your exams the IB way-Mathematics HL,1906345198.0,归还,2025-05-09 08:34:30,20.7,"David Harris,Irene Owen",IBO,,UK,185,IB-5-M-1,450611298308165,IB22G12
200965973,社会心理学,9787115410047.0,归还,2025-05-09 08:50:50,128.0,(美)迈尔斯著;侯玉波译,人民邮电出版社,2016-01-01,北京,707,C912.6,584699861790789,IB24G10
200965973,社会心理学,9787115410047.0,外借,2025-05-09 08:51:40,128.0,(美)迈尔斯著;侯玉波译,人民邮电出版社,2016-01-01,北京,707,C912.6,584699880865861,IB24G10
200687355,Paper Towns,9780142414934.0,归还,2025-05-09 11:38:33,148.0,John Green,Speak,2009-01-01,USA,,813.6,450611289841733,IB22G12
201310722,The Queens Gambit : Now a Major Netflix Drama,9781474622578.0,归还,2025-05-09 11:38:33,46.0,Walter Tevis,Orion Publishing Group,2020-10-27,英国,,813.54,450611289841733,IB22G12
201502917,Dune,9780441172719.0,归还,2025-05-09 11:38:33,50.0,Frank Herbert,Ace Books,2019-01-01,USA,884,813.54,450611289841733,IB22G12
200856083,博弈论 ,9787108067128.0,归还,2025-05-09 15:03:40,35.0,"(英)帕斯丁 (Pastine, Ivan) 文", 生活·读书·新知三联书店,2020-01-01,北京 ,174,O225,450611289587781,IB22G12
200933053,蛋糕经济学,9787300302997.0,归还,2025-05-09 15:03:46,99.0,(英) 爱德蒙斯著,中国人民大学出版社 ,2022-01-01,北京,13477,F27,450611289587781,IB22G12
200936817,汪曾祺小说集. 鸡鸭名家 ,9787538756388.0,续借,2025-05-10 13:41:20,38.0,汪曾祺 (1920~1997) 著, 时代文艺出版社,2018-01-01,长春 ,372,I247,584699873386565,IB24G10
200893685,战神的后裔 ,9787570209392.0,外借,2025-05-12 07:23:59,26.0,郑文光 (1929~2003) 著, 长江文艺出版社,2019-01-01,武汉 ,230,I247.5,584699884843077,IB24G10
200841063,长安的荔枝,9787572608582.0,归还,2025-05-12 07:26:25,45.0,马伯庸著,湖南文艺出版社,2022-01-01,长沙,216,I247.5,584699859161157,IB24G10
200893685,战神的后裔 ,9787570209392.0,归还,2025-05-12 10:50:31,26.0,郑文光 (1929~2003) 著, 长江文艺出版社,2019-01-01,武汉 ,230,I247.5,584699884843077,IB24G10
201019236,山海变.6水云乡,9787020166725.0,归还,2025-05-12 10:50:31,58.0,八月槎,人民文学出版社,2022-01-01,北京,297,I247.5,584699884843077,IB24G10
200817642,存在主义咖啡馆:自由、存在和杏子鸡尾酒,9787559610782.0,外借,2025-05-12 13:24:47,88.0,(美)贝克韦尔,北京联合出版公司,2018-01-01,北京,563,B085,584699858526277,IB24G10
201000193,天使与魔鬼,9787020126897.0,归还,2025-05-12 14:57:52,89.0,(美)布朗著,人民文学出版社,2017-01-01,北京,492,I712.45,450611287797829,IB22G12
200983588,基因论,9787229168629.0,外借,2025-05-12 16:07:19,48.0,（美）摩尔根著,重庆出版社,2022-01-01,重庆,295,Q343.1,584699884150853,IB24G10
200881279,病菌简史,9787572001727.0,外借,2025-05-12 16:11:23,58.0,张文宏 主编,上海教育出版社,2020-01-01,上海,119,R37-49,584699884150853,IB24G10
201016747,生命简史,9787508686424.0,外借,2025-05-12 16:11:41,68.0,(英)福提,中信出版社,2018-01-01,北京,349,Q10,584699884150853,IB24G10
201048400,现代汉语修辞学 ,9787309146752.0,归还,2025-05-12 17:13:05,45.0,吴礼权 (1964~) 著, 复旦大学出版社有限公司,2020-01-01,上海 ,551,H15,450611279773765,IB22G12
200687355,Paper Towns,9780142414934.0,外借,2025-05-12 17:27:38,148.0,John Green,Speak,2009-01-01,USA,,813.6,584699881758789,IB24G10
200696513,Watching the English: The International Bestseller Revised and Updated,9781444785203.0,归还,2025-05-13 07:05:31,55.0,Kate Fox,Hodder,2014-10-23,英国,,306.094,450611284529221,IB22G12
201300289,False Justice: Eight Myths that Convict the Innocent,9781138783003.0,归还,2025-05-13 07:05:31,225.0,Petro,Routledge,2018-12-06,英国,,320.97,450611284529221,IB22G12
201322489,DK-Big Ideas：The Law Book,9780241410196.0,归还,2025-05-13 07:05:31,89.0,DK,DK Publishing,2020-09-03,英国,,340.09,450611284529221,IB22G12
Z0012203,丁玲集,7501514747.0,归还,2025-05-13 07:52:04,15.5,丁玲,知识出版社,,,207,I266,450611317665861,IB22G12
Z0028274,丁玲小说 梦珂,7532522768.0,归还,2025-05-13 07:52:04,13.4,周伟鸿编选,上海古籍出版社,1997-01-01,上海,205,I246.7,450611317665861,IB22G12
200665495,Environmental Systems and Societies,9781447990420.0,归还,2025-05-13 09:16:51,407.0,"Andrew Davis,Garrett Nagle",Pearson,2015-01-01,London,492,IB-4-SC-1,450611325075525,IB22G12
200760337,SSTP IB I SEE Physics-HL＆SL for the IB Diploma,9787547848654.0,归还,2025-05-13 09:16:51,200.0,何妍 (物理学) 主编,上海科学技术出版社,2021-01-01,上海,348,IB-4-PH-5,450611325075525,IB22G12
201309397,The New Yorker Stories,9781439168752.0,归还,2025-05-13 09:16:51,57.0,Ann Beattie,Simon & Schuster,2011-10-11,美国,,813.54,450611325075525,IB22G12
201312310,Rhetoric: A Very Short Introduction,9780199651368.0,归还,2025-05-13 09:16:51,48.0,"Toye, Richard",Oxford University Press,2013-03-28,英国,,808,450611325075525,IB22G12
201323594,The Double,9781800319370.0,归还,2025-05-13 09:50:11,85.0,"Gosslin, Ann",Legend Press,2021-01-01,UK,334,813.6,450611293851717,IB22G12
200884169,三四郎,9787532773725.0,外借,2025-05-13 10:32:44,59.0,（日）夏目漱石著,上海译文出版社,2017-01-01,上海,261,I313.45,455798083403845,IB23G11
200690626,Disorder in the Court: Great Fractured Moments in Courtroom History,9780393319286.0,归还,2025-05-13 11:10:24,74.0,"DIXIT, AVINASH; NAL",W. W. Norton & Company,1999-08-17,美国,,347.73,450611284529221,IB22G12
200847450,倾城之恋,9787530218624.0,归还,2025-05-13 11:47:42,49.5,张爱玲著,北京十月文艺出版社,2019-01-01,北京,328,I246.7,450611281657925,IB22G12
200696684,A Thousand Splendid Suns,9781594483073.0,归还,2025-05-13 14:18:42,35.0,Khaled Hosseini,Penguin USA,2008-05-06,美国,,813.6,584699856592965,IB24G10
200687015,The Martian (MTI),9781101905555.0,归还,2025-05-13 14:19:05,39.0,Andy Weir,Crown Publishers,2015-08-18,美国,,813.6,584699856592965,IB24G10
200696684,A Thousand Splendid Suns,9781594483073.0,外借,2025-05-13 14:19:41,35.0,Khaled Hosseini,Penguin USA,2008-05-06,美国,,813.6,584699856592965,IB24G10
200032311,IB Biology Higher Level for exams 216 + (OSC IB Revision Guides for the International Baccalaureate,9781907374968.0,归还,2025-05-13 14:20:23,324.0,Ashby Merson,,,,323,IB-4-BI-2,450611287269445,IB22G12
200676731,Exam Practice Workbook for Mathematics Analysis and Approaches HL,9781398321878.0,归还,2025-05-13 14:20:23,169.0,"Paul Fannon, Vesna Kadelburg, Stephen Ward",Hodder Education,2021-02-26,UK,224,IB-5-M-1,450611287269445,IB22G12
200760364,SSTP IB I SEE Physics-HL＆SL for the IB Diploma,9787547848654.0,归还,2025-05-13 14:20:23,200.0,何妍 (物理学) 主编,上海科学技术出版社,2021-01-01,上海,348,IB-4-PH-5,450611287269445,IB22G12
200696684,A Thousand Splendid Suns,9781594483073.0,归还,2025-05-13 14:20:57,35.0,Khaled Hosseini,Penguin USA,2008-05-06,美国,,813.6,584699856592965,IB24G10
200358246,The remains of the day,9780571322732.0,外借,2025-05-13 14:22:18,49.0,"Ishiguro, Kazuo",Faber and Faber,,London,258,823.914,584699856592965,IB24G10
200054412,Sense & Sensibility,9780062015631.0,外借,2025-05-13 14:22:29,44.95,Jane Austen,HarperTeen,2011-01-01,New York,44116,823.7,584699856592965,IB24G10
200054458,Persuasion,9780062065988.0,外借,2025-05-13 14:22:40,44.95,Jane Austen,HarperTeen,2011-01-01,New York,29518,823.7,584699856592965,IB24G10
200054412,Sense & Sensibility,9780062015631.0,归还,2025-05-13 14:53:12,44.95,Jane Austen,HarperTeen,2011-01-01,New York,44116,823.7,584699856592965,IB24G10
200872350,达摩流浪者,9787571001933.0,外借,2025-05-13 15:06:48,52.0,(美)凯鲁亚克著,湖南科学技术出版社,2021-01-01,长沙,315,I712.45,450611287797829,IB22G12
200866606,刀锋,9787210095002.0,外借,2025-05-13 16:31:55,36.0,(英)毛姆著,江西人民出版社,2017-01-01,,337,I561.45,450611286782021,IB22G12
200907082,平面设计完全手册,9787530470954.0,归还,2025-05-13 17:35:49,89.0,(德)韦格著,北京科学技术出版社,2017-01-01,北京,470,J506,450611279773765,IB22G12
201323601,The Hobbit,9780261103344.0,归还,2025-05-14 13:56:46,55.0,"Tolkien, J. R. R.",,,,305,823.912,450611284004933,IB22G12
200694542,Bantam Classics: Fifty Great Short Stories,9780553277456.0,归还,2025-05-14 13:56:49,15.0,Milton Crane,Bantam Classics,1983-08-01,美国,,808.83,450611284004933,IB22G12
200870511,纯真告别,9787559617712.0,归还,2025-05-14 13:56:49,49.8,苏珊著;马爱农等译,北京联合出版公司,2018-01-01,北京,355,I712.45,450611284004933,IB22G12
200817205,跨越边界的社区：北京“浙江村”的生活史,9787807681885.0,归还,2025-05-14 14:10:18,68.0,项飚著,生活书店出版有限公司,2018-01-01,北京,,C912.81,450611272413253,IB22G12
Z0068838,國際文憑大學預科項目中文A語言與文學課程學習指導——评估卷(简体版),9789620433641.0,外借,2025-05-14 14:30:17,141.3,禹慧灵编著,三联书店(香港)有限公司,2013-01-01,香港,461,IB-1-CH-1,455797975019589,IB23G11
Z0068840,國際文憑大學預科項目中文A語言與文學課程學習指導——语言卷(简体版),9789620433641.0,外借,2025-05-14 14:30:23,141.3,禹慧灵编著,三联书店(香港)有限公司,2013-01-01,香港,132,IB-1-CH-1,455797975019589,IB23G11
200952111,我从未如此眷恋人间,9787552706673.0,归还,2025-05-14 16:56:20,49.8,史铁生,读者出版社,2022-01-01,兰州,252,I266,450611307933765,IB22G12
200937353,琅琊榜之风起长林 上,9787533933906.0,外借,2025-05-15 07:19:35,43.0,海宴著,浙江文艺出版社,2018-01-01,杭州,362,I247.5,584699884843077,IB24G10
200954191,孤独力 ,9787201140070.0,归还,2025-05-15 09:31:13,42.8,(日)午堂登纪雄 (1971~) 著, 天津人民出版社,2018-01-01,天津 ,251,B821,584699844268101,IB24G10
200812308,战国策.上册,9787101085686.0,外借,2025-05-15 09:31:54,38.0,"缪文远,著",中华书局,2012-01-01,北京,,K231.04,584699844268101,IB24G10
200993951,落叶,9787229143022.0,外借,2025-05-15 10:15:01,49.8,（美）杜兰特著,重庆出版社,2020-01-01,重庆,265,B-49,584699859591237,IB24G10
200842874,金枝 .上册,9787100136853.0,归还,2025-05-15 10:35:55,74.0,"(英)弗雷泽 (Frazer, James George 1854~1941) 著", 商务印书馆,2017-01-01,北京 ,1260,B933,450611318874181,IB22G12
Z0068748,English B for the IB Diploma,9781107654228.0,归还,2025-05-15 10:59:39,325.0,Brad Philpot,[出版者不详],2013-01-01,[出版地不,366,IB-2-E-1,450611272667205,IB22G12
Z0064656,English B Course Companion,9780199129683.0,归还,2025-05-15 10:59:46,304.0,Kawther Saa'd AIDin,OXFORD,2012-01-01,NEW YORK,413,IB-2-E-1,450611272667205,IB22G12
200822627,与神作战,9787520156134.0,外借,2025-05-15 15:22:52,65.0,(英)惠特马什著,社会科学文献出版社·甲骨文工作室(分社),2020-01-01,北京,355,B91,584699880865861,IB24G10
200999278,现代性的神学起源,9787535799715.0,外借,2025-05-15 15:22:52,98.0,（美）吉莱斯皮著,湖南科学技术出版社,2019-01-01,长沙,418,B972,584699880865861,IB24G10
201041648,神话的心理学,9787108072788.0,外借,2025-05-15 15:22:52,39.0,(日)河合隼雄著,生活·读书·新知三联书店,2022-01-01,北京,139,B932.1,584699880865861,IB24G10
201057319,基督教史：最初的三千年,9787518814466.0,外借,2025-05-15 15:22:52,218.0,(英)迪尔梅德·麦卡洛克 ,宗教文化出版社 ,2024-01-01,北京 ,1137,B979,584699880865861,IB24G10
200927612,像托尔斯泰一样写故事 ,9787571103118.0,归还,2025-05-15 15:35:58,56.0,"(英)科恩 (Cohen, Richard) 著", 大象出版社,2019-01-01,郑州 ,371,H054,450611275468869,IB22G12
201041648,神话的心理学,9787108072788.0,归还,2025-05-15 16:29:25,39.0,(日)河合隼雄著,生活·读书·新知三联书店,2022-01-01,北京,139,B932.1,584699880865861,IB24G10
201042479,存在与时间,9787108050960.0,外借,2025-05-15 16:55:19,62.0,(德)海德格尔著;陈嘉映译,三联书店,2017-01-01,北京,518,B086,584699859591237,IB24G10
200676713,Exam Practice Workbook for Mathematics Analysis and Approaches HL,9781398321878.0,归还,2025-05-16 07:42:59,169.0,"Paul Fannon, Vesna Kadelburg, Stephen Ward",Hodder Education,2021-02-26,UK,224,IB-5-M-1,450611281657925,IB22G12
201065284,人形爱情故事,9787513353465.0,归还,2025-05-16 07:56:21,69.0,（英）珍妮特.温特森著 ,新星出版社 ,2024-01-01,北京 ,346,I561.45,450611288834117,IB22G12
200822627,与神作战,9787520156134.0,归还,2025-05-16 08:48:30,65.0,(英)惠特马什著,社会科学文献出版社·甲骨文工作室(分社),2020-01-01,北京,355,B91,584699880865861,IB24G10
200999278,现代性的神学起源,9787535799715.0,归还,2025-05-16 08:48:30,98.0,（美）吉莱斯皮著,湖南科学技术出版社,2019-01-01,长沙,418,B972,584699880865861,IB24G10
200692483,Wordsworth: Social Contract,9781853267819.0,归还,2025-05-16 08:51:15,20.0,Jean-Jacques Roussea,Wordsworth,1998-03-05,英国,,320.01,450611289337925,IB22G12
200867428,宗教社会学 宗教与世界 ,9787542670540.0,外借,2025-05-16 10:14:20,80.0,"(德)马克斯·韦伯 (Weber, Max 1864~1920) 著",上海三联书店,2021-01-01,上海,10520,B920,584699880865861,IB24G10
201048838,行为心理学,9787516833452.0,外借,2025-05-16 10:14:20,49.0,（美）华生著,台海出版社,2022-01-01,北京,223,B84-063,584699880865861,IB24G10
200874170,走出双相情感障碍,9787521744354.0,归还,2025-05-16 12:03:51,58.0,（英）科尼贝尔著,中信出版集团股份有限公司,2022-01-01,北京,232,R749.4,450611296202821,IB22G12
201047214,数学建模教学案例精选,9787040589177.0,归还,2025-05-16 12:17:35,41.1,韩中庚著,高等教育出版社,2022-01-01,北京,308,O141.4,584699866955845,IB24G10
201323282,What You Can See From Here,9781526638540.0,归还,2025-05-16 12:17:35,56.0,Nicole Krauss,Bloomsbury UK,2021-07-22,英国,,833.92,584699866955845,IB24G10
200974712,镜与灯 ,9787301323229.0,续借,2025-05-16 12:24:30,98.0,"(美)M. H. 艾布拉姆斯 (Abrams, Meyer Howard 1912~2015) 著", 北京大学出版社,2021-01-01,北京 ,24435,I109.9,584699837497413,IB24G10
200036718,Economics:HL&SL for the IB Diploma,9787547834541.0,归还,2025-05-16 12:24:57,180.0,"Huang Lechuan,Zhao Yidi",上海科学技术出版社,2017-01-01,上海,290,IB-3-EB-8,450611316330565,IB22G12
200835285,世间的每一个清晨,9787559819628.0,外借,2025-05-16 12:25:20,22.5,（法）基尼亚尔著,广西师范大学出版社,2019-01-01,桂林,107,I565.45,584699858526277,IB24G10
201307709,Penguin Vitae: The Age of Innocence,9780143134817.0,归还,2025-05-16 13:55:54,77.0,Edith Wharton,Penguin USA,2021-02-23,美国,,813.52,450611283214405,IB22G12
200416326,Raphael,9783836532426.0,归还,2025-05-16 14:11:31,110.0,"Thoenes, Christof",Taschen,2016-06-07,,96,700,450611318157381,IB22G12
201324673,Orlando,9780241371961.0,归还,2025-05-16 14:17:41,55.0,"Woolf, Virginia",Penguin Books Ltd,2019-03-07,,336,823.912,455798075973701,IB23G11
201057989,剪辑的语法 :插图修订第2版,9787550297746.0,归还,2025-05-16 14:17:43,45.0,（英）罗伊·汤普森著 ,北京联合出版公司 ,2017-01-01,北京 ,10193,J932,455798075973701,IB23G11
201058201,镜头的语法 :插图修订第2版,9787550297791.0,归还,2025-05-16 14:17:47,45.0,（英）罗伊·汤普森著 ,北京联合出版公司 ,2017-01-01,北京 ,189,J931,455798075973701,IB23G11
200928318,如何写影评（插图修订第8版）,9787559614452.0,归还,2025-05-16 14:17:50,45.0,"(美)蒂莫西·J. 科里根 (Corrigan, Timothy J.) 著", 北京联合出版公司,2018-01-01,北京 ,17195,J905,455798075973701,IB23G11
200914920,拼贴城市 Collage city,9787560898292.0,归还,2025-05-16 14:17:52,128.0,罗,同济大学出版社,2021-01-01,上海,367,TU-021,455798075973701,IB23G11
201066452,走近艺术史,9787513564847.0,外借,2025-05-16 14:20:08,20.0,（英）阿诺德著 ,外语教学与研究出版社 ,2015-01-01,北京 ,16175,J110.9,455798075973701,IB23G11
201066443,建筑与文化,9787513565202.0,外借,2025-05-16 14:20:21,20.0,（英）巴兰坦 著,外语教学与研究出版社 ,2015-01-01,北京 ,193,TU-861,455798075973701,IB23G11
201324673,Orlando,9780241371961.0,外借,2025-05-16 14:20:46,55.0,"Woolf, Virginia",Penguin Books Ltd,2019-03-07,,336,823.912,455798075973701,IB23G11
201058201,镜头的语法 :插图修订第2版,9787550297791.0,外借,2025-05-16 14:20:53,45.0,（英）罗伊·汤普森著 ,北京联合出版公司 ,2017-01-01,北京 ,189,J931,455798075973701,IB23G11
201057989,剪辑的语法 :插图修订第2版,9787550297746.0,外借,2025-05-16 14:21:00,45.0,（英）罗伊·汤普森著 ,北京联合出版公司 ,2017-01-01,北京 ,10193,J932,455798075973701,IB23G11
200928318,如何写影评（插图修订第8版）,9787559614452.0,外借,2025-05-16 14:21:11,45.0,"(美)蒂莫西·J. 科里根 (Corrigan, Timothy J.) 著", 北京联合出版公司,2018-01-01,北京 ,17195,J905,455798075973701,IB23G11
201325422,The woman in white,9780141389431.0,外借,2025-05-16 14:21:54,35.0,"Collins, Wilkie, 1824-1889; Sutherland, John, 1938-; Sweet, Matthew; Sucksmith, Harvey Peter",Penguin UK,2012-01-01,UK,718,823.8,455798075973701,IB23G11
200826286,伟大的海·上,9787509791127.0,归还,2025-05-16 14:38:50,84.0,"(英)阿布拉菲亚 (Abulafia, David) 著", 社会科学文献出版社·甲骨文工作室,2018-01-01,北京 ,11956,K10,584699851386949,IB24G10
201053331,云边有个小卖部,9787540487645.0,归还,2025-05-16 15:45:04,42.0,张嘉佳著,湖南文艺出版社,2018-01-01,长沙,306,I247.5,450611307933765,IB22G12
200862511,怨女,9787530218723.0,归还,2025-05-16 15:45:07,55.0,张爱玲著,北京十月文艺出版社,2019-01-01,,290,I246.7,450611307933765,IB22G12
200988985,机器学习实战 : 基于Scikit-Learn、Keras和TensorFlow,9787111665977.0,归还,2025-05-19 08:07:46,149.0,"(法)奥雷利安·吉翁 (Géron, Aurélien) 著",机械工业出版社,2020-01-01,北京,676,TP181,450611288313925,IB22G12
200914813,应用STATA做统计分析 : 更新至STATA12 : 原书第8版,9787302466659.0,归还,2025-05-19 08:07:50,79.8,"(美)劳伦斯·C. 汉密尔顿 (Hamilton, Lawrence C.) 著", 清华大学出版社,2017-01-01,北京 ,13425,C819,450611288313925,IB22G12
200926169,量子经济学,9787504699268.0,归还,2025-05-19 08:08:18,79.0,（加）欧瑞尔著,中国科学技术出版社,2023-01-01,北京,406,F0,450611288313925,IB22G12
200869177,直到时间的尽头,9787573008459.0,归还,2025-05-19 08:08:24,79.0,（美）格林著,海南出版社,2023-01-01,海口,513,O4,450611288313925,IB22G12
201031061,如何从头开始做一个苹果派,9787521743951.0,归还,2025-05-19 08:08:27,68.0,（英）克利夫著,中信出版集团股份有限公司,2022-01-01,北京,13340,O572.2,450611288313925,IB22G12
200835686,四十一炮,9787533946692.0,归还,2025-05-19 08:21:36,56.0,莫言著,浙江文艺出版社,2017-01-01,杭州,402,I247.5,450611316330565,IB22G12
200402965,Environmental Systems and societies for the IB Diploma Study and Revision Guide,9781471899737.0,归还,2025-05-19 08:33:29,172.0,"Andrew Davis,Garrett Nagle",Hodder Education,2017-01-01,UK.,177,IB-4-SC-1,450611293601861,IB22G12
Z0068642,TI-Nspire For Dummies,9781118004661.0,归还,2025-05-19 08:33:29,148.0,Jeff McCalla,[出版者不详],2011-01-01,[出版地不,356,IB-5-M-1,450611293601861,IB22G12
Z0052468,FAHRENHEIT 451,345342968.0,归还,2025-05-19 10:44:08,35.0,"Bradbury, Ray,",Ballantine Books,,new york,190,813.54,450611306594373,IB22G12
200651829,Disney's land : Walt Disney and the invention of the amusement park that changed the world,9781501190810.0,归还,2025-05-19 10:44:15,150.0,"Snow, Richard, 1947-",Scribner,2019-01-01,New York,408,791.068,450611306594373,IB22G12
Z0050390,"GUNS, GERMS, AND STEEL",393317552.0,归还,2025-05-19 10:44:21,12.48,"Diamond, Jared M.",[出版者不详],,New York,494,303.4,450611306594373,IB22G12
200659769,The Secret Barrister : stories of the law and how it's broken,9781509841141.0,归还,2025-05-19 10:44:28,54.0,Secret Barrister,Pan MacMillan,2019-01-01,London,373,364.941,450611306594373,IB22G12
200669106,Catch-22 : a novel,9780099529125.0,归还,2025-05-19 10:44:34,0.0,"Heller, Joseph; Buckley, Christopher, 1952-",VINTAGE,2011-01-01,London,536,813.54,450611306594373,IB22G12
Z0052851,THE KITE RUNNER,1594480001.0,归还,2025-05-19 10:44:40,116.0,"Hosseini, Khaled",RIVERHEAD BOOKS,,NEW YORK,371,813.6,450611306594373,IB22G12
200424932,Philosophy of law : a very short introduction,9780199687008.0,归还,2025-05-19 10:44:46,66.0,"Wacks, Raymond; Wacks, Raymond",Oxford University Press,2014-01-01,New York,150,340.1,450611306594373,IB22G12
200191292,Barron's 巴朗 AP美国历史,9787519224035.0,归还,2025-05-19 10:45:58,78.0,(美)瑞斯尼克著,世界图书出版公司,2017-01-01,北京,518,IB-3-H-3,450611306594373,IB22G12
Z0050431,Mathematics for the international student HL(Core)(附光盘一张),9781921972119.0,归还,2025-05-19 10:46:06,428.0,,[出版者不详],,[出版地不,832,IB-5-M-1,450611306594373,IB22G12
Z0064227,Workbook for the new I.B.Economics,9780986894404.0,归还,2025-05-19 10:46:13,132.7,Bryce McBride,Croecko Publishing,2011-01-01,Canada,184,IB-3-EB-8,450611306594373,IB22G12
Z0064208,"Unnatural selection : choosing boys over girls, and the consequences of a world full of men",9781586488505.0,归还,2025-05-19 10:46:21,164.0,"Hvistendahl, Mara",PublicAffairs,2011-01-01,New York,314,304.660,450611306594373,IB22G12
201010280,丛中鸟：观鸟的社会史,9787301292761.0,归还,2025-05-19 11:34:23,78.0,"(英)斯蒂芬·莫斯 (Moss, Stephen 1960~) 著", 北京大学出版社,2019-01-01,北京 ,467,Q959.7,584699884843077,IB24G10
200882526,基督山伯爵:全2册-上册,9787532778140.0,外借,2025-05-19 11:46:28,44.5,(法)大仲马著,上海译文出版社,2018-01-01,上海,693,I565.44,584699872239685,IB24G10
200882526,基督山伯爵:全2册-上册,9787532778140.0,续借,2025-05-19 11:46:46,44.5,(法)大仲马著,上海译文出版社,2018-01-01,上海,693,I565.44,584699872239685,IB24G10
200693776,The Sound and the Fury,9780099475019.0,归还,2025-05-19 12:15:17,28.0,William Faulkner,Random House UK,2009-05-07,英国,,813.52,450611325075525,IB22G12
201407192,The Human Bone Manual,9780120884674.0,归还,2025-05-19 12:15:21,394.0,"White, Tim D.; Folkens, Pieter A.",Academic Press,2005-07-01,,488,611.71,450611324321861,IB22G12
200916768,夏日终曲,9787513598255.0,归还,2025-05-19 12:15:22,39.9,(美)艾席蒙著,外语教学与研究出版社,2018-01-01,北京,230,I712.45,450611324321861,IB22G12
201319108,Ib Diploma Programme Physics 2023 Edition Study Guide,9781382016698.0,归还,2025-05-19 12:24:52,288.0,"Kirk, Tim","Oxford University Press, USA",2023-10-05,UK,216,IB-4-PH-5,450611273416773,IB22G12
200913770,MATLAB数学建模,9787302603122.0,归还,2025-05-19 12:24:55,118.0,李昕著,清华大学出版社,2022-01-01,北京,472,O141.4,450611273416773,IB22G12
201315816,Physics for the IB Diploma Study and Revision Guide,9781471899720.0,归还,2025-05-19 12:24:57,221.0,John Allum,Hodder Education,2017-01-01,London,226,IB-4-PH-5,450611273416773,IB22G12
200994148,博弈论究竟是什么,9787513340236.0,归还,2025-05-19 12:25:10,49.0,万维钢,新星出版社,2020-01-01,北京,240,O225-49,450611273416773,IB22G12
200032160,IB Chemistry Higher Level for exams 216 + (OSC IB Revision Guides for the International Baccalaurea,9781910689004.0,归还,2025-05-19 12:26:44,324.0,Cameron Lumsden,,,,203,IB-4-CH-3,450611273416773,IB22G12
200699137,Flipped,9781529013245.0,归还,2025-05-19 12:57:03,45.0,Wendelin Van Draanen,Macmillan Education,2018-07-20,英国,,813.6,450611287797829,IB22G12
200872350,达摩流浪者,9787571001933.0,归还,2025-05-19 12:57:03,52.0,(美)凯鲁亚克著,湖南科学技术出版社,2021-01-01,长沙,315,I712.45,450611287797829,IB22G12
200882713,把自己作为方法 : 与项飙谈话,9787532176953.0,归还,2025-05-19 12:57:03,48.0,项飚 (1972~) 著,上海文艺出版社,2020-01-01,上海,308,C958-53,450611287797829,IB22G12
201308003,"How to Make Small Talk: Conversation Starters, Exercises, and Scenarios",9781507204993.0,归还,2025-05-19 12:57:03,43.0,Melissa Wadsworth,Adams Media,2017-10-10,美国,,177.2,450611287797829,IB22G12
200854496,乱世佳人 ·上,9787532751273.0,归还,2025-05-19 13:00:11,44.5,(美)米切尔著,上海译文出版社,2010-01-01,上海,1105,I712.45,450611287797829,IB22G12
200995502,算法导论 ,9787111407010.0,归还,2025-05-19 13:03:13,128.0,"(美)科尔曼 (Cormen, Thomas H.) 著", 机械工业出版社,2013-01-01,北京 ,13780,TP301.6,450611267612741,IB22G12
201059013,普通化学原理,9787301225578.0,归还,2025-05-19 13:44:39,76.0,华彤文,北京大学出版社 ,2013-01-01,北京 ,492,O6,584699847979077,IB24G10
201059013,普通化学原理,9787301225578.0,外借,2025-05-19 13:51:28,76.0,华彤文,北京大学出版社 ,2013-01-01,北京 ,492,O6,584699854442565,IB24G10
200847361,流俗地 ,9787530221280.0,归还,2025-05-19 14:43:19,55.0,(马来)黎紫书 (女， 1971~) 著, 北京十月文艺出版社,2021-01-01,北京 ,29476,I338.45,450611282698309,IB22G12
201320089,Elon Musk: How the Billionaire CEO of SpaceX and ...,9780753555644.0,归还,2025-05-19 15:00:53,75.0,"Vance, Ashlee",Ebury Publishing,2016-03-10,,416,338.7629,450611289337925,IB22G12
201322130,A Brief History of Time,9780553380163.0,归还,2025-05-19 15:00:53,120.0,"Hawking, Stephen",Bantam,1998-09-01,,224,523.1 ,450611289337925,IB22G12
200170732,瓦尔登湖,9787201082134.0,归还,2025-05-19 15:39:02,39.8,(美)梭罗著,天津人民出版社,2014-01-01,天津,307,I712.64,450611308191813,IB22G12
200536223,亚里士多德的世界,9787544729741.0,归还,2025-05-19 15:39:02,39.0,"英 巴恩斯 Barnes, J.(著)",译林出版社,2013-01-01,南京,156,B502.233,450611308191813,IB22G12
200776071,百年孤独,9787544291170.0,归还,2025-05-19 15:39:02,55.0,(哥伦)马尔克斯,南海出版公司,2017-01-01,海口,360,I775.45,450611308191813,IB22G12
200207061,维特根斯坦传:天才之为责任,9787308086141.0,归还,2025-05-19 15:39:29,79.0,(英)蒙克著,浙江大学出版社,2011-01-01,杭州,672,B561.59,450611308191813,IB22G12
200657592,酒吧长谈 ,9787020128341.0,归还,2025-05-19 15:39:30,79.0,"(秘)巴尔加斯·略萨 (Vargas Liosa, Mario 1936~) 著", 人民文学出版社,2011-01-01,北京 ,748,I778.45,450611308191813,IB22G12
200537259,黑格尔,9787544756754.0,归还,2025-05-19 15:39:35,39.0,"澳 辛格 Singer, Peter(著)",南京 译林出版社 2015,2015-01-01,南京,119,B516.35,450611308191813,IB22G12
200187966,人鼠之间,9787532158690.0,归还,2025-05-19 15:39:37,29.0,(美)斯坦贝克著;李天奇译,上海文艺出版社,2016-01-01,上海,105,I712.45,450611308191813,IB22G12
200500724,慕夏,9787805019772.0,归还,2025-05-19 15:57:09,128.0,(日)佐藤智子 (女) 著, 北京美术摄影出版社,2017-01-01,北京,95,J205,450611318157381,IB22G12
200880172,寻羊冒险记,9787532765492.0,归还,2025-05-19 16:49:01,46.0,(日)村上春树著,上海译文出版社,2014-01-01,上海,366,I313.45,450611310915653,IB22G12
200696675,Bantam Classics：Wuthering Heights,9780553212587.0,归还,2025-05-19 17:48:12,10.0,Emily Bronte,Bantam Classics,1983-10-01,美国,,823.8,455798100992069,IB23G11
200846576,穆斯林的葬礼,9787530222362.0,归还,2025-05-19 17:48:12,68.0,霍达著,北京十月文艺出版社,2022-01-01,北京,620,I247.5,455798100992069,IB23G11
200983089,莱特湾海战,9787513929783.0,归还,2025-05-20 08:04:17,129.8,"(英)威尔默特 (Willmott, H. P. 1945~) 著",民主与建设出版社有限责任公司,2020-01-01,北京,343,E195.2,450611267612741,IB22G12
201301812,Folger Shakespeare Library：The Merchant of Venice,9780743477567.0,外借,2025-05-20 08:06:05,27.0,William Shakespeare,Square Peg,2004-01-01,美国,,822.33,455798100992069,IB23G11
201303357,"Surely You’re Joking,Mr. Feynman!",9780393355628.0,归还,2025-05-20 08:22:01,84.0,Richard P. Feynman,W. W. Norton & Company,2018-02-06,美国,,530.092,450611298566213,IB22G12
201037617,数学建模,9787111479529.0,归还,2025-05-20 10:21:08,99.0,(美)吉奥丹诺著;叶其孝译,机械工业出版社,2014-01-01,北京,484,O141.4,450611273416773,IB22G12
200512392,狭义与广义相对论浅说 ,9787100135825.0,归还,2025-05-20 11:11:18,15.0,"(美)爱因斯坦 (Einstein, Albert 1879~1955) 著", 商务印书馆,2017-01-01,北京 ,108,O412.1,450611330302021,IB22G12
201500884,Chemistry for the IB Diploma Coursebook with Digital Access (2 Years) [With Access Code],9781009052658.0,外借,2025-05-20 11:17:37,398.0,"Owen, Steve",Cambridge University Press,2023-09-07,,704,IB-4-CH-3,584699853586501,IB24G10
200805263,秘密结晶,9787532791231.0,归还,2025-05-20 11:30:52,68.0,（日）小川洋子著,上海译文出版社有限公司,2022-01-01,上海,363,I313.45,450611280293957,IB22G12
200943943,秘密,9787544258210.0,归还,2025-05-20 11:30:52,45.0,(日)东野圭吾,南海出版公司,2017-01-01,海口,330,I313.45,450611280293957,IB22G12
201053572,色情,9787305209062.0,归还,2025-05-20 12:09:29,72.0,（法）巴塔耶著,南京大学出版社,2019-01-01,南京,442,B0,455798073786437,IB23G11
201066425,论灵魂,9787100019163.0,外借,2025-05-20 12:10:18,29.0,（阿拉伯）伊本.西那著,商务印书馆 ,1963-01-01,北京 ,32287,B371,455798073786437,IB23G11
200507111,列国志：土库曼斯坦,9787509719022.0,归还,2025-05-20 12:45:29,127.5,中国社会科学院《列国志》编辑委员会编,社会科学文献出版社,2010-01-01,北京,251,K91,450611272904773,IB22G12
Z0060347,普通物理学·上册,9787040200591.0,归还,2025-05-20 12:45:29,34.0,"程守洙,江之永主编;胡盘新,汤毓骏,钟季康修",高等教育出版社,2006-01-01,北京,452,O4,450611272904773,IB22G12
201017979,绑架游戏,9787020153824.0,归还,2025-05-20 12:47:35,79.0,(日)东野圭吾著,人民文学出版社,2020-01-01,,281,I313.45,450611281121349,IB22G12
200990909,盛夏方程式,9787544294133.0,归还,2025-05-20 12:47:37,59.0,(日)东野圭吾著;蓝佳译,南海出版公司,2018-01-01,海口,392,I313.45,450611281121349,IB22G12
201323549,A Game of Thrones,9780007448036.0,归还,2025-05-20 12:47:41,45.7,"Martin, George R. R.",,,,801,813.54,450611281121349,IB22G12
200837014,改变历史的香料商人,9787557024833.0,归还,2025-05-20 15:25:33,72.0,（英）米尔顿著,广东旅游出版社,2021-01-01,广州,342,I561.45,450611328335941,IB22G12
201617679,我们生活在巨大的差距里,9787530223970.0,归还,2025-05-21 07:28:40,59.0,余华 著,北京十月文艺出版社 ,2024-01-01,北京 ,280,I267.1,584699865239621,IB24G10
201049579,从你的全世界路过,9787540491949.0,归还,2025-05-21 07:32:00,45.0,张嘉佳著,湖南文艺出版社,,,,I247.7,584699859161157,IB24G10
200821370,极端的年代:1914-1991,9787508674629.0,归还,2025-05-21 07:44:48,128.0,(英)霍布斯鲍姆著;郑明萱译,中信出版社,2017-01-01,北京,724,K1,450611302723653,IB22G12
200861790,都柏林人,9787532773442.0,归还,2025-05-21 07:44:48,32.0,(爱尔兰)乔伊斯著;王逢振译,上海译文出版社,2016-01-01,上海,230,I562.45,450611302723653,IB22G12
200879022,纳博科夫文学讲稿三种·唐吉坷德讲稿,9787532778423.0,归还,2025-05-21 07:44:48,90.0,(美)纳博科夫著,上海译文出版社,2018-01-01,上海,287,I106,450611302723653,IB22G12
200977112,夏目漱石浮世与病榻,9787559640918.0,归还,2025-05-21 07:57:48,29.0,(日)夏目漱石,北京联合出版公司,2020-01-01,北京,303,I313.65,450611276476485,IB22G12
200993087,天生有罪 ,9787201162638.0,归还,2025-05-21 07:57:48,68.0,"(南非)诺亚 (Noah, Trevor 1984.2-) 著", 天津人民出版社,2020-01-01,天津 ,294,I478.55,450611276476485,IB22G12
200860210,小径分岔的花园,9787532773206.0,归还,2025-05-21 09:21:33,39.0,(阿根廷)博尔赫斯著;王永年等译,上海译文出版社,2017-01-01,上海,99,I783.15,450611274944581,IB22G12
200975294,二十首情诗和一首绝望的歌,9787544270779.0,归还,2025-05-21 09:21:33,39.5,(智)聂鲁达著,南海出版公司,2014-01-01,海口,289,I784.25,450611274944581,IB22G12
200866633,我是猫,9787533942236.0,归还,2025-05-21 10:09:14,39.8,(日)夏目漱石著;曹曼译,浙江文艺出版社,2015-01-01,杭州,494,I313.44,450611281121349,IB22G12
200881689,仲夏之死,9787532764778.0,归还,2025-05-21 10:10:02,46.0,(日)三岛由纪夫著,上海译文出版社,2014-01-01,上海,251,I313.45,450611291877445,IB22G12
200972894,宗教社会学,9787301262788.0,归还,2025-05-21 10:10:02,45.0,孙尚扬著,北京大学出版社,2015-01-01,北京,342,B920,450611291877445,IB22G12
201001799,古埃及《亡灵书》,9787100182386.0,归还,2025-05-21 10:10:02,118.0,金寿福著,商务印书馆,2020-01-01,北京,453,B846,450611291877445,IB22G12
200957152,社会性动物 ,9787567599703.0,归还,2025-05-21 10:10:08,79.0,"(美)艾略特·阿伦森 (Aronson, Elliot) 著", 华东师范大学出版社,2020-01-01,上海 ,380,C912.6,450611292119109,IB22G12
201502739,倾城之恋,9787530218624.0,归还,2025-05-21 12:56:06,49.5,张爱玲著,北京十月文艺出版社,2019-01-01,北京,328,I246.7,450611275219013,IB22G12
200847441,红玫瑰与白玫瑰,9787530218617.0,归还,2025-05-21 13:03:48,49.5,张爱玲著,北京十月文艺出版社,2019-01-01,,290,I246.7,450611277750341,IB22G12
200898430,鸟类的天赋 ,9787544774970.0,归还,2025-05-21 14:08:26,78.0,"(美)珍妮弗·阿克曼 (Akerman, Jennifer) 著", 译林出版社,2019-01-01,南京 ,385,Q959.7-49,584699884843077,IB24G10
200827677,基督教神学,9787544732871.0,归还,2025-05-21 14:34:08,39.0,(英)福特著;吴周放译,译林出版社,2014-01-01,南京,181,B972,584699859378245,IB24G10
201000521,斯宾诺莎与表现问题,9787100168984.0,归还,2025-05-21 14:34:15,39.0,（法）德勒兹著,商务印书馆,2019-01-01,北京,382,B563.1,584699859378245,IB24G10
200692385,Small Pleasures,9781474613903.0,归还,2025-05-21 15:38:23,47.0,Clare Chambers,Orion Publishing Group,2021-04-29,英国,,823.91,450611290632261,IB22G12
200244896,伦敦国家美术馆,9787544750387.0,归还,2025-05-21 15:39:13,59.8,(意)塔拉布拉编,译林出版社,2014-01-01,南京,162,J156.1-28,450611324080197,IB22G12
200401671,"Cracking the AP U.S. History Exam 219, Premium Edition: 5 Practice Tests + Complete Content Review (College Test Preparation)",9781524758158.0,归还,2025-05-21 15:40:48,101.0,The Princeton Review,Princeton Review,2018-08-06,,576,IB-3-H-3,450611285291077,IB22G12
200878498,局外人,9787532751471.0,归还,2025-05-21 15:40:50,22.0,(法)加缪著;柳鸣九译,上海译文出版社,2015-01-01,上海,128,I565.45,450611285291077,IB22G12
200196055,摆渡人,9787550013247.0,归还,2025-05-21 15:43:10,36.0,(英)麦克福尔著;付强译,百花洲文艺出版社,2015-01-01,南昌,274,I561.45,450611292610629,IB22G12
200228226,意大利,9787503194757.0,归还,2025-05-21 15:43:10,128.0,澳大利亚LonlyPlanet公司编,中国地图出版社,2016-01-01,北京,1068,K954.69,450611292610629,IB22G12
200709910,孤独美食家 ,9787540453190.0,归还,2025-05-21 15:43:10,49.0,(日)村上龙 (1952.2~) 著, 湖南文艺出版社,2013-01-01,长沙 ,286,I313.45,450611292610629,IB22G12
200866606,刀锋,9787210095002.0,归还,2025-05-21 16:09:18,36.0,(英)毛姆著,江西人民出版社,2017-01-01,,337,I561.45,450611286782021,IB22G12
200857215,月亮和六便士,9787532749003.0,归还,2025-05-21 16:09:21,48.0,(英)毛姆著　傅惟慈译,上海译文出版社,2009-01-01,上海,347,I561.45,450611286782021,IB22G12
200671567,"Princeton Review AP Calculus BC Prep, 222",9780525570806.0,归还,2025-05-21 16:36:14,86.0,David S. Kahn,The Princeton Review,2021-01-01,USA,740,IB-5-M-3,450611294867525,IB22G12
200403269,"Oxford IB Diploma Programme: IB Mathematics: analysis and approaches, Higher Level, Print and Enhanced Online Course Book Pack",9780198427179.0,归还,2025-05-21 16:36:25,570.0,Jennifer Chang Wathall,,,,,IB-5-M-1,450611294867525,IB22G12
Z0060388,Physics for the IB Diploma Standard and Higher Level:Fifth edition,9780521138215.0,归还,2025-05-21 16:36:31,353.0,K.A.Tsokos,cambridge,,New York,836,IB-4-PH-5,450611294867525,IB22G12
200809535,潘家洵译易卜生戏剧,9787020097678.0,归还,2025-05-21 16:36:48,76.0,(挪威)易卜生著;潘家洵译,人民文学出版社,2015-01-01,北京,576,I533.34,450611294867525,IB22G12
200665137,The Great Gatsby,9780743273565.0,归还,2025-05-21 16:36:56,66.0,F. Scott Fitzgerald,SIMON & SCHUSTER,2004-10-01,New York,180,813.52,450611294867525,IB22G12
200937353,琅琊榜之风起长林 上,9787533933906.0,归还,2025-05-21 17:37:49,43.0,海宴著,浙江文艺出版社,2018-01-01,杭州,362,I247.5,584699884843077,IB24G10
200802417,天堂,9787532790890.0,续借,2025-05-21 17:44:06,78.0,"(英)阿卜杜勒拉扎克·古尔纳 (Gurnah, Abdulrazak 1948~) 著",上海译文出版社,2022-01-01,上海,283,I561.45,584699888091205,IB24G10
201050593,雪山飞狐,9787546206196.0,续借,2025-05-21 17:44:08,35.0,金庸 (1924~2018) 著, 广州出版社,2011-01-01,广州,357,I247.5,584699888091205,IB24G10
200922001,凯恩斯以后,9787100113786.0,外借,2025-05-21 17:45:21,24.0,（英）罗宾逊著,商务印书馆,2015-01-01,北京,230,F0-53,584699888091205,IB24G10
200922001,凯恩斯以后,9787100113786.0,续借,2025-05-21 17:45:29,24.0,（英）罗宾逊著,商务印书馆,2015-01-01,北京,230,F0-53,584699888091205,IB24G10
201301643,The Black Swan,9780812973815.0,归还,2025-05-22 07:46:32,76.0,Nassim Nicholas Taleb,Random House US,2010-05-11,美国,,003.54,450611271585861,IB22G12
201314121,Sociobiology,9780674002357.0,归还,2025-05-22 07:46:36,239.0,"Wilson, Edward O.",Harvard University Press,2000-04-23,美国,,591.5,450611271585861,IB22G12
200903932,犯罪心理学 ,9787559436108.0,归还,2025-05-22 07:46:39,59.0,"(英)格罗斯 (Gross, Hans 1847~) 著", 江苏凤凰文艺出版社,2019-01-01,南京 ,15414,D917.2,450611271848005,IB22G12
200673146,Biology : a global approach,9781292341637.0,归还,2025-05-22 08:07:29,588.0,"Campbell, Neil A., 1946-2004; Reece, Jane B.; Urry, Lisa A.; Cain, Michael L. 1956-","Campbell, Urry, Cain, Wasserman, Minorsky, Orr",2021-01-01,USA,1345,IB-4-BI-2,450611274682437,IB22G12
200404927,Chemistry for the Ib Diploma Coursebook,9781107622708.0,归还,2025-05-22 08:09:57,427.0,"Owen, Steve; Hoeben, Peter; Headlee, Mark",Cambridge University Press,2014-03-13,,600,IB-4-CH-3,450611294867525,IB22G12
Z0068866,IBDP中文A文学课程试卷(1)7分范文点评,9789620437946.0,归还,2025-05-22 08:17:13,0.0,李萍,三联书店(香港)有限公司,2015-01-01,香港,246,IB-1-CH-1,450611276734533,IB22G12
200664511,中文A文学课程文学分析指导,9789620447327.0,归还,2025-05-22 08:17:23,132.0,吴星华,三联国际汉语,,香港,171,IB-1-CH-1,450611276734533,IB22G12
200035498,Biology for Edexel International GCSE Workbook,9781510405653.0,归还,2025-05-22 08:17:26,48.0,"Erica Larkcom,Roger Delpech,Kathy Evans",Hodder Education,2017-01-01,UK.,95,IB-4-BI-2,450611276734533,IB22G12
200823617,金色笔记,9787544737371.0,归还,2025-05-22 08:29:24,48.0,"(英)多丽丝·莱辛 (女，Lessing, Doris May 1919~2013) 著",译林出版社,2014-01-01,南京,667,I561.45,450611327860805,IB22G12
200993951,落叶,9787229143022.0,归还,2025-05-22 09:37:37,49.8,（美）杜兰特著,重庆出版社,2020-01-01,重庆,265,B-49,584699859591237,IB24G10
200973544,现实的社会建构 ,9787301302071.0,外借,2025-05-22 10:40:39,38.0,(美)伯格著,北京大学出版社,2019-01-01,北京,284,C912.67,584699859591237,IB24G10
200925767,是我把你蠢哭了吗 ,9787533487379.0,外借,2025-05-22 10:53:59,42.0,(英)博内特著,福建教育出版社,2020-01-01,福州,302,R338.2-49,584699859591237,IB24G10
200941142,运气的秘密,9787559620170.0,外借,2025-05-22 10:54:05,49.0,(美)史密斯著;洪慧敏译,北京联合出版公司,2018-01-01,北京,246,O211,584699859591237,IB24G10
200669197,To kill a mockingbird,9780446310789.0,归还,2025-05-22 11:17:24,0.0,"Lee, Harper",rand Central Publishing,1982-01-01,New York,376,813.54,450611305324613,IB22G12
200420758,Moby-Dick,9780141198958.0,归还,2025-05-22 11:37:33,36.0,"Melville, Herma",Penguin,,New York,683,813.3,450611269816389,IB22G12
201059184,五号屠场,9787555913139.0,归还,2025-05-22 12:01:27,59.9,（美）库尔特.冯内古特著 ,河南文艺出版社 ,2022-01-01,郑州 ,229,I712.45,450611297759301,IB22G12
200693339,LBS:  12 Flush,9780241251478.0,归还,2025-05-22 12:13:57,10.0,Virginia Woolf,penguin uk,2016-03-03,英国,,823.91,450611296489541,IB22G12
200695569,Alma Classics：The Years,9781847498663.0,归还,2025-05-22 12:13:57,39.0,Virginia Woolf,ALMA BOOKS,2021-09-24,英国,,823.91,450611296489541,IB22G12
Z0063835,Applied Business,9781408504338.0,归还,2025-05-22 12:25:01,232.0,Andrew Hammond,[出版者不详],2009-01-01,[出版地不,247,IB-3-EB-8,450611330302021,IB22G12
200359584,讲谈社·兴亡的世界史：奥斯曼帝国五百年的和平,9787547735282.0,归还,2025-05-22 15:25:56,86.6,森谷公俊等,北京日报出版社,2020-01-01,北京 ,348,K107,450611320799301,IB22G12
200279714,宋辽金夏:刀锋上的文明,9787545531688.0,归还,2025-05-22 15:25:58,69.0,梅毅著,天地出版社,2017-01-01,成都,548,K246.09,450611320799301,IB22G12
200400878,The Hobbit,9780261103344.0,归还,2025-05-22 15:26:01,55.0,"Tolkien, J. R. R.",,,,305,823.912,450611320799301,IB22G12
Z0052720,THE FELLOWSHIP OF THE RING,261102354.0,归还,2025-05-22 15:26:03,80.0,"Tolkien, J. R. R.",出版者不详],,[出版地不,531,823.912,450611320799301,IB22G12
200875972,哲学·科学·常识,9787508671079.0,归还,2025-05-22 15:42:50,58.0,陈嘉映著,中信出版社,2018-01-01,北京,359,N02,450611308945477,IB22G12
200996609,社会语言学,9787030458889.0,归还,2025-05-22 15:42:55,80.0,刘宝俊著,科学出版社,2016-01-01,北京,11303,H0,450611308945477,IB22G12
201047410,艺术哲学 ,9787309114560.0,归还,2025-05-22 15:43:00,28.0,王德峰 (1956.10~) 著, 复旦大学出版社,2015-01-01,上海 ,196,J0-02,450611308945477,IB22G12
200907830,鲜活的语言,9787030704214.0,归还,2025-05-22 15:43:05,98.0,(美)劳拉·M. 阿亨(Laura M. Ahearn)著,科学出版社,2021-01-01,北京,275,H0,450611308945477,IB22G12
200929424,戏剧概论,9787220109010.0,归还,2025-05-22 15:43:10,49.8,"(日)河竹登志夫著;陈秋峰,杨国华译",四川人民出版社,2018-01-01,成都,303,J80,450611308945477,IB22G12
201315503,Ib Diploma Programme Physics 223 Edition Student Book,9781382016599.0,续借,2025-05-22 17:04:20,330.0,"Homer, David; Heathcote, William; Pietka, Maciej","Oxford University Press, USA",2023-03-03,UK,720,IB-4-PH-5,584699861119045,IB24G10
200035746,physics workbook with CD-ROM,9781316634929.0,续借,2025-05-22 17:04:28,167.0,Mark Farrington,Cambridge University Pre,2017-01-01,New York,242,IB-4-PH-5,584699861119045,IB24G10
200945558,克里斯特汀,9787540482961.0,外借,2025-05-22 17:39:59,49.8,(美)金著,湖南文艺出版社,2017-01-01,长沙,515,I712.45,584699888091205,IB24G10
200993951,落叶,9787229143022.0,外借,2025-05-22 17:41:22,49.8,（美）杜兰特著,重庆出版社,2020-01-01,重庆,265,B-49,584699888091205,IB24G10
200870511,纯真告别,9787559617712.0,外借,2025-05-22 17:42:44,49.8,苏珊著;马爱农等译,北京联合出版公司,2018-01-01,北京,355,I712.45,584699888091205,IB24G10
200846576,穆斯林的葬礼,9787530222362.0,外借,2025-05-22 17:47:47,68.0,霍达著,北京十月文艺出版社,2022-01-01,北京,620,I247.5,584699888091205,IB24G10
200860149,克林格梭尔的最后夏天,9787532780822.0,外借,2025-05-22 17:48:00,98.0,（德）黑塞著,上海译文出版社,2019-01-01,上海,233,I516.15,584699888091205,IB24G10
200926169,量子经济学,9787504699268.0,外借,2025-05-22 17:48:08,79.0,（加）欧瑞尔著,中国科学技术出版社,2023-01-01,北京,406,F0,584699888091205,IB24G10
200926169,量子经济学,9787504699268.0,续借,2025-05-22 18:02:53,79.0,（加）欧瑞尔著,中国科学技术出版社,2023-01-01,北京,406,F0,584699888091205,IB24G10
200860149,克林格梭尔的最后夏天,9787532780822.0,续借,2025-05-22 18:02:57,98.0,（德）黑塞著,上海译文出版社,2019-01-01,上海,233,I516.15,584699888091205,IB24G10
200846576,穆斯林的葬礼,9787530222362.0,续借,2025-05-22 18:03:01,68.0,霍达著,北京十月文艺出版社,2022-01-01,北京,620,I247.5,584699888091205,IB24G10
200870511,纯真告别,9787559617712.0,续借,2025-05-22 18:03:05,49.8,苏珊著;马爱农等译,北京联合出版公司,2018-01-01,北京,355,I712.45,584699888091205,IB24G10
200993951,落叶,9787229143022.0,续借,2025-05-22 18:03:08,49.8,（美）杜兰特著,重庆出版社,2020-01-01,重庆,265,B-49,584699888091205,IB24G10
200945558,克里斯特汀,9787540482961.0,续借,2025-05-22 18:03:10,49.8,(美)金著,湖南文艺出版社,2017-01-01,长沙,515,I712.45,584699888091205,IB24G10
200978308,王氏之死 : 大历史背后的小人物命运,9787549506897.0,归还,2025-05-23 07:28:04,56.0,"(美)史景迁 (Spence, Jonathan D. 1936~2021) 著",广西师范大学出版社,2011-01-01,桂林,17189,D691.9,455798092681285,IB23G11
200698076,"Book of Laughter and Forgetting, The",9780571174379.0,外借,2025-05-23 10:45:44,51.0,Milan Kundera,Faber and Faber,1996-05-20,英国,,891.86,455797971673157,IB23G11
201310571,The Hitchhikers Guide to the Galaxy,9781529034523.0,外借,2025-05-23 10:45:44,51.0,Douglas Adams,Macmillan UK,2020-03-05,英国,,823.914,455797971673157,IB23G11
201313355,The Notebooks of Malte Laurids Brigge,9780141182216.0,外借,2025-05-23 10:45:44,41.0,Rainer Maria Rilke,penguin uk,2004-07-29,英国,,833.91,455797971673157,IB23G11
201325636,Northanger Abbey,9780099589297.0,外借,2025-05-23 10:46:06,43.0,"Austen, Jane, 1775-1817; Butler, Marilyn",Random House,2014-01-01,London,286,823.7,455797971673157,IB23G11
201323451,The time keeper,9780751541182.0,外借,2025-05-23 10:46:28,75.0,"Albom, Mitch 1958-",Sphere,2013-01-01,UK,238,813.6,455797971673157,IB23G11
201302054,Dubliners,9781847496317.0,外借,2025-05-23 10:46:47,32.0,James Joyce,ALMA BOOKS,2017-06-22,英国,,823.91,455797971673157,IB23G11
201325299,Notes from Underground and the Double,9780140455120.0,外借,2025-05-23 10:47:01,41.0,Fyodor Dostoyevsky,Penguin UK,2016-01-08,英国,,891.73,455797971673157,IB23G11
200971092,审判 ,9787513930826.0,归还,2025-05-23 11:34:53,49.8,(奥)弗兰兹·卡夫卡 著, 民主与建设出版社有限责任公司,2020-01-01,北京 ,222,I521.45,584699841630277,IB24G10
201502971,Environment Systems and Societies 3rd Ed,9781292729541.0,归还,2025-05-26 12:47:30,567.0,"Davis, Andrew",Pearson,2024-01-01,London,928,IB-4-SC-1,455798033985605,IB23G11
200726900,疯癫与文明 : 理性时代的疯癫史,9787108065575.0,归还,2025-05-26 14:22:25,49.0,"(法米歇尔·)福柯 (Foucault, Michel 1926~1984) 著", 生活·读书·新知三联书店,2019-01-01,北京 ,273,B565.59,450611312689221,IB22G12
200915028,商业广告设计,9787302605935.0,外借,2025-05-26 15:24:31,69.8,祝彬著,清华大学出版社,2022-01-01,北京,212,J524.3,584699888091205,IB24G10
200692642,Percy Jackson and the Lightning Thief (Percy Jackson & the O,9780141329994.0,外借,2025-05-26 17:34:17,28.0,Rick Riordan,Penguin UK,2016-11-09,英国,,813.6,584699861119045,IB24G10
201303320,Treasure Island,9781847494863.0,归还,2025-05-27 08:50:38,32.0,"Stevenson, Robert Louis",Alma Books,2016-12-01,英国,,823.8,584699856592965,IB24G10
200192656,IBDP中文A文学课程专题拓展论文及个人口头评论优秀范例点评,9789620441417.0,归还,2025-05-27 11:04:45,128.0,"苏媛,李萍著",三联书店(香港)有限公司,2018-01-01,香港,249,IB-1-CH-1,455798098456645,IB23G11
200988976,精神分析的技术与实践,9787111661665.0,外借,2025-05-28 11:22:59,120.0,（美）格林森著,机械工业出版社,2020-01-01,北京,369,B84-065,645529210191941,IB24G10
200872868,精神现象学,9787010125916.0,外借,2025-05-28 11:23:11,98.0,(德)黑格尔著,人民出版社,2016-01-01,北京,515,B089,645529210191941,IB24G10
200847708,人类学是什么,9787301272961.0,外借,2025-05-28 11:43:58,48.0,王铭铭(著,北京 北京大学出版社 2016,2016-01-01,北京,256,Q98-49,584699874938949,IB24G10
200947814,成为人类学家,9787576005127.0,外借,2025-05-28 11:44:06,49.0,黄剑波主编　龚浩群主编　李伟华主编,华东师范大学出版社,2020-01-01,上海,359,Q98-53,584699874938949,IB24G10
200426413,"被讨厌的勇气:""自我启发之父""阿德勒的哲学课",9787111495482.0,外借,2025-05-28 11:44:48,55.0,(日)岸见一郎著,机械工业出版社,2017-01-01,北京,194,B821-49,584699874938949,IB24G10
201009167,生活世界地理学,9787303271146.0,外借,2025-05-28 12:49:01,88.0,西蒙著,北京师范大学出版社,2022-01-01,北京,275,K901,645529210191941,IB24G10
200987352,文明与气候,9787100183352.0,外借,2025-05-28 12:49:10,65.0,（美）亨廷顿著,商务印书馆,2020-01-01,北京,279,K901.6,645529210191941,IB24G10
200854511,呼啸山庄,9787532751198.0,归还,2025-05-28 13:33:41,38.0,(英)勃朗特著,上海译文出版社,2010-01-01,上海,406,I561.44,584699858526277,IB24G10
201035218,运动营养全书：全彩图解版,9787115535276.0,归还,2025-05-28 13:42:11,248.0,"(美)玛利亚·A.斯帕诺 (Spano, Marie A.) 著", 人民邮电出版社,2020-01-01,北京 ,10510,G804.32,584699880624197,IB24G10
201065943,弗吉尼亚·伍尔夫传,9787532186198.0,外借,2025-05-28 15:54:33,88.0,（英）林德尔.戈登著 ,上海文艺出版社 ,2024-01-01,上海 ,531,K835.615.6,584699837497413,IB24G10
201305168,"NEW Cambridge IGCSE First Language English Teacher's Resource, 5e",9781108438940.0,外借,2025-05-29 11:05:08,385.0,Marian Cox,Cambridge,2018-01-01,UK,,AL-2-E-1,584699853586501,IB24G10
201314933,Environmental Systems and Societies,9781447990420.0,外借,2025-05-29 11:05:25,326.0,"Andrew Davis,Garrett Nagle",Pearson,2015-01-01,London,492,IB-4-SC-1,584699853586501,IB24G10
201321729,Botero,9783836548823.0,外借,2025-05-29 14:27:43,110.0,"Hanstein, Mariana",Taschen,2017-10-31,,96,700,455797921996869,IB23G11
201321676,Rockwell,9783836532044.0,外借,2025-05-29 14:27:50,110.0,"Marling, Karal Ann",Taschen,2017-06-20,,96,700,455797921996869,IB23G11
200847450,倾城之恋,9787530218624.0,外借,2025-05-29 17:22:31,49.5,张爱玲著,北京十月文艺出版社,2019-01-01,北京,328,I246.7,584699858526277,IB24G10
200817642,存在主义咖啡馆:自由、存在和杏子鸡尾酒,9787559610782.0,归还,2025-05-30 09:12:06,88.0,(美)贝克韦尔,北京联合出版公司,2018-01-01,北京,563,B085,584699858526277,IB24G10
201065943,弗吉尼亚·伍尔夫传,9787532186198.0,续借,2025-05-30 11:35:09,88.0,（英）林德尔.戈登著 ,上海文艺出版社 ,2024-01-01,上海 ,531,K835.615.6,584699837497413,IB24G10
201301643,The Black Swan,9780812973815.0,外借,2025-05-30 11:36:30,76.0,Nassim Nicholas Taleb,Random House US,2010-05-11,美国,,003.54,584699837497413,IB24G10
201313621,Kim,9780141442372.0,外借,2025-05-30 11:43:26,38.0,Rudyard Kipling,Penguin UK,2000-06-29,英国,,823.8,584699837497413,IB24G10
201313621,Kim,9780141442372.0,续借,2025-05-30 11:47:05,38.0,Rudyard Kipling,Penguin UK,2000-06-29,英国,,823.8,584699837497413,IB24G10
201301643,The Black Swan,9780812973815.0,续借,2025-05-30 11:47:09,76.0,Nassim Nicholas Taleb,Random House US,2010-05-11,美国,,003.54,584699837497413,IB24G10
201036253,不平等社会：从石器时代到21世纪，人类如何应对不平等,9787521704495.0,外借,2025-05-30 11:52:12,98.0,"(美)沃尔特·沙伊德尔 (Scheidel, Walter) 著", 中信出版集团股份有限公司,2019-01-01,北京 ,21501,F036,584699835981893,IB24G10
201310991,The Lost Hero (Heroes of Olympus Book 1),9780141325491.0,归还,2025-05-30 13:11:17,63.0,"Riordan, Rick",Penguin Random House Children's UK,2012-10-04,,576,741.5,645528527228997,IB24G10
200699208,Anna Karenina,9780140449174.0,归还,2025-05-30 13:43:09,65.0,Leo Tolstoy,Macmillan,2006-01-01,UK,,891.733,584699883278405,IB24G10
201006115,通往奴役之路 ,9787500421368.0,归还,2025-05-30 14:04:36,42.0,"(英)弗里德里希·奥古斯特·哈耶克 (Hayek, Friedrich August Von 1899~1992) 著", 中国社会科学出版社,1997-01-01,北京 ,270,F091.352,584699856826437,IB24G10
201055810,政治情感,9787300311555.0,归还,2025-05-30 14:04:37,118.0,（美）努斯鲍姆著,中国人民大学出版社,2022-01-01,北京,18618,D0-02,584699856826437,IB24G10
200887638,绝对笑喷之弃业医生日志 ,9787569925326.0,归还,2025-05-30 14:04:40,56.0,"(英)亚当·凯 (Kay, Adam 1980-) 著; 胡逍扬 译", 北京时代华文书局,2019-01-01,北京 ,298,I561.45,584699856826437,IB24G10
200857938,克拉拉与太阳 ,9787532786831.0,归还,2025-05-30 14:04:44,68.0,(英)石黑一雄 (1954-) 著, 上海译文出版社有限公司,2021-01-01,上海 ,392,I561.45,584699856826437,IB24G10
200886461,第二性,9787532763399.0,归还,2025-05-30 14:09:36,180.0,(法)波伏瓦著;郑克鲁译,上海译文出版社,2017-01-01,上海,949,C913.68,584699836194885,IB24G10
200972475,人性能达到的境界,9787512694040.0,归还,2025-05-30 14:34:57,58.0,(美)马斯洛著,团结出版社,2022-01-01,北京,10556,B84,584699866955845,IB24G10
201602159,为什么伟大不能被计划,9787500173625.0,归还,2025-05-30 14:35:31,79.0,"(美)肯尼斯·斯坦利(Stanley, Kenneth)",中译出版社,2023-01-01,北京,295,TP18,450611266056261,IB22G12
Z0064882,莫言作品精选,9787535459350.0,归还,2025-05-30 14:35:37,25.0,莫言著,长江文艺出版社,2012-01-01,武汉,314,I217.2,450611266056261,IB22G12
Z0070196,鲜血梅花,9787506371056.0,归还,2025-05-30 14:35:42,18.0,余华著,作家出版社,2014-01-01,北京,143,I247.7,450611266056261,IB22G12
200862030,雾都孤儿,9787532751297.0,归还,2025-06-03 06:51:23,40.0,(英)狄更斯著,上海译文出版社,2010-01-01,上海,462,I561.44,584699858100293,IB24G10
201042479,存在与时间,9787108050960.0,归还,2025-06-03 06:51:23,62.0,(德)海德格尔著;陈嘉映译,三联书店,2017-01-01,北京,518,B086,584699859591237,IB24G10
200973544,现实的社会建构 ,9787301302071.0,归还,2025-06-03 06:51:32,38.0,(美)伯格著,北京大学出版社,2019-01-01,北京,284,C912.67,584699859591237,IB24G10
201050502,"四世同堂. 第一部, 惶惑 ",9787547311790.0,归还,2025-06-03 06:51:34,29.5,老舍 (1899~1966) 著, 东方出版中心,2017-01-01,上海 ,366,I246.5,584699859591237,IB24G10
201500884,Chemistry for the IB Diploma Coursebook with Digital Access (2 Years) [With Access Code],9781009052658.0,归还,2025-06-03 07:33:10,398.0,"Owen, Steve",Cambridge University Press,2023-09-07,,704,IB-4-CH-3,584699853586501,IB24G10
200827702,现代日本 ,9787544742382.0,外借,2025-06-03 09:18:56,39.0,"英 戈托-琼斯 Goto-Janes, C.(著)",南京 译林出版社 2014,2014-01-01,南京,147,K931.3,455798083403845,IB23G11
200841900,广东,9787520420105.0,外借,2025-06-03 09:18:56,79.0,澳大利亚Lonely Planet公司著,中国地图出版社,2020-01-01,北京,357,K928.965,455798083403845,IB23G11
200898485,站城一体开发.II：TOD46的魅力,9787559111760.0,外借,2025-06-03 09:18:56,120.0,日建设计站城一体开发研究会,辽宁科学技术出版社,2019-01-01,沈阳,207,TU984.313,455798083403845,IB23G11
200945825,霍乱时期的爱情,9787544297059.0,归还,2025-06-03 11:36:27,69.0,（哥伦）马尔克斯著 杨玲译,南海出版公司,2020-01-01,海口,401,I775.45,584699848413253,IB24G10
200847192,沉默的大多数,9787530220368.0,归还,2025-06-03 12:07:57,59.0,王小波著,北京十月文艺出版社,2021-01-01,北京,227,I267.1,584699853152325,IB24G10
201059237,围城,9787020127894.0,归还,2025-06-03 12:07:57,36.0,钱钟书著,人民文学出版社 ,2017-01-01,北京 ,377,I247.57,584699853152325,IB24G10
200945594,我与地坛:插图版,9787540478087.0,归还,2025-06-03 16:13:44,56.0,史铁生著,湖南文艺出版社,2016-01-01,长沙,294,I267,584699868942405,IB24G10
200694301,Wordsworth: Jane Eyre,9781853260209.0,归还,2025-06-03 20:16:45,13.0,Bronte,Wordsworth,1992-05-05,英国,,823.8,584699881295941,IB24G10
200925927,北欧神话 ,9787513923224.0,归还,2025-06-03 20:29:42,66.0,"(英)卡罗琳·拉灵顿 (Larrington, Carolyne) 著", 民主与建设出版社有限责任公司,2018-01-01,北京 ,16183,I530.73,584699875364933,IB24G10
200824778,世界摄影史,9787551429993.0,归还,2025-06-03 20:29:46,39.0,顾铮著,杭州 浙江摄影出版社 2020,2020-01-01,杭州,195,J409.1,584699875364933,IB24G10
200402661,Physics for Scientists and Engineers with Modern Physics Pearson New International Edition,9781292020761.0,归还,2025-06-04 07:19:15,1059.0,"Giancoli, Douglas C.",Pearson Education Limited,2013-07-29,,1440,IB-4-PH-5,584699890253893,IB24G10
200884668,欧洲史 : 古典时代(史前－公元337),9787521731422.0,归还,2025-06-04 07:19:15,78.0,"(英)诺曼·戴维斯 (Davies, Norman 1939~) 著",中信出版社,2021-01-01,北京,312,K500,584699890253893,IB24G10
201013544,海洋的子民,9787301323182.0,归还,2025-06-04 07:19:29,88.0,(美)汤普森著,北京大学出版社,2021-01-01,北京,17443,K606-49,584699890253893,IB24G10
200889191,欧洲史 ,9787521731798.0,归还,2025-06-04 07:19:30,78.0,(英)戴维斯,中信出版社,2021-01-01,北京,358,K500,584699890253893,IB24G10
200843098,乌托邦 ,9787100131940.0,归还,2025-06-04 07:19:31,28.0,"(英)莫尔 (More, Thomas 1478~1535) 著", 商务印书馆,2017-01-01,北京 ,11163,D091.6,584699890253893,IB24G10
200935195,伯克利物理学教程:第5卷·统计物理学(英文影印版),9787111464631.0,归还,2025-06-04 07:19:32,49.8,(美)F.瑞夫著,机械工业出版社,2017-01-01,北京,398,O4,584699890253893,IB24G10
200884481,欧洲史 : 转型时代(约145-1914),9787521731804.0,归还,2025-06-04 07:19:37,118.0,"(英)诺曼·戴维斯 (Davies, Norman 1939~) 著",中信出版社,2021-01-01,北京,595,K500,584699890253893,IB24G10
200965982,社会心理学,9787115410047.0,归还,2025-06-04 07:35:00,128.0,(美)迈尔斯著;侯玉波译,人民邮电出版社,2016-01-01,北京,707,C912.6,455798114885701,IB23G11
200965982,社会心理学,9787115410047.0,外借,2025-06-04 07:35:24,128.0,(美)迈尔斯著;侯玉波译,人民邮电出版社,2016-01-01,北京,707,C912.6,455798114885701,IB23G11
200920290,历史哲学,9787545821826.0,外借,2025-06-04 12:16:35,128.0,(德)黑格尔著,上海书店出版社,2022-01-01,上海,17514,K01,584699890253893,IB24G10
201321676,Rockwell,9783836532044.0,归还,2025-06-04 16:15:22,110.0,"Marling, Karal Ann",Taschen,2017-06-20,,96,700,455797921996869,IB23G11
201321729,Botero,9783836548823.0,归还,2025-06-04 16:15:22,110.0,"Hanstein, Mariana",Taschen,2017-10-31,,96,700,455797921996869,IB23G11
200942542,"思考,快与慢",9787508633558.0,归还,2025-06-04 17:08:00,69.0,"(美)卡尼曼著,李爱民,何梦莹译",中信出版社,2016-01-01,北京,424,F069.9-49,584699858100293,IB24G10
201053527,效率崇拜 ,9787305232848.0,归还,2025-06-04 17:08:01,59.0,"(加)贾尼丝·格罗斯·斯坦 (Stein, Janice Gross 1943-) 著", 南京大学出版社,2020-01-01,南京 ,362,F069.9,584699858100293,IB24G10
200816581,财富、贫穷与政治,9787572211874.0,归还,2025-06-04 17:08:07,45.0,（美）索厄尔著,浙江教育出版社,2021-01-01,杭州,305,F0-49,584699858100293,IB24G10
200933035,助推快与慢：人类动因与行为经济学,9787300188317.0,归还,2025-06-04 17:08:07,52.0,"(美)卡斯·R.桑斯坦 (Sunstein, Cass R.) 著", 中国人民大学出版社,2021-01-01,北京 ,10172,F069.9,584699858100293,IB24G10
200933035,助推快与慢：人类动因与行为经济学,9787300188317.0,外借,2025-06-04 17:09:26,52.0,"(美)卡斯·R.桑斯坦 (Sunstein, Cass R.) 著", 中国人民大学出版社,2021-01-01,北京 ,10172,F069.9,584699858100293,IB24G10
201053527,效率崇拜 ,9787305232848.0,外借,2025-06-04 17:09:37,59.0,"(加)贾尼丝·格罗斯·斯坦 (Stein, Janice Gross 1943-) 著", 南京大学出版社,2020-01-01,南京 ,362,F069.9,584699858100293,IB24G10
200816581,财富、贫穷与政治,9787572211874.0,外借,2025-06-04 17:10:10,45.0,（美）索厄尔著,浙江教育出版社,2021-01-01,杭州,305,F0-49,584699858100293,IB24G10
200835908,北洋觉梦录,9787559847010.0,归还,2025-06-04 19:13:21,49.0,禅心初著,广西师范大学出版社,2022-01-01,桂林,282,K258.206,584699887878213,IB24G10
200861380,与社会学同游 ,9787301247099.0,外借,2025-06-05 07:26:35,33.0,(美)伯格著, 北京大学出版社,2014-01-01,北京 ,27241,C91,455798114885701,IB23G11
200974721,转角遇见社会学,9787301322116.0,外借,2025-06-05 07:26:40,69.0,（加）约翰斯顿著,北京大学出版社,2021-01-01,北京,12412,C91,455798114885701,IB23G11
201050076,社会的麦当劳化,9787300312590.0,外借,2025-06-05 07:26:45,59.0,（美）里茨尔著,中国人民大学出版社,2023-01-01,北京,370,C91,455798114885701,IB23G11
200895905,这就是社会学,9787545477283.0,外借,2025-06-05 07:26:49,52.0,(日)堀内进之介,广东经济出版社,2021-01-01,广州,269,C91,455798114885701,IB23G11
200975070,如何做一个领导者,9787547320198.0,外借,2025-06-05 07:28:56,55.0,（古罗马）普鲁塔克著,东方出版中心,2022-01-01,上海,11143,C933,455798114885701,IB23G11
200889351,她之所以为她,9787521749571.0,外借,2025-06-05 07:29:05,69.0,(法)加西亚,中信出版集团股份有限公司,2023-01-01,北京,11228,C913.68,455798114885701,IB23G11
200880458,低欲望社会,9787532779529.0,外借,2025-06-05 07:29:10,58.0,（日）大前研一著,上海译文出版社有限公司,2018-01-01,上海,237,C924.313,455798114885701,IB23G11
200869177,直到时间的尽头,9787573008459.0,外借,2025-06-05 07:30:09,79.0,（美）格林著,海南出版社,2023-01-01,海口,513,O4,455798114885701,IB23G11
200871495,绝叫,9787559641182.0,归还,2025-06-05 11:25:27,58.0,(日)叶真中显著,北京联合出版公司,2020-01-01,北京,,I313.45,584699837075525,IB24G10
200836836,桑苏西来客,9787513315111.0,归还,2025-06-05 11:25:29,28.0,(英)克里斯蒂著,新星出版社,2018-01-01,,237,I561.45,584699837075525,IB24G10
200847450,倾城之恋,9787530218624.0,归还,2025-06-05 17:28:48,49.5,张爱玲著,北京十月文艺出版社,2019-01-01,北京,328,I246.7,584699858526277,IB24G10
200936817,汪曾祺小说集. 鸡鸭名家 ,9787538756388.0,归还,2025-06-05 20:14:50,38.0,汪曾祺 (1920~1997) 著, 时代文艺出版社,2018-01-01,长春 ,372,I247,584699873386565,IB24G10
200970869,现代建筑年鉴,9787112119318.0,归还,2025-06-06 07:38:56,28.0,(法）柯布西耶著,中国建筑工业出版社,2010-01-01,北京,211,TU-8,584699853152325,IB24G10
201044262,巨人的文明,9787111595816.0,归还,2025-06-06 07:38:58,69.0,陈文捷著, 机械工业出版社,2018-01-01,北京 ,288,TU-095.46,584699853152325,IB24G10
200192665,IBDP中文A文学课程专题拓展论文及个人口头评论优秀范例点评,9789620441417.0,归还,2025-06-06 08:00:35,128.0,"苏媛,李萍著",三联书店(香港)有限公司,2018-01-01,香港,249,IB-1-CH-1,455797989703749,IB23G11
200823243,一句顶一万句,9787536097261.0,归还,2025-06-06 08:00:35,68.0,刘震云 著,花城出版社,2022-01-01,广州,620,I247.5,455797989703749,IB23G11
200192647,IBDP中文A文学课程专题拓展论文及个人口头评论优秀范例点评,9789620441417.0,归还,2025-06-06 09:39:35,128.0,"苏媛,李萍著",三联书店(香港)有限公司,2018-01-01,香港,249,IB-1-CH-1,455797997994053,IB23G11
201318127,IB中文A文学个人口试实例,9789811866760.0,归还,2025-06-06 09:39:35,103.0,贺一凡、解斐斐,  中華書局(新加坡),2023-03-01,香港,155,IB-1-CH-1,455797997994053,IB23G11
200911255,诺曼底登陆,9787208132252.0,续借,2025-06-06 10:13:20,75.0,（美）西蒙兹著,上海人民出版社,2015-01-01,上海,270,E195.2,584699877527621,IB24G10
200859776,鼠疫,9787532761753.0,续借,2025-06-06 10:13:22,45.0,（法）加缪著,上海译文出版社,2013-01-01,上海,273,I565.45,584699877527621,IB24G10
201318537,The complete Persepolis,9780375714832.0,外借,2025-06-06 10:18:08,113.0,"Satrapi, Marjane, 1969-",,,USA,,741.59,584699881758789,IB24G10
200848495,道德动物,9787521743630.0,归还,2025-06-06 10:46:51,88.0,（美）赖特著,中信出版集团股份有限公司,2022-01-01,北京,19488,B84,584699862667333,IB24G10
201315512,Ib Diploma Programme Physics 223 Edition Student Book,9781382016599.0,归还,2025-06-06 10:46:51,330.0,"Homer, David; Heathcote, William; Pietka, Maciej","Oxford University Press, USA",2023-03-03,UK,720,IB-4-PH-5,584699862667333,IB24G10
200911255,诺曼底登陆,9787208132252.0,归还,2025-06-06 11:14:27,75.0,（美）西蒙兹著,上海人民出版社,2015-01-01,上海,270,E195.2,584699877527621,IB24G10
200690350,"The hobbit, or, There and back again",9780345339683.0,归还,2025-06-06 12:51:25,0.0,"Tolkien, J. R. R. (John Ronald Reuel), 1892-1973; Anderson, Douglas A. 1959-",Del Rey Books,,,,823.912,584699858526277,IB24G10
200835285,世间的每一个清晨,9787559819628.0,归还,2025-06-06 12:51:25,22.5,（法）基尼亚尔著,广西师范大学出版社,2019-01-01,桂林,107,I565.45,584699858526277,IB24G10
200862254,远大前程,9787532753659.0,归还,2025-06-06 12:58:45,42.0,(英)狄更斯著,上海译文出版社,2011-01-01,上海,547,I561.44,584699875807301,IB24G10
201016747,生命简史,9787508686424.0,归还,2025-06-06 14:16:43,68.0,(英)福提,中信出版社,2018-01-01,北京,349,Q10,584699884150853,IB24G10
200881279,病菌简史,9787572001727.0,归还,2025-06-06 14:16:52,58.0,张文宏 主编,上海教育出版社,2020-01-01,上海,119,R37-49,584699884150853,IB24G10
200983588,基因论,9787229168629.0,归还,2025-06-06 14:17:03,48.0,（美）摩尔根著,重庆出版社,2022-01-01,重庆,295,Q343.1,584699884150853,IB24G10
200858508,基督山伯爵 （上）,9787532751242.0,归还,2025-06-06 14:30:16,39.0,(法)大仲马著,上海译文出版社,2010-01-01,上海,693,I565.44,584699868303429,IB24G10
200054458,Persuasion,9780062065988.0,归还,2025-06-06 14:33:20,44.95,Jane Austen,HarperTeen,2011-01-01,New York,29518,823.7,584699856592965,IB24G10
200358246,The remains of the day,9780571322732.0,归还,2025-06-06 14:33:23,49.0,"Ishiguro, Kazuo",Faber and Faber,,London,258,823.914,584699856592965,IB24G10
200741475,汉魏六朝文选 ,9787020157624.0,归还,2025-06-06 14:37:04,69.0,刘文忠 (1936~) 选注, 人民文学出版社,2011-01-01,北京 ,19730,I222.734,584699864600645,IB24G10
200812852,史记.2,9787101158687.0,归还,2025-06-06 14:37:04,66.8,陈曦著,中华书局,2022-01-01,北京,138422,K204.2,584699864600645,IB24G10
200817759,四书五经.1,9787101136364.0,归还,2025-06-06 14:37:04,31.4,郭丹等著,中华书局,2019-01-01,北京,305,B222.1,584699864600645,IB24G10
200821389,革命的年代:1789-1848,9787508674612.0,归还,2025-06-06 14:37:04,78.0,(英)霍布斯鲍姆著;王章辉译,中信出版社,2017-01-01,北京,368,K1,584699864600645,IB24G10
200998162,人人都该懂的脑科学 ,9787557686642.0,归还,2025-06-06 14:41:01,65.9,"(英)阿马尔·阿尔查拉比 (Al-Chalabi, Ammar) 著", 天津科学技术出版社,2020-01-01,天津 ,280,R338.2-49,584699874725957,IB24G10
200991855,脑机穿越 : 脑机接口改变人类未来,9787213065835.0,归还,2025-06-06 14:41:29,79.9,"(巴西)米格尔·尼科莱利斯 (Nicolelis, Miguel A.) 著",浙江人民出版社,2015-01-01,杭州,10282,R338.2,584699874725957,IB24G10
200934427,天才基本法：完结篇. 上,9787559437372.0,归还,2025-06-06 14:41:30,39.0,长洱 著, 江苏凤凰文艺出版社,2019-01-01,南京 ,560,I247.5,584699875807301,IB24G10
200841820,一地鸡毛,9787536096608.0,归还,2025-06-06 14:41:55,60.0,刘震云 著,花城出版社,2022-01-01,广州,503,I247.7,584699864600645,IB24G10
200872564,永恒的边缘.Ⅱ,9787559403223.0,归还,2025-06-06 14:54:58,56.0,(英)福莱特著,江苏凤凰文艺出版社,2017-01-01,南京,420,I561.45,584699871535173,IB24G10
200872573,永恒的边缘.Ⅲ,9787559403223.0,归还,2025-06-06 14:54:58,56.0,(英)福莱特著,江苏凤凰文艺出版社,2017-01-01,南京,420,I561.45,584699871535173,IB24G10
200874722,极简天文学 ,9787521700930.0,归还,2025-06-06 15:07:17,49.0,"(英)科林·斯图尔特 (Stuart, Colin) 著", 中信出版集团股份有限公司,2019-01-01,北京 ,293,P1-49,584699869589573,IB24G10
200687729,Chiltern Classic：Northanger Abbey,9781912714278.0,归还,2025-06-06 15:09:31,98.0,Jane Austen,Chiltern Publishing,2019-11-11,美国,,823.7,584699847979077,IB24G10
200990703,人文地理学通识:全彩插图,9787564580070.0,归还,2025-06-06 15:09:31,228.0,(英)鲁宾斯坦著　罗爽译,郑州大学出版社,2021-01-01,郑州,555,K901,584699847979077,IB24G10
201053796,积极心理诗学,9787506888400.0,归还,2025-06-06 15:12:00,88.0,罗辉著,中国书籍出版社,2021-01-01,北京,11524,I052,584699847979077,IB24G10
200927328,雨,9787220105135.0,归还,2025-06-06 15:31:00,38.0,（马来）黄锦树著,四川人民出版社,2018-01-01,成都,270,I338.45,584699853803589,IB24G10
200689335,Famous Last Words,9780545835626.0,归还,2025-06-06 15:37:33,42.0,Katie Alender,SCHOLASTIC US,2015-07-28,美国,,813.6,584699868516421,IB24G10
200035648,Physics: Principles with Applications,9781292057125.0,归还,2025-06-06 15:37:39,609.0,Douglas C. Giancoli,Pearson,2016-01-01,England,1080,IB-4-PH-5,584699868516421,IB24G10
201301812,Folger Shakespeare Library：The Merchant of Venice,9780743477567.0,续借,2025-06-09 07:26:00,27.0,William Shakespeare,Square Peg,2004-01-01,美国,,822.33,455798100992069,IB23G11
201011868,科学哲学,9787544732765.0,归还,2025-06-09 11:10:43,39.0,"(英)奥卡沙著,韩广忠译",译林出版社,2015-01-01,南京,139,N02,455798122922053,IB23G11
200218745,史蒂夫·乔布斯传,9787508630786.0,归还,2025-06-09 16:10:38,198.0,(美)艾萨克森著;管延折译,中信出版社,2011-01-01,北京,645,K837.12,517821800812613,IB22G12
200698076,"Book of Laughter and Forgetting, The",9780571174379.0,归还,2025-06-10 12:12:52,51.0,Milan Kundera,Faber and Faber,1996-05-20,英国,,891.86,455797971673157,IB23G11
201310571,The Hitchhikers Guide to the Galaxy,9781529034523.0,归还,2025-06-10 12:12:52,51.0,Douglas Adams,Macmillan UK,2020-03-05,英国,,823.914,455797971673157,IB23G11
200693776,The Sound and the Fury,9780099475019.0,外借,2025-06-10 12:13:00,28.0,William Faulkner,Random House UK,2009-05-07,英国,,813.52,455797971673157,IB23G11
201302054,Dubliners,9781847496317.0,归还,2025-06-10 12:44:29,32.0,James Joyce,ALMA BOOKS,2017-06-22,英国,,823.91,455797971673157,IB23G11
200823298,"如果在冬夜,一个旅人",9787544722292.0,归还,2025-06-10 12:55:21,58.0,(意)卡尔维诺著;萧天佑译,译林出版社,2016-01-01,南京,300,I546.45,455797978308677,IB23G11
200876016,"怪诞行为学. 2, 非理性的积极力量",9787508681436.0,外借,2025-06-11 18:05:11,45.0,"(美)丹·艾瑞里 (Ariely, Dan) 著",中信出版集团股份有限公司,2017-01-01,北京,18250,F069.9,455798051688517,IB23G11
200867115,不会吧，真有人研究这个 ,9787559646224.0,归还,2025-06-12 13:45:33,60.0,(法)克罗著, 北京联合出版公司,2021-01-01,北京 ,11240,Z228,455798116016197,IB23G11
200871814,自我的探寻,9787559664518.0,外借,2025-06-12 20:33:14,49.0,戴军著,北京联合出版公司,2022-01-01,北京,208,B84-065,455798051688517,IB23G11
200871814,自我的探寻,9787559664518.0,续借,2025-06-12 20:33:52,49.0,戴军著,北京联合出版公司,2022-01-01,北京,208,B84-065,455798051688517,IB23G11
200876016,"怪诞行为学. 2, 非理性的积极力量",9787508681436.0,续借,2025-06-12 20:33:54,45.0,"(美)丹·艾瑞里 (Ariely, Dan) 著",中信出版集团股份有限公司,2017-01-01,北京,18250,F069.9,455798051688517,IB23G11
200691206,Strangers Drowning,9781846143991.0,归还,2025-06-13 14:36:02,59.0,Larissa MacFarquhar,penguin uk,2016-09-29,英国,,170,455798098456645,IB23G11
200882526,基督山伯爵:全2册-上册,9787532778140.0,归还,2025-06-13 14:38:30,44.5,(法)大仲马著,上海译文出版社,2018-01-01,上海,693,I565.44,584699872239685,IB24G10
200882526,基督山伯爵:全2册-上册,9787532778140.0,外借,2025-06-13 14:39:17,44.5,(法)大仲马著,上海译文出版社,2018-01-01,上海,693,I565.44,584699872239685,IB24G10
200882526,基督山伯爵:全2册-上册,9787532778140.0,续借,2025-06-13 14:39:24,44.5,(法)大仲马著,上海译文出版社,2018-01-01,上海,693,I565.44,584699872239685,IB24G10
200882526,基督山伯爵:全2册-上册,9787532778140.0,归还,2025-06-13 14:39:43,44.5,(法)大仲马著,上海译文出版社,2018-01-01,上海,693,I565.44,584699872239685,IB24G10
201057319,基督教史：最初的三千年,9787518814466.0,归还,2025-06-13 14:49:19,218.0,(英)迪尔梅德·麦卡洛克 ,宗教文化出版社 ,2024-01-01,北京 ,1137,B979,584699880865861,IB24G10
200965973,社会心理学,9787115410047.0,归还,2025-06-13 14:49:24,128.0,(美)迈尔斯著;侯玉波译,人民邮电出版社,2016-01-01,北京,707,C912.6,584699880865861,IB24G10
201048838,行为心理学,9787516833452.0,归还,2025-06-13 14:49:34,49.0,（美）华生著,台海出版社,2022-01-01,北京,223,B84-063,584699880865861,IB24G10
200861353,乌合之众,9787301272084.0,归还,2025-06-13 14:49:48,35.0,(法)勒庞著,北京大学出版社,2016-01-01,北京,258,C912.64,584699880865861,IB24G10
200867428,宗教社会学 宗教与世界 ,9787542670540.0,归还,2025-06-13 14:49:52,80.0,"(德)马克斯·韦伯 (Weber, Max 1864~1920) 著",上海三联书店,2021-01-01,上海,10520,B920,584699880865861,IB24G10
