Collection Barcode,Title,ISBN,Circulation Type,Price,Author,Publisher,Publication time,Place of Publication,Pages,Classification Number,UserID,Grade,Beginning of borrow,Return time,Total time,Number of borrow,Finally returned
201053386,华丽食物志,9787559825315,外借,48.0,（日）涩泽龙彦著,广西师范大学出版社,2020-01-01,桂林,180,I313.65,584699846897733,IB24G10,2024-09-02 09:17:27,2024-09-03 12:36:16,1 days 03:18:49,0,True
200920824,试论疲倦,9787208140813,外借,49.0,（奥）汉德克著,上海人民出版社,2016-01-01,上海,11384,I521.45,584699848847429,IB24G10,2024-09-02 09:20:32,2024-09-11 11:10:07,9 days 01:49:35,0,True
200659135,Siddhartha,9780553208849,外借,25.0,"Hesse, Hermann",Bantam,,Toronto ; New York :,152,833.912,455798034522181,IB23G11,2024-09-02 09:23:53,2025-01-10 09:56:58,130 days 00:33:05,0,True
200826106,西南联大诗词课,9787545565836,外借,58.0,闻一多 (1899~1946) 著,天地出版社,2021-01-01,成都,378,I207.2,455798034522181,IB23G11,2024-09-02 09:23:53,2025-01-10 09:56:58,130 days 00:33:05,0,True
200030563,Biology for the IB Diploma,9780198393511,外借,225.0,Andrew Allott,[出版者不详],2014-01-01,[出版地不,202,IB-4-BI-2,455797975019589,IB23G11,2024-09-02 12:17:30,,,0,False
200929585,耶鲁大学公开课,9787550238954,外借,39.8,(美)史密斯著,北京联合出版公司,2015-01-01,北京,299,D0,455798118879301,IB23G11,2024-09-02 12:21:58,2024-10-10 16:51:02,38 days 04:29:04,0,True
200881082,权力精英 ,9787569915006,外借,78.0,"(美)C. 赖特·米尔斯 (Mills, Chales Wright 1916~1962) 著", 北京时代华文书局,2019-01-01,北京 ,10401,D771.261,455798118879301,IB23G11,2024-09-02 12:21:58,2024-10-10 16:50:55,38 days 04:28:57,0,True
201011699,法律,9787544755054,外借,39.0,(英)瓦克斯著;殷源源译,译林出版社,2016-01-01,南京,167,D90,455798118879301,IB23G11,2024-09-02 12:21:58,2024-10-10 16:50:55,38 days 04:28:57,0,True
201049187,无依之地,9787559433022,外借,39.0,（美）布鲁德著,江苏凤凰文艺出版社,2019-01-01,南京,326,D771.28,455798118879301,IB23G11,2024-09-02 12:21:58,2024-10-10 16:51:04,38 days 04:29:06,0,True
200988663,好好告别,9787572502583,外借,79.9,（英）曼尼克斯著,河南科学技术出版社,2021-01-01,郑州,11327,I712.55,455798118166597,IB23G11,2024-09-02 12:22:13,2024-10-18 13:31:26,46 days 01:09:13,1,True
200920977,想象的共同体 : 民族主义的起源与散布,9787208138490,外借,58.0,"(美)本尼迪克特·安德森 (Anderson, Benedict 1936~) 著",上海人民出版社,2016-01-01,上海,1520263,D091.5,455797939183685,IB23G11,2024-09-02 12:37:51,,,0,False
200847450,倾城之恋,9787530218624,外借,49.5,张爱玲著,北京十月文艺出版社,2019-01-01,北京,328,I246.7,455797990740037,IB23G11,2024-09-02 13:12:54,2025-01-10 11:32:00,129 days 22:19:06,0,True
200862539,古都,9787573502353,外借,49.0,(日)川端康成著,南海出版公司,2022-01-01,海口,330,I313.45,455797990740037,IB23G11,2024-09-02 13:12:57,2025-01-10 11:32:07,129 days 22:19:10,0,True
200787210,这样读三国,9787218160481,外借,48.0,龙镇 (1975~) 著,广东人民出版社,2022-01-01,广州,349,K236.09,450611261075525,IB22G12,2024-09-02 13:47:04,2024-09-02 13:48:13,0 days 00:01:09,0,True
201616938,沙盘游戏疗法儿童心理案例精析,9787523604687,外借,89.0,余文玉 著,中国科学技术出版社 ,2024-01-01,北京 ,277,B844.1,450611256987717,IB22G12,2024-09-02 13:47:06,2024-09-02 13:47:55,0 days 00:00:49,0,True
200772510,读水浒,9787551825047,外借,49.8,押沙龙 (1976~) 著,三秦出版社,2022-01-01,西安,11245,I207.412-53,450611257241669,IB22G12,2024-09-02 13:47:26,2024-09-02 13:48:08,0 days 00:00:42,0,True
200097876,杀死一只知更鸟:纪念版,9787544722766,外借,32.0,(美)李著;高红梅译,译林出版社,2015-01-01,南京,346,I712.45,450611256987717,IB22G12,2024-09-02 14:16:45,2024-09-02 14:17:39,0 days 00:00:54,0,True
200835953,世界历史上的蒙古征服,9787513916387,外借,68.0,(美)梅天穆著,民主与建设出版社,2017-01-01,北京,377,K13,584699851386949,IB24G10,2024-09-02 16:34:43,2024-09-05 11:33:42,2 days 18:58:59,0,True
200962645,K——英国情人,9787541144493,外借,36.0,虹影著,四川文艺出版社,2017-01-01,成都,257,I561.45,584699847979077,IB24G10,2024-09-02 16:36:54,2024-09-04 13:42:03,1 days 21:05:09,0,True
200816581,财富、贫穷与政治,9787572211874,外借,45.0,（美）索厄尔著,浙江教育出版社,2021-01-01,杭州,305,F0-49,584699866955845,IB24G10,2024-09-02 17:13:11,2024-09-06 09:55:34,3 days 16:42:23,0,True
200958320,乌合之众:群体心理学,9787533951702,外借,49.8,(法)勒庞著;董强译,浙江文艺出版社,2018-01-01,杭州,247,C912.64,584699866521669,IB24G10,2024-09-02 17:13:36,2024-10-22 11:53:00,49 days 18:39:24,0,True
200975542,清洁女工手册 ,9787530221426,外借,69.0,"(美)露西亚·伯林 (Berlin, Lucia 1936.11~2004.11) 著", 北京十月文艺出版社,2021-01-01,北京 ,20450,I712.45,450611277750341,IB22G12,2024-09-02 17:19:33,2024-11-26 11:06:34,84 days 17:47:01,0,True
200854450,巴黎圣母院,9787532752355,外借,46.0,(法)雨果著,上海译文出版社,2011-01-01,上海,506,I565.44,455798120337477,IB23G11,2024-09-02 17:36:33,,,0,False
200810186,巴黎圣母院,9787020137404,外借,45.0,雨果著;陈敬容译,人民文学出版社,2018-01-01,北京,523,I565.44,455798120337477,IB23G11,2024-09-02 17:36:33,,,0,False
200943541,解忧杂货店,9787544298995,外借,59.0,(日)东野圭吾著,南海出版公司,2020-01-01,海口,309,I313.45,450611287269445,IB22G12,2024-09-02 17:39:14,2024-09-30 08:35:31,27 days 14:56:17,0,True
200692633,Getting Lost,9781913097004,外借,61.0,Annie Ernaux,Fitzcarraldo Editions,2022-09-21,英国,,813.6,455798115651653,IB23G11,2024-09-02 17:41:46,2024-10-15 08:12:51,42 days 14:31:05,0,True
200875687,小岛经济学,9787508672960,外借,48.0,(美)彼得著;胡晓姣译,中信出版社,2017-01-01,北京,298,F0-49,584699848196165,IB24G10,2024-09-02 17:42:00,2024-09-05 11:29:18,2 days 17:47:18,0,True
200981688,历史的运用与滥用,9787559835895,外借,58.0,（加）麦克米伦著,广西师范大学出版社,2021-01-01,桂林,230,K107,450611311415365,IB22G12,2024-09-02 18:11:27,2024-09-25 11:35:58,22 days 17:24:31,0,True
200973535,艺术哲学,9787301284230,外借,69.0,(法)丹纳著,北京大学出版社,2017-01-01,北京,439,J0-02,450611311415365,IB22G12,2024-09-02 18:11:36,2024-09-25 11:35:58,22 days 17:24:22,0,True
200694588,Wordsworth Collectors Editions：Great Expectations,9781840228014,外借,38.0,Charles Dickens,Wordsworth,2020-09-02,英国,,823.8,455797996257349,IB23G11,2024-09-03 08:12:49,2024-11-14 11:50:10,72 days 03:37:21,0,True
200427546,Biology for the IB Diploma Workbook with CD-ROM,9781316646090,外借,176.0,"Broderick, Matthew",Cambridge University Press,2017-08-31,,218,IB-4-BI-2,455797996257349,IB23G11,2024-09-03 08:25:28,,,0,False
200676740,Exam Practice Workbook for Mathematics Analysis and Approaches HL,9781398321878,外借,169.0,"Paul Fannon, Vesna Kadelburg, Stephen Ward",Hodder Education,2021-02-26,UK,224,IB-5-M-1,455797996257349,IB23G11,2024-09-03 08:27:54,,,0,False
200820889,杀死一只知更鸟,9787544766500,外借,58.0,(美)李著,译林出版社,2017-01-01,南京,,I712.45,455797996257349,IB23G11,2024-09-03 08:36:55,2024-11-14 11:50:16,72 days 03:13:21,0,True
200858571,浮士德,9787532752607,外借,78.0,歌德,上海译文出版社,2011-01-01,上海,1810562,I516.34,455798068555845,IB23G11,2024-09-03 09:01:43,2025-01-10 12:00:42,129 days 02:58:59,0,True
201022865,浮士德,9787020104543,外借,36.0,"(德)歌德 (Goethe, Johann Wolfgang von 1749~1832) 著",人民文学出版社,1994-01-01,北京,466,I516.34,455798068555845,IB23G11,2024-09-03 09:01:43,2025-01-10 13:54:26,129 days 04:52:43,0,True
200807886,浮士德,9787100203715,外借,120.0,歌德著,商务印书馆,2022-01-01,北京,750,I516.34,455798068555845,IB23G11,2024-09-03 09:11:05,2025-01-10 12:00:42,129 days 02:49:37,0,True
200807877,浮士德,9787100203715,外借,120.0,歌德著,商务印书馆,2022-01-01,北京,750,I516.34,455798068555845,IB23G11,2024-09-03 09:11:05,2025-01-10 12:00:42,129 days 02:49:37,0,True
201500508,Oxford Resources for IB DP Environmental Systems and Societies: Course Book,9781382044011,外借,468.0,Williams,"Oxford University Press, USA",2024-02-29,,792,IB-4-SC-1,455798066937925,IB23G11,2024-09-03 10:48:52,2024-11-07 17:44:20,65 days 06:55:28,0,True
200983766,希腊前的哲学,9787100187718,外借,75.0,（美）米罗普著,商务印书馆,2020-01-01,北京,320,B302,455798096085061,IB23G11,2024-09-03 11:26:16,2024-10-25 09:47:07,51 days 22:20:51,0,True
200975472,穷人的理财经 ,9787547312230,外借,45.0,"(美)默多克 (Morduch, Jonathan) 著", 东方出版中心,2018-01-01,上海 ,293,F830.59,455798096085061,IB23G11,2024-09-03 11:27:37,2024-12-24 17:28:09,112 days 06:00:32,0,True
200871306,牛津拜占庭史,9787511566355,外借,79.9,(英)曼戈著,北京日报出版社,2021-01-01,北京,24245,K134,584699851386949,IB24G10,2024-09-03 11:49:49,2024-09-04 15:59:16,1 days 04:09:27,0,True
201309182,The Door into Summer,9780575120723,外借,34.0,Robert A. Heinlein,Orion Publishing Group,2013-12-12,英国,,813.54,584699851386949,IB24G10,2024-09-03 11:55:57,2024-10-22 17:12:13,49 days 05:16:16,0,True
200960442,薛定谔之猫,9787550710276,外借,35.0,(法)福雷斯特著,海天出版社,2015-01-01,深圳,304,I565.45,584699836620869,IB24G10,2024-09-03 11:57:34,2024-09-03 12:21:39,0 days 00:24:05,0,True
200986834,柏拉图文艺对话图,9787229101442,外借,38.0,(古希腊)柏拉图著;朱光潜译,重庆出版社,2016-01-01,重庆,337,B502.232,584699849060421,IB24G10,2024-09-03 12:05:44,,,0,False
200988985,机器学习实战 : 基于Scikit-Learn、Keras和TensorFlow,9787111665977,外借,149.0,"(法)奥雷利安·吉翁 (Géron, Aurélien) 著",机械工业出版社,2020-01-01,北京,676,TP181,584699889176645,IB24G10,2024-09-03 12:09:55,2024-09-23 14:25:20,20 days 02:15:25,0,True
200967481,"经济学原理, 微观经济学分册 ",9787301256909,外借,72.0,"(美)曼昆 (Mankiw, N. Gregory) 著", 北京大学出版社,2015-01-01,北京 ,10543,F0,455797948674117,IB23G11,2024-09-03 12:31:38,2025-01-10 07:47:35,128 days 19:15:57,0,True
201056105,宏观经济学 ,9787300276311,外借,79.0,"(美)N. 格里高利·曼昆 (Mankiw, N. Gregory) 著", 中国人民大学出版社,2020-01-01,北京 ,454,F015,455797948674117,IB23G11,2024-09-03 12:31:38,2025-01-10 07:47:35,128 days 19:15:57,0,True
200883749,银河系搭车客指南.1,9787532764655,外借,53.6,(英)亚当斯著;姚向辉译,上海译文出版社,2014-01-01,上海,279,I561.45,584699846897733,IB24G10,2024-09-03 12:35:41,,,0,False
200976051,香港重庆大厦,9787567532700,外借,65.0,（美）麦高登著,华东师范大学出版社,2015-01-01,上海,308,C912.81,584699853152325,IB24G10,2024-09-03 13:28:27,2024-12-25 07:47:02,112 days 18:18:35,1,True
201048197,精神病学史 ：从收容院到百忧解,9787542858658,外借,88.0,"(美)爱德华·肖特 (Shorter, Edward， 1941~) 著", 上海科技教育出版社,2017-01-01,上海 ,15593,R74-09,584699852693573,IB24G10,2024-09-03 15:08:44,2024-10-25 11:06:06,51 days 19:57:22,0,True
200881867,黑塞童话集,9787532779505,外借,45.0,(德)黑塞著,上海译文出版社,2019-01-01,上海,258,I516.88,584699846897733,IB24G10,2024-09-03 15:46:05,2024-09-12 17:42:15,9 days 01:56:10,0,True
200664904,Economics for the IB diploma. Coursebook,9781108847063,外借,353.0,"Tragakes, Ellie",Cambridge University Press,2020-01-01,USA,679,IB-3-EB-8,455797946302533,IB23G11,2024-09-03 16:40:51,,,0,False
200664913,Economics for the IB diploma. Coursebook,9781108847063,外借,353.0,"Tragakes, Ellie",Cambridge University Press,2020-01-01,USA,679,IB-3-EB-8,455798041292869,IB23G11,2024-09-03 16:46:21,,,1,False
200864449,佛系,9787559414311,外借,39.8,(日)草薙龙瞬著,江苏凤凰文艺出版社,2018-01-01,南京,277,I313.65,455798063370309,IB23G11,2024-09-03 16:46:27,2024-10-12 12:37:33,38 days 19:51:06,0,True
200860005,乌合之众,9787532781089,外借,35.0,(法)勒庞著,上海译文出版社有限公司,2019-01-01,上海,16202,C912.64,455798041292869,IB23G11,2024-09-03 17:38:05,,,0,False
200982268,世界简史,9787505743090,外借,49.8,（美）房龙著,中国友谊出版公司,2018-01-01,北京,348,K1,584699862667333,IB24G10,2024-09-03 17:58:08,2024-09-12 09:36:43,8 days 15:38:35,0,True
200965250,塔木德 ,9787802204003,外借,36.0,(美)赫里姆 著, 中国画报出版社,2009-01-01,北京 ,11238,F715,584699866095685,IB24G10,2024-09-04 11:25:54,2024-10-08 17:51:25,34 days 06:25:31,0,True
200980493,趣味二战史,9787559454027,外借,129.8,杨亮著,江苏凤凰文艺出版社,2021-01-01,南京,428,K152-49,584699866095685,IB24G10,2024-09-04 11:26:36,2024-10-08 17:51:25,34 days 06:24:49,0,True
201008970,乡土中国,9787301174821,外借,26.0,费孝通,北京大学出版社,2012-01-01,北京,185,C912.82,584699876245573,IB24G10,2024-09-04 11:44:00,2024-10-31 11:39:55,56 days 23:55:55,0,True
200887004,动物农场,9787532751457,外借,32.0,(英)奥威尔,上海译文出版社,2018-01-01,上海,143,I561.45,584699837075525,IB24G10,2024-09-04 12:16:48,2024-09-04 16:32:38,0 days 04:15:50,0,True
200876506,巨人的陨落I,9787539989891,外借,43.8,(英)福莱特著;于大卫译,江苏凤凰文艺出版社,2016-01-01,南京,372,I561.45,584699857674309,IB24G10,2024-09-04 12:16:50,2024-09-05 16:35:24,1 days 04:18:34,0,True
201013214,帝国的铸就：1861-1871,9787544790208,外借,88.0,(美)贝兰著,译林出版社,2022-01-01,南京,465,K14,584699837288517,IB24G10,2024-09-04 12:33:47,2025-02-17 09:15:17,165 days 20:41:30,0,True
201056043,穿越非洲两百年 ,9787545553918,外借,88.0,郭建龙 著, 天地出版社,2020-01-01,成都 ,379,K400,584699836862533,IB24G10,2024-09-04 13:38:03,2024-09-12 07:38:06,7 days 18:00:03,0,True
200896628,亲密关系,9787115246882,外借,68.0,(美)珀尔曼,人民邮电出版社,2011-01-01,北京,430,C912.1,584699857248325,IB24G10,2024-09-04 13:47:22,,,0,False
200827105,爱欲之死,9787508697086,外借,32.0,（德）韩炳哲著,中信出版集团股份有限公司,2019-01-01,北京,87,B84,584699847979077,IB24G10,2024-09-04 13:47:42,2024-10-23 11:57:41,48 days 22:09:59,0,True
200896879,改变心理学的4项研究 ,9787115527073,外借,88.0,"(美)霍克 (Hock, Roger R.) 著", 人民邮电出版社,2020-01-01,北京 ,22374,B84,584699847979077,IB24G10,2024-09-04 13:47:49,2024-09-14 11:51:10,9 days 22:03:21,0,True
200989886,阿特拉斯耸耸肩. 第三部，同一律,9787229141554,外借,76.0,（美）兰德著,重庆出版社,2020-01-01,重庆,2125,I712.45,584699869589573,IB24G10,2024-09-04 15:33:26,2024-10-08 11:08:07,33 days 19:34:41,0,True
200889592,贫穷的质感,9787532182480,外借,52.0,王梆,上海文艺出版社,2022-01-01,上海,350,K561.03,584699868942405,IB24G10,2024-09-04 15:36:12,2025-01-08 11:22:29,125 days 19:46:17,0,True
200907000,微积分和数学分析引论. 第一卷. 第二分册,9787030084699,外借,99.0,"(美)R. 柯朗 (Courant, Richard 1888~1972) 著",科学出版社,2001-01-01,北京,365,O17,584699854229573,IB24G10,2024-09-04 15:48:04,2024-09-24 09:39:18,19 days 17:51:14,0,True
200815314,普林斯顿微积分读本,9787115435590,外借,99.0,"(美)班纳 (Banner, Adrian ) 著",人民邮电出版社,2016-01-01,北京,648,O172,584699854663749,IB24G10,2024-09-04 15:48:05,2024-10-28 11:24:24,53 days 19:36:19,1,True
200974856,狼图腾,9787530220245,外借,69.0,姜戎 著,北京十月文艺出版社,2020-01-01,北京,651,I247.5,584699884843077,IB24G10,2024-09-04 15:53:46,2024-09-11 11:18:32,6 days 19:24:46,0,True
200839815,三匹马,9787533955663,外借,45.0,莫言著,浙江文艺出版社,2019-01-01,杭州,259,I247.7,584699868094533,IB24G10,2024-09-04 15:54:56,2024-09-23 16:51:10,19 days 00:56:14,0,True
201325351,The Great Adventures of Sherlock Holmes,9780141332499,外借,24.95,Sir Arthur Conan Doyle;introduced by Jos,Puffin Books,2011-01-01,London,276,823.912,584699876016197,IB24G10,2024-09-04 15:56:11,2024-09-30 08:47:44,25 days 16:51:33,0,True
201030570,"北欧,凛冽的世界尽头",9787508691176,外借,88.0,王家敏编,中信出版社,2018-01-01,北京,271,K953.09,584699848413253,IB24G10,2024-09-04 16:12:33,2024-09-05 11:29:31,0 days 19:16:58,0,True
200862511,怨女,9787530218723,外借,55.0,张爱玲著,北京十月文艺出版社,2019-01-01,,290,I246.7,450611307933765,IB22G12,2024-09-04 16:26:29,2025-05-16 15:45:07,253 days 23:18:38,0,True
201053331,云边有个小卖部,9787540487645,外借,42.0,张嘉佳著,湖南文艺出版社,2018-01-01,长沙,306,I247.5,450611307933765,IB22G12,2024-09-04 16:26:37,2025-05-16 15:45:04,253 days 23:18:27,0,True
200952111,我从未如此眷恋人间,9787552706673,外借,49.8,史铁生,读者出版社,2022-01-01,兰州,252,I266,450611307933765,IB22G12,2024-09-04 16:26:56,2025-05-14 16:56:20,252 days 00:29:24,0,True
201323004,The Bible book,9780241301906,外借,89.0,DK,DK,2018-03-01,英国,,220.61,584699851841605,IB24G10,2024-09-04 16:37:34,2024-10-21 16:48:57,47 days 00:11:23,0,True
201325976,How the Brain Works: The Facts Visually Explained,9780241403372,外借,172.0,Editorial Consultant: Rita Carter,DK,2020-03-03,,224,612.8,584699851841605,IB24G10,2024-09-04 16:37:42,2024-10-21 16:48:56,47 days 00:11:14,0,True
200997591,平面犬,9787544281232,外借,59.0,（日）乙一著,南海出版公司,2021-01-01,海口,265,I313.45,584699864600645,IB24G10,2024-09-04 16:41:30,2024-10-14 14:29:52,39 days 21:48:22,0,True
200921306,理想国,9787100162586,外借,78.0,（古希腊）柏拉图著,商务印书馆,2019-01-01,北京,458,B502.23,584699864600645,IB24G10,2024-09-04 16:41:59,2024-09-04 17:11:03,0 days 00:29:04,0,True
201054777,柠檬,9787533965617,外借,58.0,（日）梶井基次郎著,浙江文艺出版社,2021-01-01,杭州,265,I313.45,584699864600645,IB24G10,2024-09-04 16:42:34,2024-09-05 12:32:39,0 days 19:50:05,0,True
201021170,茨威格中短篇小说选·上,9787020166244,外借,39.0,（奥）茨威格著,人民文学出版社,2021-01-01,北京,324,I521.45,584699877527621,IB24G10,2024-09-04 16:43:16,2024-09-19 12:33:20,14 days 19:50:04,0,True
200838442,铁壁之围：一战中的德国和奥匈帝国,9787510895845,外借,138.0,"(英)亚历山大·沃森 (Watson, Alexander) 著", 九州出版社,2020-01-01,北京 ,716,K143,584699851386949,IB24G10,2024-09-04 16:43:41,2024-09-11 17:20:01,7 days 00:36:20,0,True
201036574,量子矩阵,9787115597878,外借,69.9,(以)库里茨基著,人民邮电出版社,2023-01-01,北京,325,O413-49,584699841630277,IB24G10,2024-09-04 16:47:29,2024-10-08 17:22:38,34 days 00:35:09,0,True
200966188,托福考试官方指南,9787519306281,外借,168.0,美国教育考试中心,群言出版社,2021-01-01,北京,689,H310.41,584699859591237,IB24G10,2024-09-04 16:54:03,2024-09-19 11:45:22,14 days 18:51:19,0,True
201323031,Freakonomics,9780061956270,外借,60.0,Steven D. Levitt,HarperCollins Publishers Inc,2009-08-01,,336,330,584699858317381,IB24G10,2024-09-04 16:55:29,2024-10-10 09:56:23,35 days 17:00:54,0,True
201056203,美丽新世界,9787532774685,外借,45.0,(英)赫胥黎著;陈超译,上海译文出版社,2017-01-01,上海,349,I561.45,584699837075525,IB24G10,2024-09-04 16:59:07,2024-09-06 07:33:43,1 days 14:34:36,0,True
200876016,"怪诞行为学. 2, 非理性的积极力量",9787508681436,外借,45.0,"(美)丹·艾瑞里 (Ariely, Dan) 著",中信出版集团股份有限公司,2017-01-01,北京,18250,F069.9,584699856826437,IB24G10,2024-09-04 17:00:12,2024-10-17 15:45:27,42 days 22:45:15,1,True
200847637,电车难题,9787301243459,外借,38.0,(美)卡斯卡特著;朱沉之译,北京大学出版社,2014-01-01,北京,164,B82-33,584699856826437,IB24G10,2024-09-04 17:00:19,2024-09-05 11:01:02,0 days 18:00:43,1,True
200912815,足球智商 ,9787530486306,外借,59.0,"(美)丹·布兰克 (Blank, Dan) 著", 北京科学技术出版社,2017-01-01,北京 ,13244,G843,584699873386565,IB24G10,2024-09-04 17:01:14,2024-09-29 14:33:55,24 days 21:32:41,0,True
200831617,爱伦·坡短篇小说全集. 上,9787100202084,外借,69.5,（美）爱伦·坡著,商务印书馆,2022-01-01,北京,10984,I712.45,584699836416069,IB24G10,2024-09-04 17:13:31,,,0,False
200963350,等待戈多,9787572605826,外借,49.8,(爱尔兰)贝克特著,湖南文艺出版社,2022-01-01,长沙,165,I565.35,584699836416069,IB24G10,2024-09-04 17:13:47,,,0,False
200822191,失落的一代：中国的上山下乡运动(1968~198),9787500092445,外借,54.0,（法）潘鸣啸著,中国大百科全书出版社,2013-01-01,北京,453,D432.9,584699873386565,IB24G10,2024-09-04 17:25:08,2024-11-01 14:56:04,57 days 21:30:56,1,True
201037608,数学建模,9787111479529,外借,99.0,(美)吉奥丹诺著;叶其孝译,机械工业出版社,2014-01-01,北京,484,O141.4,584699860697157,IB24G10,2024-09-04 17:27:25,,,0,False
200825045,微积分入门,9787115500557,外借,99.0,(日)小平邦彦著,人民邮电出版社,2019-01-01,北京,455,O172,584699860697157,IB24G10,2024-09-04 17:27:25,,,0,False
200873288,地狱之行:1914-1949,9787508683003,外借,89.0,(英)克肖著;林华译,中信出版社,2019-01-01,北京,588,K505,455798107287621,IB23G11,2024-09-04 17:29:17,2025-02-17 17:07:02,165 days 23:37:45,0,True
200916492,生物学之书,9787568900478,外借,88.0,(美)杰拉尔德著;傅临春译,重庆大学出版社,2017-01-01,重庆,264,Q-49,584699864387653,IB24G10,2024-09-04 17:31:14,2024-11-12 10:26:20,68 days 16:55:06,1,True
201053233,第一哲学沉思录,9787532788446,外借,78.0,（法）笛卡尔著,上海译文出版社有限公司,2022-01-01,上海,174,B565.21,455798107287621,IB23G11,2024-09-04 17:31:45,2025-02-17 17:07:02,165 days 23:35:17,0,True
200895200,德国简史,9787544286107,外借,35.0,（美）帕米利著,南海出版公司,2018-01-01,海口,196,K516.09,455798107287621,IB23G11,2024-09-04 17:31:45,2025-02-17 17:07:02,165 days 23:35:17,0,True
201034040,钢铁帝国 : 普鲁士的兴衰,9787508679778,外借,88.0,"(英)克里斯托弗·克拉克 (Clark, Christopher 1960~) 著", 中信出版集团股份有限公司,2018-01-01,北京 ,674,K516.3,455798107287621,IB23G11,2024-09-04 17:31:45,2025-02-17 17:07:02,165 days 23:35:17,0,True
201018923,说谎心理学,9787550249141,外借,49.0,（德）艾尔哈特著,北京联合出版公司,2015-01-01,北京,218,C912.69,584699864387653,IB24G10,2024-09-04 17:31:52,2024-09-10 11:52:38,5 days 18:20:46,0,True
201311829,Life is Elsewhere,9780571197774,外借,35.0,"Kundera, Milan",Faber and Faber,2000-11-04,英国,,891.86,584699859591237,IB24G10,2024-09-04 17:47:40,2024-09-06 11:47:57,1 days 18:00:17,0,True
200989243,牛奶可乐经济学 2,9787550292512,外借,49.9,(美)罗伯特·弗兰克(Robert H. Frank)著 ,北京联合出版公司,2017-01-01,北京,248,F0-49,455798066937925,IB23G11,2024-09-04 17:51:39,2024-11-07 17:44:20,63 days 23:52:41,1,True
201020493,塑料的世界,9787030609915,外借,58.0,魏昕宇著,科学出版社,2019-01-01,北京,10265,TB324-49,584699865874501,IB24G10,2024-09-04 17:58:41,2025-04-10 11:07:14,217 days 17:08:33,0,True
200876524,巨人的陨落II,9787539989891,外借,43.0,(英)福莱特著;于大卫译,江苏凤凰文艺出版社,2016-01-01,南京,372,I561.45,584699857674309,IB24G10,2024-09-05 07:34:38,2024-10-11 10:37:17,36 days 03:02:39,1,True
201046395,街头哲学,9787213108990,外借,68.0,芬特著,浙江人民出版社,2023-01-01,杭州,334,B0,584699865874501,IB24G10,2024-09-05 07:51:59,,,0,False
200836257,三幕悲剧,9787513332538,外借,39.0,（英）克里斯蒂著,新星出版社,2018-01-01,,236,I561.45,584699875364933,IB24G10,2024-09-05 09:33:54,2024-09-19 16:29:40,14 days 06:55:46,0,True
201033988,读脑术 ,9787521715170,外借,58.0,"(美)拉塞尔·A.波德拉克(Poldrack, Russell A. 1967~) 著", 中信出版集团股份有限公司,2020-01-01,北京 ,242,R445.2,584699842728005,IB24G10,2024-09-05 09:53:58,2024-09-24 17:47:26,19 days 07:53:28,0,True
200877658,赎罪,9787532779765,外借,49.0,(英)麦克尤恩著;郭国良译,上海译文出版社,2018-01-01,上海,333,I561.45,584699841843269,IB24G10,2024-09-05 09:54:26,2024-09-10 07:17:43,4 days 21:23:17,0,True
200806262,错乱,9787536096806,外借,52.0,莫亚著,花城出版社,2022-01-01,广州,161,I744.45,584699853803589,IB24G10,2024-09-05 10:13:32,2024-09-05 11:05:48,0 days 00:52:16,0,True
200857260,局外人,9787532761760,外借,32.0,（法）加缪著,上海译文出版社,2013-01-01,上海,25128,I565.45,584699836194885,IB24G10,2024-09-05 10:36:07,2024-09-05 12:17:41,0 days 01:41:34,0,True
200653319,"Thinking, fast and slow",9780141033570,外借,55.0,"Kahneman, Daniel, 1934-; Kahneman, Daniel, 1934-",Penguin UK,2012-01-01,UK,499,153.42,584699881295941,IB24G10,2024-09-05 11:01:37,,,0,False
200694301,Wordsworth: Jane Eyre,9781853260209,外借,13.0,Bronte,Wordsworth,1992-05-05,英国,,823.8,584699881295941,IB24G10,2024-09-05 11:01:37,2025-06-03 20:16:45,271 days 09:15:08,0,True
200927328,雨,9787220105135,外借,38.0,（马来）黄锦树著,四川人民出版社,2018-01-01,成都,270,I338.45,584699853803589,IB24G10,2024-09-05 11:10:53,2024-11-01 10:15:31,56 days 23:04:38,1,True
200847361,流俗地 ,9787530221280,外借,55.0,(马来)黎紫书 (女， 1971~) 著, 北京十月文艺出版社,2021-01-01,北京 ,29476,I338.45,584699853803589,IB24G10,2024-09-05 11:11:00,2024-11-01 10:15:24,56 days 23:04:24,1,True
200863075,美国监狱 ,9787569936988,外借,58.0,"(美)鲍尔 (Bauer, Shane) 著", 北京时代华文书局,2020-01-01,北京 ,255,D971.267,584699856826437,IB24G10,2024-09-05 11:11:02,2024-09-24 12:19:51,19 days 01:08:49,1,True
200850864,洞穴奇案,9787108039873,外借,23.0,（美）萨伯著,生活·读书·新知三联书店,2012-01-01,北京,157,D971.2,584699856826437,IB24G10,2024-09-05 11:11:11,2024-11-19 16:54:22,75 days 05:43:11,1,True
200885051,时代的精神状况,9787532761371,外借,48.0,"德 雅斯贝尔斯 Jaspers, Karl 1883-1969)(著)",上海译文出版社,2013-01-01,上海,249,B516.53,584699858317381,IB24G10,2024-09-05 11:11:14,2024-10-10 09:56:14,34 days 22:45:00,0,True
200994273,相对论究竟是什么,9787513340229,外借,49.0,万维钢,新星出版社,2020-01-01,北京,226,O412.1-49,584699862667333,IB24G10,2024-09-05 11:13:15,2024-09-12 09:38:06,6 days 22:24:51,0,True
200881251,神祇与英雄.上,9787559835864,外借,49.0,侯继迎著,广西师范大学出版社,2021-01-01,桂林,588,B932.54,584699886792773,IB24G10,2024-09-05 11:15:00,,,0,False
200847389,许三观卖血记,9787530216033,外借,39.5,余华著,北京十月文艺出版社,2017-01-01,北京,286,I247.5,584699885924421,IB24G10,2024-09-05 11:16:43,2024-09-23 14:26:54,18 days 03:10:11,0,True
200802266,思考就是我的抵抗,9787521745986,外借,49.0,（英）吴尔夫著,中信出版集团股份有限公司,2022-01-01,北京,248,I561.65,584699853803589,IB24G10,2024-09-05 11:17:33,2024-11-01 10:15:28,56 days 22:57:55,1,True
200987218,红与黑,9787201108186,外借,42.0,(法)司汤达著;罗新璋译,天津人民出版社,2016-01-01,天津,471,I565.44,584699858526277,IB24G10,2024-09-05 11:25:41,2024-11-04 10:49:24,59 days 23:23:43,1,True
200405043,Biology Option A: Neurobiology and Behaviour SL&HL,9781910689066,外借,122.0,Ashby Merson-Dabies,OSC,2015-01-01,UK,49,IB-4-BI-2,584699884150853,IB24G10,2024-09-05 11:35:55,2024-10-23 11:52:27,48 days 00:16:32,1,True
200945870,秘密,9787544258210,外借,45.0,(日)东野圭吾,南海出版公司,2017-01-01,海口,330,I313.45,584699848413253,IB24G10,2024-09-05 11:40:20,2024-09-11 07:14:48,5 days 19:34:28,0,True
200858214,小妇人,9787532757008,外借,48.0,(美)奥尔科特著,上海译文出版社,2012-01-01,上海,535,I712.44,584699857883205,IB24G10,2024-09-05 11:40:40,2024-10-10 09:56:30,34 days 22:15:50,0,True
201324156,The hobbit,9780261102217,外借,55.0,"Tolkien, J. R. R.,","HarperCollinsPunlishers,",2006-01-01,London,389,823.912,584699877314629,IB24G10,2024-09-05 11:43:24,2025-01-10 12:52:21,127 days 01:08:57,0,True
200699084,Statistics for The Behavioral Sciences,9781305504912,外借,407.0,Frederick Gravetter； Larry Wallnau,Cengage,2016-01-01,美国,,519.5,584699875594309,IB24G10,2024-09-05 11:44:04,2024-10-18 09:06:27,42 days 21:22:23,0,True
201325672,The Call of the Wild,9780141321059,外借,55.0,Jack London,Penguin Group,1903-01-01,England,133,813.52,584699857035333,IB24G10,2024-09-05 11:45:24,2025-01-10 09:59:53,126 days 22:14:29,0,True
201323969,The psychology book,9781405391245,外借,116.0,"Collin, Catherine (Clinical psychologist)",DK,2012-01-01,London,352,150,584699889389637,IB24G10,2024-09-05 11:48:34,,,0,False
200944602,霸王别姬,9787513311762,外借,59.0,李碧华著,新星出版社,2013-01-01,北京,235,I247.5,584699858100293,IB24G10,2024-09-05 12:23:10,2024-10-12 12:11:14,36 days 23:48:04,0,True
200862584,送你一匹马,9787530214763,外借,32.0,三毛,北京十月文艺出版社,2017-01-01,北京,242,I217.2,584699858100293,IB24G10,2024-09-05 12:23:50,2024-10-12 12:11:33,36 days 23:47:43,0,True
201308012,The School of Life: How to Spend Time Alone,9780230768086,外借,29.0,"Maitland, Sara",Macmillan UK,2014-01-02,英国,,155.92,584699869802565,IB24G10,2024-09-05 12:29:59,2025-01-10 09:53:51,126 days 21:23:52,0,True
200942659,人生最美是清欢,9787530215401,外借,49.5,林清玄著,北京十月文艺出版社,2016-01-01,北京,249,I267,584699864600645,IB24G10,2024-09-05 12:31:04,2024-10-15 12:20:42,39 days 23:49:38,0,True
201018969,人生看得几清明,9787550289703,外借,39.5,林清玄著,北京联合出版公司,2016-01-01,北京,208,I267,584699864600645,IB24G10,2024-09-05 12:31:14,2024-10-14 15:57:46,39 days 03:26:32,0,True
200900971,特朗普自传:从商人到参选总统,9787515342634,外借,59.9,"(美)唐纳德·特朗普,(美)托尼·施瓦茨著;尹",中国青年出版社,2016-01-01,北京,245,K837.12,584699870675013,IB24G10,2024-09-05 12:31:20,2025-01-10 09:53:50,126 days 21:22:30,0,True
200928586,我是怎样设计赛车的,9787505755116,外借,120.0,（英）纽维著,中国友谊出版公司,2022-01-01,北京,338,K835.61,584699870675013,IB24G10,2024-09-05 12:31:34,,,0,False
200686622,The Highly Sensitive Person,9780553062182,外借,70.0,Elaine N. Aron,Harmony Books,1997-06-02,美国,,155.23,584699869802565,IB24G10,2024-09-05 12:31:34,2025-01-10 09:53:40,126 days 21:22:06,0,True
200990400,牛奶可乐经济学3,9787550297715,外借,49.9,(美)罗伯特·弗兰克 著,北京联合出版公司,2017-01-01,北京,226,F0-49,584699870675013,IB24G10,2024-09-05 12:31:46,2025-01-10 09:54:01,126 days 21:22:15,0,True
200985675,海德格尔的最后之神,9787100213011,外借,98.0,张静宜著,商务印书馆,2023-01-01,北京,304,B089,584699851386949,IB24G10,2024-09-05 16:03:18,2024-10-11 11:42:52,35 days 19:39:34,0,True
200907019,微积分和数学分析引论. 第一卷. 第二分册,9787030084699,外借,99.0,"(美)R. 柯朗 (Courant, Richard 1888~1972) 著",科学出版社,2001-01-01,北京,365,O17,584699849691205,IB24G10,2024-09-05 16:35:10,2024-12-31 08:05:17,116 days 15:30:07,0,True
200822805,郁金香热,9787509758885,外借,49.0,(英)达什著;冯璇译,社会科学文献出版社,2015-01-01,北京,328,K563.09,584699841843269,IB24G10,2024-09-06 07:17:08,2024-10-08 06:18:04,31 days 23:00:56,0,True
200908599,健身营养全书: 关于力量与肌肉的营养策略,9787530493885,外借,98.0,"勒费尔霍尔茨 , 克里斯蒂安·冯",北京科学技术出版社,2018-01-01,北京,341,G804.32,584699866955845,IB24G10,2024-09-06 10:01:14,2024-09-24 16:37:29,18 days 06:36:15,0,True
201053340,云边有个小卖部,9787540487645,外借,42.0,张嘉佳著,湖南文艺出版社,2018-01-01,长沙,306,I247.5,584699858948165,IB24G10,2024-09-06 11:20:47,2024-09-29 16:52:07,23 days 05:31:20,0,True
201049579,从你的全世界路过,9787540491949,外借,45.0,张嘉佳著,湖南文艺出版社,,,,I247.7,584699858948165,IB24G10,2024-09-06 11:20:55,2024-12-23 15:11:58,108 days 03:51:03,0,True
200847691,消失的真实,9787521735611,外借,88.0,金观涛著,中信出版集团股份有限公司,2022-01-01,北京,49352,N02,584699851178053,IB24G10,2024-09-06 11:34:08,2024-10-15 11:55:03,39 days 00:20:55,0,True
200876515,巨人的陨落I,9787539989891,外借,43.8,(英)福莱特著;于大卫译,江苏凤凰文艺出版社,2016-01-01,南京,372,I561.45,584699837075525,IB24G10,2024-09-06 11:45:03,2024-09-06 13:24:04,0 days 01:39:01,0,True
200987227,红与黑,9787201108186,外借,42.0,(法)司汤达著;罗新璋译,天津人民出版社,2016-01-01,天津,471,I565.44,584699885924421,IB24G10,2024-09-06 11:49:50,2024-11-11 09:39:53,65 days 21:50:03,1,True
200922797,鱼没有脚,9787541160912,外借,49.8,（冰）斯特凡松著,四川文艺出版社,2021-01-01,成都,335,I535.45,584699885707333,IB24G10,2024-09-06 11:50:28,2024-11-11 17:32:17,66 days 05:41:49,1,True
200916063,霍比特人:精装插图本,9787208111103,外借,78.0,(英)托尔金著　(英)李图　吴刚译,上海人民出版社,2013-01-01,上海,411,I561.45,584699885707333,IB24G10,2024-09-06 11:50:51,2024-11-07 16:23:46,62 days 04:32:55,1,True
200880065,教堂尖塔,9787532788125,外借,68.0,（英）戈尔丁著,上海译文出版社有限公司,2021-01-01,上海,199,I561.45,584699864600645,IB24G10,2024-09-06 11:53:41,2024-10-15 12:20:42,39 days 00:27:01,0,True
201025489,荷马史诗·奥德赛,9787020102792,外借,37.0,(古希腊)荷马著,人民文学出版社,2017-01-01,北京,493,I545.22,584699885924421,IB24G10,2024-09-06 11:54:30,2024-09-23 14:26:41,17 days 02:32:11,0,True
200823430,树上的男爵,9787544722803,外借,45.0,(意)卡尔维诺著,译林出版社,2017-01-01,南京,278,I546.45,584699859591237,IB24G10,2024-09-06 11:54:33,2024-09-06 15:08:37,0 days 03:14:04,0,True
200803791,给青年人的哲学十二讲,9787556129133,外借,49.0,（德）雅斯贝尔斯著,湖南人民出版社,2022-01-01,长沙,199,B-49,584699862896709,IB24G10,2024-09-06 11:56:00,2024-11-06 15:29:36,61 days 03:33:36,0,True
200849966,夜晚的潜水艇 ,9787542669964,外借,52.0,陈春成 (1990~) 著, 上海三联书店,2020-01-01,上海 ,219,I247.7,584699837075525,IB24G10,2024-09-06 12:01:11,2024-10-14 07:15:43,37 days 19:14:32,0,True
201001502,水与梦,9787100167765,外借,39.0,巴什拉著,商务印书馆,2019-01-01,北京,244,B565.59,584699852910661,IB24G10,2024-09-06 12:20:41,2024-11-25 12:06:25,79 days 23:45:44,1,True
201034219,那个特别的疯子,9787559622822,外借,48.0,(美)布雷迪著;赵说说译,北京联合出版公司,2018-01-01,北京,359,B84-49,584699853152325,IB24G10,2024-09-06 12:30:07,2025-01-02 17:30:19,118 days 05:00:12,1,True
200806654,建筑课,9787559664976,外借,21.0,林徽因著,北京联合出版公司,2022-01-01,北京,144,TU-0,584699853152325,IB24G10,2024-09-06 12:30:12,2024-10-21 16:21:38,45 days 03:51:26,1,True
200871208,北方以北 ,9787559633118,外借,108.0,"(英)巴勒克拉夫 (Barraclough, Eleanor Rosamund) 著", 北京联合出版公司,2019-01-01,北京 ,20376,K530.9,584699853369413,IB24G10,2024-09-06 12:38:42,2024-10-15 09:34:15,38 days 20:55:33,0,True
201002271,冰火传奇,9787515314099,外借,26.0,孙琇著,中国青年出版社,2013-01-01,北京,173,K530.6,584699853369413,IB24G10,2024-09-06 12:38:52,2024-10-15 09:32:05,38 days 20:53:13,0,True
200990776,维京传奇,9787514619065,外借,70.0,（英）美登编著,中国画报出版社,2020-01-01,北京,256,K530.9,584699853369413,IB24G10,2024-09-06 12:39:02,2024-10-15 09:31:48,38 days 20:52:46,0,True
200698584,The Meritocracy Trap,9780141984742,外借,58.0,Daniel Markovits,penguin uk,2020-08-06,英国,,305.55,455798097236037,IB23G11,2024-09-06 12:41:48,,,0,False
201319518,Outliers : the story of success,9780141036250,外借,82.5,"Gladwell, Malcolm, 1963-",Penguin,,UK,309,302,455798097236037,IB23G11,2024-09-06 12:41:53,,,0,False
200695961,The Adventure of the Blue Carbuncle,9780241597002,外借,47.0,Arthur Conan Doyle,Penguin UK,2022-11-03,英国,,808.8,584699858100293,IB24G10,2024-09-06 12:43:28,2024-10-12 12:11:14,35 days 23:27:46,0,True
201323308,The Count of Monte Cristo,9781509827978,外借,51.0,"Dumas, Alexandre, 1802-1870; Maquet, Auguste, 1813-1888; Fiorentino, Pier Angelo, 1811-1864",Macmillan Collectors Library,2017-01-01,UK,695,843.7,584699858100293,IB24G10,2024-09-06 12:43:51,2024-10-12 12:11:14,35 days 23:27:23,0,True
201001753,周易教程,9787100187084,外借,98.0,周山著,商务印书馆,2020-01-01,北京,14508,B221.5,455798101348421,IB23G11,2024-09-06 13:20:59,,,0,False
200896370,周易家居环境调理,9787802143975,外借,49.0,李计忠,团结出版社,2010-01-01,北京,327,B221.5,455798101348421,IB23G11,2024-09-06 13:21:09,,,0,False
200930724,周易简释 ,9787559652669,外借,98.0,余秋雨(1946~) 著, 北京联合出版公司,2021-01-01,北京 ,24740,B221.5,455798101348421,IB23G11,2024-09-06 13:21:22,,,0,False
200836710,ABC谋杀案,9787513341790,外借,42.0,"(英)阿加莎·克里斯蒂 (Christie, Agatha 1890~1976) 著",新星出版社,2020-01-01,北京,235,I561.45,584699876016197,IB24G10,2024-09-06 13:25:43,2024-09-30 08:47:47,23 days 19:22:04,0,True
201309244,To the Lighthouse (PMC) Virginia Woolf,9780141183411,外借,29.0,Virginia Woolf,Penguin UK,2000-10-26,英国,,823.91,584699840983109,IB24G10,2024-09-06 13:27:54,,,0,False
201020983,我弥留之际,9787020128075,外借,42.0,（美）福克纳著,人民文学出版社,2021-01-01,北京,11221,I712.45,584699864600645,IB24G10,2024-09-06 13:59:52,2024-10-14 14:29:52,38 days 00:30:00,0,True
200806869,孤独是迷人的,9787572225789,外借,42.0,（美）狄金森著,浙江教育出版社,2021-01-01,杭州,47372,I712.25,584699864600645,IB24G10,2024-09-06 14:00:10,2024-09-06 14:06:18,0 days 00:06:08,0,True
200877881,罗生门,9787532751495,外借,40.0,(日)芥川龙之介著;林少华译,上海译文出版社,2010-01-01,上海,249,I313.45,584699859591237,IB24G10,2024-09-06 15:17:47,2024-09-09 07:15:01,2 days 15:57:14,0,True
200803933,始于极限 : 女性主义往复书简,9787513349369,外借,59.0,(日)上野千鹤子 (1948~) 著,新星出版社,2022-01-01,北京,295,C913.68-49,450611283214405,IB22G12,2024-09-09 07:47:20,2024-10-18 12:39:50,39 days 04:52:30,0,True
200829755,文学理论入门,9787544729666,外借,39.0,(美)卡勒著;李平译,译林出版社,2013-01-01,南京,143,I0,584699859591237,IB24G10,2024-09-09 11:08:39,2024-09-13 16:23:16,4 days 05:14:37,0,True
201025835,现代科学简史：从蒸汽机到??求偶,9787121350214,外借,89.0,"(英)大卫·奈特 (Knight, David) 著", 电子工业出版社,2018-01-01,北京 ,10392,N091-49,450611326623813,IB22G12,2024-09-09 11:18:23,2024-09-25 11:47:16,16 days 00:28:53,0,True
201011804,文学理论入门,9787544729666,外借,39.0,(美)卡勒著;李平译,译林出版社,2013-01-01,南京,143,I0,584699857035333,IB24G10,2024-09-09 11:28:20,2024-10-16 11:43:09,37 days 00:14:49,0,True
200858330,江城 ,9787532756728,外借,45.0,"(美)彼得·海斯勒 (Hessler, Peter) 著", 上海译文出版社,2012-01-01,上海 ,446,I712.65,584699857461317,IB24G10,2024-09-09 11:28:44,2024-10-31 07:57:22,51 days 20:28:38,1,True
201323898,The literature book,9780241015469,外借,116.0,"Atkinson, Sam",DK,2016-01-01,London,352,809,584699885277253,IB24G10,2024-09-09 11:56:09,2024-09-20 11:59:08,11 days 00:02:59,0,True
200687159,Twilight ,9781907410482,外借,75.0,"Meyer, Stephenie,","Atom,",2010-01-01,London,434,813.6,584699841417285,IB24G10,2024-09-09 12:13:00,2024-09-29 12:10:14,19 days 23:57:14,0,True
201303320,Treasure Island,9781847494863,外借,32.0,"Stevenson, Robert Louis",Alma Books,2016-12-01,英国,,823.8,584699842498629,IB24G10,2024-09-09 12:20:06,2024-09-27 12:20:11,18 days 00:00:05,0,True
201049891,万物归一,9787559823168,外借,45.0,（美）狄勒德著,广西师范大学出版社,2022-01-01,桂林,110,I712.65,584699852910661,IB24G10,2024-09-09 12:21:06,2024-09-12 17:24:42,3 days 05:03:36,1,True
200880537,华氏451,9787532790036,外借,58.0,"(美)雷·布雷德伯里 (Bradbury, Ray 1920~2012) 著",上海译文出版社,2022-01-01,上海,224,I712.45,584699853152325,IB24G10,2024-09-09 12:24:11,2024-10-21 16:21:37,42 days 03:57:26,1,True
200895059,云彩收集者手册 ,9787544771344,外借,45.0,"(美)普雷托尔－平尼 (Pretor-Pinney, Gavin) 著", 译林出版社,2018-01-01,南京 ,111,P426.5,584699853803589,IB24G10,2024-09-09 12:25:38,2024-11-01 10:15:18,52 days 21:49:40,1,True
200856332,语言学,9787108069474,外借,38.0,"(英)R. L. 特拉斯克 (Trask, R.L.) 文",生活·读书·新知三联书店,2020-01-01,北京,177,H0,584699864387653,IB24G10,2024-09-09 12:32:24,2024-10-29 11:51:50,49 days 23:19:26,0,True
200668330,DP认识论课程学习指导,9789620447891,外借,235.0,李康华等著,香港三聯書店,2021-01-01,香港,275,IB-7-TOK-1,450611294367813,IB22G12,2024-09-09 12:39:15,2024-09-25 11:42:45,15 days 23:03:30,0,True
Z0064561,Physics-Giancoli,9780130606204,外借,695.0,Douglas C.Giancoli,Pearson,2005-01-01,,946,IB-4-PH-5,584699848196165,IB24G10,2024-09-09 16:26:07,,,0,False
200991267,人人都该懂的工程学,9787213096471,外借,59.9,(英)娜塔莎·麦卡锡(Natasha McCarthy)著 ,浙江人民出版社,2020-01-01,杭州,191,TB-49,584699881758789,IB24G10,2024-09-09 16:26:49,2024-11-25 11:21:40,76 days 18:54:51,0,True
200866651,乡土中国,9787201183497,外借,45.0,费孝通著,天津人民出版社,2022-01-01,天津,161,C912.82,584699860484165,IB24G10,2024-09-09 16:29:16,2024-09-19 08:39:13,9 days 16:09:57,0,True
201601169,普通化学原理,9787301225578,外借,68.0,华彤文,北京大学出版社 ,2013-01-01,北京 ,492,O6,584699884150853,IB24G10,2024-09-10 09:40:51,2024-10-23 11:52:26,43 days 02:11:35,1,True
200854520,鼠疫,9787532752508,外借,28.0,(法)加缪著,上海译文出版社,2011-01-01,上海,233,I565.45,584699887661125,IB24G10,2024-09-10 10:31:36,2024-10-11 17:37:56,31 days 07:06:20,0,True
200889878,东方快车谋杀案,9787513335270,外借,49.0,(英)克里斯蒂,新星出版社,2019-01-01,北京,279,I561.45,455798036811845,IB23G11,2024-09-10 11:21:10,2024-09-23 11:54:47,13 days 00:33:37,0,True
200659144,"Tuesdays with Morrie : an old man, a young man, and life's greatest lesson",9780385496490,外借,60.0,"Albom, Mitch",Random House,1997-01-01,New York,192,378.12,584699887005765,IB24G10,2024-09-10 12:13:40,2024-10-09 17:56:58,29 days 05:43:18,0,True
200869337,漫长的余生 : 一个北魏宫女和她的时代,9787547743126,外借,65.0,罗新 (1963~) 著,北京日报出版社,2022-01-01,北京,322,K239.210.7,584699853803589,IB24G10,2024-09-10 12:24:55,2024-11-01 10:15:34,51 days 21:50:39,1,True
200935961,共情的力量 ,9787514513011,外借,49.8,"(美)乔拉米卡利 (Ciaramicoli, Arthur P.) 著", 中国致公出版社,2019-01-01,北京 ,283,B84-49,584699855319109,IB24G10,2024-09-10 12:32:54,2024-10-11 07:51:08,30 days 19:18:14,0,True
200036638,文学阅读指南,9787564917876,外借,32.0,(英)特里·伊格尔顿著;范浩译,河南大学出版社,2015-01-01,开封,253,I106.62,584699857035333,IB24G10,2024-09-10 12:34:45,2024-10-16 11:43:09,35 days 23:08:24,0,True
200402661,Physics for Scientists and Engineers with Modern Physics Pearson New International Edition,9781292020761,外借,1059.0,"Giancoli, Douglas C.",Pearson Education Limited,2013-07-29,,1440,IB-4-PH-5,584699890253893,IB24G10,2024-09-10 12:36:56,2025-03-13 16:47:41,184 days 04:10:45,0,True
200184656,中国古典名著百部·传世方术卷：阴符经 握奇经 皇帝宅经 龟策列传 灵棋经 诸葛神薮 推背图 奇门遁甲 梅花易,9787512006881,外借,198.0,马松源编,线装书局,2012-01-01,北京,442,Z121.7,455798101348421,IB23G11,2024-09-10 14:24:05,,,0,False
201310759,Where the crawdads sing,9781472154668,外借,75.0,"Owens, Delia",Corsair,2018-01-01,UK,370,813.6,455798098456645,IB23G11,2024-09-10 14:42:28,2025-02-18 14:50:44,161 days 00:08:16,0,True
200691876,Dopamine Nation: Finding Balance in the Age of Indulgence,9781524746728,外借,105.0,Anna Lembke,Dutton Books,2021-08-24,美国,,152.42,455798098456645,IB23G11,2024-09-10 14:50:34,2025-02-18 14:48:00,160 days 23:57:26,0,True
200923153,惜别,9787559457493,外借,52.0,(日)太宰治著,江苏凤凰文艺出版社,2021-01-01,南京,242,I313.45,455798058176581,IB23G11,2024-09-10 16:34:19,,,1,False
200877729,青之炎,9787532785872,外借,55.0,(日)贵志祐介著　丁丁虫译,上海译文出版社,2021-01-01,上海,350,I313.45,455798058176581,IB23G11,2024-09-10 16:34:59,,,1,False
200992676,山音,9787544265027,外借,49.0,(日)川端康成 (1899~1972) 著,南海出版公司,2013-01-01,海口,259,I313.45,455798058176581,IB23G11,2024-09-10 16:34:59,,,1,False
200935621,拍电影时我在想的事 ,9787544294041,外借,88.0,(日)是枝裕和 (1962~) 著, 南海出版公司,2018-01-01,海口 ,354,I313.65,455798058176581,IB23G11,2024-09-10 16:34:59,,,1,False
200959445,青梅竹马,9787547055304,外借,39.0,(日) 樋口一叶著,万卷出版公司 ,2021-01-01,沈阳,260,I313.44,455798058176581,IB23G11,2024-09-10 16:35:12,,,1,False
200964108,脑髓地狱,9787547057827,外借,78.0,(日) 梦野久作著, 万卷出版公司 ,2022-01-01,沈阳,379,I313.45,455798058176581,IB23G11,2024-09-10 16:35:17,,,1,False
200693767,Surrounded by Idiots: The Four Types of Human Behavior and How to Effectively Communicate with Each in Business (and in Life),9781250255174,外借,51.0,Thomas Erikson,St.Martins Press,2019-07-30,美国,,302.2,584699859591237,IB24G10,2024-09-10 16:43:21,2024-09-12 12:07:22,1 days 19:24:01,0,True
200759946,普林斯顿微积分读本,9787115435590,外借,99.0,"(美)班纳 (Banner, Adrian ) 著",人民邮电出版社,2016-01-01,北京,648,O172,584699860697157,IB24G10,2024-09-10 16:44:10,,,0,False
200963243,莎士比亚悲剧喜剧全集·悲剧Ⅱ,9787533947576,外借,59.8,(英)莎士比亚著,浙江文艺出版社,2017-01-01,杭州,11551,I561.33,584699842961477,IB24G10,2024-09-10 16:50:28,2024-10-08 16:45:24,27 days 23:54:56,0,True
200933589,拒绝平庸：25个引领市场的营销法则,9787505755987,外借,128.0,（德）谢勒著,中国友谊出版公司 ,2023-01-01,北京,372,F713.50,584699872460869,IB24G10,2024-09-10 17:24:16,2025-01-10 11:05:43,121 days 17:41:27,0,True
200865929,摩根财团,9787549620616,外借,198.0,（美）彻诺著,文汇出版社,2017-01-01,上海,30837,F837.12,584699888091205,IB24G10,2024-09-10 17:27:30,2024-11-11 09:43:08,61 days 16:15:38,1,True
200689772,The little world of Liz Climo,9780762452385,外借,31.0,"Climo, Liz",Running Press,,,,741.569,584699846897733,IB24G10,2024-09-10 17:36:07,,,0,False
201034718,你的第一本哲学书,9787508666792,外借,38.0,(美)内格尔著;宝树译,中信出版社,2016-01-01,北京,108,B-49,584699881295941,IB24G10,2024-09-10 17:46:31,,,0,False
200959427,改变心理学的4项研究:第7版,9787115472342,外借,48.0,(美)霍克著　白学军译,人民邮电出版社,2018-01-01,北京,424,B84,450611298566213,IB22G12,2024-09-11 08:47:41,2025-01-10 11:56:31,121 days 03:08:50,0,True
201011868,科学哲学,9787544732765,外借,39.0,"(英)奥卡沙著,韩广忠译",译林出版社,2015-01-01,南京,139,N02,450611298566213,IB22G12,2024-09-11 08:55:02,2025-01-10 11:56:28,121 days 03:01:26,0,True
200940820,惊艳一击：数理史上的绝妙证明,9787521311532,外借,69.0,曹则贤 (1966~) 著, 外语教学与研究出版社,2019-01-01,北京 ,277,O-091,450611298566213,IB22G12,2024-09-11 08:55:09,2025-01-10 11:56:32,121 days 03:01:23,0,True
200881108,历史的意外,9787569932478,外借,59.8,(法)让-克里斯托弗·布松著,北京时代华文书局,2020-01-01,北京,262,K105,450611298566213,IB22G12,2024-09-11 08:56:27,2025-01-10 11:56:32,121 days 03:00:05,0,True
200178690,天蓝色的彼岸,9787801871527,外借,19.8,(英)希尔著;张雪松译,新世界出版社,2014-01-01,北京,260,I561.85,584699885924421,IB24G10,2024-09-11 11:49:13,2024-11-13 17:35:41,63 days 05:46:28,1,True
200698307,Range: Why Generalists Triumph in a Specialized World,9780593084496,外借,68.0,David Epstein,Riverhead Books,2019-05-28,美国,,153.9,450611282698309,IB22G12,2024-09-11 12:01:06,2024-09-29 15:29:47,18 days 03:28:41,0,True
200970832,国富论,9787519015084,外借,34.0,(英)斯密著;陈虹译,中国文联出版公司,2016-01-01,北京,658,F091.33,584699890253893,IB24G10,2024-09-11 12:06:23,2024-12-27 14:43:35,107 days 02:37:12,0,True
200886103,这才是最好读的数学史 ,9787569929713,外借,68.0,"(美)伯林霍夫 (Berlinghoff, William P.) 著", 北京时代华文书局,2019-01-01,北京 ,344,O11-49,450611294367813,IB22G12,2024-09-11 12:18:29,2024-09-13 11:17:16,1 days 22:58:47,0,True
200864902,数学简史,9787508679464,外借,58.0,蔡天新著,中信出版社,2017-01-01,北京,322,O11-49,450611294367813,IB22G12,2024-09-11 12:18:37,2024-09-25 11:42:45,13 days 23:24:08,0,True
201049784,数学的语言 : 化无形为可见,9787559828804,外借,56.0,"(美)齐斯·德福林 (Devlin, Keith J. 1947~) 著",广西师范大学出版社,2020-01-01,桂林,370,O1-49,450611294367813,IB22G12,2024-09-11 12:18:58,2024-09-25 11:43:05,13 days 23:24:07,0,True
201033586,24个比利,9787508691664,外借,48.0,(美)凯斯著,中信出版集团股份有限公司,2018-01-01,北京,432,I712.45,584699836416069,IB24G10,2024-09-11 12:19:36,,,0,False
200893792,现代艺术,9787534480775,外借,88.0,(美)夏皮罗, 江苏凤凰美术出版社,2015-01-01,南京 ,359,J0,450611294367813,IB22G12,2024-09-11 12:31:56,2024-09-25 11:43:01,13 days 23:11:05,0,True
200861022,艺术史的艺术,9787208132139,外借,89.0,(美)普雷齐奥西著,上海人民出版社,2016-01-01,上海,572,J110.9-53,450611294367813,IB22G12,2024-09-11 12:32:03,2024-09-25 11:43:12,13 days 23:11:09,0,True
201010208,艺术史导论 ,9787301321898,外借,105.0,【德】汉斯·贝尔廷, 北京大学出版社,2021-01-01,北京 ,404,J110.9,450611294367813,IB22G12,2024-09-11 12:36:55,2024-09-25 11:43:18,13 days 23:06:23,0,True
201310508,Vanity fair,9780008324209,外借,32.0,"Thackeray, William Makepeace, 1811-1863; Dames, Nicholas, 1970-; Stewart, J. I. M. 1906-1994; Ridley, M. R. 1890-1969",Harper Collins UK,2018-01-01,UK,918,823.8,455798100992069,IB23G11,2024-09-11 12:42:46,2024-09-12 12:08:13,0 days 23:25:27,0,True
200833802,最伟大的骑士,9787513929172,外借,92.0,（英）阿斯布里奇著,民主与建设出版社有限责任公司,2020-01-01,北京,423,K835.617,584699851386949,IB24G10,2024-09-11 17:22:46,2024-09-14 12:17:42,2 days 18:54:56,0,True
201300635,Great Expectations,9781847493811,外借,32.0,"Dickens, Charles",ALMA BOOKS,2014-10-15,英国,,823.8,455798100992069,IB23G11,2024-09-11 17:41:49,2024-10-14 16:54:14,32 days 23:12:25,0,True
201311838,Alma Classics: Sense and Sensibility,9781847494849,外借,23.0,Austen Jane,Alma Books,2015-07-15,英国,,823.7,455798100992069,IB23G11,2024-09-11 17:41:55,2024-10-14 16:54:26,32 days 23:12:31,0,True
200698496,Signet Classics: Jane Eyre,9780451530912,外借,13.0,Charlotte Bronte,Signet,2008-04-01,美国,,823.8,455798100992069,IB23G11,2024-09-11 17:42:11,2024-10-14 16:54:23,32 days 23:12:12,0,True
200699903,Sherlock Holmes: Vol 1,9780553212419,外借,27.5,Sir Arthur Conan Doyle,Bantam Classics,1986-11-01,美国,1059,823.8,584699862667333,IB24G10,2024-09-12 10:02:29,2024-10-16 17:39:54,34 days 07:37:25,0,True
200919444,阁楼上的疯女人 :女性作家与19世纪文学想象.上,9787208125537,外借,64.0,"(美)吉尔伯特 (女，Gilbert, Sandra M.) 著", 上海人民出版社,2015-01-01,上海 ,1843897,I106,455797991358533,IB23G11,2024-09-12 12:19:45,2024-11-22 07:37:37,70 days 19:17:52,0,True
200878112,快乐的死,9787532168750,外借,39.0,"(法)阿尔贝·加缪 (Camus, Albert 1913~1960) 著",上海文艺出版社,2019-01-01,上海,149,I565.45,455797991358533,IB23G11,2024-09-12 12:19:53,2024-11-22 07:37:36,70 days 19:17:43,0,True
200878489,局外人,9787532751471,外借,22.0,(法)加缪著;柳鸣九译,上海译文出版社,2015-01-01,上海,128,I565.45,455797991358533,IB23G11,2024-09-12 12:19:57,2024-11-18 07:27:32,66 days 19:07:35,0,True
200917400,"大秦帝国·第一部, 黑色裂变. 上卷",9787208152472,外借,18.0,孙皓晖著,上海人民出版社,2019-01-01,上海,398,I247.53,584699884843077,IB24G10,2024-09-12 12:22:23,2024-09-26 12:26:07,14 days 00:03:44,0,True
200975098,原野,9787530217306,外借,36.0,曹禺著,北京十月文艺出版社,2018-01-01,北京,246,I234,450611319373893,IB22G12,2024-09-12 12:43:34,2024-09-19 11:10:14,6 days 22:26:40,0,True
201050138,营销管理,9787521742213,外借,158.0,"科特勒 (Kotler, Philip) (Kotler, Philip)(著);凯勒 (Keller, Kevin Lane) (Keller, Kevin Lane)(著);切尔内夫 (Chernev, Alexander) (Chernev, Alexander)(著)",北京中信出版集团股份有限公司2022,2022-01-01,北京,27666,F713.56,455798031200325,IB23G11,2024-09-12 16:25:20,2024-12-27 14:38:24,105 days 22:13:04,0,True
200975267,遥远的小屋,9787544285582,外借,55.0,（美）贝斯顿著,南海出版公司,2020-01-01,海口,25205,I712.65,584699852910661,IB24G10,2024-09-12 17:19:55,2024-10-17 12:15:31,34 days 18:55:36,0,True
200913690,大问题,9787302498872,外借,98.0,希金斯著;张卜天译,清华大学出版社,2018-01-01,北京,438,B0,584699836416069,IB24G10,2024-09-12 17:21:00,,,0,False
200938441,粒子物理论,9787111543428,外借,89.0,(美)大卫著;王青译,机械工业出版社,2016-01-01,北京,353,O572.2,455798066937925,IB23G11,2024-09-12 17:33:51,2024-09-20 15:51:59,7 days 22:18:08,0,True
200964947,对称与不对称 ,9787521727531,外借,52.0,"(美)李政道 (Lee,Tsung-Dao 1926.11~) 著", 中信出版集团股份有限公司,2021-01-01,北京 ,193,O342,455798066937925,IB23G11,2024-09-12 17:33:51,2024-09-20 15:51:52,7 days 22:18:01,0,True
200939609,人工智能基础实验教程,9787113293208,外借,49.8,潘理虎著,中国铁道出版社有限公司,2022-01-01,北京,305,TP18-33,455797921996869,IB23G11,2024-09-12 17:39:31,2024-11-21 09:26:16,69 days 15:46:45,1,True
201033274,深度学习 ,9787115461476,外借,168.0,"(美)伊恩·古德费洛 (Goodfellow, Ian) 著", 人民邮电出版社,2017-01-01,北京 ,10500,TP181,455797921996869,IB23G11,2024-09-12 17:39:31,2024-11-21 09:20:57,69 days 15:41:26,1,True
200049928,Workbook Mathematics HL,9789881686862,外借,218.0,Tim Lee,Cana Academy Limited,2013-01-01,H.K,149,IB-5-M-1,455797930180677,IB23G11,2024-09-12 17:40:42,,,0,False
200906537,数学珍宝集,9787519295998,外借,59.0,（美）安德烈埃斯库著,世界图书出版有限公司北京分公司,2022-01-01,北京,253,O1-44,455797930180677,IB23G11,2024-09-12 17:40:42,,,0,False
201324094,Game theory : a very short introduction,9780199218462,外借,32.0, Binmore,,,,,519.3,455797930180677,IB23G11,2024-09-12 17:40:42,,,0,False
201011840,文学理论入门,9787544729666,外借,39.0,(美)卡勒著;李平译,译林出版社,2013-01-01,南京,143,I0,584699864387653,IB24G10,2024-09-13 11:14:06,2024-10-09 11:11:00,25 days 23:56:54,0,True
201029396,逆向创新 ,9787540486990,外借,48.0,"(美)摩根 (Morgan, Adam) 著", 湖南文艺出版社,2019-01-01,长沙 ,20337,F272-49,584699883278405,IB24G10,2024-09-13 11:46:51,2024-09-25 17:29:54,12 days 05:43:03,0,True
200899803,茶花女,9787511724717,外借,24.8,(法)小仲马,中央编译出版社,2015-01-01,北京,232,I565.44,584699880865861,IB24G10,2024-09-13 11:50:27,2024-10-18 08:56:01,34 days 21:05:34,0,True
200902853,飘:精装版,9787519005917,外借,26.0,(美)米切尔著;朱攸若译,中国文联出版公司,2015-01-01,北京,238,I11,584699880865861,IB24G10,2024-09-13 11:50:27,2024-09-19 16:00:39,6 days 04:10:12,0,True
200883758,银河系搭车客指南.1,9787532764655,外借,53.6,(英)亚当斯著;姚向辉译,上海译文出版社,2014-01-01,上海,279,I561.45,584699880407109,IB24G10,2024-09-13 11:51:23,2024-10-12 14:32:49,29 days 02:41:26,0,True
200993096,天生有罪 ,9787201162638,外借,68.0,"(南非)诺亚 (Noah, Trevor 1984.2-) 著", 天津人民出版社,2020-01-01,天津 ,294,I478.55,584699880624197,IB24G10,2024-09-13 11:52:47,2024-10-25 09:19:02,41 days 21:26:15,0,True
200836195,无人生还,9787513338288,外借,42.0,（英）克里斯蒂著,新星出版社,2020-01-01,北京,237,I561.45,584699879747653,IB24G10,2024-09-13 11:53:19,,,0,False
201018442,月亮和六便士,9787551134606,外借,45.0,（英）毛姆著,花山文艺出版社,2017-01-01,石家庄,254,I561.45,584699879747653,IB24G10,2024-09-13 11:53:19,,,0,False
200836382,谋杀启事,9787513344548,外借,42.0,（英）克里斯蒂著,新星出版社,2021-01-01,北京,266,I561.45,584699879747653,IB24G10,2024-09-13 11:53:26,,,0,False
200945978,细雪,9787544281621,外借,59.0,（日）谷崎润一郎著,南海出版公司,2021-01-01,海口,635,I313.45,584699881078853,IB24G10,2024-09-13 11:53:42,2025-01-08 17:04:50,117 days 05:11:08,0,True
200867865,牛津古希腊史 ,9787511560216,外借,119.9,(英)博德曼 编, 人民日报出版社,2020-01-01,北京 ,534,K125,584699881078853,IB24G10,2024-09-13 11:53:42,2025-01-08 17:04:41,117 days 05:10:59,0,True
200858508,基督山伯爵 （上）,9787532751242,外借,39.0,(法)大仲马著,上海译文出版社,2010-01-01,上海,693,I565.44,584699880185925,IB24G10,2024-09-13 11:54:01,2024-10-18 08:56:10,34 days 21:02:09,0,True
200858517,基督山伯爵 （下）,9787532751242,外借,39.0,(法)大仲马著,上海译文出版社,2010-01-01,上海,1409,I565.44,584699880185925,IB24G10,2024-09-13 11:54:01,2024-10-18 08:56:11,34 days 21:02:10,0,True
200959436,消失的地平线,9787547055564,外借,38.0,(英) 希尔顿 著,万卷出版公司 ,2021-01-01,沈阳,216,I561.45,584699880185925,IB24G10,2024-09-13 11:54:01,2024-10-18 08:56:07,34 days 21:02:06,0,True
200833964,幕末史,9787510892011,外借,72.0,（日）半藤一利著,九州出版社,2020-01-01,北京,331,K313.36,584699879964741,IB24G10,2024-09-13 11:54:02,2024-11-11 15:18:35,59 days 03:24:33,0,True
200824590,春之祭,9787520130356,外借,86.0,9加）埃克斯坦斯著,社会科学文献出版社,2018-01-01,北京,507,K143,584699879964741,IB24G10,2024-09-13 11:54:26,2024-12-26 11:10:33,103 days 23:16:07,0,True
201019600,我的天才女友,9787020120130,外借,65.0,"(意)费兰特著,陈英译",人民文学出版社,2016-01-01,北京,323,I546.45,584699881295941,IB24G10,2024-09-13 11:54:39,,,0,False
200993069,无名之町 ,9787544297905,外借,59.0,(日)东野圭吾 (1958-) 著, 南海出版公司,2021-01-01,海口 ,349,I313.45,584699881979973,IB24G10,2024-09-13 11:54:48,,,0,False
200836514,清洁女工之死,9787513339414,外借,42.0,（英）克里斯蒂著,新星出版社,2022-01-01,北京,236,I561.45,584699881078853,IB24G10,2024-09-13 11:56:19,2025-01-08 17:04:42,117 days 05:08:23,0,True
200836435,波洛圣诞探案记,9787513338110,外借,42.0,克里斯蒂,新星出版社,2023-01-01,北京,269,I561.45,584699881078853,IB24G10,2024-09-13 11:56:19,2025-01-08 17:04:50,117 days 05:08:31,0,True
200935006,泪之地,9787218156408,外借,98.0,（美）哈姆斯著,广东人民出版社,,广州,,K404,584699836862533,IB24G10,2024-09-13 12:18:36,2024-11-11 16:13:16,59 days 03:54:40,0,True
201050156,广告说服力,9787100118798,外借,158.0,（美）阿姆斯特朗著,商务印书馆,2016-01-01,北京,18454,F713.80,450611279773765,IB22G12,2024-09-13 15:21:30,2024-09-24 15:06:53,10 days 23:45:23,0,True
201501142,The complete Persepolis,9780375714832,外借,100.0,"Satrapi, Marjane, 1969-",,,USA,,955.054,450611279773765,IB22G12,2024-09-13 16:36:17,2024-10-17 16:01:20,33 days 23:25:03,0,True
200938450,粒子物理论,9787111543428,外借,89.0,(美)大卫著;王青译,机械工业出版社,2016-01-01,北京,353,O572.2,584699890253893,IB24G10,2024-09-13 16:41:14,2024-12-27 14:43:35,104 days 22:02:21,0,True
200970841,国富论,9787519015084,外借,34.0,(英)斯密著;陈虹译,中国文联出版公司,2016-01-01,北京,658,F091.33,584699858948165,IB24G10,2024-09-13 16:59:39,2024-09-13 17:21:44,0 days 00:22:05,0,True
200688924,Sex And The City,9780446617680,外借,35.0,Candace Bushnell,Grand Central Publishing,2006-08-01,美国,,813.6,455797921996869,IB23G11,2024-09-13 17:17:26,2024-10-15 08:39:45,31 days 15:22:19,1,True
200861308,乡土中国,9787301174821,外借,26.0,费孝通,北京大学出版社,2012-01-01,北京,185,C912.82,584699864387653,IB24G10,2024-09-13 17:36:05,2024-10-09 11:11:05,25 days 17:35:00,0,True
200855994,海明威文集(15),9787532781584,外借,66.0,（美）海明威著,上海译文出版社有限公司,2019-01-01,上海,326,I712.15,455798105178181,IB23G11,2024-09-13 17:53:31,2024-09-26 17:22:26,12 days 23:28:55,0,True
200855985,海明威文集(14),9787532781584,外借,66.0,（美）海明威著,上海译文出版社有限公司,2019-01-01,上海,180,I712.15,455798105178181,IB23G11,2024-09-13 17:53:39,2024-09-26 17:22:29,12 days 23:28:50,0,True
200855976,海明威文集(13),9787532781584,外借,66.0,（美）海明威著,上海译文出版社有限公司,2019-01-01,上海,218,I712.15,455798105178181,IB23G11,2024-09-13 17:53:50,2025-03-03 17:44:03,170 days 23:50:13,0,True
200855967,海明威文集(12),9787532781584,外借,66.0,（美）海明威著,上海译文出版社有限公司,2019-01-01,上海,250,I712.15,455798105178181,IB23G11,2024-09-13 17:54:04,2024-12-05 17:51:07,82 days 23:57:03,0,True
200855930,海明威文集(9),9787532781584,外借,66.0,（美）海明威著,上海译文出版社有限公司,2019-01-01,上海,153,I712.15,455798105178181,IB23G11,2024-09-13 17:54:12,2024-09-26 17:22:26,12 days 23:28:14,0,True
200824135,陈独秀全传,9787509747698,外借,128.0,唐宝林 著,社会科学文献出版社,2013-01-01,北京,889,K827,584699859591237,IB24G10,2024-09-14 07:16:36,2024-09-19 11:45:10,5 days 04:28:34,0,True
201306461,My Name Is Red,9780375706851,外借,50.0,Orhan Pamuk,Vintage USA,2002-08-27,美国,,894.35,584699859591237,IB24G10,2024-09-14 07:27:31,2024-10-11 16:05:06,27 days 08:37:35,0,True
201308842,Identity,9780571195671,外借,35.0,Milan Kundera,Faber and Faber,1999-04-19,英国,,891.86,584699859591237,IB24G10,2024-09-14 07:27:36,2024-09-19 11:44:57,5 days 04:17:21,0,True
200890679,呼吸 ,9787544779319,外借,42.0,姜,译林出版社,2019-01-01,南京,329,I712.45,584699861119045,IB24G10,2024-09-14 09:58:29,2024-10-09 15:17:33,25 days 05:19:04,0,True
200943943,秘密,9787544258210,外借,45.0,(日)东野圭吾,南海出版公司,2017-01-01,海口,330,I313.45,584699847979077,IB24G10,2024-09-14 12:02:13,2024-09-20 14:21:53,6 days 02:19:40,0,True
200956386,变态心理学,9787115448385,外借,128.0,(美)霍克西玛著,人民邮电出版社,2017-01-01,北京,612,B846-49,584699847979077,IB24G10,2024-09-14 12:02:19,2024-10-23 11:57:41,38 days 23:55:22,0,True
200986086,火的精神分析,9787100167789,外借,25.0,（法）巴什拉著,商务印书馆,2019-01-01,北京,113,B565.59,584699852910661,IB24G10,2024-09-14 12:24:38,2024-10-17 12:15:38,32 days 23:51:00,0,True
200882054,权力意志与永恒轮回,9787532772360,外借,49.0,(德)尼采著　(德)沃尔法特著　虞龙发译,上海译文出版社,2016-01-01,上海,331,B516.47,584699852910661,IB24G10,2024-09-14 12:24:54,2024-10-17 12:15:31,32 days 23:50:37,0,True
201042503,美的历程,9787108030375,外借,68.0,李泽厚著,生活·读书·新知三联书店,2014-01-01,北京,21755,J120.9,584699852910661,IB24G10,2024-09-14 12:25:11,2024-09-14 12:39:13,0 days 00:14:02,0,True
201306684,Babel-17/Empire Star,9780575094208,外借,37.0,Samuel R. Delany,Orion Publishing Group,2010-03-29,英国,,813.54,584699836620869,IB24G10,2024-09-14 12:28:01,2024-09-19 16:35:41,5 days 04:07:40,0,True
200885569,界限之书,9787559840943,外借,76.0,（法）雅贝斯著,广西师范大学出版社,2021-01-01,桂林,429,I565.45,584699852910661,IB24G10,2024-09-14 12:39:41,2024-10-17 12:15:31,32 days 23:35:50,0,True
200989779,音乐和数学：谜一般的关系,9787547855508,外借,48.0,梁进著,上海科学技术出版社,2022-01-01,上海,139,J6,455797996257349,IB23G11,2024-09-14 12:41:07,2024-11-14 11:50:22,60 days 23:09:15,0,True
200907956,音乐心理学,9787030658500,外借,89.0,陈杰著,科学出版社,2020-01-01,北京,231,J60-051,455797996257349,IB23G11,2024-09-14 12:41:15,2024-11-14 11:50:22,60 days 23:09:07,0,True
201021072,骆驼祥子,9787020137756,外借,26.0,老舍著,人民文学出版社,2018-01-01,北京,243,I246.5,455798100992069,IB23G11,2024-09-14 12:42:05,2024-10-15 07:38:26,30 days 18:56:21,0,True
200838059,檀香刑,9787533946647,外借,56.0,莫言著,浙江文艺出版社,2017-01-01,杭州,418,I247.5,455798100992069,IB23G11,2024-09-14 12:42:53,2024-10-15 07:38:31,30 days 18:55:38,0,True
200428563,Children of Dune,9780593098240,外借,68.0,"Herbert, Frank",Ace Books USA,2019-01-01,USA,609,813.54,584699861573701,IB24G10,2024-09-14 13:26:06,,,0,False
200847192,沉默的大多数,9787530220368,外借,59.0,王小波著,北京十月文艺出版社,2021-01-01,北京,227,I267.1,455798115278917,IB23G11,2024-09-19 10:44:21,2024-12-18 17:11:06,90 days 06:26:45,0,True
200836532,第三个女郎,9787513321259,外借,39.0,（英）克里斯蒂著,新星出版社,2018-01-01,,261,I561.45,455798115278917,IB23G11,2024-09-19 10:44:29,2024-12-18 17:11:08,90 days 06:26:39,0,True
200868221,荒原狼,9787533971014,外借,59.8,(德)黑塞著,浙江文艺出版社,2023-01-01,杭州,250,I516.45,584699864387653,IB24G10,2024-09-19 12:03:29,2024-09-23 11:27:19,3 days 23:23:50,0,True
201046643,悖论与谬误 ,9787542872326,外借,55.0,"(美)马丁·加德纳 (Gardner, Martin) 著", 上海科技教育出版社有限公司,2020-01-01,上海 ,245,O1-49,450611294101573,IB22G12,2024-09-19 12:04:43,2024-11-06 20:32:31,48 days 08:27:48,0,True
200824368,龙马史,9787520145008,外借,49.0,（日）矶田道史著,社会科学文献出版社,2019-01-01,北京,203,K313.41,584699851386949,IB24G10,2024-09-19 12:07:40,2024-09-20 12:14:06,1 days 00:06:26,0,True
200947413,思想经济学,9787500170662,外借,68.0,（英）沙著,中译出版社,2022-01-01,北京,23322,I561.55,584699866955845,IB24G10,2024-09-19 12:18:51,2024-10-22 11:52:59,32 days 23:34:08,0,True
201307040,Normal people : a novel,9781984822185,外借,26.0,"Rooney, Sally; Baardman, Gerda",Hogarth,2020-01-01,USA,287,823.92,584699866955845,IB24G10,2024-09-19 12:24:18,2024-09-24 16:37:29,5 days 04:13:11,0,True
201308904,The Cider House Rules,9780552992046,外借,38.0,John Irving,Black Swan Books,2010-07-29,英国,,813.54,584699837497413,IB24G10,2024-09-19 12:27:13,2024-11-07 16:42:11,49 days 04:14:58,0,True
201303044,Smile,9781338740264,外借,77.0,"Telgemeier, Raina",Graphix,2020-11-10,美国,224,617.6,584699861119045,IB24G10,2024-09-19 12:28:13,2024-10-09 15:17:33,20 days 02:49:20,0,True
201010770,从动力学到统计物理学 ,9787301276600,外借,89.0,郑志刚 (1969.8~) 著, 北京大学出版社,2016-01-01,北京 ,491,O313,584699890253893,IB24G10,2024-09-19 12:35:42,2025-01-03 07:26:07,105 days 18:50:25,0,True
201039571,逻辑哲学论,9787511384096,外借,45.0,（英）维特根斯坦著,中国华侨出版社,2021-01-01,北京,120,B81-05,584699851386949,IB24G10,2024-09-19 16:35:50,2024-11-29 12:29:18,70 days 19:53:28,1,True
201306684,Babel-17/Empire Star,9780575094208,外借,37.0,Samuel R. Delany,Orion Publishing Group,2010-03-29,英国,,813.54,584699851386949,IB24G10,2024-09-19 16:35:50,2024-09-29 16:35:29,9 days 23:59:39,0,True
201322498,Macbeth,9780007350988,外借,10.0,"Shakespeare, William",William Collins,2016-09-06,,288,822.33,450611325075525,IB22G12,2024-09-19 16:53:57,2024-11-07 17:04:25,49 days 00:10:28,0,True
200975098,原野,9787530217306,外借,36.0,曹禺著,北京十月文艺出版社,2018-01-01,北京,246,I234,450611325075525,IB22G12,2024-09-19 16:55:04,2024-11-07 14:35:12,48 days 21:40:08,0,True
200847478,平凡的世界 .第一部,9787530221396,外借,46.0,路遥著,北京十月文艺出版社,2021-01-01,北京,428,I247.5,455798100992069,IB23G11,2024-09-19 16:59:57,2024-10-15 07:38:21,25 days 14:38:24,0,True
200815378,牛奶可乐经济学,9787550292505,外借,49.9,(美)弗兰克著;闾佳译,北京联合出版公司,2017-01-01,北京,230,F0-49,584699877527621,IB24G10,2024-09-19 17:11:50,2024-11-04 17:21:39,46 days 00:09:49,1,True
200926613,活下去的理由 ,9787210097143,外借,38.0,"(英)马特·海格 (Haig, Matt 1975~) 著", 江西人民出版社,2018-01-01,南昌 ,227,I561.65,450611290882117,IB22G12,2024-09-19 17:14:23,2024-10-15 10:09:32,25 days 16:55:09,1,True
200998741,一桩事先张扬的凶杀案,9787544292467,外借,39.5,(哥伦)马尔克斯著,南海出版公司,2018-01-01,,140,I775.45,455797921001541,IB23G11,2024-09-19 17:31:36,2024-09-25 16:55:26,5 days 23:23:50,0,True
201035968,足球守门员圣经：必备技术、训练方法和实战应用,9787115439802,外借,49.8,(日)泽村公康 (1971~) 主编, 人民邮电出版社,2017-01-01,北京 ,151,G843.19-64,584699861573701,IB24G10,2024-09-19 17:40:38,,,0,False
201032747,足球规则与战术完全图解,9787115578754,外借,49.8,苗霖66(编著),北京人民邮电出版社2022,2022-01-01,北京,134,G843-64,584699861573701,IB24G10,2024-09-19 17:40:44,,,0,False
200954413,舞台灯光设计概要,9787104020578,外借,46.0,冯德仲著,中国戏剧出版社,2007-01-01,北京,200,J814.4,584699880865861,IB24G10,2024-09-19 17:41:20,2024-10-23 17:58:48,34 days 00:17:28,0,True
200991294,人人都该懂的科学简史 ,9787572208539,外借,59.9,"(英)肖恩·F. 约翰斯顿 (Johnston, Sean F.) 著", 浙江教育出版社,2020-01-01,杭州 ,244,N091,450611309678661,IB22G12,2024-09-20 08:08:19,2024-09-27 13:30:49,7 days 05:22:30,0,True
200976916,科学哲学的历史导论,9787100133104,外借,88.0,(美)洛西著;张卜天译,商务印书馆,2017-01-01,北京,310,N02,450611309678661,IB22G12,2024-09-20 08:08:19,2024-09-27 13:30:49,7 days 05:22:30,0,True
200968480,史学引论,9787301275009,外借,56.0,王学典著,北京大学出版社,2016-01-01,北京,382,K0,450611309678661,IB22G12,2024-09-20 08:08:19,2024-09-27 13:30:49,7 days 05:22:30,0,True
200856065,科学哲学 ,9787108066787,外借,32.0,"(英)萨达尔 (Sardar, Ziauddin) 文", 生活·读书·新知三联书店,2020-01-01,北京 ,181,N02,450611309678661,IB22G12,2024-09-20 08:08:19,2024-09-27 13:30:49,7 days 05:22:30,0,True
200874081,海上钢琴师,9787540482732,外借,48.0,(意)巴里科著,湖南文艺出版社,2017-01-01,长沙,173,I546.45,584699853152325,IB24G10,2024-09-20 09:16:13,2024-10-21 16:21:38,31 days 07:05:25,0,True
201051100,神雕侠侣 .1,9787546200705,外借,36.25,金庸 著, 广州出版社,2010-01-01,广州,1564,I247.5,584699853152325,IB24G10,2024-09-20 09:20:05,2024-12-25 07:47:14,95 days 22:27:09,0,True
201312472,Comparative Literature: A Very Short Introduction,9780198807278,外借,48.0,Ben Hutchinson,Oxford University Press UK,2018-05-22,英国,,809,455797921001541,IB23G11,2024-09-20 10:12:37,2024-09-27 16:27:22,7 days 06:14:45,0,True
201017112,少年、胭脂与灵怪,9787521732962,外借,49.0,周恺著,中信出版集团股份有限公司,2021-01-01,北京,209,I247.7,584699837497413,IB24G10,2024-09-20 12:12:47,2024-11-07 16:42:20,48 days 04:29:33,0,True
201005198,早稻田大学日本史.第八卷，安土桃山时代,9787507553192,外借,90.0,（日）渡边世祐著,华文出版社,2020-01-01,北京,327,K313.2,584699851386949,IB24G10,2024-09-20 12:17:32,2024-10-22 17:12:13,32 days 04:54:41,0,True
200665226,Biology for the IB Diploma Study and Revision Guide,9781471899706,外借,203.0,Andrew Davis C.J.Clegg,Hodder Education,2017-01-01,UK.,320,IB-4-BI-2,455797996257349,IB23G11,2024-09-20 12:26:43,,,0,False
200033962,IB Biology Student Workbook,9781927173930,外借,360.0,,Biozone International Lt,2014-01-01,,450,IB-4-BI-2,455797996257349,IB23G11,2024-09-20 12:27:40,,,0,False
200697406,Jane Austen,9780141397078,外借,10.0,Peter Hainsworth,PENGUIN BOOKS,2019-01-01,New York,,823.7,584699864387653,IB24G10,2024-09-20 12:41:50,2024-09-23 11:27:22,2 days 22:45:32,0,True
201024541,有限与无限的游戏: 有限与无限的游戏,9787121364259,外借,68.0,"(美)詹姆斯·卡斯 (Carse, James P.) 著", 电子工业出版社,2019-01-01,北京 ,191,B-49,584699843399749,IB24G10,2024-09-20 13:42:31,2024-11-29 09:47:28,69 days 20:04:57,0,True
200938441,粒子物理论,9787111543428,外借,89.0,(美)大卫著;王青译,机械工业出版社,2016-01-01,北京,353,O572.2,455798066937925,IB23G11,2024-09-20 15:52:06,2024-09-30 12:02:51,9 days 20:10:45,0,True
200873206,从夸克到宇宙 ,9787559656599,外借,128.0,(美)林肯著,北京联合出版公司,2022-01-01,北京,566,O572.2-49,455798066937925,IB23G11,2024-09-20 15:52:06,2024-09-30 12:02:51,9 days 20:10:45,0,True
200829559,莎士比亚全集.5,9787544755535,外借,47.5,(英)莎士比亚著;朱生豪译,译林出版社,2016-01-01,南京,513,I561.13,584699859378245,IB24G10,2024-09-23 10:48:11,2024-10-08 16:36:19,15 days 05:48:08,0,True
200979183,悉达多,9787201112695,外借,32.0,(德)黑塞著 姜乙译,天津人民出版社,2017-01-01,天津,137,I516.45,584699859378245,IB24G10,2024-09-23 10:48:23,2024-10-10 16:58:04,17 days 06:09:41,0,True
200986923,我的心迟到了：佩索阿情诗,9787533962418,外借,98.0,"（葡）佩索阿 (Pessoa, Fernando Antonio Nogueira) (1888-1935)著",浙江文艺出版社,2020-01-01,杭州,210,I552.25,584699859378245,IB24G10,2024-09-23 10:48:35,2024-10-08 16:36:19,15 days 05:47:44,0,True
200831920,古董局中局.1,9787540486075,外借,45.0,马伯庸著,湖南文艺出版社,2018-01-01,长沙,293,I247.5,455798059569221,IB23G11,2024-09-23 12:16:45,2024-10-30 15:04:18,37 days 02:47:33,0,True
200896405,德米安,9787559661586,外借,42.0,(德)黑塞,北京联合出版公司,2022-01-01,北京,12185,I516.45,584699852910661,IB24G10,2024-09-23 12:23:32,2024-09-29 09:32:30,5 days 21:08:58,0,True
200872369,孤独美食家 ,9787540453190,外借,49.0,(日)村上龙 (1952.2~) 著, 湖南文艺出版社,2013-01-01,长沙 ,286,I313.45,584699847979077,IB24G10,2024-09-23 12:31:56,2024-09-24 07:15:09,0 days 18:43:13,0,True
200859133,美丽新世界,9787532773404,外借,28.0,(英)赫胥黎著,上海译文出版社,2017-01-01,上海,298,I561.45,584699885924421,IB24G10,2024-09-23 14:29:40,2024-11-19 12:09:00,56 days 21:39:20,1,True
200986932,女生徒,9787201154527,外借,39.8,（日）太宰治(1909-1948)著,天津人民出版社,2020-01-01,天津,192,I313.45,584699885277253,IB24G10,2024-09-23 14:30:12,2024-10-12 11:49:59,18 days 21:19:47,0,True
201012750,细雪,9787544767620,外借,65.0,(日本)谷崎润一郎著;周逸之译,译林出版社,2017-01-01,南京,578,I313.45,584699885277253,IB24G10,2024-09-23 14:30:23,2024-10-12 11:49:59,18 days 21:19:36,0,True
200980064,台北人,9787549559886,外借,69.0,白先勇著,广西师范大学出版社,2015-01-01,桂林,291,I247.7,584699888959557,IB24G10,2024-09-23 14:56:06,2024-10-21 15:48:25,28 days 00:52:19,0,True
200860880,童话的心理分析,9787108070777,外借,39.0,(瑞士)卡斯特著,生活·读书·新知三联书店,2021-01-01,北京,184,B84-069,584699887439941,IB24G10,2024-09-23 15:04:21,2024-10-30 07:32:39,36 days 16:28:18,0,True
200035648,Physics: Principles with Applications,9781292057125,外借,609.0,Douglas C. Giancoli,Pearson,2016-01-01,England,1080,IB-4-PH-5,584699868516421,IB24G10,2024-09-23 15:23:07,2025-06-06 15:37:39,256 days 00:14:32,0,True
200689335,Famous Last Words,9780545835626,外借,42.0,Katie Alender,SCHOLASTIC US,2015-07-28,美国,,813.6,584699868516421,IB24G10,2024-09-23 15:23:12,2025-06-06 15:37:33,256 days 00:14:21,0,True
200820978,沉默的羔羊,9787544784689,外借,49.0,(美)哈里斯著,译林出版社,2021-01-01,南京,369,I712.45,584699889602629,IB24G10,2024-09-23 16:55:46,2024-11-19 07:04:33,56 days 14:08:47,1,True
200803425,庭院深处，是哪辆镀铬把手的小自行车？,9787305249624,外借,45.0,（法）佩雷克著,南京大学出版社,2022-01-01,南京,10118,I565.45,450611279773765,IB22G12,2024-09-23 17:48:52,2024-09-24 15:06:54,0 days 21:18:02,0,True
200948216,戴维营三天,9787500171980,外借,89.0,（美）加滕著,中译出版社,2023-01-01,北京,13373,F11,584699888091205,IB24G10,2024-09-24 09:48:33,2024-11-19 11:50:25,56 days 02:01:52,1,True
201031347,山茶文具店,9787540485337,外借,49.8,(日)小川系著;王蕴洁译,湖南文艺出版社,2018-01-01,长沙,315,I313.45,584699848413253,IB24G10,2024-09-24 11:01:09,2024-10-18 11:05:47,24 days 00:04:38,0,True
200865395,夜莺,9787559654168,外借,68.0,(美)汉娜著,北京联合出版公司,2021-01-01,北京,521,I712.45,584699847979077,IB24G10,2024-09-24 11:46:34,2024-12-25 12:40:39,92 days 00:54:05,1,True
200979281,平面国：多维空间传奇往事,9787553520643,外借,39.8,"(英)埃德温·艾勃特(Abbott, Edwin A. ,1838-1926) 著", 上海文化出版社,2020-01-01,上海 ,198,I561.45,584699840745541,IB24G10,2024-09-24 12:01:45,2024-10-08 12:01:30,13 days 23:59:45,0,True
200854343,动物农场,9787532779079,外借,43.0,(英)奥威尔著,上海译文出版社,2018-01-01,上海,119,I561.45,584699840745541,IB24G10,2024-09-24 12:01:50,,,0,False
200694436,Dune,9780340960196,外借,51.0,Frank Herbert,Hodder,2015-07-16,英国,,813.54,584699866955845,IB24G10,2024-09-24 12:06:17,2024-11-22 08:48:53,58 days 20:42:36,0,True
201308851,Neuromancer (The Best of the SF Masterworks),9781399607773,外借,37.0,William Gibson,Orion Publishing Group,2022-11-24,英国,,813.54,584699866955845,IB24G10,2024-09-24 12:06:22,2024-10-18 10:15:39,23 days 22:09:17,0,True
200829602,尼采,9787544729680,外借,39.0,(英)坦纳著;于洋译,译林出版社,2013-01-01,南京,109,B516.47,584699856826437,IB24G10,2024-09-24 12:23:59,2024-11-19 16:54:22,56 days 04:30:23,0,True
200031704,MATHEMATICS-HL&SL for the IB Diploma,9787547827260,外借,150.0,Wu Bin,上海科学技术出版社,,上海,187,IB-5-M-1,455797996257349,IB23G11,2024-09-24 12:24:04,,,0,False
200915340,数学建模实用教程,9787302587590,外借,56.0,付丽华著,清华大学出版社,2022-01-01,北京,254,O141.4,584699890499653,IB24G10,2024-09-24 12:24:49,2025-01-10 15:02:56,108 days 02:38:07,0,True
200816242,IBM和纳粹,9787218131559,外借,68.0,"（美） 布莱克 Black, Edwin((美)埃德温·布莱克(Edwin Black)著)",广州 广东人民出版社 2018,2018-01-01,广州,456,K152,584699890499653,IB24G10,2024-09-24 12:24:49,2025-01-10 15:02:56,108 days 02:38:07,0,True
200886112,这才是最好读的数学史 ,9787569929713,外借,68.0,"(美)伯林霍夫 (Berlinghoff, William P.) 著", 北京时代华文书局,2019-01-01,北京 ,344,O11-49,450611327131717,IB22G12,2024-09-24 13:10:20,2024-09-26 14:29:51,2 days 01:19:31,0,True
200981893,自然哲学之数学原理 ,9787301292341,外借,168.0,"(英)牛顿 (Newton, Isaac 1642~1727) 著", 北京大学出版社,2018-01-01,北京 ,10363,O3,450611327131717,IB22G12,2024-09-24 13:10:27,2024-09-26 14:29:50,2 days 01:19:23,0,True
200864895,数学简史,9787508679464,外借,58.0,蔡天新著,中信出版社,2017-01-01,北京,322,O11-49,450611325571141,IB22G12,2024-09-24 13:11:27,2024-09-25 11:44:56,0 days 22:33:29,0,True
200958482,这就是心理学,9787545477320,外借,48.0,（日）植木理惠著,广东经济出版社,2021-01-01,广州,267,B84,450611325571141,IB22G12,2024-09-24 13:11:34,2024-09-25 11:44:56,0 days 22:33:22,0,True
200941437,数学猜想与发现,9787030326393,外借,48.0,徐品方著,科学出版社,2012-01-01,北京,236,O1-49,450611325571141,IB22G12,2024-09-24 13:11:43,2024-09-25 11:44:56,0 days 22:33:13,0,True
200904263,艺术哲学,9787511743046,外借,58.0,（美）奥尔德里奇著,中央编译出版社,2023-01-01,北京,229,J0-02,450611310669893,IB22G12,2024-09-24 14:07:34,2025-01-10 10:49:10,107 days 20:41:36,0,True
200862888,艺术哲学,9787559426468,外借,59.8,(法)丹纳著;傅雷译,江苏凤凰文艺出版社,2018-01-01,南京,327,J0-02,450611310669893,IB22G12,2024-09-24 14:07:45,2024-09-24 14:43:22,0 days 00:35:37,0,True
200933516,数学哲学 ,9787535295330,外借,58.0,张景中 (1936~) 著, 湖北科学技术出版社,2017-01-01,武汉 ,229,O1-0,450611310669893,IB22G12,2024-09-24 14:33:45,2025-01-10 10:49:06,107 days 20:15:21,0,True
201010191,艺术史导论 ,9787301321898,外借,105.0,【德】汉斯·贝尔廷, 北京大学出版社,2021-01-01,北京 ,404,J110.9,450611283214405,IB22G12,2024-09-24 14:41:44,2024-09-25 14:23:17,0 days 23:41:33,0,True
200920290,历史哲学,9787545821826,外借,128.0,(德)黑格尔著,上海书店出版社,2022-01-01,上海,17514,K01,450611310669893,IB22G12,2024-09-24 14:44:33,2025-01-10 10:49:33,107 days 20:05:00,0,True
200995879,神经网络与深度学习 ,9787111649687,外借,149.0,邱锡鹏 (1983~) 著, 机械工业出版社,2020-01-01,北京 ,16448,TP183,450611288313925,IB22G12,2024-09-24 15:13:00,2024-09-24 16:12:32,0 days 00:59:32,0,True
200996609,社会语言学,9787030458889,外借,80.0,刘宝俊著,科学出版社,2016-01-01,北京,11303,H0,450611308945477,IB22G12,2024-09-24 15:28:52,2025-05-22 15:42:55,240 days 00:14:03,0,True
200875972,哲学·科学·常识,9787508671079,外借,58.0,陈嘉映著,中信出版社,2018-01-01,北京,359,N02,450611308945477,IB22G12,2024-09-24 15:29:01,2025-05-22 15:42:50,240 days 00:13:49,0,True
201047410,艺术哲学 ,9787309114560,外借,28.0,王德峰 (1956.10~) 著, 复旦大学出版社,2015-01-01,上海 ,196,J0-02,450611308945477,IB22G12,2024-09-24 15:29:09,2025-05-22 15:43:00,240 days 00:13:51,0,True
200929424,戏剧概论,9787220109010,外借,49.8,"(日)河竹登志夫著;陈秋峰,杨国华译",四川人民出版社,2018-01-01,成都,303,J80,450611308945477,IB22G12,2024-09-24 15:29:15,2025-05-22 15:43:10,240 days 00:13:55,0,True
200907830,鲜活的语言,9787030704214,外借,98.0,(美)劳拉·M. 阿亨(Laura M. Ahearn)著,科学出版社,2021-01-01,北京,275,H0,450611308945477,IB22G12,2024-09-24 15:29:21,2024-09-24 15:29:36,0 days 00:00:15,0,True
200907830,鲜活的语言,9787030704214,外借,98.0,(美)劳拉·M. 阿亨(Laura M. Ahearn)著,科学出版社,2021-01-01,北京,275,H0,450611308945477,IB22G12,2024-09-24 15:29:43,2025-05-22 15:43:05,240 days 00:13:22,0,True
201041121,古今数学思想·第一册,9787547817179,外借,78.0,"(美)克莱因著;张理京等译;张理京, 张锦炎,",上海科学技术出版社,2014-01-01,上海,324,O11,450611288313925,IB22G12,2024-09-24 15:52:02,2024-09-25 15:58:06,1 days 00:06:04,0,True
200978932,全球通史 ,9787552008166,外借,580.0,"(美)斯波德 (Spodek, Howard) 著", 上海社会科学院出版社,2018-01-01,上海 ,2225965,K10,450611288313925,IB22G12,2024-09-24 15:52:19,2024-09-30 14:37:12,5 days 22:44:53,0,True
201025292,科学思想史,9787305239687,外借,80.0,林德宏著,南京大学出版社,2020-01-01,南京,10528,N091,450611288313925,IB22G12,2024-09-24 15:54:45,2024-09-25 15:58:09,1 days 00:03:24,0,True
201031178,科学的历程,9787535798374,外借,128.0,吴国盛著,湖南科学技术出版社,2018-01-01,长沙,753,N091,450611288313925,IB22G12,2024-09-24 15:55:00,2024-09-30 14:37:21,5 days 22:42:21,0,True
200903022,为什么那是艺术:当代艺术的美学和批评,9787558027932,外借,118.0,(美)巴雷特著;徐文涛等译,江苏凤凰美术出版社,2018-01-01,南京,551,J0,450611288313925,IB22G12,2024-09-24 16:11:51,2024-12-02 12:33:46,68 days 20:21:55,0,True
201014115,科学革命的结构 ：新译精装版,9787301330661,外借,79.0,（美）库恩著,北京大学出版社 ,2022-01-01,北京,299,N02,450611288313925,IB22G12,2024-09-24 16:11:56,2024-12-02 12:33:48,68 days 20:21:52,0,True
200988262,科学革命的编史学研究,9787100211642,外借,138.0,"(荷)科恩 (Cohen, Hendrik Floris 1946~) 著",商务印书馆,2022-01-01,北京,969,N091,450611288313925,IB22G12,2024-09-24 16:12:04,2024-09-25 11:41:09,0 days 19:29:05,0,True
200939477,数学思想与文化 ,9787030449696,外借,45.0,张若军 (数学) 编著, 科学出版社,2015-01-01,北京 ,238,O1-0,450611320549445,IB22G12,2024-09-24 16:20:34,2024-09-25 11:45:13,0 days 19:24:39,0,True
200913057,理论与真理,9787030401229,外借,58.0,（美）斯克拉著,科学出版社,2014-01-01,北京,10174,N02,450611320549445,IB22G12,2024-09-24 16:21:00,2024-09-24 16:57:08,0 days 00:36:08,0,True
200913716,社会研究方法 ,9787302547778,外借,108.0,"(美)巴比 (Babbie, Earl R. 1938~) 著", 清华大学出版社,2020-01-01,北京 ,24512,C91-03,450611320549445,IB22G12,2024-09-24 16:21:09,2024-09-24 16:38:40,0 days 00:17:31,0,True
200827445,剑桥艺术史·下,9787544792028,外借,249.0,(美)伍德福德著,译林出版社,2023-01-01,南京,499,J110.9,450611283480645,IB22G12,2024-09-24 16:25:32,2024-09-30 14:37:16,5 days 22:11:44,0,True
200986433,政治经济学的范围与方法,9787100129787,外借,30.0,"（英）凯恩斯 (Keynes, John Neville)著",商务印书馆,2017-01-01,北京,244,F0,450611317665861,IB22G12,2024-09-24 16:29:47,2024-09-25 11:40:50,0 days 19:11:03,0,True
200856038,心理学 ,9787108052742,外借,28.0,"(英)班森 (Benson, Nigel C.) 文", 生活·读书·新知三联书店,2016-01-01,北京 ,177,B84,450611279773765,IB22G12,2024-09-24 16:44:02,2024-09-25 11:43:58,0 days 18:59:56,0,True
200872261,耶鲁极简科学史 ,9787508695730,外借,49.5,"(英)拜纳姆 (Bynum, William) 著", 中信出版集团股份有限公司,2019-01-01,北京 ,344,N091-49,450611279773765,IB22G12,2024-09-24 16:44:11,2024-09-25 11:43:48,0 days 18:59:37,0,True
201011957,数学 ,9787544745239,外借,39.0,"(英)蒂莫西·高尔斯 (Gowers, Timothy) 著", 译林出版社,2014-01-01,南京 ,139140,O1-0,450611279773765,IB22G12,2024-09-24 16:44:42,2024-09-25 11:43:43,0 days 18:59:01,0,True
201012046,科学革命 ,9787544745185,外借,39.0,"(美)劳伦斯·普林西比 (Principe, Lawrence M.) 著", 译林出版社,2013-01-01,南京 ,140,N091,450611279773765,IB22G12,2024-09-24 16:44:53,2024-09-25 11:43:44,0 days 18:58:51,0,True
200991276,人人都该懂的认识论,9787213096648,外借,59.9,(加)罗伯特·马丁(Robert M. Martin)著 ,浙江人民出版社,2020-01-01,杭州,243,B017,450611279773765,IB22G12,2024-09-24 16:44:59,2024-09-25 11:44:06,0 days 18:59:07,0,True
200947280,教育研究方法:专题与案例,9787561755211,外借,40.0,刘良华著,华东师范大学出版社,2007-01-01,上海,334,G40-034,450611325075525,IB22G12,2024-09-24 17:00:28,2024-09-25 11:44:18,0 days 18:43:50,0,True
200959560,自然科学史,9787802468320,外借,45.0,(英)金斯著, 中国大地出版社,2016-01-01,北京,285,N091,450611325075525,IB22G12,2024-09-24 17:00:30,2024-09-25 11:44:26,0 days 18:43:56,0,True
200909874,经济学家都干了什么 ,9787302590910,外借,65.0,梁捷 (1980~) 著, 清华大学出版社,2021-01-01,北京 ,24249,F091.3,450611325075525,IB22G12,2024-09-24 17:03:27,2024-09-25 11:44:25,0 days 18:40:58,0,True
200942944,科学实验哲学,9787030457738,外借,86.0,拉德,科学出版社,2015-01-01,北京,272,N33,450611325075525,IB22G12,2024-09-24 17:06:36,2024-09-25 12:47:28,0 days 19:40:52,0,True
201038581,奇妙数学的1个重大突破. 上册,9787115388902,外借,59.8,"(英)埃尔威斯 (Elwes, Richard 1978~) 著",人民邮电出版社,2015-01-01,北京,204,O1-49,450611279773765,IB22G12,2024-09-24 17:07:22,2024-09-25 11:43:43,0 days 18:36:21,0,True
201011966,数学 ,9787544745239,外借,39.0,"(英)蒂莫西·高尔斯 (Gowers, Timothy) 著", 译林出版社,2014-01-01,南京 ,139140,O1-0,450611279773765,IB22G12,2024-09-24 17:07:31,2024-09-25 11:44:41,0 days 18:37:10,0,True
200934686,人性实验：改变社会心理学的28项研究,9787300289601,外借,99.0,(美) 弗雷著,中国人民大学出版社 ,2021-01-01,北京,366,C912.6-0,450611279773765,IB22G12,2024-09-24 17:07:36,2024-09-25 11:44:41,0 days 18:37:05,0,True
200971724,话说科学 ,9787301165935,外借,18.0,"(英)彼得·穆尔 (Moore, Peter D.) 著", 北京大学出版社,2010-01-01,北京 ,127,N091,450611279773765,IB22G12,2024-09-24 17:07:41,2024-09-25 11:44:41,0 days 18:37:00,0,True
200991301,人人都该懂的艺术,9787213096587,外借,62.9,(加)劳里·施耐德·亚当斯(Laurie Schneider Adams)著 ,浙江人民出版社,2020-01-01,杭州,277,J-49,450611279773765,IB22G12,2024-09-24 17:07:46,2024-09-25 11:43:50,0 days 18:36:04,0,True
201031169,科学的历程,9787535798374,外借,128.0,吴国盛著,湖南科学技术出版社,2018-01-01,长沙,753,N091,450611320549445,IB22G12,2024-09-24 17:14:37,2024-09-25 11:45:13,0 days 18:30:36,0,True
200829700,社会学的意识,9787544729727,外借,39.0,(英)布鲁斯著　蒋虹译,译林出版社,2013-01-01,南京,103,C91,450611320549445,IB22G12,2024-09-24 17:15:46,2024-09-25 11:45:13,0 days 18:29:27,0,True
200871226,数学史,9787520007306,外借,99.0,(美)卡约里著,中国大地出版社,2022-01-01,北京,541,O11,450611286782021,IB22G12,2024-09-24 17:16:51,2024-11-07 17:27:54,44 days 00:11:03,0,True
201041130,古今数学思想·第一册,9787547817179,外借,78.0,"(美)克莱因著;张理京等译;张理京, 张锦炎,",上海科学技术出版社,2014-01-01,上海,324,O11,450611286782021,IB22G12,2024-09-24 17:17:01,2024-11-07 17:27:58,44 days 00:10:57,0,True
200996592,数学史话 ,9787543978140,外借,88.0,王渝生 (1943.8~) 编著, 上海科学技术文献出版社,2019-01-01,上海 ,320,O112-49,450611286782021,IB22G12,2024-09-24 17:17:13,2024-11-07 17:27:49,44 days 00:10:36,0,True
201011243,历史之源,9787544729710,外借,39.0,(英)阿诺德著　李里峰译,译林出版社,2013-01-01,南京,132,K0,450611278254149,IB22G12,2024-09-24 17:49:37,2024-09-25 11:44:45,0 days 17:55:08,0,True
200848468,后基因组时代：[后基因组时代的伦理、公正和知识],9787521714296,外借,78.0,(美)瑞尔丹著,中信出版集团股份有限公司,2021-01-01,北京,,C91,450611278254149,IB22G12,2024-09-24 17:49:43,2024-09-25 11:44:45,0 days 17:55:02,0,True
200895120,科学发现的逻辑 ,9787810836074,外借,60.0,"(英)波普尔 (Popper, Karl Raimund 1902~1994) 著", 中国美术学院出版社,2008-01-01,杭州 ,18483,N02,450611278254149,IB22G12,2024-09-24 17:49:49,2024-09-25 11:44:47,0 days 17:54:58,0,True
200865439,世间万数,9787559664372,外借,98.0,(法)莱宁著,北京联合出版公司,2022-01-01,北京,13441,O1-49,450611279503429,IB22G12,2024-09-24 17:53:16,2024-09-25 11:38:45,0 days 17:45:29,0,True
200987012,经济学说与方法史论,9787100159791,外借,42.0,"(美)熊彼特 (Schumpeter, Joseph Alois 1883~1950) 著",商务印书馆,2018-01-01,北京,177,F09,450611279503429,IB22G12,2024-09-24 17:53:39,2024-09-25 11:38:38,0 days 17:44:59,0,True
200922449,政治经济学的特征与逻辑方法,9787100121040,外借,28.0,(英)凯尔恩斯著,商务印书馆,2016-01-01,北京,182,F0,450611279503429,IB22G12,2024-09-24 17:53:48,2024-09-25 11:38:36,0 days 17:44:48,0,True
200878121,社会学的问题,9787532182640,外借,72.0,（法）布尔迪厄著,上海文艺出版社,2022-01-01,上海,10379,C91-49,450611279503429,IB22G12,2024-09-24 17:53:55,2024-09-25 11:38:31,0 days 17:44:36,0,True
201044360,生命简史,9787543986275,外借,68.0,（西）阿苏亚加著,上海科学技术文献出版社,2022-01-01,上海,425,Q1-0,450611279503429,IB22G12,2024-09-24 17:54:06,2024-09-25 11:38:34,0 days 17:44:28,0,True
200908045,现代生物学发展史,9787030685292,外借,98.0,（英）恩德斯比著,科学出版社,2021-01-01,北京,11318,Q-091,450611279503429,IB22G12,2024-09-24 17:54:11,2024-09-25 11:38:28,0 days 17:44:17,0,True
200861004,现代艺术,9787208107878,外借,89.0,(美)布雷特尔著,上海人民出版社,2013-01-01,上海,298,J110.95,450611281657925,IB22G12,2024-09-25 08:04:48,2024-09-25 11:56:41,0 days 03:51:53,0,True
200904600,数理化通俗演义 上,9787559610942,外借,34.0,梁衡 (1946~) 著, 北京联合出版公司,2018-01-01,北京 ,10228,I247.4,450611310669893,IB22G12,2024-09-25 08:09:26,2025-01-10 10:49:30,107 days 02:40:04,0,True
200904593,数理化通俗演义 上,9787559610942,外借,34.0,梁衡 (1946~) 著, 北京联合出版公司,2018-01-01,北京 ,10228,I247.4,450611310669893,IB22G12,2024-09-25 08:09:31,2025-01-10 10:49:23,107 days 02:39:52,0,True
200904628,数理化通俗演义 下,9787559610942,外借,34.0,梁衡 (1946~) 著, 北京联合出版公司,2018-01-01,北京 ,10228,I247.4,450611310669893,IB22G12,2024-09-25 08:09:37,2025-01-10 10:49:28,107 days 02:39:51,0,True
200904619,数理化通俗演义 下,9787559610942,外借,34.0,梁衡 (1946~) 著, 北京联合出版公司,2018-01-01,北京 ,10228,I247.4,450611310669893,IB22G12,2024-09-25 08:09:45,2025-01-10 10:49:19,107 days 02:39:34,0,True
201010128,史学原理,9787301334713,外借,78.0,柯林武德著,北京大学出版社,2023-01-01,北京,74307,K01,450611279503429,IB22G12,2024-09-25 08:18:12,2024-09-25 11:38:22,0 days 03:20:10,0,True
200896879,改变心理学的4项研究 ,9787115527073,外借,88.0,"(美)霍克 (Hock, Roger R.) 著", 人民邮电出版社,2020-01-01,北京 ,22374,B84,450611325075525,IB22G12,2024-09-25 08:21:16,2024-09-25 11:44:19,0 days 03:23:03,0,True
200898403,科学技术史,9787308225854,外借,48.0,米丽琴,浙江大学出版社,2022-01-01,杭州,169,N091,450611280855109,IB22G12,2024-09-25 08:32:44,2025-01-07 16:27:45,104 days 07:55:01,0,True
200986184,新音乐的哲学,9787100198981,外借,68.0,（德）阿多诺著,商务印书馆,2022-01-01,北京,270,J60-02,450611280855109,IB22G12,2024-09-25 08:32:57,2025-01-07 16:27:45,104 days 07:54:48,0,True
200915304,聆听音乐,9787302526308,外借,98.0,（美）莱特著,清华大学出版社,2019-01-01,北京,525,J605.1,450611280855109,IB22G12,2024-09-25 08:33:07,2025-01-07 16:27:45,104 days 07:54:38,0,True
200849225,自然哲学之数学原理 ,9787301095515,外借,68.0,"(英)牛顿 (Newton, Isaac 1642~1727) 著", 北京大学出版社,2006-01-01,北京 ,354,O31,450611280855109,IB22G12,2024-09-25 08:52:30,2024-09-25 08:57:44,0 days 00:05:14,0,True
201050094,技术哲学讲演录,9787300232317,外借,38.0,吴国盛著,中国人民大学出版社,2016-01-01,北京,252,N02,450611280855109,IB22G12,2024-09-25 08:52:39,2024-09-25 11:41:06,0 days 02:48:27,0,True
200972901,美学原理,9787301047439,外借,58.0,叶朗 (1938.10~) 著, 北京大学出版社,2009-01-01,北京,460,B83-0,450611280855109,IB22G12,2024-09-25 08:53:55,2024-09-25 11:39:06,0 days 02:45:11,0,True
200963733,柏拉图的数学哲学,9787220126185,外借,76.0,(瑞典)韦德博格著,四川人民出版社,2022-01-01,成都,198,O1-0,450611280855109,IB22G12,2024-09-25 08:54:06,2024-09-25 11:39:06,0 days 02:45:00,0,True
200979833,当代科学事实的争论研究,9787552039580,外借,88.0,张帆著,上海社会科学院出版社,2022-01-01,上海,276,N02,450611280855109,IB22G12,2024-09-25 08:54:32,2024-09-25 09:01:39,0 days 00:07:07,0,True
201007846,心理学之书,9787562494669,外借,88.0,"(美)皮克伦著;杨文登,殷融,苏得权译;叶浩生",重庆大学出版社,2016-01-01,重庆,266,B84-49,450611280855109,IB22G12,2024-09-25 08:54:38,2024-09-25 11:39:28,0 days 02:44:50,0,True
200847520,逻辑学是什么,9787301258958,外借,48.0,陈波著,北京大学出版社,2015-01-01,北京,312,B81-49,450611280855109,IB22G12,2024-09-25 08:54:47,2024-09-25 11:39:30,0 days 02:44:43,0,True
200991837,"技术的本质:技术是什么,他是如何进化的",9787213087912,外借,79.9,"(美)阿瑟著;曹东溟,王健译",浙江人民出版社,2018-01-01,杭州,259,N0,450611280855109,IB22G12,2024-09-25 08:58:27,2024-09-25 11:39:06,0 days 02:40:39,0,True
200902504,化学传奇 ,9787570305674,外借,19.8,李可锋 编著, 山西教育出版社,2020-01-01,太原 ,204,O6-091,450611287269445,IB22G12,2024-09-25 08:59:19,2024-10-08 07:24:08,12 days 22:24:49,0,True
201007855,心理学之书,9787562494669,外借,88.0,"(美)皮克伦著;杨文登,殷融,苏得权译;叶浩生",重庆大学出版社,2016-01-01,重庆,266,B84-49,450611287269445,IB22G12,2024-09-25 08:59:19,2024-10-08 07:24:08,12 days 22:24:49,0,True
200991828,"技术的本质:技术是什么,他是如何进化的",9787213087912,外借,79.9,"(美)阿瑟著;曹东溟,王健译",浙江人民出版社,2018-01-01,杭州,259,N0,450611280855109,IB22G12,2024-09-25 09:06:43,2024-09-25 11:39:30,0 days 02:32:47,0,True
200847628,生物学是什么,9787301319444,外借,48.0,吴家睿著,北京大学出版社,2021-01-01,北京,,Q-49,450611291619397,IB22G12,2024-09-25 09:10:38,2024-10-08 12:08:44,13 days 02:58:06,0,True
200659037,Educated : a memoir,9781984854858,外借,75.0,"Westover, Tara",Random House US,2018-01-01,New York,334,270.092,584699884150853,IB24G10,2024-09-25 09:58:34,2024-11-22 12:13:53,58 days 02:15:19,1,True
200139493,解忧杂货店,9787544270878,外借,39.5,(日)东野圭吾著;李盈春译,南海出版公司,2014-01-01,海口,291,I313.45,584699884150853,IB24G10,2024-09-25 09:58:44,2024-10-18 11:59:32,23 days 02:00:48,0,True
200979968,国王的两个身体,9787552024494,外借,188.0,（德）坎托洛维奇著,上海社会科学院出版社,2020-01-01,上海,4610863,D751.69,584699851386949,IB24G10,2024-09-25 12:16:03,2024-11-04 13:01:28,40 days 00:45:25,0,True
200892230,性格心理学,9787545910056,外借,32.0,邹宏明著,鹭江出版社,2015-01-01,厦门,212,B848-49,584699836194885,IB24G10,2024-09-25 12:37:59,2024-09-26 13:51:25,1 days 01:13:26,0,True
200868677,存在主义心理学的邀请,9787559662347,外借,59.0,（丹）雅各布森著,北京联合出版公司,2022-01-01,北京,19265,B84-066,584699836194885,IB24G10,2024-09-25 12:38:09,2024-11-22 07:33:22,57 days 18:55:13,1,True
200940116,布雷顿森林货币战,9787111626305,外借,79.0,（美）斯泰尔著,,,,,F827.12,450611288313925,IB22G12,2024-09-25 16:26:53,2024-12-02 12:33:53,67 days 20:07:00,0,True
200988351,世界金融史,9787111711612,外借,79.0,（日）板谷敏彦著,机械工业出版社,2022-01-01,北京,352,F831.9,450611288313925,IB22G12,2024-09-25 16:27:03,2024-09-27 08:34:26,1 days 16:07:23,0,True
200981955,力学,9787301094013,外借,50.0,舒幼生著,北京大学出版社,2005-01-01,北京,397,O3,584699862667333,IB24G10,2024-09-25 17:18:07,2024-09-30 12:27:36,4 days 19:09:29,0,True
201028770,普通语言学教程,9787100020862,外借,50.0,（瑞士）索绪尔著,商务印书馆,1980-01-01,北京,347,H0,584699854016581,IB24G10,2024-09-25 17:18:39,2024-10-08 16:40:07,12 days 23:21:28,0,True
200806271,错乱,9787536096806,外借,52.0,莫亚著,花城出版社,2022-01-01,广州,161,I744.45,450611279773765,IB22G12,2024-09-25 17:21:41,2024-10-17 16:01:20,21 days 22:39:39,0,True
201053484,画地为牢,9787305217098,外借,39.0,（英）莱辛著,南京大学出版社,2019-01-01,南京,129,I561.65,450611279773765,IB22G12,2024-09-25 17:21:50,2024-10-17 16:01:20,21 days 22:39:30,0,True
200689834,"Mythology: Timeless Tales of Gods and Heroes, 75th Anniversary Illustrated Edition",9780316438520,外借,122.0,Edith Hamilton,Black Dog Books,2017-09-26,美国,,813.54,584699875807301,IB24G10,2024-09-25 17:55:07,2024-11-25 17:20:59,60 days 23:25:52,1,True
200917428,"大秦帝国·第一部, 黑色裂变. 下卷",9787208152472,外借,58.0,孙皓晖著,上海人民出版社,2019-01-01,上海,426,I247.53,584699884843077,IB24G10,2024-09-26 07:22:53,2024-10-10 12:20:09,14 days 04:57:16,0,True
201307718,A portrait of the artist as a young man,9780143108245,外借,49.0,JamesJoyce,Penguin USA,2016-05-24,美国,,823.91,450611325075525,IB22G12,2024-09-26 08:23:41,2024-11-07 14:35:12,42 days 06:11:31,0,True
201058611,长夜难明,9787572611971,外借,52.0,紫金陈 著,湖南文艺出版社 ,2023-01-01,长沙 ,299,I247.5,455798034522181,IB23G11,2024-09-26 12:24:10,2025-01-10 09:56:58,105 days 21:32:48,0,True
201044208,她们,9787229105457,外借,48.0,(美)麦卡锡著,重庆出版社,2016-01-01,重庆,386,I712.45,584699859591237,IB24G10,2024-09-26 13:17:08,2024-10-11 16:05:06,15 days 02:47:58,0,True
201031784,精英的傲慢,9787521731460,外借,79.0,（美）桑德尔著,中信出版集团股份有限公司,2021-01-01,北京,26309,C91,450611279773765,IB22G12,2024-09-26 15:52:44,2024-10-29 08:16:10,32 days 16:23:26,0,True
200825946,神经漫游者,9787539951331,外借,32.0,(美)吉布森著,江苏文艺出版社,2013-01-01,南京,325,I712.45,455798036811845,IB23G11,2024-09-26 16:05:20,2024-10-29 11:12:43,32 days 19:07:23,0,True
200877907,东京百景,9787532782925,外借,58.0,（日）又吉直树著,上海译文出版社有限公司,2020-01-01,上海,274,I313.65,455798058176581,IB23G11,2024-09-26 16:59:19,,,0,False
200996814,金阁寺,9787530218525,外借,49.5,(日)三岛由纪夫著;代珂译,北京十月文艺出版社,2018-01-01,北京,273,I313.45,455798058176581,IB23G11,2024-09-26 16:59:19,,,0,False
200945889,情书,9787544292870,外借,45.0,(日)岩井俊二著,南海出版公司,2018-01-01,海口,180,I313.45,455798058176581,IB23G11,2024-09-26 16:59:19,,,0,False
200888209,无人生还,9787513335287,外借,49.0,9英克里斯蒂著,新星出版社,2019-01-01,北京,280,I561.45,450611285540933,IB22G12,2024-09-26 17:21:54,2024-11-06 19:02:51,41 days 01:40:57,0,True
200804111,看不见的女性,9787513349611,外借,69.0,(英)佩雷斯著　詹涓译,新星出版社,2022-01-01,北京,390,C913.68,584699885277253,IB24G10,2024-09-27 12:22:33,2024-10-12 11:50:01,14 days 23:27:28,0,True
200829915,现代拉丁美洲文学,9787544781015,外借,39.0,(美)埃切维里亚著,译林出版社,2020-01-01,南京,126,I730.65,455797921001541,IB23G11,2024-09-27 14:44:37,2024-10-29 08:56:39,31 days 18:12:02,0,True
200887068,小径分岔的花园,9787532762897,外借,35.0,(阿根廷)博尔赫斯著;王永年译,上海译文出版社,2015-01-01,上海,99,I783.45,455797921001541,IB23G11,2024-09-27 14:44:37,2024-10-25 12:13:06,27 days 21:28:29,0,True
201324637,The three Theban plays,9780140444254,外借,62.0,"Sophocles; Fagles, Robert; Knox, Bernard, 1914-2010",penguin uk,,UK,430,882.01,455797921001541,IB23G11,2024-09-27 16:26:37,2024-09-29 09:08:44,1 days 16:42:07,0,True
200850196,连城诀 ,9787546213330,外借,35.0,金庸 (1924~2018) 著, 广州出版社,2013-01-01,广州 ,357,I247.5,584699851386949,IB24G10,2024-09-29 11:34:45,2024-09-29 16:35:29,0 days 05:00:44,0,True
201042371,棋王树王孩子王 ,9787539990583,外借,38.0,阿城 (1949~) 著, 江苏凤凰文艺出版社,2016-01-01,南京 ,179,I247.57,584699858317381,IB24G10,2024-09-29 12:16:15,2024-11-04 19:17:22,36 days 07:01:07,0,True
200864804,克苏鲁神话Ⅳ 异界之色,9787521213973,外借,43.0,(美)洛夫克拉夫特著,作家出版社有限公司,2022-01-01,北京,202,I712.45,584699851386949,IB24G10,2024-09-29 17:36:46,2024-10-08 12:26:17,8 days 18:49:31,0,True
200822440,拜占庭的新生,9787520118156,外借,79.0,(美）诺里奇著,社会科学文献出版社,2020-01-01,北京,27498,K134,584699851386949,IB24G10,2024-09-29 17:37:04,2024-10-10 17:19:47,10 days 23:42:43,0,True
200834865,呐喊,9787020138081,外借,20.0,鲁迅著,人民文学出版社,2018-01-01,北京,180,I210.6,450611287269445,IB22G12,2024-09-30 08:00:40,2025-02-24 17:02:44,147 days 09:02:04,0,True
200943541,解忧杂货店,9787544298995,外借,59.0,(日)东野圭吾著,南海出版公司,2020-01-01,海口,309,I313.45,450611287269445,IB22G12,2024-09-30 08:35:44,2025-02-17 07:35:36,139 days 22:59:52,0,True
200987021,微积分的计算：数理经济学与统计经济学辅助教程 ,9787100205900,外借,26.0,"(美) 费雪( Fisher, Irving)著",商务印书馆,2022-01-01,北京,89,O172,584699862667333,IB24G10,2024-09-30 09:58:15,2024-10-18 09:47:24,17 days 23:49:09,0,True
200937709,论自由,9787502055394,外借,35.0,（英）密尔著,煤炭工业出版社,2017-01-01,北京,274,D081,584699874275397,IB24G10,2024-09-30 10:12:18,2024-11-29 15:41:45,60 days 05:29:27,1,True
200873206,从夸克到宇宙 ,9787559656599,外借,128.0,(美)林肯著,北京联合出版公司,2022-01-01,北京,566,O572.2-49,455798066937925,IB23G11,2024-09-30 12:02:56,2024-11-04 09:37:23,34 days 21:34:27,0,True
200938441,粒子物理论,9787111543428,外借,89.0,(美)大卫著;王青译,机械工业出版社,2016-01-01,北京,353,O572.2,455798066937925,IB23G11,2024-09-30 12:02:56,2024-11-04 09:37:23,34 days 21:34:27,0,True
200942702,微积分的力量,9787521723298,外借,69.0,"(美)史蒂夫·斯托加茨 (Strogatz, Steven) 著",中信出版社,2021-01-01,北京,371,O172-49,455798066937925,IB23G11,2024-09-30 12:09:46,2024-10-15 09:26:18,14 days 21:16:32,0,True
200916508,生物学之书,9787568900478,外借,88.0,(美)杰拉尔德著;傅临春译,重庆大学出版社,2017-01-01,重庆,264,Q-49,584699859591237,IB24G10,2024-09-30 12:15:50,2024-10-28 06:48:21,27 days 18:32:31,0,True
201002878,钱学森传,9787515329321,外借,36.0,叶永烈著,中国青年出版社,2014-01-01,北京,338,K826.16,584699859591237,IB24G10,2024-09-30 12:23:19,2024-10-08 06:57:56,7 days 18:34:37,0,True
200987691,行者的迷宫,9787100163521,外借,65.0,朱又可著,商务印书馆,2018-01-01,北京,440,K825.6,584699859591237,IB24G10,2024-09-30 12:23:24,2024-10-09 06:55:53,8 days 18:32:29,0,True
200884070,心理神探:我与FBI心理画像术,9787532775644,外借,58.0,(美)道格拉斯,上海译文出版社,2017-01-01,上海,384,I712.45,584699864387653,IB24G10,2024-09-30 12:27:03,2024-10-29 17:35:13,29 days 05:08:10,1,True
201051128,神雕侠侣 .3,9787546200705,外借,36.25,金庸 著, 广州出版社,2010-01-01,广州,1564,I247.5,584699853152325,IB24G10,2024-09-30 12:27:21,2024-12-25 07:47:12,85 days 19:19:51,1,True
201051119,神雕侠侣 .2,9787546200705,外借,36.25,金庸 著, 广州出版社,2010-01-01,广州,1564,I247.5,584699853152325,IB24G10,2024-09-30 12:27:26,2024-12-25 07:47:02,85 days 19:19:36,1,True
200870744,遮蔽的天空,9787559418371,外借,49.0,(美)鲍尔斯著;阳曦译,江苏凤凰文艺出版社,2018-01-01,南京,370,I712.45,455798116724805,IB23G11,2024-10-08 07:50:02,2024-11-07 10:17:08,30 days 02:27:06,0,True
200859865,反抗者,9787532777280,外借,58.0,(法)加缪著　沈志明译,上海译文出版社有限公司,2018-01-01,上海,425,I565.65,584699865665605,IB24G10,2024-10-08 12:11:45,2024-10-14 15:03:27,6 days 02:51:42,0,True
200854735,存在与虚无,9787108050984,外借,68.0,"(法)萨特 (Sartre, Jean-Paul 1905~1980) 著", 生活·读书·新知三联书店,2014-01-01,北京,762,B086,584699865665605,IB24G10,2024-10-08 12:11:45,2024-10-14 15:03:28,6 days 02:51:43,0,True
200862067,红与黑,9787532751228,外借,35.0,(法)司汤达著,上海译文出版社,2010-01-01,上海,18537,I565.44,584699865665605,IB24G10,2024-10-08 12:11:45,2024-10-28 14:21:16,20 days 02:09:31,0,True
200857260,局外人,9787532761760,外借,32.0,（法）加缪著,上海译文出版社,2013-01-01,上海,25128,I565.45,584699865665605,IB24G10,2024-10-08 12:11:45,2024-10-14 15:03:46,6 days 02:52:01,0,True
200861282,共产党宣言,9787010131566,外借,32.0,"马克思,恩格斯著",人民出版社,2017-01-01,北京,188,A122,584699865665605,IB24G10,2024-10-08 12:15:58,2024-10-14 15:03:27,6 days 02:47:29,0,True
200691064,David and Goliath,9780141978956,外借,34.0,Malcolm Gladwell,Penguin UK,2014-06-01,英国,,155.24,450611289337925,IB22G12,2024-10-08 12:32:29,2024-12-11 11:05:31,63 days 22:33:02,0,True
201308799,5 Things to Do with a Penknife,9781911216865,外借,37.0,Matt Collins,Pavilion Books,2017-08-03,英国,,621.93,584699842498629,IB24G10,2024-10-08 12:35:14,2024-10-10 12:15:13,1 days 23:39:59,0,True
200938708,毕业,9787544294126,外借,49.5,(日)东野圭吾著;黄真译,南海出版公司,2019-01-01,海口,266,I313.45,450611280293957,IB22G12,2024-10-08 16:40:49,2024-11-15 08:27:34,37 days 15:46:45,0,True
201054722,呼啸山庄,9787532778355,外借,32.0,(英)勃朗特著,上海译文出版社,2018-01-01,上海,406,I561.44,584699868303429,IB24G10,2024-10-08 17:14:20,2024-10-08 17:26:36,0 days 00:12:16,0,True
201047704,农场,9787540482862,外借,42.0,(英)史密斯著,湖南文艺出版社,2017-01-01,长沙,315,I561.45,584699868303429,IB24G10,2024-10-08 17:35:02,2024-11-07 09:36:22,29 days 16:01:20,0,True
201039697,鲁迅全集·第二卷,9787536094239,外借,29.9,鲁迅著,花城出版社,2021-01-01,广州,20,I210.1,584699866095685,IB24G10,2024-10-08 17:51:51,2024-11-20 11:40:08,42 days 17:48:17,0,True
200821735,四百万+西部的心,9787020136919,外借,98.0,(美)亨利著,人民文学出版社,2003-01-01,北京,400,I712.44,584699866095685,IB24G10,2024-10-08 17:51:51,2024-11-20 11:40:08,42 days 17:48:17,0,True
201039688,鲁迅全集·第一卷,9787536094239,外借,29.9,鲁迅著,花城出版社,2021-01-01,广州,20,I210.1,584699866095685,IB24G10,2024-10-08 17:51:51,2024-11-20 11:40:08,42 days 17:48:17,0,True
201307932,Why Didnt They Ask Evans?,9780008196288,外借,36.0,Agatha Christie,Harper Collins UK,2017-04-20,英国,,823.91,450611289337925,IB22G12,2024-10-09 09:08:54,2024-10-18 12:36:12,9 days 03:27:18,0,True
201301894,Go Set a Watchman,9781784755287,外借,30.0,"Lee, Harper",Cornerstone,2016-05-05,,288,813.54,450611289337925,IB22G12,2024-10-09 09:08:54,2024-10-15 14:48:32,6 days 05:39:38,0,True
200917437,"大秦帝国·第二部, 国命纵横. 上卷",9787208152472,外借,58.0,孙皓晖著,上海人民出版社,2019-01-01,上海,426,I247.53,584699884843077,IB24G10,2024-10-09 12:08:20,2024-10-28 07:24:50,18 days 19:16:30,0,True
200920502,生命政治的诞生,9787208155022,外借,78.0,（法）福柯著,上海人民出版社,2018-01-01,上海,454,B565.59,584699859378245,IB24G10,2024-10-09 12:14:18,2024-10-16 12:05:02,6 days 23:50:44,0,True
200857894,不朽,9787532789900,外借,79.0,（法）昆德拉著,上海译文出版社有限公司,2022-01-01,上海,468,I565.45,584699859378245,IB24G10,2024-10-09 12:14:18,2024-10-15 12:16:02,6 days 00:01:44,0,True
200879139,广岛之恋,9787532765690,外借,30.0,(法)杜拉斯著;谭立德译,上海译文出版社,2014-01-01,上海,218,I565.35,584699859378245,IB24G10,2024-10-09 12:14:30,2024-10-10 16:57:58,1 days 04:43:28,0,True
200879291,快乐的死,9787532180127,外借,68.0,（法）加缪著,上海文艺出版社,2022-01-01,上海,241,I565.45,584699859378245,IB24G10,2024-10-09 12:14:36,2024-11-14 08:29:20,35 days 20:14:44,0,True
201022320,莎士比亚植物志,9787020142675,外借,55.0,(英)威尔斯著,人民文学出版社,2019-01-01,北京,205,Q948.556,584699859378245,IB24G10,2024-10-09 12:14:36,2024-10-16 11:49:27,6 days 23:34:51,0,True
200885051,时代的精神状况,9787532761371,外借,48.0,"德 雅斯贝尔斯 Jaspers, Karl 1883-1969)(著)",上海译文出版社,2013-01-01,上海,249,B516.53,584699858317381,IB24G10,2024-10-10 09:57:09,2024-11-04 19:17:22,25 days 09:20:13,0,True
200833811,性学三论,9787533941628,外借,32.0,（奥）弗洛伊德著,浙江文艺出版社,2015-01-01,杭州,222,C913.14,584699858317381,IB24G10,2024-10-10 09:57:58,,,1,False
201024202,后翼弃兵,9787020161140,外借,55.0,(美)特维斯著,人民文学出版社,2022-01-01,北京,397,I712.45,584699857883205,IB24G10,2024-10-10 09:59:04,2024-11-04 19:17:32,25 days 09:18:28,0,True
201322363,Stock Market 101,9781440599194,外借,57.0,Michele Cagan,Adams Media,2011-04-16,美国,,332.64,584699863535685,IB24G10,2024-10-10 11:51:21,2024-10-21 14:18:16,11 days 02:26:55,0,True
201308646,Investing 11,9781440595134,外借,45.0,Michele Cagan,Adams Media,2016-01-29,美国,,332.6,584699863535685,IB24G10,2024-10-10 11:51:40,2024-10-21 14:18:16,11 days 02:26:36,0,True
200686686,never let me go,9780571224142,外借,35.0,Kazuo Ishiguro,Faber and Faber,2006-03-14,英国,,823.91,584699856592965,IB24G10,2024-10-10 11:52:57,2024-10-28 12:02:18,18 days 00:09:21,0,True
200888245,"在春天,去看一个人",9787550022829,外借,58.0,沈从文著,百花洲文艺出版社,2018-01-01,南昌,316,I246.7,450611276476485,IB22G12,2024-10-10 12:05:38,2024-11-15 11:55:39,35 days 23:50:01,0,True
201325431,Secret Language of Flowers,9780241566220,外借,59.0,DK,Dorling Kindersley Ltd,2023-01-05,美国,,398.36,584699842498629,IB24G10,2024-10-10 12:28:44,2024-12-02 11:31:30,52 days 23:02:46,0,True
200688899,Penguin Great Ideas : Common Sense,9780141018904,外借,26.0,Thomas Paine,penguin uk,2004-09-02,英国,,320.01,450611325075525,IB22G12,2024-10-10 13:06:03,2024-11-27 15:03:30,48 days 01:57:27,0,True
201319563,Little Book of Politics,9780241426432,外借,45.0,DK,Dorling Kindersley Ltd,2020-05-07,美国,,320,450611325075525,IB22G12,2024-10-10 13:06:06,2024-11-07 17:04:25,28 days 03:58:19,0,True
200865091,社交媒体简史：从莎草纸到互联网,9787508696980,外借,48.0,"(美)汤姆·斯丹迪奇 (Standage, Tom) 著", 中信出版集团股份有限公司,2019-01-01,北京 ,303,G206.2,584699875364933,IB24G10,2024-10-10 13:08:48,2024-11-11 13:29:36,32 days 00:20:48,0,True
200847520,逻辑学是什么,9787301258958,外借,48.0,陈波著,北京大学出版社,2015-01-01,北京,312,B81-49,584699875364933,IB24G10,2024-10-10 13:08:54,2024-11-11 13:29:36,32 days 00:20:42,0,True
201034291,社会学的想象力 ,9787108057259,外借,42.0,"(美)C. 赖特·米尔斯 (Mills, Chales Wright 1916~1962) 著", 生活·读书·新知三联书店,2016-01-01,北京 ,265,C91,450611273154629,IB22G12,2024-10-10 14:43:55,2024-10-16 11:39:56,5 days 20:56:01,0,True
200511357,弗雷格 ,9787100149914,外借,85.0,(英)达米特 著, 商务印书馆,2017-01-01,北京 ,47954,B516.59,450611266056261,IB22G12,2024-10-10 16:41:14,2025-02-18 09:53:58,130 days 17:12:44,0,True
201049187,无依之地,9787559433022,外借,39.0,（美）布鲁德著,江苏凤凰文艺出版社,2019-01-01,南京,326,D771.28,455798118879301,IB23G11,2024-10-10 16:51:31,2025-02-17 12:21:54,129 days 19:30:23,0,True
201011699,法律,9787544755054,外借,39.0,(英)瓦克斯著;殷源源译,译林出版社,2016-01-01,南京,167,D90,455798118879301,IB23G11,2024-10-10 16:51:31,2025-02-17 12:21:54,129 days 19:30:23,0,True
200881082,权力精英 ,9787569915006,外借,78.0,"(美)C. 赖特·米尔斯 (Mills, Chales Wright 1916~1962) 著", 北京时代华文书局,2019-01-01,北京 ,10401,D771.261,455798118879301,IB23G11,2024-10-10 16:51:31,2025-02-17 12:21:54,129 days 19:30:23,0,True
200929585,耶鲁大学公开课,9787550238954,外借,39.8,(美)史密斯著,北京联合出版公司,2015-01-01,北京,299,D0,455798118879301,IB23G11,2024-10-10 16:51:31,2025-02-17 12:21:54,129 days 19:30:23,0,True
200689433,Never Let Me Go,9780307276476,外借,31.0,Kazuo Ishiguro,Vintage USA,2006-01-09,美国,,823.914,455798118879301,IB23G11,2024-10-10 16:51:42,2025-02-17 12:21:54,129 days 19:30:12,0,True
200863495,重口味心理学:怎样证明你不是神经病?:百万册纪念完整版,9787505737365,外借,48.0,姚尧著,中国友谊出版公司,2016-01-01,北京,418,B84-49,584699852480581,IB24G10,2024-10-10 17:22:21,2024-10-18 13:36:25,7 days 20:14:04,0,True
200950612,契诃夫短篇小说集,9787540237004,外借,29.0,(俄罗斯)契诃夫著,北京燕山出版社,2017-01-01,北京,387,I512.44,584699853586501,IB24G10,2024-10-10 17:25:05,2024-11-14 10:58:50,34 days 17:33:45,1,True
200921592,素食者 ,9787541160868,外借,48.0,(韩)韩江 (1970-) 著, 四川文艺出版社,2021-01-01,成都 ,191,I312.645,584699857674309,IB24G10,2024-10-11 10:40:05,2024-10-11 15:14:09,0 days 04:34:04,0,True
201324771,The Picture of Dorian Gray (Wordsworth Classics),9781853260155,外借,32.0,Oscar Wilde,Wordsworth,1992-05-05,英国,,823.8,455798075973701,IB23G11,2024-10-11 11:29:04,2024-11-07 10:12:49,26 days 22:43:45,0,True
200869872,窄门,9787568287500,外借,33.0,(法）纪德著,北京理工大学出版社有限责任公司,2021-01-01,北京,180,I565.45,455798075973701,IB23G11,2024-10-11 11:30:47,2024-11-07 10:12:46,26 days 22:41:59,0,True
200861763,蒙田随笔集,9787532762811,外借,30.0,(法)蒙田著,上海译文出版社,2014-01-01,上海,350,I565.63,584699859591237,IB24G10,2024-10-11 15:49:36,2024-10-11 16:21:06,0 days 00:31:30,0,True
200918775,叔本华暮年之思,9787208152809,外借,45.0,(德)叔本华著,上海人民出版社,2018-01-01,上海,29192,B516.41,584699859591237,IB24G10,2024-10-11 15:49:36,2024-10-11 16:21:06,0 days 00:31:30,0,True
201035842,Python编程 ：从入门到实践,9787115546081,外借,109.8,"(美)马瑟斯 (Matthes, Eric) 著", 人民邮电出版社,2020-01-01,北京 ,18444,TP311.561,584699848413253,IB24G10,2024-10-11 16:03:13,2024-12-24 07:15:09,73 days 15:11:56,1,True
201044734,欢迎来到宇宙 ,9787115560100,外借,99.9,(美)泰森著,人民邮电出版社,2021-01-01,北京,12475,P159,584699862667333,IB24G10,2024-10-11 16:08:33,2024-12-02 10:39:51,51 days 18:31:18,0,True
200967926,基础有机化学. 上册 ,9787301272121,外借,89.0,邢其毅 (1911~2002) 著, 北京大学出版社,2016-01-01,北京 ,10660,O62,584699859591237,IB24G10,2024-10-11 16:23:12,2024-11-01 11:07:06,20 days 18:43:54,0,True
201021731,陈阅增普通生物学 ,9787040396317,外借,59.0,吴相钰 (1924~) 主编, 高等教育出版社,2014-01-01,北京 ,539,Q1,584699859591237,IB24G10,2024-10-11 16:23:16,2024-11-01 11:07:06,20 days 18:43:50,0,True
200802471,透明,9787532787555,外借,55.0,纳博科夫著,上海译文出版社有限公司,2022-01-01,上海,130,I712.45,584699861119045,IB24G10,2024-10-11 16:29:48,2024-11-25 17:13:25,45 days 00:43:37,0,True
200988958,禅与摩托车维修艺术 ,9787229131548,外借,79.8,"(美)罗伯特·M. 波西格 (Pirsig, Robert M. 1928~) 著", 重庆出版社,2018-01-01,重庆 ,494,I712.45,584699861119045,IB24G10,2024-10-11 16:30:13,2024-12-13 11:08:21,62 days 18:38:08,0,True
200923386,房思琪的初恋乐园 ,9787559614636,外借,45.0,林奕含 (1991~2017) 著, 北京联合出版公司,2018-01-01,北京 ,256,I247.5,584699857674309,IB24G10,2024-10-11 17:16:57,2024-10-17 15:45:27,5 days 22:28:30,0,True
201307549,To Be A Machine,9781101911594,外借,53.0,Mark OConnell,Anchor Books,2018-01-16,美国,,306.46,455797921996869,IB23G11,2024-10-11 17:24:50,2024-11-21 09:20:57,40 days 15:56:07,0,True
201407655,Amusing Ourselves to Death[娱乐至死],9780143036531,外借,94.0,"Postman, Neil[尼尔·波兹曼]",PENGUIN GROUP,2006-01-01,NEW YORK,184,302.234,455797921996869,IB23G11,2024-10-11 17:24:50,2024-11-21 09:20:57,40 days 15:56:07,0,True
200854520,鼠疫,9787532752508,外借,28.0,(法)加缪著,上海译文出版社,2011-01-01,上海,233,I565.45,584699887661125,IB24G10,2024-10-11 17:48:09,2025-01-03 11:15:13,83 days 17:27:04,1,True
200927649,幽默,9787511740663,外借,48.0,（英）伊格尔顿著,中央编译出版社,2022-01-01,北京,170,C912.3,450611279773765,IB22G12,2024-10-12 10:55:21,2024-10-29 15:08:52,17 days 04:13:31,0,True
200874955,房间里的大象 ,9787521727258,外借,49.0,(以)泽鲁巴维尔著,中信出版社,2021-01-01,北京,183,C912.6,450611279773765,IB22G12,2024-10-12 11:00:04,2024-10-15 16:33:02,3 days 05:32:58,0,True
200866553,我想和你谈谈精神病人的世界,9787543987135,外借,59.8,(韩)理端 著,上海科学技术文献出版社,2023-01-01,上海,269,R749,450611279773765,IB22G12,2024-10-12 11:01:28,2024-10-14 07:21:07,1 days 20:19:39,0,True
200901916,抑郁躯体化的跨文化研究,9787576601220,外借,45.0,周晓璐著,东南大学出版社,2022-01-01,南京,120,R749.4,450611290882117,IB22G12,2024-10-12 11:01:40,2024-10-14 14:17:35,2 days 03:15:55,1,True
201050824,摆脱内心的白熊,9787300314990,外借,89.0,（美）阿布拉莫维茨著,中国人民大学出版社,2023-01-01,北京,14335,R749.99,450611290882117,IB22G12,2024-10-12 11:01:47,2024-10-16 09:36:05,3 days 22:34:18,1,True
200989216,抑郁、焦虑和药物的那些事,9787522901213,外借,109.9,（加）斯莱特著,中国纺织出版社有限公司,2023-01-01,北京,277,R964,450611288834117,IB22G12,2024-10-12 11:02:36,2024-10-16 11:50:19,4 days 00:47:43,0,True
201323308,The Count of Monte Cristo,9781509827978,外借,51.0,"Dumas, Alexandre, 1802-1870; Maquet, Auguste, 1813-1888; Fiorentino, Pier Angelo, 1811-1864",Macmillan Collectors Library,2017-01-01,UK,695,843.7,584699858100293,IB24G10,2024-10-12 12:14:49,2024-12-19 16:36:57,68 days 04:22:08,1,True
200695961,The Adventure of the Blue Carbuncle,9780241597002,外借,47.0,Arthur Conan Doyle,Penguin UK,2022-11-03,英国,,808.8,584699858100293,IB24G10,2024-10-12 12:15:01,2024-12-19 16:36:57,68 days 04:21:56,1,True
200944602,霸王别姬,9787513311762,外借,59.0,李碧华著,新星出版社,2013-01-01,北京,235,I247.5,584699858100293,IB24G10,2024-10-12 12:15:09,2024-12-19 16:36:57,68 days 04:21:48,1,True
200833152,你会杀死那个胖子吗?一个关于对与错的哲学谜题,9787300200811,外借,38.0,(英)埃德蒙兹著,中国人民大学出版社,2014-01-01,北京,240,B82,584699859591237,IB24G10,2024-10-12 12:17:21,2024-10-12 12:22:59,0 days 00:05:38,0,True
200985808,我的世界观,9787100143288,外借,46.0,（美）爱因斯坦著,商务印书馆,2018-01-01,北京,247,K837.126,584699859591237,IB24G10,2024-10-12 12:20:35,2024-10-25 06:53:52,12 days 18:33:17,0,True
200882465,无知,9787532766390,外借,68.0,昆德拉著,上海译文出版社,2014-01-01,上海,202,I565.45,584699859591237,IB24G10,2024-10-12 12:22:38,2024-10-25 06:53:52,12 days 18:31:14,0,True
201022151,林家铺子,9787020142330,外借,28.0,茅盾著,人民文学出版社,2021-01-01,北京,147,I246.7,584699853152325,IB24G10,2024-10-12 12:31:10,2024-12-25 07:47:02,73 days 19:15:52,1,True
201004448,弦理论,9787562490234,外借,29.0,(美)古布泽著,重庆大学出版社,2017-01-01,重庆,222,O41,455798063370309,IB23G11,2024-10-12 12:41:53,2024-12-12 15:00:55,61 days 02:19:02,0,True
200973358,欧洲的黄昏,9787547318621,外借,45.0,(保加利亚)克拉斯特耶夫著,东方出版中心,2021-01-01,上海,16153,D75,584699845550149,IB24G10,2024-10-12 14:50:56,2024-11-05 16:38:10,24 days 01:47:14,1,True
200690626,Disorder in the Court: Great Fractured Moments in Courtroom History,9780393319286,外借,74.0,"DIXIT, AVINASH; NAL",W. W. Norton & Company,1999-08-17,美国,,347.73,584699880865861,IB24G10,2024-10-12 16:03:40,2024-10-23 10:42:14,10 days 18:38:34,0,True
200967613,力学,9787301094013,外借,50.0,舒幼生著,北京大学出版社,2005-01-01,北京,397,O3,584699877527621,IB24G10,2024-10-14 12:20:03,2024-11-29 11:51:38,45 days 23:31:35,0,True
200884962,挪威的森林,9787532765546,外借,56.0,(日)村上春树著,上海译文出版社,2014-01-01,上海,398,I313.45,450611310915653,IB22G12,2024-10-14 14:36:21,2024-11-11 10:53:02,27 days 20:16:41,0,True
201024177,喧哗与骚动,9787020158584,外借,49.0,(美)福克纳著,人民文学出版社,2019-01-01,北京,10367,I712.45,584699865665605,IB24G10,2024-10-14 15:08:00,2024-10-28 14:21:16,13 days 23:13:16,0,True
200975640,没有人给他写信的上校,9787544292443,外借,35.0,(哥伦)马尔克斯著,南海出版公司,2018-01-01,,109,I775.45,584699865665605,IB24G10,2024-10-14 15:08:00,2024-10-28 14:20:59,13 days 23:12:59,0,True
200874811,教父,9787559424020,外借,89.9,(美)普佐著;姚向辉译,江苏凤凰文艺出版社,2018-01-01,南京,514,I712.45,584699865665605,IB24G10,2024-10-14 15:08:00,2024-11-11 14:59:22,27 days 23:51:22,0,True
200926169,量子经济学,9787504699268,外借,79.0,（加）欧瑞尔著,中国科学技术出版社,2023-01-01,北京,406,F0,450611288313925,IB22G12,2024-10-14 16:40:19,2024-12-03 07:51:13,49 days 15:10:54,0,True
200876203,深度学习：智能时代的核心驱动力量,9787508698359,外借,88.0,"(美)特伦斯·谢诺夫斯基 (Sejnowski, Terrence) 著", 中信出版集团股份有限公司,2019-01-01,北京 ,17378,TP181,584699863957573,IB24G10,2024-10-14 17:14:36,2024-12-13 07:12:08,59 days 13:57:32,1,True
201036556,人工智能简史 ,9787115471604,外借,49.0,尼克 (经济学) 著, 人民邮电出版社,2017-01-01,北京 ,313,TP18,584699863957573,IB24G10,2024-10-14 17:14:42,2024-12-13 07:12:08,59 days 13:57:26,1,True
200845979,逻辑的引擎,9787535794420,外借,49.0,(美)戴维斯著;张卜天译,湖南科学技术出版社,2018-01-01,长沙,291,TP302.2,584699863957573,IB24G10,2024-10-14 17:14:47,2024-12-27 10:18:32,73 days 17:03:45,1,True
200846237,复杂的引擎,9787535794611,外借,59.0,(美)梅菲尔德著;唐璐译,湖南科学技术出版社,2018-01-01,长沙,384,TP301.5-49,584699863957573,IB24G10,2024-10-14 17:14:53,2024-12-13 07:12:08,59 days 13:57:15,1,True
200874170,走出双相情感障碍,9787521744354,外借,58.0,（英）科尼贝尔著,中信出版集团股份有限公司,2022-01-01,北京,232,R749.4,450611296202821,IB22G12,2024-10-14 17:35:22,2025-05-16 12:03:51,213 days 18:28:29,0,True
200692633,Getting Lost,9781913097004,外借,61.0,Annie Ernaux,Fitzcarraldo Editions,2022-09-21,英国,,813.6,455798115651653,IB23G11,2024-10-15 08:13:02,2025-02-21 13:56:15,129 days 05:43:13,0,True
200878639,罪与罚,9787532778188,外借,41.0,(俄)陀思妥耶夫斯基著,上海译文出版社,2018-01-01,上海,532,I512.44,455798117085253,IB23G11,2024-10-15 08:19:39,2025-01-09 12:42:17,86 days 04:22:38,0,True
200990776,维京传奇,9787514619065,外借,70.0,（英）美登编著,中国画报出版社,2020-01-01,北京,256,K530.9,584699853369413,IB24G10,2024-10-15 09:35:03,2024-12-12 17:47:23,58 days 08:12:20,1,True
200871208,北方以北 ,9787559633118,外借,108.0,"(英)巴勒克拉夫 (Barraclough, Eleanor Rosamund) 著", 北京联合出版公司,2019-01-01,北京 ,20376,K530.9,584699853369413,IB24G10,2024-10-15 09:35:24,2025-02-17 07:32:19,124 days 21:56:55,2,True
201057462,如何阅读达尔文,9787568942515,外借,52.0,(英)马克·里德利 ,重庆大学出版社 ,2024-01-01,重庆 ,17168,Q111.2,584699853369413,IB24G10,2024-10-15 09:36:34,2024-12-12 17:47:33,58 days 08:10:59,1,True
201325949,The Tree Book: The Inside Story of Our Greatest Species,9780241487556,外借,136.0,DK,DK Publishing,2022-03-31,英国,,582.16,584699853369413,IB24G10,2024-10-15 10:02:01,2024-12-12 17:47:23,58 days 07:45:22,1,True
200698496,Signet Classics: Jane Eyre,9780451530912,外借,13.0,Charlotte Bronte,Signet,2008-04-01,美国,,823.8,455798100992069,IB23G11,2024-10-15 12:09:49,2024-12-06 07:38:50,51 days 19:29:01,0,True
201300635,Great Expectations,9781847493811,外借,32.0,"Dickens, Charles",ALMA BOOKS,2014-10-15,英国,,823.8,455798100992069,IB23G11,2024-10-15 12:10:06,2024-12-06 07:38:40,51 days 19:28:34,0,True
201046796,夜莺与玫瑰,9787540493127,外借,45.0,（英）王尔德著,湖南文艺出版社,2019-01-01,长沙,186,I561.88,584699859378245,IB24G10,2024-10-15 12:18:15,2024-10-17 08:30:33,1 days 20:12:18,0,True
200862110,追忆逝水年华,9787532762828,外借,48.0,"(法)普鲁斯特 (Proust, Marcel 1871~1922) 著",上海译文出版社,2014-01-01,上海,436,I565.45,584699859378245,IB24G10,2024-10-15 12:18:15,2024-10-17 08:30:33,1 days 20:12:18,0,True
200812852,史记.2,9787101158687,外借,66.8,陈曦著,中华书局,2022-01-01,北京,138422,K204.2,584699864600645,IB24G10,2024-10-15 12:25:06,2025-06-06 14:37:04,234 days 02:11:58,0,True
200817759,四书五经.1,9787101136364,外借,31.4,郭丹等著,中华书局,2019-01-01,北京,305,B222.1,584699864600645,IB24G10,2024-10-15 12:25:14,2025-06-06 14:37:04,234 days 02:11:50,1,True
201027904,三国演义.下,9787020008728,外借,19.5,(明)罗贯中著,人民文学出版社,2017-01-01,北京,990,I242.4,584699836194885,IB24G10,2024-10-15 12:31:32,2025-01-10 11:29:20,86 days 22:57:48,0,True
201027897,三国演义.上,9787020008728,外借,20.0,(明)罗贯中著,人民文学出版社,2017-01-01,北京,990,I242.4,584699836194885,IB24G10,2024-10-15 12:31:41,2024-11-22 07:33:24,37 days 19:01:43,0,True
200807467,华氏451,9787532790036,外借,58.0,"(美)雷·布雷德伯里 (Bradbury, Ray 1920~2012) 著",上海译文出版社,2022-01-01,上海,224,I712.45,584699840745541,IB24G10,2024-10-16 11:18:43,,,0,False
200857885,好笑的爱,9787532789955,外借,72.0,（法）昆德拉著,上海译文出版社有限公司,2022-01-01,上海,347,I565.45,584699859378245,IB24G10,2024-10-16 12:16:06,2024-10-29 17:52:49,13 days 05:36:43,0,True
201043922,规训与惩罚,9787108065841,外借,58.0,(法)福柯 著,生活·读书·新知三联书店,2019-01-01,北京,353,B565.59,584699859378245,IB24G10,2024-10-16 12:16:06,2024-10-30 13:34:16,14 days 01:18:10,0,True
201004554,福柯,9787568918626,外借,48.0,泰勒著,重庆大学出版社,2019-01-01,重庆,253,B565.59,584699859378245,IB24G10,2024-10-16 12:16:06,2024-10-30 13:34:16,14 days 01:18:10,0,True
200859641,想象,9787532764082,外借,48.0,(法)萨特著　杜小真译,上海译文出版社,2014-01-01,上海,188,B565.53,584699859378245,IB24G10,2024-10-16 12:16:06,2024-10-29 17:52:49,13 days 05:36:43,0,True
201008435,犬儒主义,9787100215220,外借,75.0,（英）艾伦著,商务印书馆,2023-01-01,北京,10333,B502.25,584699861790789,IB24G10,2024-10-17 08:30:14,2024-10-31 17:51:19,14 days 09:21:05,0,True
200817651,窄门,9787201141527,外借,45.0,(法)安德烈·纪德(André Gide)著 顾琪静译,天津人民出版社,2018-01-01,天津,171,I565.45,450611290882117,IB22G12,2024-10-17 08:36:11,2024-10-17 16:49:53,0 days 08:13:42,0,True
200933785,自我决定的孤独：难以建立亲密感的社会 ,9787218160177,外借,68.0,(德) 塔登著,广东人民出版社,2023-01-01,广州,196,C912.11-49,450611290882117,IB22G12,2024-10-17 08:36:22,2024-10-23 07:32:30,5 days 22:56:08,0,True
200986923,我的心迟到了：佩索阿情诗,9787533962418,外借,98.0,"（葡）佩索阿 (Pessoa, Fernando Antonio Nogueira) (1888-1935)著",浙江文艺出版社,2020-01-01,杭州,210,I552.25,450611290882117,IB22G12,2024-10-17 08:36:22,2024-11-18 07:36:59,31 days 23:00:37,0,True
200876445,想象一朵未来的玫瑰：佩索阿诗选,9787521700381,外借,59.8,（葡）佩索阿著,中信出版社,2019-01-01,,282,I552.25,450611290882117,IB22G12,2024-10-17 08:36:22,2024-11-26 07:31:20,39 days 22:54:58,0,True
200997314,时间简史,9787535794567,外借,39.0,"(英)霍金著;许明贤,吴忠超译",湖南科学技术出版社,2018-01-01,长沙,190,P19-49,584699863957573,IB24G10,2024-10-17 11:33:15,2024-12-20 08:47:48,63 days 21:14:33,1,True
200986086,火的精神分析,9787100167789,外借,25.0,（法）巴什拉著,商务印书馆,2019-01-01,北京,113,B565.59,584699852910661,IB24G10,2024-10-17 12:16:46,2024-10-17 12:17:46,0 days 00:01:00,1,True
200885569,界限之书,9787559840943,外借,76.0,（法）雅贝斯著,广西师范大学出版社,2021-01-01,桂林,429,I565.45,584699852910661,IB24G10,2024-10-17 12:16:56,2024-12-20 08:47:10,63 days 20:30:14,1,True
200882054,权力意志与永恒轮回,9787532772360,外借,49.0,(德)尼采著　(德)沃尔法特著　虞龙发译,上海译文出版社,2016-01-01,上海,331,B516.47,584699852910661,IB24G10,2024-10-17 12:17:03,2024-12-20 08:47:10,63 days 20:30:07,1,True
200986086,火的精神分析,9787100167789,外借,25.0,（法）巴什拉著,商务印书馆,2019-01-01,北京,113,B565.59,584699852910661,IB24G10,2024-10-17 12:37:16,2024-12-20 08:47:12,63 days 20:09:56,1,True
200692456,（PEL) Heart of Darkness,9780141199788,外借,20.0,Joseph Conrad,Penguin UK,2016-09-21,英国,,823.912,450611289337925,IB22G12,2024-10-17 12:41:43,2024-12-11 11:05:31,54 days 22:23:48,0,True
201301153,Sophie’s World,9780374530716,外借,66.0,Jostein Gaarder,Macmillan US,2007-03-20,美国,,839.82374,450611289337925,IB22G12,2024-10-17 12:41:43,2025-02-18 11:37:25,123 days 22:55:42,0,True
201323674,Waves,9780241372081,外借,55.0,"Woolf, Virginia",Penguin Books Ltd,2019-04-04,,288,823.912,450611289337925,IB22G12,2024-10-17 12:41:43,2025-02-18 11:37:25,123 days 22:55:42,0,True
200841820,一地鸡毛,9787536096608,外借,60.0,刘震云 著,花城出版社,2022-01-01,广州,503,I247.7,584699864600645,IB24G10,2024-10-17 17:40:49,2025-06-06 14:41:55,231 days 21:01:06,0,True
200942659,人生最美是清欢,9787530215401,外借,49.5,林清玄著,北京十月文艺出版社,2016-01-01,北京,249,I267,584699864600645,IB24G10,2024-10-17 17:40:55,,,0,False
201314755,Pearson Chemistry for the IB Diploma SL,9781292427690,外借,335.0,"Brown, Catrin; Ford, Mike; Canning, Oliver; Economou, Andreas; Irwin, Garth",Pearson Education Limited,2023-04-14,London,656,IB-4-CH-3,584699880865861,IB24G10,2024-10-18 08:59:27,2024-11-11 15:44:48,24 days 06:45:21,0,True
200839600,凡尔登战役,9787565842740,外借,88.0,霍恩著,汕头大学出版社,2021-01-01,汕头,456,E194.4,584699877527621,IB24G10,2024-10-18 12:16:37,2024-11-28 11:09:49,40 days 22:53:12,0,True
200950621,契诃夫短篇小说集,9787540237004,外借,29.0,(俄罗斯)契诃夫著,北京燕山出版社,2017-01-01,北京,387,I512.44,584699866955845,IB24G10,2024-10-18 12:41:51,2024-11-22 08:48:53,34 days 20:07:02,0,True
200979281,平面国：多维空间传奇往事,9787553520643,外借,39.8,"(英)埃德温·艾勃特(Abbott, Edwin A. ,1838-1926) 著", 上海文化出版社,2020-01-01,上海 ,198,I561.45,584699866955845,IB24G10,2024-10-18 12:41:56,2024-10-22 11:52:59,3 days 23:11:03,0,True
200827445,剑桥艺术史·下,9787544792028,外借,249.0,(美)伍德福德著,译林出版社,2023-01-01,南京,499,J110.9,450611283214405,IB22G12,2024-10-18 12:57:15,2024-12-05 18:04:22,48 days 05:07:07,0,True
200847806,中国传统色：故宫里的色彩美学 ,9787521716054,外借,168.0,郭浩 (文化) 著, 中信出版集团股份有限公司,2020-01-01,北京 ,13279,J063,450611283214405,IB22G12,2024-10-18 12:57:44,2024-10-21 17:39:15,3 days 04:41:31,0,True
200821389,革命的年代:1789-1848,9787508674612,外借,78.0,(英)霍布斯鲍姆著;王章辉译,中信出版社,2017-01-01,北京,368,K1,584699864600645,IB24G10,2024-10-18 13:25:57,2025-06-06 14:37:04,231 days 01:11:07,0,True
200697157,The Masque of the Red Death,9780241573754,外借,47.0,Edgar Allan Poe,Penguin UK,2022-08-25,英国,,813.3,455798118166597,IB23G11,2024-10-18 14:11:25,2025-01-08 14:29:49,82 days 00:18:24,1,True
201322087,Born a crime : stories from a South African childhood,9780399588198,外借,120.0,"Noah, Trevor, 1984-",Karl Blessing Verlag GmbH,2016-01-01,New York,288,791.45,455798118166597,IB23G11,2024-10-18 14:11:25,2025-01-08 14:29:49,82 days 00:18:24,1,True
201301938,Philosophy of Science: Very Short Introduction,9780198745587,外借,53.0,"Okasha, Samir",Oxford University Press UK,2016-07-28,英国,,193,584699858317381,IB24G10,2024-10-21 11:27:01,,,1,False
201300653,Little Fires Everywhere(EXP),9780735224315,外借,49.0,Celeste Ng,Penguin USA,2019-05-07,美国,,813.6,584699858317381,IB24G10,2024-10-21 12:03:37,2024-11-04 19:17:22,14 days 07:13:45,0,True
201042362,棋王树王孩子王 ,9787539990583,外借,38.0,阿城 (1949~) 著, 江苏凤凰文艺出版社,2016-01-01,南京 ,179,I247.57,584699865239621,IB24G10,2024-10-21 12:17:10,2024-11-25 07:39:08,34 days 19:21:58,0,True
200877382,如果我们的语言是威士忌,9787532763238,外借,45.0,(日)村上春树,上海译文出版社,2018-01-01,上海,105,I313.65,450611282698309,IB22G12,2024-10-21 12:41:11,2024-10-22 12:23:37,0 days 23:42:26,0,True
200945111,穆斯林的葬礼,9787530222362,外借,68.0,霍达著,北京十月文艺出版社,2022-01-01,北京,620,I247.5,455798100992069,IB23G11,2024-10-21 17:09:29,2024-12-06 07:38:45,45 days 14:29:16,0,True
201053340,云边有个小卖部,9787540487645,外借,42.0,张嘉佳著,湖南文艺出版社,2018-01-01,长沙,306,I247.5,584699848413253,IB24G10,2024-10-22 10:38:32,2024-12-24 07:15:04,62 days 20:36:32,1,True
200888236,"在春天,去看一个人",9787550022829,外借,58.0,沈从文著,百花洲文艺出版社,2018-01-01,南昌,316,I246.7,450611282698309,IB22G12,2024-10-22 12:38:39,2024-11-27 08:52:42,35 days 20:14:03,0,True
200882526,基督山伯爵:全2册-上册,9787532778140,外借,44.5,(法)大仲马著,上海译文出版社,2018-01-01,上海,693,I565.44,584699888308293,IB24G10,2024-10-22 14:51:47,2024-11-19 10:23:10,27 days 19:31:23,0,True
200837103,希波战争,9787557027476,外借,84.0,（英）格林著,广东旅游出版社,2022-01-01,广州,26434,K125,584699851386949,IB24G10,2024-10-22 17:17:12,2024-10-24 17:51:08,2 days 00:33:56,0,True
200800696,关于女儿,9787559851987,外借,42.0,金惠珍著,广西师范大学出版社,2022-01-01,桂林,217,I312.645,450611283214405,IB22G12,2024-10-23 09:50:15,2024-11-13 14:58:07,21 days 05:07:52,0,True
200895371,烧纸,9787307207004,外借,58.0,（韩）李沧东著,武汉大学出版社,2020-01-01,武汉,310,I312.645,450611283214405,IB22G12,2024-10-23 09:50:18,2024-11-13 14:58:07,21 days 05:07:49,0,True
200864788,平原上的摩西,9787547737941,外借,59.0,双雪涛 (1983~) 著,北京日报出版社,2021-01-01,北京,282,I247.7,584699858317381,IB24G10,2024-10-23 12:07:15,,,1,False
200970841,国富论,9787519015084,外借,34.0,(英)斯密著;陈虹译,中国文联出版公司,2016-01-01,北京,658,F091.33,584699866521669,IB24G10,2024-10-23 12:34:10,2025-01-10 07:31:09,78 days 18:56:59,0,True
201312631,The Habsburg Empire: A Very Short Introduction,9780198792963,外借,48.0,Martyn Rady,Oxford University Press UK,2017-06-01,英国,,943.6,584699839656005,IB24G10,2024-10-23 14:21:11,2024-10-31 08:46:01,7 days 18:24:50,0,True
200804610,美丽与哀愁.3,9787220128165,外借,49.6,（日）川端康成著,四川人民出版社,2023-01-01,成都,241,I313.45,450611307655237,IB22G12,2024-10-23 16:53:08,2025-04-22 15:10:11,180 days 22:17:03,0,True
201018709,失落的秘符,9787020126972,外借,79.0,(美)布朗著,人民文学出版社,2017-01-01,北京,503,I712.45,584699875364933,IB24G10,2024-10-23 17:38:20,2024-11-11 13:29:41,18 days 19:51:21,0,True
200986709,永恒的王妃,9787229143510,外借,88.8,（英）格里高利著,重庆出版社,2021-01-01,重庆,435,I561.45,584699880865861,IB24G10,2024-10-23 17:59:14,2024-10-28 15:53:25,4 days 21:54:11,0,True
200954413,舞台灯光设计概要,9787104020578,外借,46.0,冯德仲著,中国戏剧出版社,2007-01-01,北京,200,J814.4,584699880865861,IB24G10,2024-10-23 17:59:14,2024-12-11 10:29:58,48 days 16:30:44,0,True
200873965,贫穷的本质 ,9787508687216,外借,58.0,"(印)班纳吉 (Banerjee, Abhijit V.) 著", 中信出版集团股份有限公司,2018-01-01,北京 ,12317,F113.9,584699880865861,IB24G10,2024-10-23 18:00:25,2024-12-11 10:30:00,48 days 16:29:35,0,True
200827436,剑桥艺术史·上,9787544792028,外借,249.0,(美)伍德福德著,译林出版社,2023-01-01,南京,499,J110.9,450611283214405,IB22G12,2024-10-24 11:47:10,2024-12-05 18:04:22,42 days 06:17:12,0,True
200847183,爱你就像爱生命,9787530220252,外借,49.0,王小波著,北京十月文艺出版社,2021-01-01,北京,212,K825.6,584699865239621,IB24G10,2024-10-24 11:54:59,2024-11-19 11:53:44,25 days 23:58:45,0,True
200834106,货币幻觉,9787559846402,外借,59.0,（美）费雪著,广西师范大学出版社,2022-01-01,桂林,171,F82,584699861340229,IB24G10,2024-10-24 12:10:13,2024-11-28 07:34:36,34 days 19:24:23,0,True
200876436,谁动了我的奶酪?,9787521714586,外借,45.0,（美）约翰逊著,中信出版集团股份有限公司,2020-01-01,北京,106,B825-49,584699865239621,IB24G10,2024-10-24 12:11:01,2024-10-24 16:33:02,0 days 04:22:01,0,True
201029779,当下的力量:白金版,9787508661766,外借,59.0,(德)托利著;曹植译,中信出版社,2016-01-01,北京,260,B821-49,584699865239621,IB24G10,2024-10-24 12:11:06,2024-12-02 07:23:59,38 days 19:12:53,1,True
200872458,猫和狗的生活哲学,9787572604164,外借,65.0,简单心理著,湖南文艺出版社,2022-01-01,长沙,294,B821-49,584699865239621,IB24G10,2024-10-24 12:11:15,2024-11-18 12:25:22,25 days 00:14:07,0,True
200866697,世界尽头的咖啡馆 ,9787201146171,外借,45.0,"(美)施特雷勒基 (P. Strelecky, John 1969~) 著", 天津人民出版社,2019-01-01,天津 ,122,B821-49,584699865239621,IB24G10,2024-10-24 12:11:21,2024-11-13 16:46:16,20 days 04:34:55,0,True
200923411,人生无真相,9787559663283,外借,59.0,南怀瑾著,北京联合出版公司,2022-01-01,北京,284,B821-49,584699865239621,IB24G10,2024-10-24 12:11:25,2024-11-28 07:21:17,34 days 19:09:52,1,True
200837087,伊朗简史,9787513932905,外借,80.0,（英）阿克斯沃西著,民主与建设出版社有限责任公司,2020-01-01,北京,380,K373,584699851386949,IB24G10,2024-10-24 12:17:15,2024-11-25 07:29:35,31 days 19:12:20,0,True
201025602,AI经济,9787213100970,外借,109.0,(英)布特尔著,浙江人民出版社,2021-01-01,杭州,352,F0-39,584699863109701,IB24G10,2024-10-24 15:51:19,,,0,False
200804264,最后的讲义,9787556709434,外借,42.0,西原理惠子著,海峡书局,2022-01-01,福州,118,B821-49,584699865239621,IB24G10,2024-10-24 15:51:20,2024-10-24 15:51:36,0 days 00:00:16,0,True
200953628,寻求平衡,9787211089819,外借,56.0,贞尧仔著,福建人民出版社,2023-01-01,福州,350,B821-49,584699865239621,IB24G10,2024-10-24 15:55:19,2024-12-16 07:31:03,52 days 15:35:44,1,True
201051681,悲伤即成长,9787115598561,外借,59.8,(美)芬奇著,人民邮电出版社,2022-01-01,北京,278,B821-49,584699865239621,IB24G10,2024-10-24 15:55:24,2024-11-25 07:39:05,31 days 15:43:41,1,True
200885300,"不完美,才美",9787550267381,外借,55.0,海蓝博士著,北京联合出版公司,2016-01-01,北京,245,B821-49,584699865239621,IB24G10,2024-10-24 15:55:29,2024-12-16 07:31:01,52 days 15:35:32,0,True
200847209,黄金时代,9787530220290,外借,59.0,王小波著,北京十月文艺出版社,2021-01-01,北京,244,I247.5,584699865665605,IB24G10,2024-10-24 16:05:14,2024-11-11 14:59:22,17 days 22:54:08,0,True
201022909,额尔古纳河右岸 ,9787020139590,外借,32.0,迟子建 (1964~) 著, 人民文学出版社,2010-01-01,北京 ,266,I247.5,584699865665605,IB24G10,2024-10-24 16:05:14,2024-11-11 14:59:22,17 days 22:54:08,0,True
201037751,我们仨,9787108051714,外借,35.0,杨绛著,生活·读书·新知三联书店,2016-01-01,北京,179,I267,584699865665605,IB24G10,2024-10-24 16:05:14,2024-10-28 14:21:06,3 days 22:15:52,0,True
200846549,百年孤独,9787544291170,外借,55.0,(哥伦)马尔克斯,南海出版公司,2017-01-01,海口,360,I775.45,584699865665605,IB24G10,2024-10-24 16:14:00,2024-10-28 14:21:06,3 days 22:07:06,0,True
200872467,猫和狗的生活哲学,9787572604164,外借,65.0,简单心理著,湖南文艺出版社,2022-01-01,长沙,294,B821-49,450611296985157,IB22G12,2024-10-24 16:38:20,2024-12-26 08:30:00,62 days 15:51:40,0,True
201306719,Signet Classics: Wuthering Heights,9780451531797,外借,9.0,Emily Bronte,Signet,2011-03-01,美国,,823.8,584699856592965,IB24G10,2024-10-24 16:47:15,2024-12-09 11:04:24,45 days 18:17:09,1,True
201320089,Elon Musk: How the Billionaire CEO of SpaceX and ...,9780753555644,外借,75.0,"Vance, Ashlee",Ebury Publishing,2016-03-10,,416,338.7629,584699851841605,IB24G10,2024-10-24 18:03:21,2025-04-17 14:10:55,174 days 20:07:34,0,True
201301741,Brief Answers to the Big Questions,9781473695993,外借,49.0,Stephen Hawking,John Murray Publisher,2020-03-05,英国,,500,584699851841605,IB24G10,2024-10-24 18:03:21,2024-12-30 08:04:07,66 days 14:00:46,0,True
201307488,55 Successful Harvard Law Essays （2nd Edition）,9781250047236,外借,50.0,Staff of the Harvard Crimson,Square Fish,2014-07-08,美国,,340.07,584699851841605,IB24G10,2024-10-24 18:03:21,2024-12-30 08:04:07,66 days 14:00:46,0,True
201017372,不原谅也没关系,9787571425517,外借,89.0,(美)沃克著,北京科学技术出版社,2023-01-01,北京,344,R749.05,450611296985157,IB22G12,2024-10-25 09:20:41,2024-12-26 08:30:15,61 days 23:09:34,0,True
200964572,审美人类学,9787503971327,外借,128.0,向丽著,文化艺术出版社,2022-01-01,北京,624,B83-05,450611296985157,IB22G12,2024-10-25 09:20:49,2024-12-26 08:30:15,61 days 23:09:26,0,True
201617679,我们生活在巨大的差距里,9787530223970,外借,59.0,余华 著,北京十月文艺出版社 ,2024-01-01,北京 ,280,I267.1,584699865239621,IB24G10,2024-10-25 11:12:22,2024-12-23 07:30:00,58 days 20:17:38,1,True
200856635,卡夫卡小说全集. 变形记,9787532787654,外借,110.0,(奥)卡夫卡著　张荣昌译,上海译文出版社,2021-01-01,上海,555,I521.44,584699852693573,IB24G10,2024-10-25 11:16:12,,,0,False
200974204,曹禺戏剧选 ,9787530221020,外借,69.8,曹禺 (1910~1996) 著, 北京十月文艺出版社,2021-01-01,北京 ,598,I234,584699852693573,IB24G10,2024-10-25 11:16:25,2024-11-25 16:37:13,31 days 05:20:48,0,True
201006883,索姆河战役,9787507551570,外借,75.0,巴肯著,华文出版社,2019-01-01,北京,262,E194.4,584699852693573,IB24G10,2024-10-25 11:16:25,2024-11-15 14:41:49,21 days 03:25:24,0,True
200901783,索姆河战役,9787515103884,外借,34.8,段雪莲著,西苑出版社,2013-01-01,北京,272,E194.4,584699852693573,IB24G10,2024-10-25 11:16:25,2024-11-15 14:41:49,21 days 03:25:24,1,True
200924955,苦炼,9787542674173,外借,68.0,（法）尤瑟纳尔著,上海三联书店,2021-01-01,上海,403,I565.45,584699859378245,IB24G10,2024-10-25 11:37:43,2024-11-21 14:34:26,27 days 02:56:43,0,True
200860238,阿莱夫,9787532773206,外借,39.0,(阿根廷)博尔赫斯著;王永年等译,上海译文出版社,2017-01-01,上海,203,I783.15,455797921001541,IB23G11,2024-10-25 12:15:22,2024-10-29 09:26:40,3 days 21:11:18,0,True
200967392,文学术语词典,9787301249987,外借,138.0,(美)艾布拉姆斯著;吴松江译,北京大学出版社,2014-01-01,北京,865,I-61,455797997994053,IB23G11,2024-10-25 14:46:00,2024-12-26 09:23:59,61 days 18:37:59,0,True
201011840,文学理论入门,9787544729666,外借,39.0,(美)卡勒著;李平译,译林出版社,2013-01-01,南京,143,I0,455797997994053,IB23G11,2024-10-25 14:46:00,2025-04-08 17:06:27,165 days 02:20:27,0,True
201046073,给青年的二十七堂文学课,9787513136891,外借,39.8,叶圣陶著,开明出版社,2017-01-01,北京,204,I-49,455797997994053,IB23G11,2024-10-25 14:46:00,2025-04-08 17:06:27,165 days 02:20:27,0,True
200917464,"大秦帝国·第二部, 国命纵横. 下卷",9787208152472,外借,58.0,孙皓晖著,上海人民出版社,2019-01-01,上海,426,I247.53,584699884843077,IB24G10,2024-10-28 07:26:24,2024-11-07 19:48:19,10 days 12:21:55,0,True
200987628,货币的购买力,9787100203944,外借,86.0,（美）费雪著,商务印书馆,2021-01-01,北京,544,F820,584699861340229,IB24G10,2024-10-28 12:11:41,2024-12-12 07:38:54,44 days 19:27:13,0,True
200827098,娱乐何为,9787521704815,外借,38.0,韩炳哲著,中信出版集团股份有限公司,2019-01-01,北京,190,B0,584699861340229,IB24G10,2024-10-28 12:11:41,2024-11-12 11:24:18,14 days 23:12:37,0,True
200974222,阿勒泰的角落,9787513312530,外借,36.0,李娟著,新星出版社,2013-01-01,北京,281,I267,584699880865861,IB24G10,2024-10-28 16:05:21,2024-11-04 16:27:21,7 days 00:22:00,0,True
200699510,I Know This to Be True: Ruth Bader Ginsburg ( I Know This to Be True ),9781797200163,外借,66.0,"Geoff Blackwell,Ruth Hobday",Chronicle Books,2020-03-24,美国,,347.73,584699880865861,IB24G10,2024-10-28 16:05:21,2024-11-04 16:27:27,7 days 00:22:06,0,True
200972126,一战史 ,9787301297995,外借,98.0,"(英)基根 (Keegan, John 1934~2012) 著", 北京大学出版社,2018-01-01,北京 ,429,K143,455798092681285,IB23G11,2024-10-28 16:35:43,2025-01-09 17:12:14,73 days 00:36:31,1,True
200875963,基因：不平等的遗传,9787508680743,外借,58.0,"(美)道尔顿·康利 (Conley, Dalton) 著", 中信出版集团股份有限公司,2018-01-01,北京 ,360,Q343.1-49,455798092681285,IB23G11,2024-10-28 16:36:06,2025-01-09 17:12:42,73 days 00:36:36,1,True
201011564,中国哲学简史,9787301215692,外借,49.0,冯友兰著,北京大学出版社,2013-01-01,北京,325,B2,455798092681285,IB23G11,2024-10-28 16:37:58,2024-10-28 16:55:02,0 days 00:17:04,0,True
200814921,日军“慰安妇”研究,9787512636217,外借,68.0,苏智良著,团结出版社,2015-01-01,北京,376,K313.46,455798092681285,IB23G11,2024-10-28 16:55:42,2025-01-09 17:12:25,73 days 00:16:43,1,True
200879923,从“童怀周”到审江青,9787515304717,外借,31.0,汪文风著,中国青年出版社,2012-01-01,北京,236,D652,455798092681285,IB23G11,2024-10-28 16:55:48,2025-01-09 17:12:14,73 days 00:16:26,1,True
200829915,现代拉丁美洲文学,9787544781015,外借,39.0,(美)埃切维里亚著,译林出版社,2020-01-01,南京,126,I730.65,455797921001541,IB23G11,2024-10-29 08:56:48,2024-12-24 08:13:15,55 days 23:16:27,0,True
200032035,Campbell Essential Biology (6th Edition),9780133917789,外借,1060.0,Simon Dickey Hogan Reece,,,,452,IB-4-BI-2,584699868303429,IB24G10,2024-10-29 14:40:37,,,0,False
201314595,Pearson Biology for the IB Diploma Standard Level,9781292427737,外借,335.0,,Pearson Education Limited,2023-04-19,,656,IB-4-BI-2,584699870457925,IB24G10,2024-10-29 14:40:48,,,0,False
200357817,Chemistry for the Ib Diploma Workbook With CD-ROM,9781316634950,外借,186.0,"Paris, Jacqueline",Cambridge University Press,,,0,IB-4-CH-3,584699870457925,IB24G10,2024-10-29 14:41:05,,,0,False
201312757,Literary Theory: A Very Short Introduction,9780199691340,外借,48.0,Jonathan Culler,Oxford University Press UK,2011-07-28,英国,,801.95,450611283214405,IB22G12,2024-10-29 15:16:17,2025-01-03 09:55:21,65 days 18:39:04,0,True
200860390,另一个，同一个,9787532772520,外借,41.0,(阿根廷)博尔赫斯著,上海译文出版社,2016-01-01,上海,74,I783.15,450611279773765,IB22G12,2024-10-29 16:17:25,2024-11-26 17:06:30,28 days 00:49:05,1,True
201049908,万物归一,9787559823168,外借,45.0,（美）狄勒德著,广西师范大学出版社,2022-01-01,桂林,110,I712.65,450611279773765,IB22G12,2024-10-29 16:20:56,2024-10-30 16:35:02,1 days 00:14:06,0,True
200872797,伊斯坦布尔三城记 ,9787542667076,外借,138.0,"(英)贝塔妮·休斯 (Hughes, Bettany) 著", 上海三联书店,2019-01-01,上海 ,650,K937.4,450611289841733,IB22G12,2024-10-29 16:33:03,2025-01-10 12:13:18,72 days 19:40:15,0,True
200870352,新哲人,9787521743920,外借,59.0,澳大利亚新哲人编辑部著,中信出版集团股份有限公司,2022-01-01,北京,132,B1,584699859378245,IB24G10,2024-10-30 17:06:28,2024-10-31 07:56:16,0 days 14:49:48,0,True
200977997,存在与时间,9787559814487,外借,45.0,陈嘉映著,广西师范大学出版社,2019-01-01,桂林,317,B086,584699859378245,IB24G10,2024-10-30 17:06:28,2024-12-05 16:18:14,35 days 23:11:46,0,True
200856207,康德 ,9787108065490,外借,32.0,"库尔-旺特 (Kul-Want, Christopher) (英) 文", 生活·读书·新知三联书店,2019-01-01,北京 ,177,B516.31,450611279773765,IB22G12,2024-10-30 17:12:07,2024-12-24 17:17:52,55 days 00:05:45,1,True
200801356,制造宠物,9787545219531,外借,78.0,（美）段义孚著,上海光启书局有限公司,2022-01-01,上海,10300,S865.3-091,455798092681285,IB23G11,2024-10-30 17:18:00,2025-01-09 17:13:04,70 days 23:55:04,1,True
200686686,never let me go,9780571224142,外借,35.0,Kazuo Ishiguro,Faber and Faber,2006-03-14,英国,,823.91,584699852693573,IB24G10,2024-10-30 17:25:33,,,0,False
200870307,星空故事：88站夜空漫游指南,9787559630148,外借,326.0,"(英)苏珊娜·希斯洛普 (Hislop, Susanna) 著", 北京联合出版公司,2019-01-01,北京 ,197,P151-49,584699875807301,IB24G10,2024-10-30 17:58:56,2024-11-25 17:21:13,25 days 23:22:17,1,True
200990008,时间简史,9787535732309,外借,45.0,(英)霍金著;许明贤译,湖南科学技术出版社,2007-01-01,长沙,245,P159,584699875807301,IB24G10,2024-10-30 17:59:12,2024-10-31 14:55:53,0 days 20:56:41,0,True
201034665,从到1:开启商业与未来的秘密,9787508649719,外借,69.0,"(美)蒂尔著,高玉芳译",中信出版社,2015-01-01,北京,260,F270,584699871535173,IB24G10,2024-10-31 07:27:09,2024-12-02 07:51:58,32 days 00:24:49,0,True
200686891,The Pursuit of Glory,9780140166675,外借,100.0,"Blanning, Tim",penguin uk,2008-02-28,英国,,940.25,584699839656005,IB24G10,2024-10-31 08:54:14,,,0,False
201318591,The Bell Jar,9780061148514,外借,83.0,"Plath, Sylvia",Harper Perennial,2013-06-11,New York,243,813.54,450611288834117,IB22G12,2024-10-31 15:07:03,2025-01-08 08:17:37,68 days 17:10:34,1,True
200890946,索拉里斯星 ,9787544782173,外借,49.0,"(波)斯坦尼斯瓦夫·莱姆(Lem, Stanislaw) 著", 译林出版社,2021-01-01,南京 ,254,I513.45,455798036811845,IB23G11,2024-10-31 16:04:58,2025-01-10 09:56:52,70 days 17:51:54,0,True
200907082,平面设计完全手册,9787530470954,外借,89.0,(德)韦格著,北京科学技术出版社,2017-01-01,北京,470,J506,450611279773765,IB22G12,2024-10-31 17:44:21,2024-12-24 17:17:52,53 days 23:33:31,1,True
201034781,透过佛法看世界:给寻找答案的人,9787508646978,外借,39.8,希阿荣博堪布著,中信出版社,2014-01-01,北京,321,B948,450611290882117,IB22G12,2024-11-01 07:40:55,2024-12-23 09:45:15,52 days 02:04:20,1,True
200825928,查理一世,9787545562354,外借,88.0,(英）莱尔著,天地出版社,2021-01-01,成都,11414,K835.61,584699846684741,IB24G10,2024-11-01 08:08:59,2024-11-20 13:07:41,19 days 04:58:42,0,True
200912085,叔本华思想随笔,9787208157415,外借,78.0,（德）叔本华著,上海人民出版社,2019-01-01,上海,346,B516.41,584699854663749,IB24G10,2024-11-01 08:52:21,2024-12-27 14:22:57,56 days 05:30:36,1,True
200919792,灿烂千阳,9787208072107,外借,49.0,"(美)胡赛尼 (Hosseini, Khaled 1965~) 著", 上海人民出版社,2007-01-01,上海,428,I712.45,584699880624197,IB24G10,2024-11-01 09:54:39,2024-12-27 15:41:19,56 days 05:46:40,0,True
200879781,海浪 ,9787532757459,外借,45.0,"(英)弗吉尼亚·吴尔夫 (女，Woolf, Virginia 1882~1941) 著", 上海译文出版社,2012-01-01,上海 ,11271,I561.45,584699859378245,IB24G10,2024-11-01 11:07:51,2024-11-04 19:33:29,3 days 08:25:38,0,True
200192594,国际文凭大学预科项目中文A课程文学术语手册,9789620440151,外借,95.0,董宁著,三联书店(香港)有限公司,2016-01-01,香港,309,IB-1-CH-1,455797975019589,IB23G11,2024-11-01 12:36:21,,,0,False
200987218,红与黑,9787201108186,外借,42.0,(法)司汤达著;罗新璋译,天津人民出版社,2016-01-01,天津,471,I565.44,584699858526277,IB24G10,2024-11-04 10:49:38,2024-12-06 11:50:32,32 days 01:00:54,0,True
200948699,基因开关,9787500170952,外借,58.0,（日）生田哲著,中译出版社,2022-01-01,北京,12197,Q3-49,584699859591237,IB24G10,2024-11-04 10:58:50,2024-11-05 17:39:46,1 days 06:40:56,0,True
201311847,The Chalk Man,9781405930956,外借,35.0,CJ Tudor,Penguin UK,2018-08-23,英国,,823.92,584699842498629,IB24G10,2024-11-04 11:27:30,2024-12-05 12:26:34,31 days 00:59:04,0,True
200815314,普林斯顿微积分读本,9787115435590,外借,99.0,"(美)班纳 (Banner, Adrian ) 著",人民邮电出版社,2016-01-01,北京,648,O172,584699859378245,IB24G10,2024-11-04 15:16:27,2024-11-27 06:38:47,22 days 15:22:20,0,True
201324209,"The new Avengers : Vol. 8,. Secret invasion book 1",9780785132974,外借,73.0,"Bendis, Brian Michael",,,,,741.5973,450611283214405,IB22G12,2024-11-04 16:31:44,2025-01-03 09:55:21,59 days 17:23:37,0,True
200850409,鹿鼎记 .一,9787546213415,外借,36.0,金庸 (1924~2018) 著, 广州出版社,2013-01-01,广州 ,1823,I247.5,584699851386949,IB24G10,2024-11-04 17:42:51,2024-11-05 11:16:51,0 days 17:34:00,0,True
200879790,空间的诗学,9787532761913,外借,43.0,(法)巴什拉著　张逸婧译,上海译文出版社,2013-01-01,上海,312,B565.59,584699859378245,IB24G10,2024-11-04 19:40:27,2024-11-27 06:38:47,22 days 10:58:20,0,True
Z0032294,现代高级英汉·汉英类义联想词典,7535128629,外借,98.0,胡汉舫,湖北教育出版社,2002-01-01,武汉,1718,H316,450611250929733,IB22G12,2024-11-05 10:46:03,2024-11-05 14:06:59,0 days 03:20:56,0,True
200319921,牛津袖珍英汉双解词·第11版,9787521300628,外借,75.9,(英)莫里斯·韦斯主编,外语教学与研究出版社,2018-01-01,北京,1562,H316,450611250929733,IB22G12,2024-11-05 10:46:26,2024-11-05 14:06:51,0 days 03:20:25,0,True
Z0035221,汉英词典,7560013252,外借,69.9,"北京外国语大学,英语系词典组编",外语教学与研究出版社,1997-01-01,北京,1752,H316,450611250929733,IB22G12,2024-11-05 10:46:33,2024-11-05 14:06:53,0 days 03:20:20,0,True
Z0064962,精选英汉汉英词典(第4版),7100059453,外借,48.0,吴景荣等编,商务印书馆,2010-01-01,北京,696,H316,450611250929733,IB22G12,2024-11-05 10:47:42,2024-11-05 14:06:42,0 days 03:19:00,0,True
200857180,纯真年代,9787532773459,外借,48.0,(美)华顿著　吴其尧译,上海译文出版社,2017-01-01,上海,388,I712.45,584699859378245,IB24G10,2024-11-05 16:03:32,2024-11-11 12:31:42,5 days 20:28:10,0,True
200877462,牛虻,9787532778317,外借,30.0,(爱尔兰)伏尼契著,上海译文出版社,2018-01-01,上海,351,I562.44,584699859378245,IB24G10,2024-11-05 16:03:39,2024-11-11 11:39:31,5 days 19:35:52,0,True
200879629,印度,9787532786992,外借,68.0,（法）杜拉斯著,上海译文出版社,2020-01-01,上海,460,I565.35,584699859378245,IB24G10,2024-11-05 16:03:46,2024-11-11 11:39:31,5 days 19:35:45,0,True
200861745,罪与罚,9787532752485,外借,42.0,(俄)陀思妥耶夫斯基著,上海译文出版社,2011-01-01,上海,532,I512.44,584699851386949,IB24G10,2024-11-05 16:52:52,2024-11-29 12:29:18,23 days 19:36:26,0,True
201031070,净化基因,9787521715118,外借,65.0,"(美)本·林奇 (Lynch, Ben 1974~) 著", 中信出版集团股份有限公司,2020-01-01,北京 ,442,Q343.1,584699859591237,IB24G10,2024-11-05 19:58:38,2024-11-14 16:22:58,8 days 20:24:20,0,True
201058595,一个人的美食跑跑跑,9787535666031,外借,45.0,(日)高木直子编,湖南美术出版社,2013-01-01,长沙,169,J238.2,455798057603141,IB23G11,2024-11-05 20:26:18,,,0,False
200861790,都柏林人,9787532773442,外借,32.0,(爱尔兰)乔伊斯著;王逢振译,上海译文出版社,2016-01-01,上海,230,I562.45,455798058967109,IB23G11,2024-11-05 20:33:38,2025-01-02 16:51:07,57 days 20:17:29,1,True
201058568,一个人暖呼呼,9787550289215,外借,49.9,（日）高木直子著,北京联合出版公司,2016-01-01,北京,173,J238.2,455798058967109,IB23G11,2024-11-05 20:34:17,2025-01-02 16:51:13,57 days 20:16:56,1,True
200987021,微积分的计算：数理经济学与统计经济学辅助教程 ,9787100205900,外借,26.0,"(美) 费雪( Fisher, Irving)著",商务印书馆,2022-01-01,北京,89,O172,584699862896709,IB24G10,2024-11-06 15:43:41,2025-02-24 15:30:36,109 days 23:46:55,0,True
200983472,垃圾DNA ,9787229117498,外借,39.8,"(英)内莎·凯里 (女，Carey, Nessa) 著", 重庆出版社,2017-01-01,重庆 ,220,Q523-49,584699859591237,IB24G10,2024-11-06 19:43:52,2024-11-14 15:50:48,7 days 20:06:56,0,True
200689362,The Ender Quintet #5： Ender in Exile,9781250773111,外借,31.0,Orson Scott Card,TOR Books,2021-08-24,美国,,813.54,584699874517061,IB24G10,2024-11-06 19:52:11,2025-01-02 17:02:20,56 days 21:10:09,0,True
200693160,The Lost Symbol,9781400079148,外借,38.0,Dan Brown,Anchor Books,2010-10-19,美国,,813.54,584699874517061,IB24G10,2024-11-06 19:52:11,2025-01-02 17:02:20,56 days 21:10:09,0,True
200880591,香水,9787532745449,外借,48.0,(德)聚斯金德著;李清华译,上海译文出版社,2014-01-01,上海,272,I516.45,455798081712197,IB23G11,2024-11-06 20:46:53,2024-11-26 16:44:56,19 days 19:58:03,0,True
200981278,香水 : 气味的炼金术,9787559835352,外借,98.0,"(法)让-克罗德·艾列纳 (Ellena, Jean-Claude) (1947~) 著",广西师范大学出版社,2021-01-01,桂林,363,TQ658.1,450611328335941,IB22G12,2024-11-07 09:25:26,2024-12-23 11:17:21,46 days 01:51:55,0,True
200032053,Campbell Essential Biology (6th Edition),9780133917789,外借,1060.0,Simon Dickey Hogan Reece,,,,452,IB-4-BI-2,584699868303429,IB24G10,2024-11-07 09:40:10,2024-11-07 15:48:50,0 days 06:08:40,0,True
201301858,The Picture of Dorian Gray,9780785839972,外借,42.0,Oscar Wilde,Chartwell Books,2021-10-19,英国,,823.8,455798116724805,IB23G11,2024-11-07 10:17:18,2025-02-27 11:48:03,112 days 01:30:45,0,True
200870744,遮蔽的天空,9787559418371,外借,49.0,(美)鲍尔斯著;阳曦译,江苏凤凰文艺出版社,2018-01-01,南京,370,I712.45,455798116724805,IB23G11,2024-11-07 10:17:18,2025-02-27 11:48:02,112 days 01:30:44,0,True
200850427,鹿鼎记 .三,9787546213415,外借,36.0,金庸 (1924~2018) 著, 广州出版社,2013-01-01,广州 ,1823,I247.5,584699851386949,IB24G10,2024-11-07 11:10:36,2024-11-07 13:14:00,0 days 02:03:24,0,True
201000040,维特根斯坦的维也纳,9787540778903,外借,59.0,(美)雅尼克著,漓江出版社有限公司,2016-01-01,桂林,399,B561.59,584699887661125,IB24G10,2024-11-07 11:38:15,2025-01-03 11:15:13,56 days 23:36:58,0,True
200825651,武曌,9787520121521,外借,59.0,（美）罗汉著,社会科学文献出版社,2018-01-01,北京,10264,K827,455798092681285,IB23G11,2024-11-07 12:54:24,2024-11-14 12:37:25,6 days 23:43:01,1,True
200835329,腓特烈大王 ,9787559831323,外借,29.0,"(德)约翰内斯·库尼施 (Kunisch ,Johannes) 著", 广西师范大学出版社,2021-01-01,桂林 ,149,K516.42,455798092681285,IB23G11,2024-11-07 12:54:35,2024-11-14 11:48:40,6 days 22:54:05,1,True
200917482,"大秦帝国·第三部, 金戈铁马. 上卷",9787208152472,外借,58.0,孙皓晖著,上海人民出版社,2019-01-01,上海,426,I247.53,584699884843077,IB24G10,2024-11-07 15:17:56,2024-12-02 10:29:34,24 days 19:11:38,1,True
200842437,爱弥儿 .上卷,9787100132237,外借,49.5,"(法)卢梭 (Rousseau, Jean-Jacques 1712~1778) 著", 商务印书馆,2017-01-01,北京 ,897,G40-095.65,455797950369861,IB23G11,2024-11-07 15:18:10,,,0,False
200869364,哲学小史,9787547739617,外借,49.0,（英）沃伯顿著,北京日报出版社,2021-01-01,北京,313,B5-49,584699874275397,IB24G10,2024-11-07 15:25:00,2025-01-02 07:31:45,55 days 16:06:45,1,True
200883758,银河系搭车客指南.1,9787532764655,外借,53.6,(英)亚当斯著;姚向辉译,上海译文出版社,2014-01-01,上海,279,I561.45,584699845550149,IB24G10,2024-11-07 16:38:41,2024-11-25 11:38:06,17 days 18:59:25,0,True
200876178,心流:最优体验心理学,9787508675534,外借,49.0,(美)契克森米哈赖著;张定绮译,中信出版社,2017-01-01,北京,381,B84-49,584699880865861,IB24G10,2024-11-07 17:04:00,2024-11-11 15:18:32,3 days 22:14:32,0,True
200975098,原野,9787530217306,外借,36.0,曹禺著,北京十月文艺出版社,2018-01-01,北京,246,I234,450611325075525,IB22G12,2024-11-07 17:06:03,2025-03-14 11:32:27,126 days 18:26:24,0,True
201319563,Little Book of Politics,9780241426432,外借,45.0,DK,Dorling Kindersley Ltd,2020-05-07,美国,,320,450611325075525,IB22G12,2024-11-07 17:06:09,2025-03-24 08:10:02,136 days 15:03:53,0,True
200949055,文学批评入门,9787576004441,外借,54.0,汤拥华 (1976~) 著,华东师范大学出版社,2020-01-01,上海,300,I06,450611325075525,IB22G12,2024-11-07 17:06:12,2025-03-24 08:10:02,136 days 15:03:50,0,True
200839673,罗马元老院与人民：一部古罗马史,9787513922494,外借,118.0,"(英)玛丽·比尔德 (Beard, Mary 1955~) 著", 民主与建设出版社有限责任公司,2018-01-01,北京 ,17599,K126-49,450611286782021,IB22G12,2024-11-07 17:28:35,2024-12-13 08:11:34,35 days 14:42:59,0,True
201323317,The A.B.C. murders,9780062930484,外借,105.0,"Christie, Agatha",William Morrow,2019-01-01,New York,252,823.912,584699863957573,IB24G10,2024-11-07 17:36:19,2024-12-27 10:18:32,49 days 16:42:13,1,True
200869569,刀锋,9787547744581,外借,76.0,(英)毛姆著,北京日报出版社,2023-01-01,北京,472,I561.45,517464412696645,IB23G11,2024-11-07 17:39:19,2024-11-07 17:47:03,0 days 00:07:44,0,True
200989243,牛奶可乐经济学 2,9787550292512,外借,49.9,(美)罗伯特·弗兰克(Robert H. Frank)著 ,北京联合出版公司,2017-01-01,北京,248,F0-49,455798066937925,IB23G11,2024-11-07 17:44:35,,,0,False
200869569,刀锋,9787547744581,外借,76.0,(英)毛姆著,北京日报出版社,2023-01-01,北京,472,I561.45,455798066937925,IB23G11,2024-11-07 17:47:18,2025-04-28 09:59:56,171 days 16:12:38,0,True
200817651,窄门,9787201141527,外借,45.0,(法)安德烈·纪德(André Gide)著 顾琪静译,天津人民出版社,2018-01-01,天津,171,I565.45,584699837075525,IB24G10,2024-11-07 17:54:31,2024-11-29 08:52:27,21 days 14:57:56,0,True
200945932,夏天、烟火和我的尸体,9787544296274,外借,45.0,（日）乙一著,南海出版公司,2019-01-01,海口,185,I313.45,584699837075525,IB24G10,2024-11-07 17:54:45,2024-11-13 17:55:26,6 days 00:00:41,0,True
201301992,(PMC)The Trial,9780241197790,外借,35.0,"Kafka, Franz",Penguin UK,2019-08-06,英国,,833.91,455797921001541,IB23G11,2024-11-07 20:28:50,2024-11-11 09:53:50,3 days 13:25:00,0,True
200415826,The Complete Yes Minister: The Diaries of a ...,9780563206651,外借,110.0,"Lynn, Jonathan; Jay, Anthony",BBC Books,1989-06-01,,514,823.914,584699847753797,IB24G10,2024-11-08 10:47:40,2024-12-03 11:12:01,25 days 00:24:21,0,True
200415504,The Complete Yes Prime Minister: The Diaries of ...,9780563207733,外借,110.0,Jonathan Lynn and Sir Anthony Jay,Ebury Publishing,1989-06-01,,512,823.914,584699847753797,IB24G10,2024-11-08 10:47:40,2024-12-03 11:12:01,25 days 00:24:21,0,True
200221866,河边的错误,9787538755961,外借,42.0,余华著,时代文艺出版社,2018-01-01,长春,207,I247.5,584699842277445,IB24G10,2024-11-08 11:36:07,2025-01-06 14:40:37,59 days 03:04:30,0,True
200741475,汉魏六朝文选 ,9787020157624,外借,69.0,刘文忠 (1936~) 选注, 人民文学出版社,2011-01-01,北京 ,19730,I222.734,584699864600645,IB24G10,2024-11-08 11:55:55,2025-06-06 14:37:04,210 days 02:41:09,0,True
200420954,"Hamilton : the revolution : being the complete libretto of the Broadway musical, with a true account of its creation, and concise remarks on hip-hop, the power of stories, and the new America",9781455539741,外借,218.0,"Miranda, Lin-Manuel, 1980-; McCarter, Jeremy, 1976-",Grand Central,2016-01-01,New York,287,792,584699875594309,IB24G10,2024-11-08 12:28:23,2024-11-11 16:54:01,3 days 04:25:38,0,True
200654087,A glossary of literary terms,9781285465067,外借,375.0,"Abrams, M. H. (Meyer Howard), 1912-; Harpham, Geoffrey Galt, 1946-",Cengage Learning,2015-01-01,USA,430,803,455797975019589,IB23G11,2024-11-08 14:23:50,,,0,False
200666234,The Wiley guide to writing essays about literature,9781118571231,外借,289.0,"Headrick, Paul, 1957-",Wiley,2014-01-01,Canada,193,808.0668,455797975019589,IB23G11,2024-11-08 14:23:57,,,0,False
200671718,How to write about contemporary art,9780500291573,外借,104.0,"Williams, Gilda",Thames & Hudson,2021-01-01,New York,264,808.066,455797975019589,IB23G11,2024-11-08 14:24:04,,,0,False
200363775,漫长的告别,9787544384636,外借,69.0,(美)钱德勒著;姚向辉译,海南出版社,2018-01-01,长沙,389,I712.45,584699845120069,IB24G10,2024-11-08 15:51:27,2024-12-05 16:29:31,27 days 00:38:04,0,True
200883071,国境以南太阳以西,9787532765485,外借,52.0,(日)村上春树著,上海译文出版社,2014-01-01,上海,260,I313.45,450611310915653,IB22G12,2024-11-11 10:56:57,2024-11-12 07:19:19,0 days 20:22:22,0,True
200694490,Bantam Classics：Pride And Prejudice,9780553213102,外借,13.0,Jane Austen,Bantam Classics,1983-12-01,美国,,823.7,584699851178053,IB24G10,2024-11-11 11:43:51,2024-12-27 11:19:13,45 days 23:35:22,0,True
201024248,芳华,9787020123728,外借,39.0,严歌苓,人民文学出版社,2017-01-01,北京,215,I247.5,584699858317381,IB24G10,2024-11-11 12:09:00,,,0,False
200865091,社交媒体简史：从莎草纸到互联网,9787508696980,外借,48.0,"(美)汤姆·斯丹迪奇 (Standage, Tom) 著", 中信出版集团股份有限公司,2019-01-01,北京 ,303,G206.2,584699875364933,IB24G10,2024-11-11 13:30:41,2025-02-19 11:14:22,99 days 21:43:41,0,True
201033700,怀疑论者:理性看世界,9787559621436,外借,42.0,(美)舍默著;李可怡译,北京联合出版公司,2018-01-01,北京,280,B083,584699847114821,IB24G10,2024-11-11 14:03:22,,,0,False
200035620,Physics: Principles with Applications,9781292057125,外借,609.0,Douglas C. Giancoli,Pearson,2016-01-01,England,1080,IB-4-PH-5,584699847540805,IB24G10,2024-11-11 14:07:12,,,0,False
200402288,Physics: Principles with Applications,9781292057125,外借,1097.0,Douglas C. Giancoli,Pearson,2016-01-01,England,1080,IB-4-PH-5,584699847540805,IB24G10,2024-11-11 14:07:25,,,0,False
200807733,日本近代思想史,9787513938990,外借,58.0,鹿野政直著,民主与建设出版社有限责任公司,2022-01-01,北京,316,B313.4,455798075973701,IB23G11,2024-11-11 14:48:26,2025-01-09 17:05:59,59 days 02:17:33,1,True
200983588,基因论,9787229168629,外借,48.0,（美）摩尔根著,重庆出版社,2022-01-01,重庆,295,Q343.1,584699859591237,IB24G10,2024-11-11 14:58:45,2024-11-14 16:22:58,3 days 01:24:13,0,True
200967971,临床精神药理学手册 ,9787301295151,外借,208.0,"(美)萨茨伯格 (Schatzberg, Alan F.) 著", 北京大学出版社,2018-01-01,北京 ,550,R964-62,584699867856965,IB24G10,2024-11-11 17:00:37,2024-12-03 07:01:09,21 days 14:00:32,1,True
200975025,礼拜二午睡时刻,9787544275606,外借,29.5,（哥伦）马尔克斯,南海出版公司,2015-01-01,海口,168,I775.45,584699837075525,IB24G10,2024-11-11 17:57:01,2024-11-13 17:55:24,1 days 23:58:23,0,True
200883080,斯普特尼克恋人,9787532765515,外借,56.0,(日)村上春树著,上海译文出版社,2014-01-01,上海,282,I313.45,450611310915653,IB22G12,2024-11-12 07:21:16,2025-03-04 16:26:05,112 days 09:04:49,0,True
201039465,凯恩斯 ,9787108065506,外借,35.0,"普 (Puph, Peter) 著", 生活·读书·新知三联书店,2019-01-01,北京 ,174,F091.348,584699858100293,IB24G10,2024-11-12 10:49:47,2025-02-27 11:52:37,107 days 01:02:50,1,True
200988048,自卑与超越,9787533943257,外借,32.0,(奥)阿德勒著;杨颖译,浙江文艺出版社,2016-01-01,杭州,261,B848,584699858100293,IB24G10,2024-11-12 10:52:48,2025-02-27 11:52:37,107 days 00:59:49,1,True
201022160,“文学爆炸”亲历记,9787020164462,外借,36.0,(智)多诺索著,人民文学出版社,2021-01-01,北京,10172,I784.55,455797921001541,IB23G11,2024-11-12 11:05:08,2024-11-26 09:23:10,13 days 22:18:02,0,True
201321934,Artists : their lives and works,9780241226186,外借,113.0,"
&nbsp;
",,,,,709.2,584699847753797,IB24G10,2024-11-12 11:31:32,2024-11-27 16:38:13,15 days 05:06:41,0,True
201056196,美丽新世界,9787532774685,外借,45.0,(英)赫胥黎著;陈超译,上海译文出版社,2017-01-01,上海,349,I561.45,584699875364933,IB24G10,2024-11-12 12:23:59,2025-02-19 11:14:22,98 days 22:50:23,0,True
200841401,经济学的著名寓言 : 市场失灵的神话,9787559803344,外借,98.0,"(美)施普尔伯 (Spulber, Daniel F.) 著",广西师范大学出版社,2018-01-01,桂林,480,F0-53,584699848196165,IB24G10,2024-11-12 13:08:53,,,0,False
200812353,鬼谷子,9787101083149,外借,22.0,许富宏著,中华书局,2012-01-01,北京,12185,B228,584699884843077,IB24G10,2024-11-12 17:51:21,2024-12-02 10:29:34,19 days 16:38:13,0,True
200699832,Small Pleasures,9781474613903,外借,47.0,Clare Chambers,Orion Publishing Group,2021-04-29,英国,,823.91,584699837497413,IB24G10,2024-11-12 18:08:44,2024-12-24 07:23:05,41 days 13:14:21,0,True
200955289,圣诞颂歌,9787558043901,外借,68.0,(英)狄更斯著,江苏凤凰美术出版社,2018-01-01,南京,213,I561.44,450611288834117,IB22G12,2024-11-13 09:00:17,2024-11-14 08:10:20,0 days 23:10:03,0,True
201059237,围城,9787020127894,外借,36.0,钱钟书著,人民文学出版社 ,2017-01-01,北京 ,377,I247.57,584699857674309,IB24G10,2024-11-13 11:51:51,2025-02-17 11:35:53,95 days 23:44:02,1,True
200979138,外婆的道歉信,9787201116693,外借,42.0,(瑞典)弗雷德里克·巴克曼著;孟汇一译,天津人民出版社,2017-01-01,天津,344,I532.45,584699837075525,IB24G10,2024-11-13 12:00:43,2024-12-06 08:49:19,22 days 20:48:36,0,True
200857260,局外人,9787532761760,外借,32.0,（法）加缪著,上海译文出版社,2013-01-01,上海,25128,I565.45,584699875151941,IB24G10,2024-11-13 12:00:47,2024-11-25 15:24:46,12 days 03:23:59,0,True
201014231,在希腊,9787500879701,外借,54.0,（爱尔兰）马哈菲著,中国工人出版社,2022-01-01,北京,200,K125,584699888091205,IB24G10,2024-11-13 12:10:13,2025-01-08 16:22:44,56 days 04:12:31,1,True
201308940,Word Cloud Classics: The Age Of Innocence,9781626860568,外借,44.0,Edith Wharton,Canterbury Classics,2014-05-01,美国,,813.52,584699837497413,IB24G10,2024-11-13 12:20:56,2024-12-24 07:23:13,40 days 19:02:17,0,True
201323291,"A tree grows in Brooklyn, : a novel",9780060736262,外借,41.0,"Smith, Betty",Harpercollins,2005-01-01,New York,493,813.52,584699837497413,IB24G10,2024-11-13 12:21:02,2024-12-24 07:22:46,40 days 19:01:44,0,True
200978184,台北人,9787549559886,外借,69.0,白先勇著,广西师范大学出版社,2015-01-01,桂林,291,I247.7,584699858317381,IB24G10,2024-11-13 12:25:20,,,0,False
200879022,纳博科夫文学讲稿三种·唐吉坷德讲稿,9787532778423,外借,90.0,(美)纳博科夫著,上海译文出版社,2018-01-01,上海,287,I106,455798075973701,IB23G11,2024-11-13 12:31:42,2025-01-09 17:05:50,57 days 04:34:08,1,True
200836266,大象的证词,9787513338134,外借,42.0,（英）克里斯蒂著,新星出版社,2022-01-01,北京,204,I561.45,455798075195461,IB23G11,2024-11-13 12:32:19,2024-12-17 09:29:18,33 days 20:56:59,0,True
200836569,闪光的氰化物,9787513338189,外借,42.0,（英）克里斯蒂著,新星出版社,2022-01-01,北京,228,I561.45,455798075195461,IB23G11,2024-11-13 12:32:27,2024-12-17 09:29:18,33 days 20:56:51,0,True
200889878,东方快车谋杀案,9787513335270,外借,49.0,(英)克里斯蒂,新星出版社,2019-01-01,北京,279,I561.45,455798075195461,IB23G11,2024-11-13 12:32:37,2024-12-17 09:29:20,33 days 20:56:43,0,True
200688924,Sex And The City,9780446617680,外借,35.0,Candace Bushnell,Grand Central Publishing,2006-08-01,美国,,813.6,450611283214405,IB22G12,2024-11-13 15:14:17,2025-01-03 09:55:21,50 days 18:41:04,0,True
200699770,Signet Classics: The Age of Innocence,9780451530882,外借,13.0,Edith Wharton,Signet,2008-03-04,美国,,813.52,450611283214405,IB22G12,2024-11-13 15:14:25,2025-01-10 11:20:37,57 days 20:06:12,0,True
201021722,陈阅增普通生物学 ,9787040396317,外借,59.0,吴相钰 (1924~) 主编, 高等教育出版社,2014-01-01,北京 ,539,Q1,584699859591237,IB24G10,2024-11-13 15:59:34,2024-12-09 11:24:43,25 days 19:25:09,0,True
200178690,天蓝色的彼岸,9787801871527,外借,19.8,(英)希尔著;张雪松译,新世界出版社,2014-01-01,北京,260,I561.85,584699885924421,IB24G10,2024-11-13 17:36:29,2024-11-18 15:21:05,4 days 21:44:36,0,True
200817642,存在主义咖啡馆:自由、存在和杏子鸡尾酒,9787559610782,外借,88.0,(美)贝克韦尔,北京联合出版公司,2018-01-01,北京,563,B085,584699859378245,IB24G10,2024-11-14 08:31:58,2024-12-05 16:04:24,21 days 07:32:26,0,True
201024845,死魂灵,9787020124701,外借,39.0,（俄罗斯）果戈理著,人民文学出版社,1983-01-01,北京,390,I512.44,584699875151941,IB24G10,2024-11-14 11:46:13,2024-11-25 15:24:46,11 days 03:38:33,0,True
200950612,契诃夫短篇小说集,9787540237004,外借,29.0,(俄罗斯)契诃夫著,北京燕山出版社,2017-01-01,北京,387,I512.44,584699853586501,IB24G10,2024-11-14 11:47:06,2025-01-02 17:36:47,49 days 05:49:41,1,True
200801677,如何听爵士 ,9787550287327,外借,45.0,"(美)特德·焦亚 (Gioia, Ted) 著", 北京联合出版公司,2018-01-01,北京 ,248,J609.15,455797996257349,IB23G11,2024-11-14 11:51:27,2025-03-11 12:38:22,117 days 00:46:55,1,True
200925669,我们为什么爱音乐 ,9787573902740,外借,58.0,(美)莱维廷著,浙江科学技术出版社,2023-01-01,杭州,374,B849,455797996257349,IB23G11,2024-11-14 11:51:36,2025-03-11 12:38:33,117 days 00:46:57,1,True
200694588,Wordsworth Collectors Editions：Great Expectations,9781840228014,外借,38.0,Charles Dickens,Wordsworth,2020-09-02,英国,,823.8,455797996257349,IB23G11,2024-11-14 11:51:47,2025-03-11 12:38:02,117 days 00:46:15,1,True
200989779,音乐和数学：谜一般的关系,9787547855508,外借,48.0,梁进著,上海科学技术出版社,2022-01-01,上海,139,J6,455797996257349,IB23G11,2024-11-14 11:51:59,2025-03-11 12:38:15,117 days 00:46:16,1,True
201306666,How We Live,9780679781400,外借,58.0,Sherwin B. Nuland,Vintage USA,1998-05-26,美国,,612,450611288834117,IB22G12,2024-11-14 11:52:28,2025-01-08 08:17:36,54 days 20:25:08,0,True
200907956,音乐心理学,9787030658500,外借,89.0,陈杰著,科学出版社,2020-01-01,北京,231,J60-051,455797996257349,IB23G11,2024-11-14 11:53:11,2025-03-11 12:38:28,117 days 00:45:17,1,True
200820889,杀死一只知更鸟,9787544766500,外借,58.0,(美)李著,译林出版社,2017-01-01,南京,,I712.45,455797996257349,IB23G11,2024-11-14 11:53:23,2025-03-11 12:38:43,117 days 00:45:20,1,True
201059175,叶卡捷琳娜大帝与波将金 ：全2册.2,9787522813684,外借,99.0,（英）西蒙.赛巴格.蒙蒂菲奥里著 ,社会科学文献出版社 ,2023-01-01,北京 ,121005,K835.120.9,455798092681285,IB23G11,2024-11-14 12:27:41,2025-01-09 17:13:08,56 days 04:45:27,0,True
201059166,叶卡捷琳娜大帝与波将金 ：全2册.1,9787522813684,外借,99.0,（英）西蒙.赛巴格.蒙蒂菲奥里著 ,社会科学文献出版社 ,2023-01-01,北京 ,121005,K835.120.9,455798092681285,IB23G11,2024-11-14 12:28:00,2025-01-09 17:12:43,56 days 04:44:43,0,True
201051985,四维旅行,9787535794437,外借,49.0,(英)普瓦德万著;胡凯衡等译,湖南科学技术出版社,2018-01-01,长沙,297,O412.1,584699859591237,IB24G10,2024-11-14 16:22:24,2024-12-09 11:24:43,24 days 19:02:19,0,True
200846255,量子之谜,9787535795144,外借,59.0,(美)库特钠著;王文浩译,湖南科学技术出版社,2018-01-01,长沙,36,O413.1-49,584699859591237,IB24G10,2024-11-14 16:22:29,2024-12-09 11:24:55,24 days 19:02:26,0,True
200962896,月亮和六便士,9787538754858,外借,27.0,(英)毛姆著 苏福忠译,时代文艺出版社,2017-01-01,长春,256,I561.45,517464412696645,IB23G11,2024-11-14 16:39:44,2024-11-20 07:52:18,5 days 15:12:34,0,True
200938708,毕业,9787544294126,外借,49.5,(日)东野圭吾著;黄真译,南海出版公司,2019-01-01,海口,266,I313.45,450611280293957,IB22G12,2024-11-15 08:28:32,2024-11-21 08:16:21,5 days 23:47:49,0,True
200870085,密室收藏家,9787539981635,外借,36.0,（日）大山诚一郎著,江苏凤凰文艺出版社,2017-01-01,南京,225,I313.45,450611280293957,IB22G12,2024-11-15 08:31:19,2024-12-16 14:20:31,31 days 05:49:12,0,True
201003350,克莱因壶,9787122346032,外借,48.0,(日)冈岛二人 著,化学工业出版社,2019-01-01,北京,16299,I313.45,450611280293957,IB22G12,2024-11-15 08:32:40,2024-12-16 14:20:31,31 days 05:47:51,0,True
200842570,萨摩亚人的成年 ,9787100136112,外借,39.0,"(美)米德 (Mead, Margaret 1901~1978) 著", 商务印书馆,2017-01-01,北京 ,10276,C912.4,450611296985157,IB22G12,2024-11-15 08:39:40,2024-12-26 08:30:02,40 days 23:50:22,0,True
200877186,在路上,9787532740260,外借,48.0,(美)杰克·凯鲁亚克(Jack Kerouac) 著,上海译文出版社,2006-01-01,上海,,I712.45,450611286782021,IB22G12,2024-11-15 08:40:31,2024-11-19 14:18:13,4 days 05:37:42,0,True
201020545,彷徨,9787020142187,外借,26.0,鲁迅著,人民文学出版社,2021-01-01,北京,185,I210.6,584699859591237,IB24G10,2024-11-15 11:40:55,2025-01-02 09:38:33,47 days 21:57:38,1,True
200985988,故事新编,9787201089560,外借,25.0,鲁迅著,天津人民出版社,2015-01-01,天津,288,I210.6,584699859591237,IB24G10,2024-11-15 11:42:59,2025-01-02 09:38:33,47 days 21:55:34,1,True
200987227,红与黑,9787201108186,外借,42.0,(法)司汤达著;罗新璋译,天津人民出版社,2016-01-01,天津,471,I565.44,584699885924421,IB24G10,2024-11-15 11:58:17,2024-12-24 11:39:09,38 days 23:40:52,0,True
200977112,夏目漱石浮世与病榻,9787559640918,外借,29.0,(日)夏目漱石,北京联合出版公司,2020-01-01,北京,303,I313.65,450611276476485,IB22G12,2024-11-15 12:08:35,2025-05-21 07:57:48,186 days 19:49:13,0,True
200993087,天生有罪 ,9787201162638,外借,68.0,"(南非)诺亚 (Noah, Trevor 1984.2-) 著", 天津人民出版社,2020-01-01,天津 ,294,I478.55,450611276476485,IB22G12,2024-11-15 12:08:42,2025-05-21 07:57:48,186 days 19:49:06,0,True
200916768,夏日终曲,9787513598255,外借,39.9,(美)艾席蒙著,外语教学与研究出版社,2018-01-01,北京,230,I712.45,450611276476485,IB22G12,2024-11-15 12:08:46,2025-04-14 11:10:00,149 days 23:01:14,0,True
200692090,The Rise of Rome : From the Iron Age to the Punic Wars (1 BC - 264 BC),9781846684128,外借,81.0,Dr Kathryn Lomas,Profile Books,2018-07-05,英国,,937.01,584699846684741,IB24G10,2024-11-15 13:38:14,,,0,False
201302562,Line By Line: How To Edit Your Own Writing,9780395393918,外借,77.0,Claire Kehrwald Cook,Houghton Mifflin Harcourt,1986-06-30,美国,,808.04,455798075973701,IB23G11,2024-11-15 14:50:58,2025-01-09 17:06:32,55 days 02:15:34,1,True
201325422,The woman in white,9780141389431,外借,35.0,"Collins, Wilkie, 1824-1889; Sutherland, John, 1938-; Sweet, Matthew; Sucksmith, Harvey Peter",Penguin UK,2012-01-01,UK,718,823.8,455798075973701,IB23G11,2024-11-15 14:51:06,2025-01-09 17:06:35,55 days 02:15:29,1,True
201502971,Environment Systems and Societies 3rd Ed,9781292729541,外借,567.0,"Davis, Andrew",Pearson,2024-01-01,London,928,IB-4-SC-1,455798033985605,IB23G11,2024-11-18 12:43:15,2025-05-26 12:47:30,189 days 00:04:15,0,True
201303295,Lolly Willowes,9780241573785,外借,47.0,Sylvia Townsend Warner,Penguin UK,2022-08-25,英国,,823.91,455798035157061,IB23G11,2024-11-18 12:50:35,2025-03-24 13:29:16,126 days 00:38:41,0,True
201025862,文学批评导引 (第二版）,9787040401615,外借,33.5,王先霈 (1939.7~) 主编, 高等教育出版社,2014-01-01,北京 ,344,I06,584699864387653,IB24G10,2024-11-18 16:27:52,2025-01-09 07:30:05,51 days 15:02:13,0,True
200926463,文学的读法,9787555026006,外借,68.0,"(英)特里·伊格尔顿(Eagleton, Terry) 著",海峡文艺出版社,2021-01-01,福州,272,I06,584699864387653,IB24G10,2024-11-18 16:28:03,2025-01-09 07:30:11,51 days 15:02:08,0,True
201315512,Ib Diploma Programme Physics 223 Edition Student Book,9781382016599,外借,330.0,"Homer, David; Heathcote, William; Pietka, Maciej","Oxford University Press, USA",2023-03-03,UK,720,IB-4-PH-5,584699862667333,IB24G10,2024-11-18 16:30:33,2025-06-06 10:46:51,199 days 18:16:18,0,True
200803773,东京八平米,9787542678652,外借,79.0,(日)吉井忍 著,上海三联书店,2022-01-01,上海,305,I313.65,450611328335941,IB22G12,2024-11-18 17:04:57,2024-12-23 11:17:15,34 days 18:12:18,0,True
200922163,语法修辞讲话,9787100092388,外借,58.0,吕叔湘著,商务印书馆,2013-01-01,北京,416,H14,455798092681285,IB23G11,2024-11-18 17:56:04,2025-01-10 10:25:30,52 days 16:29:26,0,True
200820978,沉默的羔羊,9787544784689,外借,49.0,(美)哈里斯著,译林出版社,2021-01-01,南京,369,I712.45,584699889602629,IB24G10,2024-11-19 07:05:03,2024-11-19 07:05:21,0 days 00:00:18,0,True
200820978,沉默的羔羊,9787544784689,外借,49.0,(美)哈里斯著,译林出版社,2021-01-01,南京,369,I712.45,584699889602629,IB24G10,2024-11-19 07:07:02,2024-12-27 14:41:36,38 days 07:34:34,1,True
200948216,戴维营三天,9787500171980,外借,89.0,（美）加滕著,中译出版社,2023-01-01,北京,13373,F11,584699888091205,IB24G10,2024-11-19 11:50:55,2025-01-08 15:32:01,50 days 03:41:06,1,True
200843800,面包与自由 ,9787100132091,外借,38.0,"(俄)克鲁泡特金 (Кропоткин, ПётрАлексеевич 1842~1921) 著", 商务印书馆,2017-01-01,北京 ,275,D091.6,584699887222853,IB24G10,2024-11-19 12:02:55,,,0,False
201022909,额尔古纳河右岸 ,9787020139590,外借,32.0,迟子建 (1964~) 著, 人民文学出版社,2010-01-01,北京 ,266,I247.5,584699888091205,IB24G10,2024-11-19 12:03:03,2025-01-08 15:31:52,50 days 03:28:49,1,True
200861754,玻璃球游戏 ,9787532757039,外借,27.0,"(德)赫尔曼·黑塞 (Hesse, Hermann 1877~1962) 著", 上海译文出版社,2012-01-01,上海 ,457,I516.45,584699888091205,IB24G10,2024-11-19 12:03:11,2025-01-08 16:22:47,50 days 04:19:36,1,True
200862003,魔山. 上,9787532780525,外借,39.0,"(德)托马斯·曼 (Mann, Thomas 1875~1955) 著",上海译文出版社,2019-01-01,上海,400,I516.45,584699888091205,IB24G10,2024-11-19 12:03:20,2025-01-08 15:32:03,50 days 03:28:43,1,True
200862012,魔山. 下,9787532780525,外借,39.0,"(德)托马斯·曼 (Mann, Thomas 1875~1955) 著",上海译文出版社,2019-01-01,上海,835,I516.45,584699888091205,IB24G10,2024-11-19 12:03:24,2025-01-08 15:32:01,50 days 03:28:37,1,True
200859133,美丽新世界,9787532773404,外借,28.0,(英)赫胥黎著,上海译文出版社,2017-01-01,上海,298,I561.45,584699885924421,IB24G10,2024-11-19 12:09:34,2024-12-24 11:39:06,34 days 23:29:32,1,True
200814379,信使,9787500865582,外借,29.0,刘慈欣著,中国工人出版社,2017-01-01,北京,,I247.7,584699885924421,IB24G10,2024-11-19 12:09:40,2024-11-19 12:09:42,0 days 00:00:02,0,True
200814379,信使,9787500865582,外借,29.0,刘慈欣著,中国工人出版社,2017-01-01,北京,,I247.7,584699885924421,IB24G10,2024-11-19 12:09:53,2024-12-24 11:39:09,34 days 23:29:16,1,True
201018870,略萨谈博尔赫斯 : 与博尔赫斯在一起的半个世纪,9787020173686,外借,50.0,"(秘)马里奥·巴尔加斯·略萨 (Vargas Liosa, Mario 1936~) 著",人民文学出版社,2022-01-01,北京,112,I783.065,455797921001541,IB23G11,2024-11-19 12:37:15,2024-11-26 09:23:10,6 days 20:45:55,0,True
201022213,你的夏天还好吗？,9787020171774,外借,48.0,(韩)金爱烂 (女， 1980~) 著,人民文学出版社,2022-01-01,北京,239,I312.645,584699856826437,IB24G10,2024-11-19 17:37:43,2025-01-09 19:22:55,51 days 01:45:12,0,True
201323031,Freakonomics,9780061956270,外借,60.0,Steven D. Levitt,HarperCollins Publishers Inc,2009-08-01,,336,330,584699863535685,IB24G10,2024-11-19 17:43:38,2024-12-27 11:39:56,37 days 17:56:18,0,True
200945825,霍乱时期的爱情,9787544297059,外借,69.0,（哥伦）马尔克斯著 杨玲译,南海出版公司,2020-01-01,海口,401,I775.45,584699848413253,IB24G10,2024-11-20 07:22:04,2025-06-03 11:36:27,195 days 04:14:23,0,True
200923796,马尾树,9787533961497,外借,56.0,(英)毛姆著,浙江文艺出版社,2021-01-01,杭州,238,I561.45,517464412696645,IB23G11,2024-11-20 07:59:33,2024-11-29 07:45:50,8 days 23:46:17,0,True
200906421,我需要去看心理医生吗？,9787519283698,外借,58.0,（英）波特利著,世界图书出版有限公司北京分公司,2022-01-01,北京,300,R395.6,450611274682437,IB22G12,2024-11-20 08:24:50,,,0,False
201035593,你在逃避什么,9787115587848,外借,59.8,(美)弗雷德里克森著,人民邮电出版社,2022-01-01,北京,218,B84-49,450611274682437,IB22G12,2024-11-20 08:24:56,,,0,False
200989216,抑郁、焦虑和药物的那些事,9787522901213,外借,109.9,（加）斯莱特著,中国纺织出版社有限公司,2023-01-01,北京,277,R964,450611326087237,IB22G12,2024-11-20 08:25:14,2024-11-22 10:23:19,2 days 01:58:05,0,True
200914289,医生与您细聊抑郁症,9787302614210,外借,49.0,吴菲著,清华大学出版社,2022-01-01,北京,159,R749.4,450611326087237,IB22G12,2024-11-20 08:25:14,2024-11-22 10:23:20,2 days 01:58:06,0,True
201059228,围城,9787020127894,外借,36.0,钱钟书著,人民文学出版社 ,2017-01-01,北京 ,377,I247.57,584699865665605,IB24G10,2024-11-20 11:50:09,,,1,False
200878504,查拉图斯特拉如是说,9787532787067,外借,58.0,(德)尼采著　黄明嘉译,上海译文出版社,2021-01-01,上海,411,B516.47,584699865665605,IB24G10,2024-11-20 11:50:18,,,1,False
201027888,三国演义.上,9787020008728,外借,20.0,(明)罗贯中著,人民文学出版社,2017-01-01,北京,990,I242.4,584699865665605,IB24G10,2024-11-20 11:50:45,,,1,False
201052500,财政学 ,9787300217543,外借,78.0,"(美)哈维·S. 罗森 (Rosen, Harvey S.) 著", 中国人民大学出版社,2015-01-01,北京 ,482,F810,584699865665605,IB24G10,2024-11-20 11:54:46,,,1,False
201008391,罗伯斯庇尔与法国大革命 ,9787100166461,外借,88.0,"(英)露丝·斯科尔 (女，Scurr, Ruth 1971~) 著", 商务印书馆,2018-01-01,北京 ,552,K835.657=41,584699865665605,IB24G10,2024-11-20 11:57:20,,,0,False
200854735,存在与虚无,9787108050984,外借,68.0,"(法)萨特 (Sartre, Jean-Paul 1905~1980) 著", 生活·读书·新知三联书店,2014-01-01,北京,762,B086,584699865665605,IB24G10,2024-11-20 12:00:54,,,1,False
201041158,世界上最简单的会计书 ,9787111442585,外借,49.0,"(美)达雷尔·穆利斯 (Mullis, Darrell) 著", 机械工业出版社,2013-01-01,北京 ,200,F230,584699865665605,IB24G10,2024-11-20 12:01:06,,,1,False
200966598,三国演义. 上,9787101067316,外借,47.0,(明)罗贯中 (1330?~1400?) 著, 中华书局,2009-01-01,北京 ,721,I242.4,584699865665605,IB24G10,2024-11-20 12:01:09,,,1,False
201049490,哈佛经济学笔记 ,9787539938608,外借,42.0,陈晋 (女) 著, 江苏文艺出版社,2010-01-01,南京 ,288,F0-49,584699865665605,IB24G10,2024-11-20 12:01:15,,,1,False
201313293,(PBC)Essays and Letters,9780140447088,外借,63.0,Friedrich Holderlin,penguin uk,2004-08-26,英国,,838.6,584699875594309,IB24G10,2024-11-20 14:09:10,2024-11-25 11:56:10,4 days 21:47:00,0,True
200686757,Trump: How to Get Rich,9780345481030,外借,35.0,Donald J. Trump,Random House US,2004-12-28,美国,,650,584699875594309,IB24G10,2024-11-20 14:09:10,2024-11-25 11:56:10,4 days 21:47:00,0,True
201324780,The History of the Decline and Fall of the Roman Empire:vol,9780140433937,外借,83.0,Betty Friedan,Penguin UK,2016-01-12,英国,,937.06,584699875594309,IB24G10,2024-11-20 14:09:10,2024-11-25 15:48:01,5 days 01:38:51,0,True
200981759,流行病 ,9787568060134,外借,88.0,"(澳)多尔蒂 (Doherty, Peter C.) 著", 华中科技大学出版社,2020-01-01,武汉 ,25318,R181,584699859591237,IB24G10,2024-11-20 16:05:36,2024-11-22 11:29:42,1 days 19:24:06,0,True
201323629,The fellowship of the ring : being the first part of The lord of the rings,9780261103573,外借,26.0,"Tolkien, J. R. R.",,,,407,823.912,455797978308677,IB23G11,2024-11-20 16:57:48,2024-11-21 16:31:02,0 days 23:33:14,0,True
201324183,The return of the king : being the third part of The lord of the rings,9780007488346,外借,21.0,"Tolkien, J. R. R. (John Ronald Reuel), 1892-1973",HarperCollins,2002-01-01,London,1567,823.912,455797978308677,IB23G11,2024-11-20 16:57:48,2024-11-21 16:31:10,0 days 23:33:22,0,True
201324174,The two towers; : being the second part of The Lord of the rings,9780007488322,外借,21.0,"Tolkien, J. R. R. (John Ronald Reuel), 1892-1973",HarperCollins,2002-01-01,London,971,823.912,455797978308677,IB23G11,2024-11-20 16:57:48,2024-11-21 16:31:06,0 days 23:33:18,0,True
200949821,新迁移,9787500172048,外借,98.0,康纳,中译出版社,2023-01-01,北京,360,C924.1,455798032764997,IB23G11,2024-11-21 07:29:29,,,0,False
200937442,3年人类迁徙史,9787218155913,外借,118.0,(英) 科恩著,广州 广东人民出版社 2023,2023-01-01,广州,251,C922.1,455798032764997,IB23G11,2024-11-21 07:29:29,,,0,False
201322069,The Birth of Classical Europe: A History from Troy to Augustine,9780143120452,外借,130.0,Simon Price,Penguin Books,,,0,938,584699875807301,IB24G10,2024-11-21 17:23:44,2025-01-10 09:40:08,49 days 16:16:24,1,True
201307745,Penguin Classics Deluxe Edition: Dracula,9780143106166,外借,54.0,Bram Stoker,Penguin USA,2010-11-30,美国,,823.8,584699875807301,IB24G10,2024-11-21 17:23:53,2025-03-07 08:21:27,105 days 14:57:34,1,True
200876506,巨人的陨落I,9787539989891,外借,43.8,(英)福莱特著;于大卫译,江苏凤凰文艺出版社,2016-01-01,南京,372,I561.45,584699871535173,IB24G10,2024-11-22 07:15:35,2024-12-02 07:51:58,10 days 00:36:23,0,True
200856369,罗素 ,9787108067081,外借,32.0,"(英)罗宾逊 (Robinson, David) 文", 生活·读书·新知三联书店,2020-01-01,北京 ,177,B561.54,455797957926981,IB23G11,2024-11-22 07:49:37,2025-02-17 07:34:01,86 days 23:44:24,0,True
200890321,维特根斯坦与《逻辑哲学论》,9787559851833,外借,108.0,（英）莫里斯著,广西师范大学出版社,2022-01-01,桂林,520,B561.59,455797957926981,IB23G11,2024-11-22 07:49:37,2025-02-17 07:34:03,86 days 23:44:26,0,True
201315656,Ib Diploma Programme Biology 223 Edition Student Book,9781382016339,外借,330.0,"Allott, Andrew; Mindorff, David","Oxford University Press, USA",2023-02-09,USA,816,IB-4-BI-2,584699863957573,IB24G10,2024-11-22 09:51:27,,,0,False
201315488,Ib Diploma Programme Physics 223 Edition Student Book,9781382016599,外借,330.0,"Homer, David; Heathcote, William; Pietka, Maciej","Oxford University Press, USA",2023-03-03,UK,720,IB-4-PH-5,584699863957573,IB24G10,2024-11-22 09:51:40,,,1,False
201021214,心向原野,9787020175208,外借,65.0,（英）梅比著,人民文学出版社,2022-01-01,北京,10311,I561.65,584699866955845,IB24G10,2024-11-22 10:14:32,2024-12-02 12:23:41,10 days 02:09:09,0,True
200950284,生物群落概述 ,9787544516020,外借,23.0,"(美)苏珊·L. 伍德沃德 (女，Woodward, Susan L.) 著", 长春出版社,2014-01-01,长春 ,175,Q145-49,584699859591237,IB24G10,2024-11-22 11:50:49,2024-12-02 15:00:53,10 days 03:10:04,0,True
200949000,现代生命科学导论 ,9787561774588,外借,36.0,陈铭德 (1953~) 编著, 华东师范大学出版社,2010-01-01,上海 ,285,Q1-0,584699859591237,IB24G10,2024-11-22 11:50:53,2024-12-09 11:24:51,16 days 23:33:58,0,True
200967962,临床精神药理学手册 ,9787301295151,外借,208.0,"(美)萨茨伯格 (Schatzberg, Alan F.) 著", 北京大学出版社,2018-01-01,北京 ,550,R964-62,450611319373893,IB22G12,2024-11-22 12:07:06,2024-12-04 17:22:42,12 days 05:15:36,0,True
200988976,精神分析的技术与实践,9787111661665,外借,120.0,（美）格林森著,机械工业出版社,2020-01-01,北京,369,B84-065,450611319373893,IB22G12,2024-11-22 12:07:14,2024-12-04 17:22:42,12 days 05:15:28,0,True
200906430,心理治疗为什么有用,9787519299118,外借,59.0,（美）科佐利诺著,世界图书出版有限公司北京分公司,2023-01-01,北京,256,R749.055,450611319373893,IB22G12,2024-11-22 12:07:20,2024-12-04 17:22:42,12 days 05:15:22,0,True
201005125,拉丁美洲史,9787507551341,外借,98.0,韦伯斯特著,华文出版社,2019-01-01,北京,338,K73,584699847753797,IB24G10,2024-11-22 13:43:31,2024-12-12 17:55:20,20 days 04:11:49,0,True
201325583,Never let me go,9780571258093,外借,72.0,"Ishiguro, Kazuo",Faber and Faber,,London,282,823.914,584699873386565,IB24G10,2024-11-22 14:56:04,2025-01-10 14:40:59,48 days 23:44:55,1,True
200694329,Lord of the Flies,9780399533372,外借,90.0,William Golding,PENGUIN Group (USA) Inc.,2006-10-01,,225,823.914,584699873386565,IB24G10,2024-11-22 14:56:19,2025-01-10 14:40:59,48 days 23:44:40,1,True
200843043,政治学 ,9787100131889,外借,62.0,(古希腊)亚里士多德 (Aristoteles 前384~前322) 著, 商务印书馆,2017-01-01,北京 ,16526,D0,584699855532101,IB24G10,2024-11-25 11:37:52,2024-12-17 11:34:54,21 days 23:57:02,0,True
201001502,水与梦,9787100167765,外借,39.0,巴什拉著,商务印书馆,2019-01-01,北京,244,B565.59,584699852910661,IB24G10,2024-11-25 12:07:04,2025-03-13 14:23:58,108 days 02:16:54,1,True
200859598,存在主义是一种人道主义,9787532758012,外借,32.0,（法）萨特著,上海译文出版社,2012-01-01,上海,113,B086,584699852910661,IB24G10,2024-11-25 12:09:14,2025-03-13 14:23:56,108 days 02:14:42,1,True
200865297,哲学家们都干了些什么,9787550242234,外借,52.0,林欣浩著,北京联合出版公司,2015-01-01,北京,517,B-49,584699852910661,IB24G10,2024-11-25 12:16:47,2025-03-13 14:23:45,108 days 02:06:58,0,True
200875534,"银河帝国.1,基地",9787539983295,外借,45.0,(美)阿西莫夫著,江苏凤凰文艺出版社,2015-01-01,南京,277,I712.45,450611290103877,IB22G12,2024-11-25 12:20:36,2025-01-03 09:37:00,38 days 21:16:24,0,True
201056203,美丽新世界,9787532774685,外借,45.0,(英)赫胥黎著;陈超译,上海译文出版社,2017-01-01,上海,349,I561.45,450611290103877,IB22G12,2024-11-25 12:20:36,2025-01-03 09:37:00,38 days 21:16:24,0,True
201313729,Essays and Aphorisms,9780140442274,外借,41.0,Arthur Schopenhauer and R. J. Hollingdale,Penguin UK,2016-06-02,英国,,193,584699875594309,IB24G10,2024-11-25 15:48:35,2024-12-27 11:11:56,31 days 19:23:21,0,True
201313676,"Human, All Too Human",9780140446173,外借,41.0,Friedrich Nietzsche,Penguin UK,2015-10-08,英国,,128,584699875594309,IB24G10,2024-11-25 15:48:35,2024-12-27 11:11:55,31 days 19:23:20,0,True
201313426,(PBC)A Treatise of Human Nature,9780140432442,外借,63.0,David Hume,penguin uk,1985-10-31,英国,,128,584699875594309,IB24G10,2024-11-25 15:48:35,2024-12-27 11:11:55,31 days 19:23:20,0,True
201307996,Mark Zuckerberg: In His Own Words (In Their Own Words Series),9781572842625,外借,34.0,Harvard Business Review,Harvard Business Review Press,2018-08-14,美国,,6.7,584699875594309,IB24G10,2024-11-25 15:48:35,2024-11-25 16:41:25,0 days 00:52:50,0,True
200810140,彷徨,9787020142637,外借,18.0,鲁迅著,人民文学出版社,2018-01-01,北京,151,I210.6,584699859591237,IB24G10,2024-11-25 17:05:06,2024-12-02 15:00:53,6 days 21:55:47,0,True
200860238,阿莱夫,9787532773206,外借,39.0,(阿根廷)博尔赫斯著;王永年等译,上海译文出版社,2017-01-01,上海,203,I783.15,455797921001541,IB23G11,2024-11-26 09:26:18,2025-01-09 16:33:12,44 days 07:06:54,1,True
200887068,小径分岔的花园,9787532762897,外借,35.0,(阿根廷)博尔赫斯著;王永年译,上海译文出版社,2015-01-01,上海,99,I783.45,455797921001541,IB23G11,2024-11-26 09:26:18,2025-01-09 16:33:12,44 days 07:06:54,1,True
200847441,红玫瑰与白玫瑰,9787530218617,外借,49.5,张爱玲著,北京十月文艺出版社,2019-01-01,,290,I246.7,450611277750341,IB22G12,2024-11-26 11:07:06,2025-05-21 13:03:48,176 days 01:56:42,0,True
200875222,菜根谭,9787551816571,外借,98.0,(明)洪应明著;齐白石绘,三秦出版社,2018-01-01,西安,365,B825,450611291877445,IB22G12,2024-11-26 11:49:13,2024-12-09 09:35:25,12 days 21:46:12,0,True
200975114,侦探伽利略 ,9787544295369,外借,49.5,(日)东野圭吾 (1958~) 著, 南海出版公司,2019-01-01,海口 ,244,I313.45,450611291877445,IB22G12,2024-11-26 11:49:27,2024-12-09 09:35:25,12 days 21:45:58,0,True
200881689,仲夏之死,9787532764778,外借,46.0,(日)三岛由纪夫著,上海译文出版社,2014-01-01,上海,251,I313.45,450611291877445,IB22G12,2024-11-26 11:49:40,2025-05-21 10:10:02,175 days 22:20:22,0,True
201001799,古埃及《亡灵书》,9787100182386,外借,118.0,金寿福著,商务印书馆,2020-01-01,北京,453,B846,450611291877445,IB22G12,2024-11-26 11:49:55,2025-05-21 10:10:02,175 days 22:20:07,0,True
201053572,色情,9787305209062,外借,72.0,（法）巴塔耶著,南京大学出版社,2019-01-01,南京,442,B0,455798073786437,IB23G11,2024-11-26 14:08:32,2025-05-20 12:09:29,174 days 22:00:57,0,True
201502800,Physics for the IB Diploma Coursebook with Digital Access (2 Years),9781009071888,外借,418.0,"Tsokos, K. A.",Cambridge University Press,2023-06-22,,530,IB-4-PH-5,584699865874501,IB24G10,2024-11-26 15:58:54,,,0,False
201500848,Physics for the IB Diploma Workbook with Digital Access (2 Years),9781009071901,外借,179.0,"Farrington, Mark",Cambridge University Press,2023-06-29,,400,IB-4-PH-5,584699865874501,IB24G10,2024-11-26 15:59:06,,,0,False
200804344,天黑以后,9787544299787,外借,49.0,村上春树,南海出版公司,2022-01-01,海口,196,I313.45,584699858735173,IB24G10,2024-11-26 17:21:35,2024-12-04 17:04:04,7 days 23:42:29,0,True
201314746,Pearson Chemistry for the IB Diploma SL,9781292427690,外借,335.0,"Brown, Catrin; Ford, Mike; Canning, Oliver; Economou, Andreas; Irwin, Garth",Pearson Education Limited,2023-04-14,London,656,IB-4-CH-3,584699865874501,IB24G10,2024-11-26 17:24:40,2025-01-03 14:32:30,37 days 21:07:50,0,True
200876524,巨人的陨落II,9787539989891,外借,43.0,(英)福莱特著;于大卫译,江苏凤凰文艺出版社,2016-01-01,南京,372,I561.45,584699871535173,IB24G10,2024-11-27 07:44:14,2024-12-20 12:21:21,23 days 04:37:07,0,True
200813361,习近平新时代中国特色社会主义思想学习问答 ,9787514710304,外借,42.0,中共中央宣传部,学习出版社,,北京,10460,D610,584699888529477,IB24G10,2024-11-27 12:05:17,2024-11-27 12:05:36,0 days 00:00:19,0,True
200819365,习近平新时代中国特色社会主义思想基本问题,9787503568770,外借,95.0,中共中央党校著,中共中央党校出版社,2020-01-01,北京,432,D610,584699888529477,IB24G10,2024-11-27 12:05:49,2025-01-02 15:05:10,36 days 02:59:21,0,True
200813361,习近平新时代中国特色社会主义思想学习问答 ,9787514710304,外借,42.0,中共中央宣传部,学习出版社,,北京,10460,D610,584699888529477,IB24G10,2024-11-27 12:05:49,2025-01-02 15:05:10,36 days 02:59:21,0,True
201319000,Ib Diploma Programme Chemistry 2023 Edition Study Guide,9781382016568,外借,288.0,"Neuss, Geoffrey",Oxford,2023-10-05,UK,201,IB-4-CH-3,584699862896709,IB24G10,2024-11-27 16:58:37,2025-02-18 17:55:53,83 days 00:57:16,0,True
201500955,Physics for the IB Diploma Coursebook with Digital Access (2 Years),9781009071888,外借,418.0,"Tsokos, K. A.",Cambridge University Press,2023-06-22,,530,IB-4-PH-5,584699862896709,IB24G10,2024-11-27 16:58:51,2025-02-18 17:56:22,83 days 00:57:31,0,True
200979183,悉达多,9787201112695,外借,32.0,(德)黑塞著 姜乙译,天津人民出版社,2017-01-01,天津,137,I516.45,584699858735173,IB24G10,2024-11-27 17:37:25,2024-12-24 07:44:41,26 days 14:07:16,0,True
200613078,Unraveller,9781529080407,外借,100.0,"Hardinge, Frances",Pan Macmillan,2022-09-01,,416,823.92,584699870892101,IB24G10,2024-11-28 17:53:05,2025-02-26 09:09:41,89 days 15:16:36,1,True
200982623,人性的枷锁 ,9787210082903,外借,68.0,"(英)毛姆 (Maugham, William Somerset 1874~1965) 著", 江西人民出版社,2016-01-01,南昌 ,10645,I561.45,517464412696645,IB23G11,2024-11-29 07:51:39,2024-12-12 11:16:56,13 days 03:25:17,0,True
201018193,人世的真相,9787569520767,外借,69.0,（英）毛姆著,陕西师范大学出版总社,2021-01-01,西安,316,I561.45,517464412696645,IB23G11,2024-11-29 07:51:46,2024-12-23 17:55:32,24 days 10:03:46,0,True
200804647,千羽鹤.4,9787220128165,外借,49.6,（日）川端康成著,四川人民出版社,2023-01-01,成都,241,I313.45,584699862003781,IB24G10,2024-11-29 07:53:01,2024-12-17 12:32:01,18 days 04:39:00,0,True
200875730,叙事经济学 ,9787521715101,外借,88.0,"(美)罗伯特·希勒 (Shiller, Robert J.) 著", 中信出版集团股份有限公司,2020-01-01,北京 ,19355,F0,584699862003781,IB24G10,2024-11-29 07:53:01,2025-02-17 07:37:18,79 days 23:44:17,0,True
201031784,精英的傲慢,9787521731460,外借,79.0,（美）桑德尔著,中信出版集团股份有限公司,2021-01-01,北京,26309,C91,584699843399749,IB24G10,2024-11-29 09:47:36,,,0,False
200967613,力学,9787301094013,外借,50.0,舒幼生著,北京大学出版社,2005-01-01,北京,397,O3,584699877527621,IB24G10,2024-11-29 11:51:57,2025-01-10 09:50:36,41 days 21:58:39,0,True
201323629,The fellowship of the ring : being the first part of The lord of the rings,9780261103573,外借,26.0,"Tolkien, J. R. R.",,,,407,823.912,584699877527621,IB24G10,2024-11-29 11:52:02,2025-01-10 09:50:46,41 days 21:58:44,0,True
200857750,复活,9787532752409,外借,48.0,(俄罗斯)托尔斯泰著,上海译文出版社,2011-01-01,上海,516,I512.44,584699851386949,IB24G10,2024-11-29 12:34:08,2025-02-19 11:48:33,81 days 23:14:25,0,True
200994022,想呀想呀想不停,9787555024941,外借,49.8,（日）吉竹伸介著,海峡文艺出版社,2020-01-01,福州,121,I313.65,455798054015045,IB23G11,2024-12-02 09:17:15,,,0,False
200975141,希望之线,9787544262705,外借,59.0,（日）东野圭吾著,南海出版公司,2021-01-01,海口,294,I313.45,455797989703749,IB23G11,2024-12-02 09:21:37,2025-01-09 20:38:38,38 days 11:17:01,0,True
200948323,哈利·波特与历史,9787500170969,外借,68.0,（法）里多诺著,中译出版社,2022-01-01,北京,229,I561.078,455797996257349,IB23G11,2024-12-02 09:21:57,2025-01-09 15:17:41,38 days 05:55:44,0,True
200878773,契诃夫传,9787532788347,外借,98.0,（苏）格罗莫夫著,上海译文出版社有限公司,2022-01-01,上海,14526,I512.45,450611275219013,IB22G12,2024-12-02 09:57:39,2024-12-10 08:29:02,7 days 22:31:23,0,True
200917491,"大秦帝国·第三部, 金戈铁马. 下卷",9787208152472,外借,58.0,孙皓晖著,上海人民出版社,2019-01-01,上海,426,I247.53,584699884843077,IB24G10,2024-12-02 10:31:11,2024-12-16 17:36:29,14 days 07:05:18,0,True
200848495,道德动物,9787521743630,外借,88.0,（美）赖特著,中信出版集团股份有限公司,2022-01-01,北京,19488,B84,584699862667333,IB24G10,2024-12-02 10:43:34,2025-06-06 10:46:51,186 days 00:03:17,0,True
200940287,叩开免疫之门 ,9787513580878,外借,39.0,秦志海 (1960~) 著, 外语教学与研究出版社,2016-01-01,北京 ,172,R392-49,584699859591237,IB24G10,2024-12-02 11:25:29,2024-12-09 11:24:50,6 days 23:59:21,0,True
200876757,人类的进击 ,9787508699165,外借,59.0,唐文 (作家) 著, 中信出版集团股份有限公司,2019-01-01,北京 ,13333,Q981.1-49,584699842961477,IB24G10,2024-12-02 11:35:53,,,0,False
200888931,生命中那些重要的事,9787559857538,外借,69.0,（澳）辛格著,广西师范大学出版社,2023-01-01,桂林,339,B82,584699866955845,IB24G10,2024-12-02 12:49:29,2024-12-27 09:26:54,24 days 20:37:25,0,True
200876070,丹麦人为什么幸福,9787508674346,外借,58.0,(丹)魏金著;林娟译,中信出版社,2017-01-01,北京,285,B82-49,584699866955845,IB24G10,2024-12-02 12:49:46,2024-12-04 16:27:29,2 days 03:37:43,0,True
200926169,量子经济学,9787504699268,外借,79.0,（加）欧瑞尔著,中国科学技术出版社,2023-01-01,北京,406,F0,450611288313925,IB22G12,2024-12-03 07:51:39,2025-05-19 08:08:18,167 days 00:16:39,1,True
200871805,晓寺,9787559646859,外借,56.0,(日)三岛由纪夫著,北京联合出版公司,2021-01-01,北京,394,I313.45,450611297759301,IB22G12,2024-12-03 16:31:32,2025-04-09 16:33:25,127 days 00:01:53,0,True
201031061,如何从头开始做一个苹果派,9787521743951,外借,68.0,（英）克利夫著,中信出版集团股份有限公司,2022-01-01,北京,13340,O572.2,450611288313925,IB22G12,2024-12-03 16:34:48,2025-05-19 08:08:27,166 days 15:33:39,0,True
200869177,直到时间的尽头,9787573008459,外借,79.0,（美）格林著,海南出版社,2023-01-01,海口,513,O4,450611288313925,IB22G12,2024-12-03 16:35:09,2025-05-19 08:08:24,166 days 15:33:15,0,True
200945040,古典欧洲的诞生：从特洛伊到奥古斯丁,9787508694375,外借,68.0,"(英)普莱斯 (Price, Simon) 著", 中信出版集团股份有限公司,2019-01-01,北京 ,23418,K502,584699875807301,IB24G10,2024-12-03 17:12:25,2025-01-10 09:40:13,37 days 16:27:48,0,True
200697460,Signet Classics: Tales From Shakespeare,9780451530646,外借,9.0,Charles Lamb,Signet,2007-06-05,美国,,822.33,584699868303429,IB24G10,2024-12-04 17:00:10,2025-01-10 11:05:33,36 days 18:05:23,1,True
200835962,以罗马之名 : 缔造罗马伟业的将军们,9787557021559,外借,92.0,"(英)阿德里安·戈兹沃西 (Goldsworthy, Adrian Keith 1969~) 著",广东旅游出版社,2022-01-01,广州,12520,K126-49,584699851386949,IB24G10,2024-12-04 17:40:06,2024-12-11 12:20:26,6 days 18:40:20,0,True
200977997,存在与时间,9787559814487,外借,45.0,陈嘉映著,广西师范大学出版社,2019-01-01,桂林,317,B086,584699859378245,IB24G10,2024-12-05 16:18:40,2024-12-27 11:31:10,21 days 19:12:30,0,True
200993951,落叶,9787229143022,外借,49.8,（美）杜兰特著,重庆出版社,2020-01-01,重庆,265,B-49,584699859378245,IB24G10,2024-12-05 16:18:46,2024-12-18 17:42:12,13 days 01:23:26,0,True
200859981,西西弗神话:散论荒诞,9787532775859,外借,32.0,(法)加缪著　沈志明译,译文出版社,2017-01-01,上海,160,B565.59,584699859378245,IB24G10,2024-12-05 16:18:51,2024-12-18 17:42:12,13 days 01:23:21,0,True
200973198,爱的设计,9787508090108,外借,59.0,(美)布鲁姆著;胡辛凯译,华夏出版社,2017-01-01,北京,323,I565.064,584699859378245,IB24G10,2024-12-05 16:18:55,2025-02-19 11:26:46,75 days 19:07:51,0,True
200945594,我与地坛:插图版,9787540478087,外借,56.0,史铁生著,湖南文艺出版社,2016-01-01,长沙,294,I267,584699845120069,IB24G10,2024-12-05 16:31:32,2025-01-06 11:10:34,31 days 18:39:02,0,True
200817651,窄门,9787201141527,外借,45.0,(法)安德烈·纪德(André Gide)著 顾琪静译,天津人民出版社,2018-01-01,天津,171,I565.45,584699859378245,IB24G10,2024-12-05 18:03:58,2024-12-18 17:42:12,12 days 23:38:14,0,True
200827436,剑桥艺术史·上,9787544792028,外借,249.0,(美)伍德福德著,译林出版社,2023-01-01,南京,499,J110.9,517464412696645,IB23G11,2024-12-05 18:05:00,2024-12-23 17:55:40,17 days 23:50:40,0,True
200853594,一个女人的故事,9787208178311,外借,38.0,"(法)埃尔诺 (Ernaux, Anne 1940~) 著",上海人民出版社,2022-01-01,上海,79,I565.45,455798035157061,IB23G11,2024-12-06 10:01:31,2024-12-13 11:57:00,7 days 01:55:29,0,True
200987218,红与黑,9787201108186,外借,42.0,(法)司汤达著;罗新璋译,天津人民出版社,2016-01-01,天津,471,I565.44,584699858526277,IB24G10,2024-12-06 11:51:27,2025-01-09 17:09:51,34 days 05:18:24,1,True
200842446,爱弥儿 .下卷,9787100132237,外借,49.5,"(法)卢梭 (Rousseau, Jean-Jacques 1712~1778) 著", 商务印书馆,2017-01-01,北京 ,897,G40-095.65,455797950369861,IB23G11,2024-12-06 12:21:48,,,0,False
201033274,深度学习 ,9787115461476,外借,168.0,"(美)伊恩·古德费洛 (Goodfellow, Ian) 著", 人民邮电出版社,2017-01-01,北京 ,10500,TP181,455798100992069,IB23G11,2024-12-06 12:29:17,2025-01-07 07:30:24,31 days 19:01:07,0,True
201020741,契科夫短篇小说精选,9787020138074,外借,28.0,契科夫著;汝龙译,人民文学出版社,2018-01-01,北京,258,I512.44,450611279773765,IB22G12,2024-12-06 13:38:51,2024-12-17 07:52:06,10 days 18:13:15,0,True
200914813,应用STATA做统计分析 : 更新至STATA12 : 原书第8版,9787302466659,外借,79.8,"(美)劳伦斯·C. 汉密尔顿 (Hamilton, Lawrence C.) 著", 清华大学出版社,2017-01-01,北京 ,13425,C819,450611288313925,IB22G12,2024-12-06 14:36:47,2025-05-19 08:07:50,163 days 17:31:03,0,True
200972894,宗教社会学,9787301262788,外借,45.0,孙尚扬著,北京大学出版社,2015-01-01,北京,342,B920,450611291877445,IB22G12,2024-12-09 09:39:33,2025-05-21 10:10:02,163 days 00:30:29,0,True
200862771,基因社会,9787559407290,外借,49.8,(美)莱凯尔等著;尹晓虹等译,江苏凤凰文艺出版社,2017-01-01,南京,251,Q343.2,584699859591237,IB24G10,2024-12-09 11:42:56,2024-12-27 11:16:30,17 days 23:33:34,0,True
200688096,Before I Fall,9780340980903,外借,45.0,Lauren Oliver,Hodder,2010-07-22,英国,,813.6,584699856592965,IB24G10,2024-12-09 11:46:24,2025-01-10 15:17:52,32 days 03:31:28,0,True
200893079,百鬼夜行 : 全画集,9787547048290,外借,68.0,(日)鸟山石燕 (1712~1788) 绘,万卷出版公司,2018-01-01,沈阳,301,J231,455797961306181,IB23G11,2024-12-09 12:01:43,,,0,False
200983212,新艺术的自然与曲线,9787552029864,外借,178.0,心安工作室著,上海社会科学院出版社,2020-01-01,上海,427,J509.1,455797961306181,IB23G11,2024-12-09 12:01:55,,,0,False
200931947,如何解读中世纪艺术,9787535691828,外借,78.0,"(美)温迪·A. 斯坦 (Stein, Wendy A.) 著",湖南美术出版社,2020-01-01,长沙,135,J150.093,455797961306181,IB23G11,2024-12-09 12:02:08,,,0,False
200997591,平面犬,9787544281232,外借,59.0,（日）乙一著,南海出版公司,2021-01-01,海口,265,I313.45,584699847327813,IB24G10,2024-12-09 15:39:04,2025-01-07 11:25:49,28 days 19:46:45,0,True
200861674,爱的艺术 ,9787532779901,外借,39.0,"(美)弗罗姆 (Fromm, Erich 1900~1980) 著", 上海译文出版社有限公司,2019-01-01,上海 ,135,C912.6,584699847327813,IB24G10,2024-12-09 15:39:11,2025-01-07 11:25:49,28 days 19:46:38,0,True
200915368,机器学习：原理、算法与应用,9787302532347,外借,88.0,雷明 (计算机技术) 著, 清华大学出版社,2019-01-01,北京 ,16398,TP181,584699889176645,IB24G10,2024-12-09 15:48:49,2024-12-27 14:41:15,17 days 22:52:26,0,True
200876436,谁动了我的奶酪?,9787521714586,外借,45.0,（美）约翰逊著,中信出版集团股份有限公司,2020-01-01,北京,106,B825-49,584699880185925,IB24G10,2024-12-09 16:14:48,2024-12-16 15:11:45,6 days 22:56:57,0,True
201010985,猎人笔记,9787544775809,外借,38.0,(俄罗斯) 屠格涅夫 著, 译林出版社,2019-01-01,南京,327,I512.44,450611316584517,IB22G12,2024-12-09 16:24:12,2024-12-26 08:30:05,16 days 16:05:53,0,True
200813815,丽达与天鹅 : 叶芝诗歌新译详注,9787307224520,外借,48.0,"(爱尔兰)叶芝 (Yeats, William Butler 1865~1939) 著",武汉大学出版社,2022-01-01,武汉,3913460,I562.25,450611316584517,IB22G12,2024-12-09 16:24:17,2024-12-26 08:30:00,16 days 16:05:43,0,True
201012741,望春风,9787544762588,外借,48.0,格非著,译林出版社,2016-01-01,南京,393,I247.5,450611291119685,IB22G12,2024-12-09 17:05:14,2025-01-08 19:59:04,30 days 02:53:50,0,True
200807699,无神话，不艺术！,9787547743270,外借,198.0,（英）戴尔著,北京日报出版社,2022-01-01,北京,352,J051,455798114512965,IB23G11,2024-12-10 10:19:30,2024-12-18 16:32:01,8 days 06:12:31,0,True
200956297,拉斐尔：柔美与和谐,9787559631282,外借,98.0,(法)西尔维·吉拉尔－拉戈斯 著, 北京联合出版公司,2019-01-01,北京 ,111,J205.546,455798114512965,IB23G11,2024-12-10 10:19:47,2024-12-18 16:32:01,8 days 06:12:14,0,True
200939805,波提切利：优雅栖身,9787559631299,外借,98.0,(法)米里耶勒·内沃 著, 北京联合出版公司,2019-01-01,北京 ,111,J205.546,455798114512965,IB23G11,2024-12-10 10:20:32,2024-12-18 16:32:01,8 days 06:11:29,0,True
200956359,克里姆特：变形的真实,9787559637222,外借,98.0,(法)西尔维·吉拉尔-拉戈斯 著, 北京联合出版公司,2019-01-01,北京 ,112,J205.521,455798114512965,IB23G11,2024-12-10 10:20:46,2024-12-18 16:32:03,8 days 06:11:17,0,True
200956304,穆夏：新艺术大师,9787559633620,外借,98.0,(法)法比耶纳·艾丽斯 (Biena Alice) 著, 北京联合出版公司,2019-01-01,北京 ,111,J205.514,455798114512965,IB23G11,2024-12-10 10:20:57,2024-12-11 10:35:51,1 days 00:14:54,0,True
200942533,"思考,快与慢",9787508633558,外借,69.0,"(美)卡尼曼著,李爱民,何梦莹译",中信出版社,2016-01-01,北京,424,F069.9-49,584699885277253,IB24G10,2024-12-10 12:08:15,2024-12-27 14:43:18,17 days 02:35:03,0,True
200980073,树犹如此,9787549563517,外借,68.0,白先勇著,广西师范大学出版社,2015-01-01,桂林,392,I267,584699887439941,IB24G10,2024-12-10 12:09:10,2025-03-24 17:15:22,104 days 05:06:12,0,True
200979370,看见,9787549529322,外借,49.8,柴静著,广西师范大学出版社,2013-01-01,桂林,405,I267.1,584699885707333,IB24G10,2024-12-10 12:09:54,,,0,False
200415504,The Complete Yes Prime Minister: The Diaries of ...,9780563207733,外借,110.0,Jonathan Lynn and Sir Anthony Jay,Ebury Publishing,1989-06-01,,512,823.914,455798073110597,IB23G11,2024-12-10 12:13:25,,,0,False
200695676,All The Light We Cannot See,9781501173219,外借,68.0,Anthony Doerr,Scribner Book,2017-04-04,美国,,813.6,455798073110597,IB23G11,2024-12-10 12:13:25,,,0,False
201321532,Dadaism,9783836505628,外借,87.0,"Elger, Dietmar",TASCHEN,2016-01-15,德国,,709.04,455798073110597,IB23G11,2024-12-10 12:14:40,2025-01-10 15:44:09,31 days 03:29:29,0,True
201320908,Duchamp,9783836534321,外借,110.0,"Mink, Janis",Taschen,2017-01-11,,96,700,455798073110597,IB23G11,2024-12-10 12:14:40,2025-01-10 15:43:38,31 days 03:28:58,0,True
201320846,Lichtenstein,9783836532075,外借,110.0,"Hendrickson, Janis",Taschen,2019-05-07,,96,700,455798073110597,IB23G11,2024-12-10 12:14:40,2025-01-10 15:44:21,31 days 03:29:41,0,True
200988985,机器学习实战 : 基于Scikit-Learn、Keras和TensorFlow,9787111665977,外借,149.0,"(法)奥雷利安·吉翁 (Géron, Aurélien) 著",机械工业出版社,2020-01-01,北京,676,TP181,450611288313925,IB22G12,2024-12-10 14:59:51,2025-05-19 08:07:46,159 days 17:07:55,0,True
200994549,本书书名无法描述本书内容昂:精装珍藏版,9787559614315,外借,49.8,(美)卡普兰著;袁婧译,北京联合出版公司,2018-01-01,北京,240,B-49,584699866955845,IB24G10,2024-12-11 11:43:59,2024-12-27 09:26:54,15 days 21:42:55,0,True
201039688,鲁迅全集·第一卷,9787536094239,外借,29.9,鲁迅著,花城出版社,2021-01-01,广州,20,I210.1,584699869589573,IB24G10,2024-12-11 12:11:58,2025-01-08 11:25:01,27 days 23:13:03,0,True
200880573,推销员之死,9787532783038,外借,52.0,"(美)阿瑟·米勒 (Miller, Arthur 1915~2005) 著",上海译文出版社,2020-01-01,上海,223,I712.35,584699880865861,IB24G10,2024-12-11 12:19:03,2025-01-08 14:43:44,28 days 02:24:41,0,True
200882768,火星俱乐部,9787532178995,外借,65.0,（美）库什纳著,上海文艺出版社,2022-01-01,上海,410,I712.45,584699842498629,IB24G10,2024-12-11 12:22:37,2025-01-06 09:56:34,25 days 21:33:57,0,True
201324922,Hans Christian Andersen's Fairy Tales,9780141329017,外借,29.95,retold by Naomi Lewis;illustrations by P,Puffin Books,2010-01-01,London,181,839.8136,584699842498629,IB24G10,2024-12-11 12:23:00,2025-01-06 09:56:34,25 days 21:33:34,0,True
200826428,王座上的幽灵,9787520191999,外借,86.0,（美）罗姆著,社会科学文献出版社,2022-01-01,北京,411,K125,584699851386949,IB24G10,2024-12-11 12:23:39,2024-12-16 12:04:19,4 days 23:40:40,0,True
200956929,拿起就放不下的经济学,9787502854911,外借,68.0,张江生著,地震出版社,2023-01-01,北京,303,F0-49,455798095261765,IB23G11,2024-12-12 08:58:06,2024-12-17 08:25:10,4 days 23:27:04,0,True
200885435,"怪诞行为学. 3, 非理性的你",9787508680972,外借,42.0,"(美)丹·艾瑞里 (Ariely, Dan) 著",中信出版集团股份有限公司,2017-01-01,北京,231,F069.9,455798095261765,IB23G11,2024-12-12 08:58:06,2024-12-17 08:25:10,4 days 23:27:04,0,True
201325949,The Tree Book: The Inside Story of Our Greatest Species,9780241487556,外借,136.0,DK,DK Publishing,2022-03-31,英国,,582.16,584699853369413,IB24G10,2024-12-12 17:51:20,2025-02-17 07:31:48,66 days 13:40:28,1,True
200839673,罗马元老院与人民：一部古罗马史,9787513922494,外借,118.0,"(英)玛丽·比尔德 (Beard, Mary 1955~) 著", 民主与建设出版社有限责任公司,2018-01-01,北京 ,17599,K126-49,450611286782021,IB22G12,2024-12-13 08:40:24,2025-02-27 08:36:23,75 days 23:55:59,0,True
201502917,Dune,9780441172719,外借,50.0,Frank Herbert,Ace Books,2019-01-01,USA,884,813.54,584699861119045,IB24G10,2024-12-13 11:10:30,2025-01-10 14:09:06,28 days 02:58:36,0,True
200881698,不能承受的生命之轻,9787532766635,外借,88.0,昆德拉著,上海译文出版社,2014-01-01,上海,427,I565.45,455798035157061,IB23G11,2024-12-13 12:37:57,2025-04-25 14:49:37,133 days 02:11:40,0,True
200917525,"大秦帝国·第四部, 阳谋春秋. 上卷",9787208152472,外借,58.0,孙皓晖著,上海人民出版社,2019-01-01,上海,426,I247.53,584699884843077,IB24G10,2024-12-16 12:08:23,2024-12-26 11:25:44,9 days 23:17:21,0,True
200877738,洛丽塔,9787532780686,外借,76.0,（美）弗拉基米尔·纳博科夫(Vladimir Nabokov)著 主万译,上海译文出版社有限公司,2019-01-01,上海,502,I712.45,584699858526277,IB24G10,2024-12-16 12:41:58,2025-01-09 17:09:51,24 days 04:27:53,1,True
200870085,密室收藏家,9787539981635,外借,36.0,（日）大山诚一郎著,江苏凤凰文艺出版社,2017-01-01,南京,225,I313.45,450611280293957,IB22G12,2024-12-16 14:22:10,2025-01-02 18:32:07,17 days 04:09:57,0,True
201003350,克莱因壶,9787122346032,外借,48.0,(日)冈岛二人 著,化学工业出版社,2019-01-01,北京,16299,I313.45,450611280293957,IB22G12,2024-12-16 14:22:15,,,0,False
200993158,彷徨之刃,9787544276207,外借,39.5,(日)东野圭吾著,南海出版公司,2015-01-01,海口,327,I313.45,450611280293957,IB22G12,2024-12-16 14:30:26,2025-02-20 17:50:57,66 days 03:20:31,0,True
201301420,Bantam Classics：King Lear,9780553212976,外借,13.0,William Shakespeare,Bantam Classics,1988-01-01,美国,,822.33,455798100992069,IB23G11,2024-12-16 16:56:44,2025-01-10 07:56:42,24 days 14:59:58,0,True
200694515,Bantam Classics：Jane Eyre,9780553211405,外借,13.0,Charlotte Bronte,Bantam Classics,1983-09-01,美国,,823.8,455798100992069,IB23G11,2024-12-16 16:56:51,2025-01-10 07:56:50,24 days 14:59:59,0,True
201006990,博弈与社会,9787301218211,外借,68.0,张维迎著,北京大学出版社,2013-01-01,北京,,F224.32,455798095261765,IB23G11,2024-12-17 08:28:50,2025-02-17 07:32:43,61 days 23:03:53,0,True
200874535,"怪诞行为学. 4, 诚实的真相",9787508681481,外借,45.0,"(美)丹·艾瑞里 (Ariely, Dan) 著",中信出版集团股份有限公司,2017-01-01,北京,28222,F069.9,455798095261765,IB23G11,2024-12-17 08:28:50,2025-01-10 10:29:26,24 days 02:00:36,0,True
200895905,这就是社会学,9787545477283,外借,52.0,(日)堀内进之介,广东经济出版社,2021-01-01,广州,269,C91,455798063370309,IB23G11,2024-12-17 10:23:05,2025-01-10 13:56:22,24 days 03:33:17,0,True
201059184,五号屠场,9787555913139,外借,59.9,（美）库尔特.冯内古特著 ,河南文艺出版社 ,2022-01-01,郑州 ,229,I712.45,450611297759301,IB22G12,2024-12-17 16:54:02,2025-05-22 12:01:27,155 days 19:07:25,0,True
200898644,美术与世界,9787569323924,外借,59.8,周利明,西安交通大学出版社,2022-01-01,西安,352,J1,455797923815493,IB23G11,2024-12-17 17:50:36,2025-01-09 12:45:08,22 days 18:54:32,0,True
200896771,现代生活的画像：马奈及其追随者艺术中的巴黎,9787534459030,外借,79.0,"(英)T. J. 克拉克 (Clark, T. J. 1943~) 著", 江苏美术出版社,2013-01-01,南京 ,503,J205.1,455797923815493,IB23G11,2024-12-17 17:50:36,2025-01-09 12:45:05,22 days 18:54:29,0,True
200954798,宏观经济数据分析手册,9787564237820,外借,128.0,李奇霖 著,上海财经大学出版社,2021-01-01,上海,564,F015-62,584699861340229,IB24G10,2024-12-18 07:45:18,2025-02-17 07:37:18,60 days 23:52:00,0,True
201058602,社会学基本概念,9787301344477,外借,79.0,(英）安东尼·吉登斯 著,北京大学出版社 ,2023-01-01,北京 ,353,C91,584699866955845,IB24G10,2024-12-18 14:48:15,2025-03-10 14:56:39,82 days 00:08:24,0,True
200836532,第三个女郎,9787513321259,外借,39.0,（英）克里斯蒂著,新星出版社,2018-01-01,,261,I561.45,455798115278917,IB23G11,2024-12-18 17:11:26,,,0,False
200970850,厌女,9787545219753,外借,66.0,（日）上野千鹤子著,上海光启书局有限公司,2023-01-01,上海,317,G131.3,455798115278917,IB23G11,2024-12-18 17:19:32,,,0,False
200850105,日本之镜,9787542662019,外借,69.0,（荷）布鲁玛,上海三联书店,2018-01-01,上海,297,G131.3,455798115278917,IB23G11,2024-12-18 17:19:32,,,0,False
200883767,银河系搭车客指南.2,9787532764655,外借,53.6,(英)亚当斯著;姚向辉译,上海译文出版社,2014-01-01,上海,279,I561.45,584699845550149,IB24G10,2024-12-18 17:33:50,2025-03-18 17:06:16,89 days 23:32:26,1,True
200779755,经济用语图鉴,9787544298841,外借,68.0,(日)花冈幸子 著,南海出版公司,2021-01-01,海口,299,F0-49,450611250929733,IB22G12,2024-12-19 13:36:04,2025-03-25 16:20:29,96 days 02:44:25,0,True
200535616,如何成为幸福的有钱人,9787542673831,外借,59.0,(日)和田裕美著　英尔岛译,上海三联书店,2022-01-01,上海,158,F014.41,450611250929733,IB22G12,2024-12-19 13:36:10,2025-03-25 16:20:40,96 days 02:44:30,0,True
200755414,叔凡说法 一看就懂的法律常识,9787559657015,外借,59.8,李叔凡 著, 北京联合出版公司,2021-01-01,北京 ,256,D920.5,450611250929733,IB22G12,2024-12-19 13:36:16,2025-03-25 16:20:35,96 days 02:44:19,0,True
200535938,料理图鉴,9787535676238,外借,70.0,(日)越智登代子著　(日)平野惠理子绘　杨晓婷译,湖南美术出版社,2018-01-01,长沙,383,TS972.11,450611254730821,IB22G12,2024-12-19 13:38:20,2025-03-25 16:20:53,96 days 02:42:33,0,True
200541388,做一杯美味咖啡,9787559203908,外借,68.0,堀口俊英,北京美术摄影出版社,2020-01-01,北京,167,TS273,450611254730821,IB22G12,2024-12-19 13:38:25,2025-03-25 16:20:44,96 days 02:42:19,0,True
200779791,设计的细节 : 日本经典设计透析,9787115434500,外借,59.0,(日)日经设计 编,人民邮电出版社,2016-01-01,北京,185,TB21,450611254730821,IB22G12,2024-12-19 13:38:29,2025-03-25 16:20:50,96 days 02:42:21,0,True
201001290,印度六派哲学,9787100208680,外借,108.0,木村泰贤著,商务印书馆,2022-01-01,北京,10535,B351.2,584699859378245,IB24G10,2024-12-19 17:09:45,2025-01-06 16:25:01,17 days 23:15:16,0,True
200986086,火的精神分析,9787100167789,外借,25.0,（法）巴什拉著,商务印书馆,2019-01-01,北京,113,B565.59,584699852910661,IB24G10,2024-12-20 08:48:52,2025-03-13 14:23:58,83 days 05:35:06,0,True
200882054,权力意志与永恒轮回,9787532772360,外借,49.0,(德)尼采著　(德)沃尔法特著　虞龙发译,上海译文出版社,2016-01-01,上海,331,B516.47,584699852910661,IB24G10,2024-12-20 08:48:58,2025-03-13 14:23:56,83 days 05:34:58,0,True
200885569,界限之书,9787559840943,外借,76.0,（法）雅贝斯著,广西师范大学出版社,2021-01-01,桂林,429,I565.45,584699852910661,IB24G10,2024-12-20 08:49:10,2025-03-13 14:24:01,83 days 05:34:51,0,True
200973651,从零开始读懂物理学,9787301333686,外借,59.0,汪振东著,北京大学出版社,2022-01-01,北京,318,O4-49,584699871535173,IB24G10,2024-12-20 13:11:00,2025-01-09 18:59:21,20 days 05:48:21,0,True
200991267,人人都该懂的工程学,9787213096471,外借,59.9,(英)娜塔莎·麦卡锡(Natasha McCarthy)著 ,浙江人民出版社,2020-01-01,杭州,191,TB-49,584699871535173,IB24G10,2024-12-20 13:11:00,2024-12-27 07:48:32,6 days 18:37:32,0,True
200876551,巨人的陨落III,9787539989891,外借,43.0,(英)福莱特著;于大卫译,江苏凤凰文艺出版社,2016-01-01,南京,372,I561.45,584699871535173,IB24G10,2024-12-20 13:11:00,2025-01-08 17:19:17,19 days 04:08:17,0,True
200988850,建筑师的1堂必修课,9787111711544,外借,49.0,罗松著,机械工业出版社,2022-01-01,北京,301,TU,584699871535173,IB24G10,2024-12-20 13:11:00,2025-01-02 18:40:22,13 days 05:29:22,0,True
200987272,美国史. 上册,9787100056748,外借,190.0,（美）马丁著,商务印书馆,2012-01-01,北京,1510,K712.0,584699861790789,IB24G10,2024-12-20 14:16:54,2025-03-03 10:42:30,72 days 20:25:36,0,True
201011127,政治哲学与幸福根基,9787544732819,外借,39.0,(英)罚勒著;李里峰译,译林出版社,2013-01-01,南京,139,D0,584699845550149,IB24G10,2024-12-20 15:01:53,2025-02-17 17:32:04,59 days 02:30:11,1,True
201011813,政治的历史与边界 ,9787544729826,外借,39.0,"(英)肯尼思·米诺格 (Minogue, Kenneth) 著", 译林出版社,2013-01-01,南京 ,125113,D0,584699845550149,IB24G10,2024-12-20 15:02:03,2025-02-17 17:32:01,59 days 02:29:58,1,True
200874321,剧变 ,9787521712032,外借,98.0,"(美)戴蒙德 (Diamond, Jared 1937~) 著", 中信出版集团股份有限公司,2020-01-01,北京 ,25435,F039,450611291119685,IB22G12,2024-12-23 09:49:27,2025-04-11 13:26:13,109 days 03:36:46,0,True
200989626,饥饿的盛世 : 乾隆时代的得与失,9787229167127,外借,58.0,(蒙族)张宏杰 (1972~) 著,重庆出版社,2022-01-01,重庆,402,K249.309,450611291119685,IB22G12,2024-12-23 09:49:27,2025-04-11 13:26:18,109 days 03:36:51,0,True
200879308,惶然录,9787532172092,外借,68.0,佩索阿,上海文艺出版社,2019-01-01,上海,10405,I552.65,450611290882117,IB22G12,2024-12-23 09:58:35,2025-02-17 17:55:37,56 days 07:57:02,1,True
200801061,不安之书,9787559656797,外借,78.0,佩索阿著,北京联合出版公司,2022-01-01,北京,488,I552.65,450611290882117,IB22G12,2024-12-23 09:58:35,2025-01-03 13:08:19,11 days 03:09:44,0,True
200880546,微暗的火,9787532780693,外借,63.0,（美）纳博科夫著,上海译文出版社有限公司,2019-01-01,上海,378,I712.45,450611290882117,IB22G12,2024-12-23 10:12:49,2025-01-03 13:08:19,11 days 02:55:30,0,True
201602186,像我们一样疯狂,9787303207695,外借,54.0,(美)伊森·沃特斯,北京师范大学出版社 ,2016-01-01,北京 ,290,R395.2,450611279773765,IB22G12,2024-12-23 17:46:07,2025-01-03 07:44:03,10 days 13:57:56,0,True
200831476,浮士德,9787020151028,外借,59.0,（德）歌德著,人民文学出版社,1994-01-01,北京,555,I516.34,517464412696645,IB23G11,2024-12-23 18:08:38,,,0,False
200853399,神曲,9787532752522,外借,42.0,（意）但丁著,上海译文出版社,2011-01-01,上海,695,I546.23,517464412696645,IB23G11,2024-12-23 18:08:49,,,0,False
200878808,总结：毛姆创作生涯回忆录,9787532785520,外借,52.0,（英）毛姆著,上海译文出版社有限公司,2021-01-01,上海,285,I561.55,517464412696645,IB23G11,2024-12-23 18:08:56,,,0,False
201311151,GAUGUIN,9783836532235,外借,87.0,Ingo F. Walther,TASCHEN,2017-11-19,德国,,759.4,517464412696645,IB23G11,2024-12-23 18:12:17,,,0,False
201308940,Word Cloud Classics: The Age Of Innocence,9781626860568,外借,44.0,Edith Wharton,Canterbury Classics,2014-05-01,美国,,813.52,584699837497413,IB24G10,2024-12-24 07:25:34,2025-03-14 14:09:36,80 days 06:44:02,0,True
200859133,美丽新世界,9787532773404,外借,28.0,(英)赫胥黎著,上海译文出版社,2017-01-01,上海,298,I561.45,584699885924421,IB24G10,2024-12-24 11:39:39,2025-03-13 17:21:30,79 days 05:41:51,0,True
200987227,红与黑,9787201108186,外借,42.0,(法)司汤达著;罗新璋译,天津人民出版社,2016-01-01,天津,471,I565.44,584699885924421,IB24G10,2024-12-24 11:39:45,2025-03-13 17:21:35,79 days 05:41:50,0,True
200859641,想象,9787532764082,外借,48.0,(法)萨特著　杜小真译,上海译文出版社,2014-01-01,上海,188,B565.53,584699859378245,IB24G10,2024-12-24 11:56:16,2024-12-27 11:31:10,2 days 23:34:54,0,True
200920147,情节与历史叙事,9787208178755,外借,85.0,(法）利科著,上海人民出版社,2023-01-01,上海,308,B089.2,584699859378245,IB24G10,2024-12-24 11:56:20,2025-01-06 16:25:01,13 days 04:28:41,0,True
200803416,真实幸福的形而上学,9787305261527,外借,45.0,（法）巴迪欧著,南京大学出版社,2023-01-01,南京,137,B82,584699859378245,IB24G10,2024-12-25 12:25:56,2025-01-02 14:29:49,8 days 02:03:53,0,True
201045449,中国哲学如何登场 ,9787305242632,外借,58.0,李泽厚 (1930~2021) 著, 南京大学出版社,2021-01-01,南京 ,245,B261,584699859378245,IB24G10,2024-12-25 12:26:04,2025-01-07 11:31:52,12 days 23:05:48,0,True
201000521,斯宾诺莎与表现问题,9787100168984,外借,39.0,（法）德勒兹著,商务印书馆,2019-01-01,北京,382,B563.1,584699859378245,IB24G10,2024-12-25 12:26:21,2025-01-02 15:39:12,8 days 03:12:51,0,True
Z0065131,國際文憑大學預科項目中文A語言與文學課程學習指導——文学卷(简体版),9789620433641,外借,141.3,禹慧灵编著,三联书店(香港)有限公司,2013-01-01,香港,265,IB-1-CH-1,455797997994053,IB23G11,2024-12-26 09:28:06,2025-01-06 10:48:12,11 days 01:20:06,0,True
Z0063177,INTRODUCTION TO TOPOLOGY,9780486663524,外借,60.0,,DOVER,,USA,206,IB-5-M-4,455797997994053,IB23G11,2024-12-26 09:28:06,2025-04-08 17:06:22,103 days 07:38:16,0,True
Z0068864,IBDP中文A文学课程试卷(1)7分范文点评,9789620437946,外借,0.0,李萍,三联书店(香港)有限公司,2015-01-01,香港,246,IB-1-CH-1,455797997994053,IB23G11,2024-12-26 09:28:06,2025-01-09 16:57:17,14 days 07:29:11,0,True
200917543,"大秦帝国·第四部, 阳谋春秋. 下卷",9787208152472,外借,58.0,孙皓晖著,上海人民出版社,2019-01-01,上海,495,I247.53,584699884843077,IB24G10,2024-12-26 11:27:09,2025-01-06 11:35:23,11 days 00:08:14,0,True
201037172,峰会:影响2世纪的六场元首会谈,9787508681832,外借,78.0,雷诺慈著;马俊译,中信出版社,2018-01-01,北京,576,K150.5,584699846234181,IB24G10,2024-12-26 11:49:42,,,0,False
200831626,爱伦·坡短篇小说全集. 下,9787100202084,外借,69.5,（美）爱伦·坡著,商务印书馆,2022-01-01,北京,10984,I712.45,584699885924421,IB24G10,2024-12-27 11:38:55,2025-03-13 17:21:33,76 days 05:42:38,0,True
201323647,Alma Classics:Tales of Horror,9781847496096,外借,32.0,Edgar Allan Poe,Alma Books,,UK,311,813.3,450611317665861,IB22G12,2024-12-27 12:20:45,2025-01-02 15:31:10,6 days 03:10:25,0,True
200687596,Noise: A Flaw in Human Judgment,9780316266659,外借,73.0,Daniel Kahneman,"Little, Brown US",2021-05-18,美国,,153.83,450611317665861,IB22G12,2024-12-27 12:20:55,2025-01-02 15:31:10,6 days 03:10:15,0,True
201049891,万物归一,9787559823168,外借,45.0,（美）狄勒德著,广西师范大学出版社,2022-01-01,桂林,110,I712.65,584699888091205,IB24G10,2024-12-27 12:37:57,2025-01-02 17:21:10,6 days 04:43:13,0,True
200917080,"做中学电子电路, 电路基础 ",9787030596451,外借,68.0,(日)ADWIN株式会社 著, 科学出版社,2019-01-01,北京 ,121,TN7,584699871535173,IB24G10,2024-12-27 13:24:39,2025-01-02 18:40:31,6 days 05:15:52,0,True
201035218,运动营养全书：全彩图解版,9787115535276,外借,248.0,"(美)玛利亚·A.斯帕诺 (Spano, Marie A.) 著", 人民邮电出版社,2020-01-01,北京 ,10510,G804.32,584699880624197,IB24G10,2024-12-27 15:51:45,2025-05-28 13:42:11,151 days 21:50:26,0,True
200912637,建筑,9787807680284,外借,43.0,（英）弗伦奇著,生活·读书·新知三联书店,2014-01-01,北京,144,TU-092,584699853152325,IB24G10,2025-01-02 17:31:34,2025-02-21 07:24:15,49 days 13:52:41,0,True
200917080,"做中学电子电路, 电路基础 ",9787030596451,外借,68.0,(日)ADWIN株式会社 著, 科学出版社,2019-01-01,北京 ,121,TN7,584699871535173,IB24G10,2025-01-02 18:43:47,2025-03-21 11:47:01,77 days 17:03:14,0,True
201035441,不可不知的36种电子元器件,9787115440969,外借,49.0,张晓东著, 人民邮电出版社,2017-01-01,北京 ,266,TN-49,584699871535173,IB24G10,2025-01-02 18:43:47,2025-03-21 11:47:01,77 days 17:03:14,0,True
200970574,布拉格：黑色与金色之城,9787301311929,外借,78.0,"(美)德默兹 (Demetz, Peter 1922~) 著", 北京大学出版社,2020-01-01,北京 ,511,K524.9,584699846234181,IB24G10,2025-01-03 11:31:27,,,0,False
201324735,Art : the definitive visual history,9780241629031,外借,181.0,DK,,,,,709,517464412696645,IB23G11,2025-01-03 12:28:57,,,0,False
200917552,"大秦帝国·第五部, 铁血文明. 上卷",9787208152472,外借,58.0,孙皓晖著,上海人民出版社,2019-01-01,上海,495,I247.53,584699884843077,IB24G10,2025-01-06 07:23:26,2025-01-10 11:26:02,4 days 04:02:36,0,True
200687122,Breaking dawn,9781907410512,外借,75.0,"Meyer, Stephenie,","Atom,",2010-01-01,London,702,813.6,584699842498629,IB24G10,2025-01-06 15:41:02,2025-02-17 09:15:14,41 days 17:34:12,0,True
200859981,西西弗神话:散论荒诞,9787532775859,外借,32.0,(法)加缪著　沈志明译,译文出版社,2017-01-01,上海,160,B565.59,517464412696645,IB23G11,2025-01-06 18:03:33,,,0,False
200873297,地狱之行:1914-1949,9787508683003,外借,89.0,(英)克肖著;林华译,中信出版社,2019-01-01,北京,588,K505,450611273154629,IB22G12,2025-01-06 18:55:45,2025-01-06 20:08:20,0 days 01:12:35,0,True
200936434,制造东京,9787521733266,外借,79.0,(日)藤森照信 (1946~) 著,中信出版社,2021-01-01,北京,385,TU-093.131,455798075973701,IB23G11,2025-01-06 20:10:13,2025-01-09 17:06:32,2 days 20:56:19,0,True
200696112,A Tale of Two Cities,9780785839835,外借,42.0,Charles Dickens,Chartwell Books,2021-10-19,英国,,823.8,455798100992069,IB23G11,2025-01-07 07:30:45,2025-01-10 07:56:54,3 days 00:26:09,0,True
200805717,一间自己的房间,9787572225482,外借,42.0,（英）吴尔夫著,浙江教育出版社,2021-01-01,杭州,36282,I106,450611282698309,IB22G12,2025-01-07 11:00:16,2025-02-18 10:38:07,41 days 23:37:51,0,True
200876016,"怪诞行为学. 2, 非理性的积极力量",9787508681436,外借,45.0,"(美)丹·艾瑞里 (Ariely, Dan) 著",中信出版集团股份有限公司,2017-01-01,北京,18250,F069.9,455798095261765,IB23G11,2025-01-07 11:34:13,2025-02-17 07:33:26,40 days 19:59:13,0,True
200992523,牛奶可乐经济学 4,9787213094842,外借,69.9,(美)罗伯特·弗兰克(Robert H. Frank)著,浙江人民出版社,2020-01-01,杭州,268,F0-49,455798095261765,IB23G11,2025-01-07 11:34:13,2025-02-18 07:47:16,41 days 20:13:03,0,True
200875687,小岛经济学,9787508672960,外借,48.0,(美)彼得著;胡晓姣译,中信出版社,2017-01-01,北京,298,F0-49,455798095261765,IB23G11,2025-01-07 11:34:13,2025-02-17 07:33:29,40 days 19:59:16,0,True
200977176,体内火焰,9787509016114,外借,49.8,陈思安,当代世界出版社,2021-01-01,北京,270,I247.7,584699853369413,IB24G10,2025-01-07 16:37:01,2025-02-18 07:16:36,41 days 14:39:35,1,True
200870129,字母表谜案 ,9787555911425,外借,42.0,"(日)大山诚一郎 (Oyama, Seiichiro, 1971~) 著", 河南文艺出版社,2021-01-01,郑州 ,283,I313.45,450611280293957,IB22G12,2025-01-07 17:25:39,2025-03-25 12:10:41,76 days 18:45:02,0,True
200943943,秘密,9787544258210,外借,45.0,(日)东野圭吾,南海出版公司,2017-01-01,海口,330,I313.45,450611280293957,IB22G12,2025-01-07 17:25:48,2025-05-20 11:30:52,132 days 18:05:04,0,True
200805263,秘密结晶,9787532791231,外借,68.0,（日）小川洋子著,上海译文出版社有限公司,2022-01-01,上海,363,I313.45,450611280293957,IB22G12,2025-01-07 17:34:44,2025-05-20 11:30:52,132 days 17:56:08,0,True
200994665,假面山庄,9787530217559,外借,45.0,(日)东野圭吾著,北京十月文艺出版社,2018-01-01,北京,230,I313.45,450611280293957,IB22G12,2025-01-07 17:34:51,2025-02-20 17:50:57,44 days 00:16:06,0,True
201307040,Normal people : a novel,9781984822185,外借,26.0,"Rooney, Sally; Baardman, Gerda",Hogarth,2020-01-01,USA,287,823.92,455798058967109,IB23G11,2025-01-07 20:25:08,,,1,False
200996217,神经科学原理. 第5版. 下册,9787111430810,外借,149.5,(美)坎德尔著,机械工业出版社,2016-01-01,北京,1709,R338,584699859591237,IB24G10,2025-01-08 07:17:59,2025-02-20 07:00:17,42 days 23:42:18,1,True
200945594,我与地坛:插图版,9787540478087,外借,56.0,史铁生著,湖南文艺出版社,2016-01-01,长沙,294,I267,584699868942405,IB24G10,2025-01-08 11:33:05,2025-06-03 16:13:44,146 days 04:40:39,0,True
200697157,The Masque of the Red Death,9780241573754,外借,47.0,Edgar Allan Poe,Penguin UK,2022-08-25,英国,,813.3,584699880865861,IB24G10,2025-01-08 14:44:31,2025-02-28 08:53:53,50 days 18:09:22,0,True
200854511,呼啸山庄,9787532751198,外借,38.0,(英)勃朗特著,上海译文出版社,2010-01-01,上海,406,I561.44,584699858526277,IB24G10,2025-01-08 15:09:40,2025-03-07 11:09:39,57 days 19:59:59,1,True
200862003,魔山. 上,9787532780525,外借,39.0,"(德)托马斯·曼 (Mann, Thomas 1875~1955) 著",上海译文出版社,2019-01-01,上海,400,I516.45,584699888091205,IB24G10,2025-01-08 15:32:39,2025-02-17 17:45:31,40 days 02:12:52,1,True
200862012,魔山. 下,9787532780525,外借,39.0,"(德)托马斯·曼 (Mann, Thomas 1875~1955) 著",上海译文出版社,2019-01-01,上海,835,I516.45,584699888091205,IB24G10,2025-01-08 15:32:47,2025-02-17 17:45:27,40 days 02:12:40,1,True
201022909,额尔古纳河右岸 ,9787020139590,外借,32.0,迟子建 (1964~) 著, 人民文学出版社,2010-01-01,北京 ,266,I247.5,584699888091205,IB24G10,2025-01-08 15:32:54,2025-02-17 17:45:34,40 days 02:12:40,1,True
200948216,戴维营三天,9787500171980,外借,89.0,（美）加滕著,中译出版社,2023-01-01,北京,13373,F11,584699888091205,IB24G10,2025-01-08 15:33:01,2025-02-17 17:45:36,40 days 02:12:35,1,True
201014231,在希腊,9787500879701,外借,54.0,（爱尔兰）马哈菲著,中国工人出版社,2022-01-01,北京,200,K125,584699888091205,IB24G10,2025-01-08 16:23:16,2025-02-17 17:45:20,40 days 01:22:04,0,True
200861754,玻璃球游戏 ,9787532757039,外借,27.0,"(德)赫尔曼·黑塞 (Hesse, Hermann 1877~1962) 著", 上海译文出版社,2012-01-01,上海 ,457,I516.45,584699888091205,IB24G10,2025-01-08 16:23:25,2025-02-17 17:45:24,40 days 01:21:59,0,True
200817642,存在主义咖啡馆:自由、存在和杏子鸡尾酒,9787559610782,外借,88.0,(美)贝克韦尔,北京联合出版公司,2018-01-01,北京,563,B085,455797997469765,IB23G11,2025-01-08 17:19:44,2025-03-27 17:46:02,78 days 00:26:18,0,True
200874456,世界的凛冬·Ⅱ,9787539999074,外借,44.0,(英)福莱特著,江苏凤凰文艺出版社,2017-01-01,南京,397,I561.45,584699871535173,IB24G10,2025-01-08 17:20:17,2025-02-19 06:59:00,41 days 13:38:43,0,True
200874438,世界的凛冬1,9787539999074,外借,44.0,(英)福莱特著,江苏凤凰文艺出版社,2017-01-01,南京,341,I561.45,584699871535173,IB24G10,2025-01-08 17:20:17,2025-02-19 06:59:00,41 days 13:38:43,0,True
200874465,世界的凛冬·Ⅲ,9787539999074,外借,44.0,(英)福莱特著,江苏凤凰文艺出版社,2017-01-01,南京,341,I561.45,584699871535173,IB24G10,2025-01-08 17:20:17,2025-02-19 06:59:00,41 days 13:38:43,0,True
201502338,Further Mathematics further prob and stats,9781510421813,外借,238.0,John du Feu,Hodder,2018-01-01,英国,,AL-5-M-5,455798051688517,IB23G11,2025-01-08 17:31:41,,,0,False
201315308,Cambridge International AS &amp; A Level Further Mathematics Worked Solutions Manual with Cambridge Elevate Edition,9781108770187,外借,306.0,"McKelvey, Lee; Crozier, Martin; James, Muriel",Cambridge University Press,2020-06-04,UK,252,AL-5-M-1,455798051688517,IB23G11,2025-01-08 17:31:41,,,0,False
201502481,cambridge as & a level further math 2 student's book,9781510421790,外借,238.0,"Rose Jewell, Jean-Paul Muscat",Hodder,2018-01-01,英国,198,AL-5-M-1,455798051688517,IB23G11,2025-01-08 17:31:53,,,0,False
201502463,Further Mathematics further mechanics,9781510421806,外借,238.0,"Jean-Paul Muscat, Sophie Goldie",Hodder,2018-01-01,英国,195,AL-5-M-1,455798051688517,IB23G11,2025-01-08 17:31:53,,,0,False
201502427,cambridge as & a level further math 1 student's book,9781510421783,外借,238.0,"Sophie Goldie, Rose Jewell",Hodder,2018-01-01,英国,198,AL-5-M-1,455798051688517,IB23G11,2025-01-08 17:31:53,,,0,False
200969746,梦的解析,9787554617069,外借,59.8,(奥)弗洛伊德著,古吴轩出版社,2023-01-01,苏州,364,B845.1,584699858100293,IB24G10,2025-01-08 20:02:33,2025-04-17 10:01:04,98 days 13:58:31,1,True
201306853,The Philosophy of Law: A Very Short Introduction,9780199687008,外借,36.0,Raymond Wacks,Oxford University Press UK,2014-02-27,英国,,340.1,450611284529221,IB22G12,2025-01-09 07:24:53,2025-03-18 11:55:39,68 days 04:30:46,0,True
200699510,I Know This to Be True: Ruth Bader Ginsburg ( I Know This to Be True ),9781797200163,外借,66.0,"Geoff Blackwell,Ruth Hobday",Chronicle Books,2020-03-24,美国,,347.73,450611284529221,IB22G12,2025-01-09 07:25:01,2025-03-18 11:55:39,68 days 04:30:38,0,True
201322489,DK-Big Ideas：The Law Book,9780241410196,外借,89.0,DK,DK Publishing,2020-09-03,英国,,340.09,450611284529221,IB22G12,2025-01-09 07:25:12,2025-03-18 11:55:42,68 days 04:30:30,0,True
201306470,The O. Henry Prize Stories 1th Anniversary Edition (219),9780525565536,外借,47.0,Laura Furman,Anchor Books,2019-09-10,美国,,808.83,584699864387653,IB24G10,2025-01-09 08:06:32,2025-02-28 07:11:14,49 days 23:04:42,1,True
200882982,瓦尔登湖,9787532768011,外借,45.0,(美)梭罗著;潘庆舲译,上海译文出版社,2015-01-01,上海,407,I712.64,584699864387653,IB24G10,2025-01-09 08:06:44,2025-02-28 07:11:19,49 days 23:04:35,1,True
201033461,怪诞行为学,9787508680965,外借,48.0,(美)艾瑞里著,中信出版社,2017-01-01,北京,28325,F069.9-49,455798095261765,IB23G11,2025-01-09 10:57:15,2025-02-17 07:33:26,38 days 20:36:11,0,True
201024630,经济学的世界 ,9787121367113,外借,128.0,"(英)泰吉万·帕丁格 (Pettinger, Tejvan) 著", 电子工业出版社,2019-01-01,北京 ,320,F0-49,455798095261765,IB23G11,2025-01-09 10:57:15,2025-02-17 07:32:43,38 days 20:35:28,0,True
200922369,图解行为经济学中的思维陷阱,9787504699879,外借,69.0,波波工作室著,中国科学技术出版社,2023-01-01,北京,170,F069.9-64,455798095261765,IB23G11,2025-01-09 10:57:15,2025-01-09 10:58:05,0 days 00:00:50,0,True
200922369,图解行为经济学中的思维陷阱,9787504699879,外借,69.0,波波工作室著,中国科学技术出版社,2023-01-01,北京,170,F069.9-64,455798095261765,IB23G11,2025-01-09 10:58:17,2025-02-17 07:32:54,38 days 20:34:37,0,True
200876025,"怪诞行为学. 6, 非凡的决定",9787521711981,外借,49.0,"(美)丹·艾瑞里 (Ariely, Dan) 著",中信出版集团股份有限公司,2019-01-01,北京,200,F069.9,455798095261765,IB23G11,2025-01-09 10:58:49,2025-02-17 07:33:29,38 days 20:34:40,0,True
200942542,"思考,快与慢",9787508633558,外借,69.0,"(美)卡尼曼著,李爱民,何梦莹译",中信出版社,2016-01-01,北京,424,F069.9-49,455798095261765,IB23G11,2025-01-09 10:58:55,2025-02-17 07:32:47,38 days 20:33:52,0,True
201323291,"A tree grows in Brooklyn, : a novel",9780060736262,外借,41.0,"Smith, Betty",Harpercollins,2005-01-01,New York,493,813.52,584699866955845,IB24G10,2025-01-09 11:49:21,2025-03-05 11:51:29,55 days 00:02:08,0,True
200860185,在轮下,9787532780822,外借,98.0,（德）黑塞著,上海译文出版社,2019-01-01,上海,202,I516.15,455798117085253,IB23G11,2025-01-09 13:10:11,2025-02-21 13:56:22,43 days 00:46:11,0,True
201018665,达·芬奇密码,9787020126132,外借,75.0,(美)布朗著,人民文学出版社,2017-01-01,北京,439,I712.45,455798117085253,IB23G11,2025-01-09 13:10:11,2025-02-21 13:56:19,43 days 00:46:08,0,True
200983917,九三年 ,9787505729117,外借,68.0,"(法)雨果 (Hugo, Victor 1802~1885) 著", 中国友谊出版公司,2012-01-01,北京 ,407,I565.44,455797996257349,IB23G11,2025-01-09 15:26:46,2025-03-11 12:37:38,60 days 21:10:52,0,True
200688951,Foundations Edge,9780553293388,外借,31.0,Isaac Asimov,Ballantine Books,1991-10-01,美国,,813.08,584699861790789,IB24G10,2025-01-09 15:43:48,2025-03-03 10:42:28,52 days 18:58:40,0,True
201503104,"Do It Today: Overcome Procrastination, Improve Productivity, and Achieve More Meaningful Things",9781983184529,外借,151.0,Darius Foroux,Independently published,2018-06-20,,169,658,584699861790789,IB24G10,2025-01-09 15:43:59,2025-03-03 10:42:28,52 days 18:58:29,0,True
201310401,The Gods Themselves,9780553288100,外借,22.0,Isaac Asimov,Bantam Classics,1990-09-04,美国,,813.54,584699861790789,IB24G10,2025-01-09 15:44:05,2025-03-03 10:42:30,52 days 18:58:25,0,True
200889547,鸿沟,9787532159062,外借,75.0,(德)萨顿多夫,上海文艺出版社,2018-01-01,上海,390,Q958.12-49,455798118166597,IB23G11,2025-01-09 16:07:05,2025-02-20 10:23:30,41 days 18:16:25,0,True
200694533,Signet Classics: Black Beauty,9780451531742,外借,13.0,Anna Sewell,Signet,2011-01-04,美国,,823.8,455798118166597,IB23G11,2025-01-09 16:24:16,2025-02-25 08:02:08,46 days 15:37:52,0,True
200883758,银河系搭车客指南.1,9787532764655,外借,53.6,(英)亚当斯著;姚向辉译,上海译文出版社,2014-01-01,上海,279,I561.45,455798075195461,IB23G11,2025-01-09 17:12:22,2025-04-01 16:44:30,81 days 23:32:08,0,True
200936434,制造东京,9787521733266,外借,79.0,(日)藤森照信 (1946~) 著,中信出版社,2021-01-01,北京,385,TU-093.131,455798075973701,IB23G11,2025-01-09 17:13:27,2025-01-10 13:52:46,0 days 20:39:19,0,True
201302562,Line By Line: How To Edit Your Own Writing,9780395393918,外借,77.0,Claire Kehrwald Cook,Houghton Mifflin Harcourt,1986-06-30,美国,,808.04,455798075973701,IB23G11,2025-01-09 17:13:34,2025-02-17 09:46:16,38 days 16:32:42,0,True
201325422,The woman in white,9780141389431,外借,35.0,"Collins, Wilkie, 1824-1889; Sutherland, John, 1938-; Sweet, Matthew; Sucksmith, Harvey Peter",Penguin UK,2012-01-01,UK,718,823.8,455798075973701,IB23G11,2025-01-09 17:13:39,2025-02-17 09:46:13,38 days 16:32:34,0,True
201058014,纪录片也要讲故事,9787550250024,外借,45.0,（美）希拉·柯伦·伯纳德著 ,北京联合出版公司 ,2015-01-01,北京 ,34381,J952,450611279773765,IB22G12,2025-01-09 17:48:55,2025-02-19 17:37:14,40 days 23:48:19,0,True
201058112,导演课,9787221172310,外借,78.0,（英）亚历山大·麦肯德里克著 ,贵州人民出版社 ,2022-01-01,贵阳 ,33282,J911,450611279773765,IB22G12,2025-01-09 17:50:21,2025-02-19 17:37:13,40 days 23:46:52,0,True
201059166,叶卡捷琳娜大帝与波将金 ：全2册.1,9787522813684,外借,99.0,（英）西蒙.赛巴格.蒙蒂菲奥里著 ,社会科学文献出版社 ,2023-01-01,北京 ,121005,K835.120.9,455798116372549,IB23G11,2025-01-09 18:11:16,2025-01-10 10:25:51,0 days 16:14:35,0,True
200814921,日军“慰安妇”研究,9787512636217,外借,68.0,苏智良著,团结出版社,2015-01-01,北京,376,K313.46,455798116372549,IB23G11,2025-01-09 18:11:16,2025-01-10 10:25:37,0 days 16:14:21,0,True
201059175,叶卡捷琳娜大帝与波将金 ：全2册.2,9787522813684,外借,99.0,（英）西蒙.赛巴格.蒙蒂菲奥里著 ,社会科学文献出版社 ,2023-01-01,北京 ,121005,K835.120.9,455798116372549,IB23G11,2025-01-09 18:11:16,2025-01-10 10:25:47,0 days 16:14:31,0,True
201064668,女书规范字书法字帖,9787302467052,外借,69.8,赵丽明 著,清华大学出版社 ,2017-01-01,北京 ,202,J292.1,455798116372549,IB23G11,2025-01-09 19:08:15,2025-01-10 10:25:56,0 days 15:17:41,0,True
200891348,第三帝国,9787570210817,外借,39.0,（英）伯利著,长江文艺出版社,2020-01-01,武汉,446,K516.44,455798116372549,IB23G11,2025-01-09 19:08:15,2025-01-10 10:25:42,0 days 15:17:27,0,True
201064702,厌女简史 ：世界上最古老的偏见,9787559676016,外借,68.0,（爱尔兰）杰克.霍兰 著,北京联合出版公司 ,2024-01-01,北京 ,350,C913.68,455798116372549,IB23G11,2025-01-09 19:08:15,2025-01-10 10:25:30,0 days 15:17:15,0,True
200941945,器官之书,9787522803012,外借,69.0,英国惠康博物馆著,社会科学文献出版社,2022-01-01,北京,208,R32-49,584699859591237,IB24G10,2025-01-09 19:44:09,2025-02-17 11:13:46,38 days 15:29:37,1,True
200967613,力学,9787301094013,外借,50.0,舒幼生著,北京大学出版社,2005-01-01,北京,397,O3,584699877527621,IB24G10,2025-01-10 09:54:17,2025-04-30 11:08:39,110 days 01:14:22,0,True
201323629,The fellowship of the ring : being the first part of The lord of the rings,9780261103573,外借,26.0,"Tolkien, J. R. R.",,,,407,823.912,584699877527621,IB24G10,2025-01-10 09:54:24,2025-04-30 11:08:52,110 days 01:14:28,0,True
200659135,Siddhartha,9780553208849,外借,25.0,"Hesse, Hermann",Bantam,,Toronto ; New York :,152,833.912,455798034522181,IB23G11,2025-01-10 09:57:25,2025-04-14 18:18:23,94 days 08:20:58,0,True
201058611,长夜难明,9787572611971,外借,52.0,紫金陈 著,湖南文艺出版社 ,2023-01-01,长沙 ,299,I247.5,455798034522181,IB23G11,2025-01-10 09:57:25,2025-04-14 18:18:23,94 days 08:20:58,0,True
200826106,西南联大诗词课,9787545565836,外借,58.0,闻一多 (1899~1946) 著,天地出版社,2021-01-01,成都,378,I207.2,455798034522181,IB23G11,2025-01-10 09:57:25,,,0,False
201064668,女书规范字书法字帖,9787302467052,外借,69.8,赵丽明 著,清华大学出版社 ,2017-01-01,北京 ,202,J292.1,455798092681285,IB23G11,2025-01-10 10:26:44,2025-04-17 17:11:00,97 days 06:44:16,1,True
201059166,叶卡捷琳娜大帝与波将金 ：全2册.1,9787522813684,外借,99.0,（英）西蒙.赛巴格.蒙蒂菲奥里著 ,社会科学文献出版社 ,2023-01-01,北京 ,121005,K835.120.9,455798092681285,IB23G11,2025-01-10 10:26:55,2025-04-17 17:11:00,97 days 06:44:05,1,True
201059175,叶卡捷琳娜大帝与波将金 ：全2册.2,9787522813684,外借,99.0,（英）西蒙.赛巴格.蒙蒂菲奥里著 ,社会科学文献出版社 ,2023-01-01,北京 ,121005,K835.120.9,455798092681285,IB23G11,2025-01-10 10:27:04,2025-04-17 17:11:25,97 days 06:44:21,1,True
201064702,厌女简史 ：世界上最古老的偏见,9787559676016,外借,68.0,（爱尔兰）杰克.霍兰 著,北京联合出版公司 ,2024-01-01,北京 ,350,C913.68,455798092681285,IB23G11,2025-01-10 10:27:17,2025-04-17 17:11:07,97 days 06:43:50,1,True
200891348,第三帝国,9787570210817,外借,39.0,（英）伯利著,长江文艺出版社,2020-01-01,武汉,446,K516.44,455798092681285,IB23G11,2025-01-10 10:27:40,2025-04-17 17:10:57,97 days 06:43:17,1,True
200990400,牛奶可乐经济学3,9787550297715,外借,49.9,(美)罗伯特·弗兰克 著,北京联合出版公司,2017-01-01,北京,226,F0-49,455798095261765,IB23G11,2025-01-10 10:29:45,2025-02-18 07:47:16,38 days 21:17:31,0,True
201605030,大学之路 : 陪女儿在美国选大学. 上册,9787115470294,外借,49.5,吴军 ,人民邮电出版社 ,2018-01-01,北京 ,326,G649.712.8,584699877527621,IB24G10,2025-01-10 10:35:05,2025-05-07 12:03:49,117 days 01:28:44,0,True
200847744,战争中没有女性,9787521717808,外借,69.0,"(白俄)S. A. 阿列克谢耶维奇 (Алекс?ев?ч, СвятланаАляксандра?на 1948~) 著",中信出版社,2021-01-01,北京,421,I511.45,455798092681285,IB23G11,2025-01-10 11:16:07,2025-04-17 17:10:57,97 days 05:54:50,1,True
200978308,王氏之死 : 大历史背后的小人物命运,9787549506897,外借,56.0,"(美)史景迁 (Spence, Jonathan D. 1936~2021) 著",广西师范大学出版社,2011-01-01,桂林,17189,D691.9,455798092681285,IB23G11,2025-01-10 11:16:38,2025-04-17 17:11:13,97 days 05:54:35,1,True
200814921,日军“慰安妇”研究,9787512636217,外借,68.0,苏智良著,团结出版社,2015-01-01,北京,376,K313.46,455798092681285,IB23G11,2025-01-10 11:19:41,2025-04-17 17:18:22,97 days 05:58:41,1,True
200927177,精准表达,9787210104339,外借,38.0,（日）高田贵久著,江西人民出版社,2018-01-01,南昌,18271,H019-49,584699865239621,IB24G10,2025-01-10 11:30:07,2025-03-03 17:26:52,52 days 05:56:45,1,True
201053340,云边有个小卖部,9787540487645,外借,42.0,张嘉佳著,湖南文艺出版社,2018-01-01,长沙,306,I247.5,584699865239621,IB24G10,2025-01-10 11:30:12,2025-03-03 17:26:56,52 days 05:56:44,1,True
201029779,当下的力量:白金版,9787508661766,外借,59.0,(德)托利著;曹植译,中信出版社,2016-01-01,北京,260,B821-49,584699865239621,IB24G10,2025-01-10 11:30:18,2025-03-03 17:26:59,52 days 05:56:41,1,True
200976881,血与火 : 坦格利安王朝史. 第一卷 ,9787229145781,外借,180.0,"(美)乔治·R.R.马丁 (Martin, George Raymond Richard 1948~) 著", 重庆出版社,2020-01-01,重庆 ,567,I712.45,584699860484165,IB24G10,2025-01-10 11:49:41,2025-02-18 12:21:49,39 days 00:32:08,0,True
201303357,"Surely You’re Joking,Mr. Feynman!",9780393355628,外借,84.0,Richard P. Feynman,W. W. Norton & Company,2018-02-06,美国,,530.092,450611298566213,IB22G12,2025-01-10 11:57:47,2025-05-20 08:22:01,129 days 20:24:14,0,True
201314185,DK-Big Ideas：The Crime Book,9780241298961,外借,73.0,Peter James,DK Publishing,2017-04-03,英国,,364.1,584699864387653,IB24G10,2025-01-10 12:34:09,2025-02-28 07:11:29,48 days 18:37:20,1,True
201326154,Lost in translation : an illustrated compendium of untranslatable words from around the world,9781607747109,外借,63.0,"Sanders, Ella Frances",Ten Speed Press,2014-01-01,New York,,410,584699864387653,IB24G10,2025-01-10 12:34:25,2025-02-28 07:11:42,48 days 18:37:17,1,True
201322336,Grammar 101,9781507203590,外借,57.0,Kathleen Sears,Adams Media,2005-09-17,美国,,428.2,584699864387653,IB24G10,2025-01-10 12:34:32,2025-02-28 07:11:36,48 days 18:37:04,1,True
201059148,白夜行,9787544291163,外借,59.6,(日)东野圭吾著,南海出版公司,2017-01-01,海口,598,I313.45,455798037352517,IB23G11,2025-01-10 12:45:19,2025-01-10 13:50:50,0 days 01:05:31,0,True
201306826,Knowledge: A Very Short Introduction,9780199661268,外借,38.0,"Nagel, Jennifer",Oxford University Press UK,2014-09-25,英国,,121,455797972914245,IB23G11,2025-01-10 12:46:24,,,0,False
201312187,Languages: A Very Short Introduction,9780199590599,外借,48.0,"Anderson, Stephen",Oxford University Press,2012-06-28,英国,,410,455797972914245,IB23G11,2025-01-10 12:46:24,,,0,False
200695612,Just Six Numbers: The Deep Forces That Shape the Universe,9780465036738,外借,65.0,Martin Rees,Basic Books,2001-05-03,美国,,523.18,455797972914245,IB23G11,2025-01-10 12:46:24,,,0,False
200687792,Dreams of a Final Theory: The Scientists Search for the Ultimate Laws of Nature,9780679744085,外借,79.0,Steven Weinberg,Vintage USA,1994-02-01,美国,,530,455797972914245,IB23G11,2025-01-10 12:46:24,,,0,False
201307674,Advice for a Young Investigator,9780262681506,外借,87.0,Ramon y Cajal,MIT Press,1999-01-01,美国,,507.2,455797972914245,IB23G11,2025-01-10 12:46:24,,,0,False
200824545,"我是谁?如果有我,有几个我?",9787509775899,外借,62.0,(德)理查德·大卫·普列斯特,社会科学文献出版社,2016-01-01,北京,400,B,584699866955845,IB24G10,2025-01-10 12:53:14,2025-03-05 11:51:29,53 days 22:58:15,0,True
201322372,Philosophy 101,9781440567674,外借,61.0,Paul Kleinman,Adams Media,2013-10-18,美国,,100,584699861790789,IB24G10,2025-01-10 13:54:00,2025-04-24 10:56:34,103 days 21:02:34,0,True
200690350,"The hobbit, or, There and back again",9780345339683,外借,0.0,"Tolkien, J. R. R. (John Ronald Reuel), 1892-1973; Anderson, Douglas A. 1959-",Del Rey Books,,,,823.912,584699861119045,IB24G10,2025-01-10 14:14:32,2025-02-18 13:20:18,38 days 23:05:46,0,True
200942533,"思考,快与慢",9787508633558,外借,69.0,"(美)卡尼曼著,李爱民,何梦莹译",中信出版社,2016-01-01,北京,424,F069.9-49,455798086996037,IB23G11,2025-01-10 14:30:01,2025-03-07 14:30:10,56 days 00:00:09,0,True
201325583,Never let me go,9780571258093,外借,72.0,"Ishiguro, Kazuo",Faber and Faber,,London,282,823.914,584699873386565,IB24G10,2025-01-10 14:43:43,2025-02-28 15:17:56,49 days 00:34:13,1,True
200694329,Lord of the Flies,9780399533372,外借,90.0,William Golding,PENGUIN Group (USA) Inc.,2006-10-01,,225,823.914,584699873386565,IB24G10,2025-01-10 14:43:51,2025-02-28 15:17:59,49 days 00:34:08,1,True
200954191,孤独力 ,9787201140070,外借,42.8,(日)午堂登纪雄 (1971~) 著, 天津人民出版社,2018-01-01,天津 ,251,B821,584699844268101,IB24G10,2025-01-10 14:44:19,2025-05-15 09:31:13,124 days 18:46:54,0,True
200876800,谁动了我的奶酪．2，走出迷宫,9787521711400,外借,45.0,(美)斯宾塞·约翰逊(Spencer Johnson)著；殷蕾译,中信出版集团股份有限公司,2020-01-01,北京,,B825-49,584699844268101,IB24G10,2025-01-10 14:44:19,2025-03-14 12:17:25,62 days 21:33:06,0,True
201051681,悲伤即成长,9787115598561,外借,59.8,(美)芬奇著,人民邮电出版社,2022-01-01,北京,278,B821-49,584699844268101,IB24G10,2025-01-10 14:44:19,2025-03-14 12:17:24,62 days 21:33:05,0,True
200876436,谁动了我的奶酪?,9787521714586,外借,45.0,（美）约翰逊著,中信出版集团股份有限公司,2020-01-01,北京,106,B825-49,584699844268101,IB24G10,2025-01-10 14:44:19,2025-03-14 12:17:25,62 days 21:33:06,0,True
200942560,长安十二时辰 上,9787540478315,外借,49.8,马伯庸著,湖南文艺出版社,2017-01-01,长沙,328,I247.5,584699884843077,IB24G10,2025-02-17 07:17:36,2025-02-21 11:39:00,4 days 04:21:24,0,True
200895120,科学发现的逻辑 ,9787810836074,外借,60.0,"(英)波普尔 (Popper, Karl Raimund 1902~1994) 著", 中国美术学院出版社,2008-01-01,杭州 ,18483,N02,455797957926981,IB23G11,2025-02-17 07:34:55,,,0,False
201321872,The Herb Book,9780241569504,外借,136.0,DK,DK Publishing,2023-04-06,英国,,635.7,584699853369413,IB24G10,2025-02-17 07:35:36,2025-04-30 11:35:23,72 days 03:59:47,0,True
201325422,The woman in white,9780141389431,外借,35.0,"Collins, Wilkie, 1824-1889; Sutherland, John, 1938-; Sweet, Matthew; Sucksmith, Harvey Peter",Penguin UK,2012-01-01,UK,718,823.8,455798075973701,IB23G11,2025-02-17 09:48:05,2025-03-31 07:46:13,41 days 21:58:08,0,True
201302562,Line By Line: How To Edit Your Own Writing,9780395393918,外借,77.0,Claire Kehrwald Cook,Houghton Mifflin Harcourt,1986-06-30,美国,,808.04,455798075973701,IB23G11,2025-02-17 09:48:12,2025-02-24 07:40:19,6 days 21:52:07,0,True
200942551,长安十二时辰 上,9787540478315,外借,49.8,马伯庸著,湖南文艺出版社,2017-01-01,长沙,328,I247.5,584699859161157,IB24G10,2025-02-17 11:17:31,2025-03-06 07:27:13,16 days 20:09:42,0,True
201014339,堕落 流放与王国,9787544784405,外借,55.0,（法）加缪著,译林出版社,2021-01-01,南京,239,I565.45,584699887661125,IB24G10,2025-02-17 11:46:49,2025-04-14 18:07:15,56 days 06:20:26,0,True
200689433,Never Let Me Go,9780307276476,外借,31.0,Kazuo Ishiguro,Vintage USA,2006-01-09,美国,,823.914,455798118879301,IB23G11,2025-02-17 12:22:21,,,0,False
200881082,权力精英 ,9787569915006,外借,78.0,"(美)C. 赖特·米尔斯 (Mills, Chales Wright 1916~1962) 著", 北京时代华文书局,2019-01-01,北京 ,10401,D771.261,455798118879301,IB23G11,2025-02-17 12:22:21,,,0,False
200929585,耶鲁大学公开课,9787550238954,外借,39.8,(美)史密斯著,北京联合出版公司,2015-01-01,北京,299,D0,455798118879301,IB23G11,2025-02-17 12:22:21,,,0,False
201049187,无依之地,9787559433022,外借,39.0,（美）布鲁德著,江苏凤凰文艺出版社,2019-01-01,南京,326,D771.28,455798118879301,IB23G11,2025-02-17 12:22:21,,,0,False
201011699,法律,9787544755054,外借,39.0,(英)瓦克斯著;殷源源译,译林出版社,2016-01-01,南京,167,D90,455798118879301,IB23G11,2025-02-17 12:22:21,,,0,False
200847450,倾城之恋,9787530218624,外借,49.5,张爱玲著,北京十月文艺出版社,2019-01-01,北京,328,I246.7,450611281657925,IB22G12,2025-02-17 13:38:48,2025-05-13 11:47:42,84 days 22:08:54,0,True
200727909,素食者 ,9787541160868,外借,48.0,(韩)韩江 (1970-) 著, 四川文艺出版社,2021-01-01,成都 ,191,I312.645,450611265806405,IB22G12,2025-02-17 14:17:00,2025-02-18 09:54:12,0 days 19:37:12,0,True
201602159,为什么伟大不能被计划,9787500173625,外借,79.0,"(美)肯尼斯·斯坦利(Stanley, Kenneth)",中译出版社,2023-01-01,北京,295,TP18,450611265806405,IB22G12,2025-02-17 14:17:08,2025-02-18 09:54:16,0 days 19:37:08,0,True
200809161,阿拉伯人的梦想宫殿,9787509016480,外借,95.0,（美）阿贾米著,当代世界出版社,2022-01-01,北京,375,K370.07,450611273154629,IB22G12,2025-02-17 14:48:50,2025-04-09 11:15:48,50 days 20:26:58,0,True
200822887,1453君士坦丁堡之战,9787520107921,外借,86.0,(英)克劳利著,上海科学技术文献出版社,2017-01-01,上海,500,K546.3,450611273154629,IB22G12,2025-02-17 15:24:04,2025-04-09 07:34:04,50 days 16:10:00,0,True
200035032,Intermediate Counting & Probability,9781934124062,外借,389.0,David Patrick,David Patrick,2007-01-01,U.S,386,IB-5-M-1,455797997994053,IB23G11,2025-02-17 16:42:59,,,0,False
201503872,IBDP中文A课程文学知识小辞典（简体版）,9789620443329,外借,145.0,李萍；彭振；苏媛,三联书店（香港）有限公司,2023-01-01,香港,,IB-1-CH-1,455797997994053,IB23G11,2025-02-17 16:42:59,,,0,False
200192647,IBDP中文A文学课程专题拓展论文及个人口头评论优秀范例点评,9789620441417,外借,128.0,"苏媛,李萍著",三联书店(香港)有限公司,2018-01-01,香港,249,IB-1-CH-1,455797997994053,IB23G11,2025-02-17 16:42:59,2025-06-06 09:39:35,108 days 16:56:36,0,True
201318127,IB中文A文学个人口试实例,9789811866760,外借,103.0,贺一凡、解斐斐,  中華書局(新加坡),2023-03-01,香港,155,IB-1-CH-1,455797997994053,IB23G11,2025-02-17 16:42:59,2025-06-06 09:39:35,108 days 16:56:36,0,True
200865304,哲学家们都干了些什么,9787550242234,外借,52.0,林欣浩著,北京联合出版公司,2015-01-01,北京,517,B-49,584699875594309,IB24G10,2025-02-17 16:55:07,,,0,False
200896156,西班牙史,9787553513720,外借,29.8,伯尔奈克,上海文化出版社,2019-01-01,上海,187,K551,455798107287621,IB23G11,2025-02-17 17:16:49,2025-03-11 08:09:38,21 days 14:52:49,0,True
200856127,伦理学 ,9787108050519,外借,28.0,"(英)罗宾逊 (Robinson, Dave) 文", 生活·读书·新知三联书店,2016-01-01,北京 ,178,B82,455798107287621,IB23G11,2025-02-17 17:16:49,2025-03-11 08:09:38,21 days 14:52:49,0,True
200820781,从俾斯麦到希特勒,9787544758765,外借,42.0,（德）哈夫纳著,译林出版社,2016-01-01,南京,252,K516.42,455798107287621,IB23G11,2025-02-17 17:16:49,2025-03-18 11:57:18,28 days 18:40:29,0,True
201013973,魏玛德国：希望与悲剧,9787301311479,外借,80.0,"(美)埃里克·韦茨(Weitz, Eric D.) 著", 北京大学出版社,2021-01-01,北京 ,13506,K516.43,455798107287621,IB23G11,2025-02-17 17:16:49,2025-03-18 11:57:18,28 days 18:40:29,0,True
200859909,傲慢与偏见,9787532787319,外借,98.0,(英)奥斯丁著,上海译文出版社有限公司,2021-01-01,上海,14440,I561.44,584699858735173,IB24G10,2025-02-17 17:36:52,2025-02-20 17:12:11,2 days 23:35:19,0,True
200872127,NFT元宇宙经济通证,9787576321777,外借,69.0,郭小川著,北京理工大学出版社有限责任公司,2023-01-01,北京,11216,TP311.135,584699888091205,IB24G10,2025-02-17 17:46:16,2025-03-13 17:21:47,23 days 23:35:31,0,True
200950667,人工智能不会做什么：1亿人类与1亿机器人共存的未来,9787220110931,外借,49.0,(日)羽生善治 著, 四川人民出版社,2019-01-01,成都 ,182,TP18,584699888091205,IB24G10,2025-02-17 17:46:24,2025-03-13 17:21:45,23 days 23:35:21,0,True
200969924,人工智能的价值反思,9787567146129,外借,78.0,孙伟平著,上海大学出版社,2023-01-01,上海,258,TP18,584699888091205,IB24G10,2025-02-17 17:46:29,2025-03-13 17:21:43,23 days 23:35:14,0,True
201029519,智能革命,9787508673219,外借,68.0,李彦宏著,中信出版社,2017-01-01,北京,324,TP18,584699888091205,IB24G10,2025-02-17 17:46:36,2025-03-11 17:35:53,21 days 23:49:17,0,True
200868178,作为意志和表象的世界,9787553524481,外借,68.0,（德）叔本华著,上海文化出版社,2021-01-01,上海,587,B516.41,584699841630277,IB24G10,2025-02-17 17:50:19,2025-02-28 07:03:17,10 days 13:12:58,0,True
200033882,The Official SAT Study Guide,9781457304309,外借,161.0,The College Board,College Board,2016-01-01,US.,792,IB-7-R.B-1,584699865874501,IB24G10,2025-02-17 17:59:13,,,0,False
200418020,MH's PSAT/NMSQT,9780071742115,外借,180.0,McGraw-Hill's,,,,469,IB-7-R.B-1,584699865874501,IB24G10,2025-02-17 17:59:13,,,0,False
200418039,Barron's巴朗SAT 16 专著 = Barron's SAT 16,9787519211202,外借,70.0,卡尔内瓦莱,世界图书出版公司北京公司,2016-01-01,北京,15453,IB-7-R.B-1,584699865874501,IB24G10,2025-02-17 17:59:13,,,0,False
201049481,哈佛经济学笔记 ,9787539938608,外借,42.0,陈晋 (女) 著, 江苏文艺出版社,2010-01-01,南京 ,288,F0-49,455798095261765,IB23G11,2025-02-18 07:53:13,2025-04-02 07:42:02,42 days 23:48:49,0,True
201006990,博弈与社会,9787301218211,外借,68.0,张维迎著,北京大学出版社,2013-01-01,北京,,F224.32,455798095261765,IB23G11,2025-02-18 07:53:13,2025-04-02 07:41:52,42 days 23:48:39,0,True
200868515,助推：如何做出有关健康、财富与幸福的最佳决策,9787508684918,外借,59.0,"(美)泰勒 (Thaler, Richard H. 1945~) 著", 中信出版集团股份有限公司,2018-01-01,北京 ,23330,F0-49,455798095261765,IB23G11,2025-02-18 07:53:13,2025-04-02 07:42:05,42 days 23:48:52,0,True
201031365,“错误”的行为,9787508684512,外借,69.0,(美)塞勒著,中信出版集团股份有限公司,2018-01-01,北京 ,31417,F069.9-49,455798095261765,IB23G11,2025-02-18 07:53:13,2025-04-02 07:42:08,42 days 23:48:55,0,True
201602159,为什么伟大不能被计划,9787500173625,外借,79.0,"(美)肯尼斯·斯坦利(Stanley, Kenneth)",中译出版社,2023-01-01,北京,295,TP18,450611266056261,IB22G12,2025-02-18 09:59:32,2025-05-30 14:35:31,101 days 04:35:59,0,True
200727909,素食者 ,9787541160868,外借,48.0,(韩)韩江 (1970-) 著, 四川文艺出版社,2021-01-01,成都 ,191,I312.645,450611266056261,IB22G12,2025-02-18 09:59:37,2025-02-24 10:07:03,6 days 00:07:26,0,True
201325618,The Martian : a novel,9781785031137,外借,75.0,"Weir, Andy",Penguin,2014-01-01,UK,369,813.6,450611289337925,IB22G12,2025-02-18 11:37:52,2025-02-21 10:52:45,2 days 23:14:53,0,True
201011868,科学哲学,9787544732765,外借,39.0,"(英)奥卡沙著,韩广忠译",译林出版社,2015-01-01,南京,139,N02,455798122922053,IB23G11,2025-02-18 12:01:46,2025-06-09 11:10:43,110 days 23:08:57,0,True
200861273,1844年经济学哲学手搞,9787010130033,外借,48.0,马克思著,人民出版社,2016-01-01,北京,325,A811.21,455797970149445,IB23G11,2025-02-18 12:23:15,2025-02-25 07:53:16,6 days 19:30:01,0,True
200880136,物种起源(导读注释版)(英文),9787532782130,外借,158.0,查尔斯·达尔文,上海译文出版社,2019-08-01,,,Q111.2,584699853369413,IB24G10,2025-02-18 12:42:31,2025-04-30 11:42:50,70 days 23:00:19,0,True
200694436,Dune,9780340960196,外借,51.0,Frank Herbert,Hodder,2015-07-16,英国,,813.54,455798075973701,IB23G11,2025-02-18 14:11:47,2025-02-24 07:40:22,5 days 17:28:35,0,True
200691206,Strangers Drowning,9781846143991,外借,59.0,Larissa MacFarquhar,penguin uk,2016-09-29,英国,,170,455798098456645,IB23G11,2025-02-18 14:51:26,2025-06-13 14:36:02,114 days 23:44:36,0,True
201325164,Simply psychology,9780241515679,外借,90.0," Eysenck, Michael W",,,,,150,455798098456645,IB23G11,2025-02-18 14:51:32,2025-04-24 15:59:05,65 days 01:07:33,0,True
200973198,爱的设计,9787508090108,外借,59.0,(美)布鲁姆著;胡辛凯译,华夏出版社,2017-01-01,北京,323,I565.064,584699859378245,IB24G10,2025-02-19 11:26:58,2025-02-24 10:00:33,4 days 22:33:35,0,True
200877514,沉沦·流放与王国,9787532789115,外借,62.0,（法）加缪著,上海译文出版社有限公司,2022-01-01,上海,319,I565.45,584699859378245,IB24G10,2025-02-19 11:27:03,2025-02-24 10:39:13,4 days 23:12:10,0,True
200945353,饺子,9787513311755,外借,49.0,李碧华著,新星出版社,2014-01-01,北京,202,I247.7,455798107287621,IB23G11,2025-02-19 11:40:56,2025-03-18 11:57:18,27 days 00:16:22,0,True
200839619,布匿战争 : 罗马、迦太基与地中海霸权的争夺,9787557026233,外借,89.0,"(英)阿德里安·戈兹沃西 (Goldsworthy, Adrian Keith 1969~) 著",广东旅游出版社,2022-01-01,广州,507,K126,584699851386949,IB24G10,2025-02-19 11:50:25,2025-02-24 12:06:36,5 days 00:16:11,0,True
200980082,树犹如此,9787549563517,外借,68.0,白先勇著,广西师范大学出版社,2015-01-01,桂林,392,I267,455797993836613,IB23G11,2025-02-19 15:52:07,2025-02-26 14:56:13,6 days 23:04:06,0,True
200968248,人体解剖图谱,9787559200099,外借,198.0,"(法)布尔热里 (Bourgery, Jean-Marc 1797~1849) 著", 北京美术摄影出版社,2018-01-01,北京,829,R322-64,584699859591237,IB24G10,2025-02-19 17:22:08,2025-03-19 06:52:10,27 days 13:30:02,0,True
200831751,长安十二时辰 下,9787540478339,外借,49.8,马伯庸著,湖南文艺出版社,2017-01-01,长沙,310,I247.5,584699884843077,IB24G10,2025-02-20 08:25:41,2025-03-10 17:39:19,18 days 09:13:38,0,True
201059013,普通化学原理,9787301225578,外借,76.0,华彤文,北京大学出版社 ,2013-01-01,北京 ,492,O6,584699859591237,IB24G10,2025-02-20 12:13:58,2025-04-15 16:14:55,54 days 04:00:57,1,True
201007677,I have a dream,9787568905220,外借,39.8,Tango著,重庆大学出版社,2017-01-01,重庆,1,J228.2,584699847327813,IB24G10,2025-02-20 13:42:02,2025-03-03 08:52:38,10 days 19:10:36,0,True
200977470,地书 ,9787549513697,外借,58.0,徐冰 ,桂林,2012-01-01,广西师范大学出版社,112,J522,584699847327813,IB24G10,2025-02-20 13:42:10,2025-03-03 08:52:38,10 days 19:10:28,0,True
200875106,珠唾集,9787540790400,外借,68.0,(西)塞尔纳著,漓江出版社有限公司,2022-01-01,桂林,403,H343.3,584699847327813,IB24G10,2025-02-20 13:42:47,2025-03-03 08:52:38,10 days 19:09:51,0,True
200988663,好好告别,9787572502583,外借,79.9,（英）曼尼克斯著,河南科学技术出版社,2021-01-01,郑州,11327,I712.55,584699847327813,IB24G10,2025-02-20 13:53:14,,,1,False
201310991,The Lost Hero (Heroes of Olympus Book 1),9780141325491,外借,63.0,"Riordan, Rick",Penguin Random House Children's UK,2012-10-04,,576,741.5,645528527228997,IB24G10,2025-02-20 13:54:01,2025-05-30 13:11:17,98 days 23:17:16,0,True
201308717,Among Others,9781472106537,外借,32.0,Jo Walton,Little Brown UK,2013-03-21,英国,,823.91,645528527228997,IB24G10,2025-02-20 13:54:01,,,0,False
200174382,牛蛙,9787510857720,外借,39.8,胡迁著,九州出版社,2017-01-01,北京,294,I247.5,450611266056261,IB22G12,2025-02-20 15:30:47,2025-04-01 16:50:30,40 days 01:19:43,0,True
Z0064882,莫言作品精选,9787535459350,外借,25.0,莫言著,长江文艺出版社,2012-01-01,武汉,314,I217.2,450611266056261,IB22G12,2025-02-20 15:30:54,2025-05-30 14:35:37,98 days 23:04:43,0,True
Z0070196,鲜血梅花,9787506371056,外借,18.0,余华著,作家出版社,2014-01-01,北京,143,I247.7,450611266056261,IB22G12,2025-02-20 15:30:59,2025-05-30 14:35:42,98 days 23:04:43,0,True
200884980,简爱,9787532778119,外借,38.0,(英)勃朗特著,上海译文出版社,2018-01-01,上海,578,I561.44,584699858735173,IB24G10,2025-02-20 17:14:57,2025-03-18 07:21:54,25 days 14:06:57,0,True
200980064,台北人,9787549559886,外借,69.0,白先勇著,广西师范大学出版社,2015-01-01,桂林,291,I247.7,584699868303429,IB24G10,2025-02-21 11:29:39,2025-03-26 17:28:28,33 days 05:58:49,0,True
200909892,边城,9787214108463,外借,32.0,沈从文著,江苏人民出版社,2014-01-01,南京,278,I246.5,450611317665861,IB22G12,2025-02-21 13:35:06,2025-02-25 11:40:30,3 days 22:05:24,0,True
201310492,"Girl, woman, other",9780241984994,外借,70.0,"Evaristo, Bernardine, 1959-",Penguin,2020-01-01,UK,453,823.914,450611289337925,IB22G12,2025-02-21 13:55:12,2025-04-02 09:38:45,39 days 19:43:33,0,True
200945077,民国太太的厨房 ,9787508664163,外借,52.0,李舒 (女，新闻学) 著, 中信出版集团股份有限公司,2016-01-01,北京 ,244,I247.8,455798117085253,IB23G11,2025-02-21 14:00:58,,,0,False
200862067,红与黑,9787532751228,外借,35.0,(法)司汤达著,上海译文出版社,2010-01-01,上海,18537,I565.44,455798117085253,IB23G11,2025-02-21 14:00:58,,,0,False
200977167,葡萄柚,9787549573110,外借,48.0,(日)小野洋子,广西师范大学出版社,2015-01-01,桂林,1,I313.25,584699859378245,IB24G10,2025-02-24 10:06:28,2025-02-24 15:05:18,0 days 04:58:50,0,True
200935417,爱，不可能,9787532964475,外借,59.0,（法）普鲁斯特著,山东文艺出版社,2022-01-01,济南,170,I565.25,584699859378245,IB24G10,2025-02-24 10:06:42,2025-02-26 14:12:11,2 days 04:05:29,0,True
200207178,洛丽塔,9787532738151,外借,39.0,(美)弗拉基米尔·纳博科夫著,上海译文出版社,2015-01-01,上海,503,I712.45,450611266056261,IB22G12,2025-02-24 10:08:16,2025-04-01 16:50:34,36 days 06:42:18,0,True
201019183,山海变.1指间错,9787020169283,外借,58.0,八月槎,人民文学出版社,2022-01-01,北京,315,I247.5,584699884843077,IB24G10,2025-02-24 11:16:51,2025-04-03 14:10:15,38 days 02:53:24,1,True
201019192,山海变.2绾青丝,9787020169276,外借,58.0,八月槎,人民文学出版社,2022-01-01,北京,285,I247.5,584699884843077,IB24G10,2025-02-24 11:17:00,2025-04-10 11:22:16,45 days 00:05:16,1,True
201019209,山海变.3星野乱,9787020169290,外借,58.0,八月槎,人民文学出版社,2022-01-01,北京,291,I247.5,584699884843077,IB24G10,2025-02-24 11:17:09,2025-04-18 07:13:59,52 days 19:56:50,1,True
200699770,Signet Classics: The Age of Innocence,9780451530882,外借,13.0,Edith Wharton,Signet,2008-03-04,美国,,813.52,450611283214405,IB22G12,2025-02-24 16:22:02,2025-03-25 16:33:58,29 days 00:11:56,0,True
201059237,围城,9787020127894,外借,36.0,钱钟书著,人民文学出版社 ,2017-01-01,北京 ,377,I247.57,584699853152325,IB24G10,2025-02-24 17:41:41,2025-06-03 12:07:57,98 days 18:26:16,1,True
200943774,霸王别姬,9787513311762,外借,59.0,李碧华著,新星出版社,2013-01-01,北京,235,I247.5,584699853152325,IB24G10,2025-02-24 17:43:04,2025-03-17 15:07:26,20 days 21:24:22,1,True
201004554,福柯,9787568918626,外借,48.0,泰勒著,重庆大学出版社,2019-01-01,重庆,253,B565.59,584699856826437,IB24G10,2025-02-24 17:47:29,2025-02-27 08:43:01,2 days 14:55:32,0,True
200837032,匈人王阿提拉,9787559631909,外借,78.0,（德）罗森著,北京联合出版公司,2019-01-01,北京,345,K289,584699851386949,IB24G10,2025-02-25 07:06:46,2025-02-25 16:29:48,0 days 09:23:02,0,True
200808885,堂吉诃德,9787540254308,外借,128.0,（西）塞万提斯著,北京燕山出版社,2019-01-01,北京,101036,I551.43,584699875151941,IB24G10,2025-02-25 15:31:20,2025-04-07 07:30:06,40 days 15:58:46,0,True
200824778,世界摄影史,9787551429993,外借,39.0,顾铮著,杭州 浙江摄影出版社 2020,2020-01-01,杭州,195,J409.1,584699875364933,IB24G10,2025-02-25 15:37:28,2025-06-03 20:29:46,98 days 04:52:18,0,True
200807494,中国当代摄影景观 : 198-22,9787208170698,外借,188.0,顾铮 (1959~) 著,上海人民出版社,2022-01-01,上海,422,J409.2,584699875364933,IB24G10,2025-02-25 15:37:35,2025-04-22 11:43:18,55 days 20:05:43,0,True
200698405,Project Hail Mary,9780593355275,外借,65.0,Andy Weir,Ballantine Books,2021-05-04,美国,,813.6,450611289337925,IB22G12,2025-02-25 16:15:18,2025-03-20 12:41:58,22 days 20:26:40,0,True
200824199,诅咒之塔,9787520186902,外借,62.0,（美）克劳利著,社会科学文献出版社,2021-01-01,北京,300,K560.7,584699851386949,IB24G10,2025-02-25 17:00:49,2025-02-26 11:50:50,0 days 18:50:01,0,True
201407655,Amusing Ourselves to Death[娱乐至死],9780143036531,外借,94.0,"Postman, Neil[尼尔·波兹曼]",PENGUIN GROUP,2006-01-01,NEW YORK,184,302.234,450611289337925,IB22G12,2025-02-26 11:07:49,2025-04-01 14:01:02,34 days 02:53:13,0,True
200858214,小妇人,9787532757008,外借,48.0,(美)奥尔科特著,上海译文出版社,2012-01-01,上海,535,I712.44,584699868303429,IB24G10,2025-02-26 11:37:11,2025-04-09 17:34:07,42 days 05:56:56,1,True
200822440,拜占庭的新生,9787520118156,外借,79.0,(美）诺里奇著,社会科学文献出版社,2020-01-01,北京,27498,K134,584699851386949,IB24G10,2025-02-26 11:53:09,2025-03-03 11:01:30,4 days 23:08:21,0,True
Z0012203,丁玲集,7501514747,外借,15.5,丁玲,知识出版社,,,207,I266,450611317665861,IB22G12,2025-02-26 12:05:08,2025-05-13 07:52:04,75 days 19:46:56,0,True
Z0028274,丁玲小说 梦珂,7532522768,外借,13.4,周伟鸿编选,上海古籍出版社,1997-01-01,上海,205,I246.7,450611317665861,IB22G12,2025-02-26 12:05:14,2025-05-13 07:52:04,75 days 19:46:50,0,True
200806315,不再等待戈多,9787550733145,外借,38.0,贝瑟里著,海天出版社,2022-01-01,深圳,226,I565.45,584699859378245,IB24G10,2025-02-26 14:18:19,2025-03-05 10:28:36,6 days 20:10:17,0,True
200868052,面纱,9787210082835,外借,39.8,（英）毛姆著,江西人民出版社,2016-01-01,南昌,267,I561.45,584699859378245,IB24G10,2025-02-26 14:18:25,2025-03-05 10:28:36,6 days 20:10:11,0,True
200881750,血清素,9787532787746,外借,68.0,(法)米歇尔·维勒贝克(Michel Houellebecq)著,上海译文出版社有限公司,2022-01-01,上海,24340,I565.45,584699859378245,IB24G10,2025-02-26 14:18:33,2025-03-03 15:08:03,5 days 00:49:30,0,True
200841063,长安的荔枝,9787572608582,外借,45.0,马伯庸著,湖南文艺出版社,2022-01-01,长沙,216,I247.5,455797993836613,IB23G11,2025-02-26 14:58:17,2025-04-09 09:35:39,41 days 18:37:22,0,True
200877462,牛虻,9787532778317,外借,30.0,(爱尔兰)伏尼契著,上海译文出版社,2018-01-01,上海,351,I562.44,450611286782021,IB22G12,2025-02-27 08:43:34,2025-03-04 15:43:17,5 days 06:59:43,0,True
201043922,规训与惩罚,9787108065841,外借,58.0,(法)福柯 著,生活·读书·新知三联书店,2019-01-01,北京,353,B565.59,584699856826437,IB24G10,2025-02-27 08:49:30,2025-03-19 15:46:11,20 days 06:56:41,0,True
200887157,女性影像手册,9787532181759,外借,49.0,张屏瑾著,上海文艺出版社,2022-01-01,上海,195,J905-53,455798117085253,IB23G11,2025-02-27 10:23:50,,,0,False
200997653,受戒,9787530211458,外借,36.0,汪曾祺著,北京十月文艺出版社,2012-01-01,北京,,I247.7,455798117085253,IB23G11,2025-02-27 10:25:33,2025-02-27 10:26:00,0 days 00:00:27,0,True
200997653,受戒,9787530211458,外借,36.0,汪曾祺著,北京十月文艺出版社,2012-01-01,北京,,I247.7,455798117085253,IB23G11,2025-02-27 10:26:14,,,0,False
200889547,鸿沟,9787532159062,外借,75.0,(德)萨顿多夫,上海文艺出版社,2018-01-01,上海,390,Q958.12-49,455798118166597,IB23G11,2025-02-27 10:28:51,,,1,False
200690840,ALMA Junior Classics:The Canterville Ghost and Other Stories(Secondary-school 12+),9781847496126,外借,36.0,"Wilde, Oscar",Alma Books,2016-12-01,英国,,428.6,455798118166597,IB23G11,2025-02-27 10:28:51,,,1,False
200875142,秋园 ,9787559640666,外借,38.0,杨本芬 (女， 1940-) 著, 北京联合出版公司,2020-01-01,北京 ,264,I247.5,455797990740037,IB23G11,2025-02-27 10:47:59,,,0,False
201301858,The Picture of Dorian Gray,9780785839972,外借,42.0,Oscar Wilde,Chartwell Books,2021-10-19,英国,,823.8,455798116724805,IB23G11,2025-02-27 11:48:18,,,0,False
200970869,现代建筑年鉴,9787112119318,外借,28.0,(法）柯布西耶著,中国建筑工业出版社,2010-01-01,北京,211,TU-8,584699853152325,IB24G10,2025-02-27 11:51:15,2025-06-06 07:38:56,98 days 19:47:41,1,True
200968916,羊脂球,9787550284975,外借,29.0,(法)莫泊桑著,北京联合出版公司,2016-01-01,北京,13333,I565.44,584699853152325,IB24G10,2025-02-27 11:52:07,2025-03-17 15:07:26,18 days 03:15:19,1,True
200847192,沉默的大多数,9787530220368,外借,59.0,王小波著,北京十月文艺出版社,2021-01-01,北京,227,I267.1,584699853152325,IB24G10,2025-02-27 11:53:45,2025-06-03 12:07:57,96 days 00:14:12,1,True
201042362,棋王树王孩子王 ,9787539990583,外借,38.0,阿城 (1949~) 著, 江苏凤凰文艺出版社,2016-01-01,南京 ,179,I247.57,455798116724805,IB23G11,2025-02-27 11:54:56,2025-04-24 11:49:48,55 days 23:54:52,0,True
200877024,才女之累：李清照及其接受史,9787532582112,外借,78.0,"(美)艾朗诺 (Egan, Ronald C.) 著", 上海古籍出版社,2017-01-01,上海 ,363,I207.23,455798116724805,IB23G11,2025-02-27 11:54:56,2025-04-24 11:49:53,55 days 23:54:57,0,True
200974561,北宋名家词选讲 ,9787301114926,外借,68.0,(加)叶嘉莹 (女， 1924.6~) 著, 北京大学出版社,2007-01-01,北京 ,383,I207.23,455798116724805,IB23G11,2025-02-27 11:54:56,2025-04-24 11:49:48,55 days 23:54:52,0,True
201304356,Educated: A Memoir,9780099511021,外借,45.0,Tara Westover,Hutchinson,2018-11-02,英国,,270.092,584699884150853,IB24G10,2025-02-27 17:32:26,2025-04-30 07:32:33,61 days 14:00:07,1,True
201324959,Peter Pan,9781909621633,外借,51.0,"Barrie, J. M.",Macmillan,,London,200,823.912,584699861119045,IB24G10,2025-02-27 17:35:21,2025-03-31 12:27:35,31 days 18:52:14,0,True
200697745,Wordsworth: Little Prince,9781853261589,外借,13.0,Saint-Exupery,Wordsworth,2010-11-01,英国,,843.912,584699861119045,IB24G10,2025-02-27 17:35:33,2025-03-18 17:30:34,18 days 23:55:01,0,True
200697157,The Masque of the Red Death,9780241573754,外借,47.0,Edgar Allan Poe,Penguin UK,2022-08-25,英国,,813.3,584699880865861,IB24G10,2025-02-28 08:54:13,2025-02-28 09:47:34,0 days 00:53:21,0,True
200804665,古都.5,9787220128165,外借,49.6,（日）川端康成著,四川人民出版社,2023-01-01,成都,241,I313.45,455797990740037,IB23G11,2025-02-28 14:32:01,,,0,False
201325618,The Martian : a novel,9781785031137,外借,75.0,"Weir, Andy",Penguin,2014-01-01,UK,369,813.6,455798075973701,IB23G11,2025-03-03 11:46:43,2025-03-03 11:56:50,0 days 00:10:07,0,True
200914920,拼贴城市 Collage city,9787560898292,外借,128.0,罗,同济大学出版社,2021-01-01,上海,367,TU-021,455798075973701,IB23G11,2025-03-03 11:49:32,2025-05-16 14:17:52,74 days 02:28:20,0,True
201058201,镜头的语法 :插图修订第2版,9787550297791,外借,45.0,（英）罗伊·汤普森著 ,北京联合出版公司 ,2017-01-01,北京 ,189,J931,455798075973701,IB23G11,2025-03-03 11:56:03,2025-05-16 14:17:47,74 days 02:21:44,0,True
201057989,剪辑的语法 :插图修订第2版,9787550297746,外借,45.0,（英）罗伊·汤普森著 ,北京联合出版公司 ,2017-01-01,北京 ,10193,J932,455798075973701,IB23G11,2025-03-03 11:56:10,2025-05-16 14:17:43,74 days 02:21:33,0,True
200928318,如何写影评（插图修订第8版）,9787559614452,外借,45.0,"(美)蒂莫西·J. 科里根 (Corrigan, Timothy J.) 著", 北京联合出版公司,2018-01-01,北京 ,17195,J905,455798075973701,IB23G11,2025-03-03 11:56:14,2025-05-16 14:17:50,74 days 02:21:36,0,True
201005125,拉丁美洲史,9787507551341,外借,98.0,韦伯斯特著,华文出版社,2019-01-01,北京,338,K73,584699851386949,IB24G10,2025-03-03 12:11:47,2025-03-24 11:51:38,20 days 23:39:51,0,True
200886461,第二性,9787532763399,外借,180.0,(法)波伏瓦著;郑克鲁译,上海译文出版社,2017-01-01,上海,949,C913.68,584699836194885,IB24G10,2025-03-03 12:18:32,2025-05-30 14:09:36,88 days 01:51:04,0,True
200934472,人力资源规划操作指南：规划概述+实用图表+流程架构+操作方案,9787115565648,外借,79.0,乔继玉主编,人民邮电出版社,2021-01-01,北京,268,F243,455798105178181,IB23G11,2025-03-03 17:55:19,2025-03-13 17:48:07,9 days 23:52:48,0,True
200835926,诺曼征服 : 黑斯廷斯战役与英格兰诺曼王朝的崛起,,外借,98.0,"(英)莫里斯 (Morris, Marc) 著", 西安出版社,2020-01-01,西安,536,K561.07,584699851386949,IB24G10,2025-03-04 10:15:12,2025-03-24 11:51:38,20 days 01:36:26,0,True
200882161,1973年的弹子球,9787532765522,外借,47.0,(日)村上春树著,上海译文出版社,2014-01-01,上海,290,I313.45,450611310915653,IB22G12,2025-03-04 17:35:39,2025-03-04 17:35:51,0 days 00:00:12,0,True
200942579,长安十二时辰 下,9787540478339,外借,49.8,马伯庸著,湖南文艺出版社,2017-01-01,长沙,310,I247.5,584699859161157,IB24G10,2025-03-04 17:36:40,2025-03-10 07:28:19,5 days 13:51:39,0,True
200877462,牛虻,9787532778317,外借,30.0,(爱尔兰)伏尼契著,上海译文出版社,2018-01-01,上海,351,I562.44,584699859378245,IB24G10,2025-03-05 10:29:37,2025-03-10 10:46:58,5 days 00:17:21,0,True
200882526,基督山伯爵:全2册-上册,9787532778140,外借,44.5,(法)大仲马著,上海译文出版社,2018-01-01,上海,693,I565.44,450611286782021,IB22G12,2025-03-05 16:55:00,2025-04-30 12:31:35,55 days 19:36:35,0,True
200926089,洞穴奇案 ,9787510891779,外借,56.0,"(美)彼得·萨伯 (Suber, Peter) 著", 九州出版社,2020-01-01,北京 ,174,D971.2,584699857461317,IB24G10,2025-03-06 08:54:12,2025-03-06 10:12:34,0 days 01:18:22,0,True
200904771,康德的世界,9787511735034,外借,49.0,（德）盖尔著,中央编译出版社,2018-01-01,北京,322,B516.31,584699857461317,IB24G10,2025-03-06 09:08:29,2025-03-12 10:21:39,6 days 01:13:10,0,True
201044262,巨人的文明,9787111595816,外借,69.0,陈文捷著, 机械工业出版社,2018-01-01,北京 ,288,TU-095.46,584699853152325,IB24G10,2025-03-06 10:42:15,2025-06-06 07:38:58,91 days 20:56:43,1,True
201047232,自然地理学,9787040228762,外借,52.8,伍光和著,高等教育出版社,2008-01-01,北京,502,P9,584699853152325,IB24G10,2025-03-06 10:42:28,2025-04-02 12:25:29,27 days 01:43:01,1,True
200921592,素食者 ,9787541160868,外借,48.0,(韩)韩江 (1970-) 著, 四川文艺出版社,2021-01-01,成都 ,191,I312.645,584699856826437,IB24G10,2025-03-06 16:51:05,2025-04-03 14:33:29,27 days 21:42:24,1,True
200800696,关于女儿,9787559851987,外借,42.0,金惠珍著,广西师范大学出版社,2022-01-01,桂林,217,I312.645,584699856826437,IB24G10,2025-03-06 16:51:05,2025-03-19 15:46:11,12 days 22:55:06,0,True
200685892,Five Survive,9780593704899,外借,51.0,"Jackson, Holly",Delacorte Press,2022-11-29,,0,823.92,450611289841733,IB22G12,2025-03-07 13:33:25,2025-03-26 10:09:47,18 days 20:36:22,0,True
200696675,Bantam Classics：Wuthering Heights,9780553212587,外借,10.0,Emily Bronte,Bantam Classics,1983-10-01,美国,,823.8,450611289841733,IB22G12,2025-03-07 13:33:34,2025-03-14 08:05:03,6 days 18:31:29,0,True
201502917,Dune,9780441172719,外借,50.0,Frank Herbert,Ace Books,2019-01-01,USA,884,813.54,450611289841733,IB22G12,2025-03-07 13:33:39,2025-05-09 11:38:33,62 days 22:04:54,0,True
200689656,Harry Potter and the Sorcerer's Stone,9781408883808,外借,103.0,"Rowling, J. K.; Dellepiane Rawson, Alicia",Bloomsbury UK,,,,823.914,450611289841733,IB22G12,2025-03-07 13:33:45,2025-03-14 08:05:04,6 days 18:31:19,0,True
200699743,Signet Classics: Crime and Punishment,9780451530066,外借,13.0,Fyodor Dostoyevsky,Signet,2006-03-07,美国,,891.733,450611289841733,IB22G12,2025-03-07 13:41:11,2025-03-13 16:21:55,6 days 02:40:44,0,True
201324806,The Karamazov Brothers (Wordsworth Classics),9781840221862,外借,32.0,Fyodor Dostoevsky,Wordsworth,2010-01-05,英国,,891.73,450611289841733,IB22G12,2025-03-07 13:41:15,2025-03-14 08:05:32,6 days 18:24:17,0,True
200945816,动物凶猛,9787530213636,外借,35.0,王朔著,北京十月文艺出版社,2015-01-01,北京,302,I247.5,455798086996037,IB23G11,2025-03-07 14:30:23,,,0,False
200883213,昨日的世界,9787532777150,外借,49.0,(奥)茨威格著;徐友敬等译,上海译文出版社,2018-01-01,上海,444,K835.215.6,450611286782021,IB22G12,2025-03-10 09:47:56,2025-04-30 12:31:28,51 days 02:43:32,0,True
200885051,时代的精神状况,9787532761371,外借,48.0,"德 雅斯贝尔斯 Jaspers, Karl 1883-1969)(著)",上海译文出版社,2013-01-01,上海,249,B516.53,584699859378245,IB24G10,2025-03-10 11:19:48,2025-03-11 17:26:02,1 days 06:06:14,0,True
200906608,对活人的治理：1979-198,9787208165212,外借,90.0,（法）米歇尔·福柯著,上海 上海人民出版社 2020,2020-01-01,上海,541,B920,584699859378245,IB24G10,2025-03-10 11:19:55,2025-03-19 11:48:12,9 days 00:28:17,0,True
200691581,The Offing,9781526611307,外借,48.0,Benjamin Myers,Bloomsbury UK,2020-03-05,英国,,823.92,584699866955845,IB24G10,2025-03-10 15:43:17,2025-04-08 13:04:56,28 days 21:21:39,1,True
201058602,社会学基本概念,9787301344477,外借,79.0,(英）安东尼·吉登斯 著,北京大学出版社 ,2023-01-01,北京 ,353,C91,584699866955845,IB24G10,2025-03-10 15:43:38,2025-04-22 12:08:25,42 days 20:24:47,1,True
201310722,The Queens Gambit : Now a Major Netflix Drama,9781474622578,外借,46.0,Walter Tevis,Orion Publishing Group,2020-10-27,英国,,813.54,450611289841733,IB22G12,2025-03-10 16:16:13,2025-05-09 11:38:33,59 days 19:22:20,0,True
201302508,Flipped,9780375811746,外借,67.0,Wendelin Van Draanen,Random House US,2001-10-09,美国,,813.6,450611289841733,IB22G12,2025-03-10 16:16:23,2025-04-07 13:31:15,27 days 21:14:52,0,True
200687355,Paper Towns,9780142414934,外借,148.0,John Green,Speak,2009-01-01,USA,,813.6,450611289841733,IB22G12,2025-03-10 16:16:39,2025-05-09 11:38:33,59 days 19:21:54,0,True
201309654,the five people you meet in heaven,9780751536140,外借,34.0,"Albom, Mitch",SPHERE,,,231,813.6,450611289841733,IB22G12,2025-03-10 16:16:45,2025-03-12 15:47:21,1 days 23:30:36,0,True
200880172,寻羊冒险记,9787532765492,外借,46.0,(日)村上春树著,上海译文出版社,2014-01-01,上海,366,I313.45,450611310915653,IB22G12,2025-03-10 16:41:29,2025-05-19 16:49:01,70 days 00:07:32,0,True
200809198,红楼梦:上,9787020137466,外借,33.5,曹学芹著,人民文学出版社,2018-01-01,北京,1315,I242.4,584699858526277,IB24G10,2025-03-10 17:41:16,2025-04-24 10:02:03,44 days 16:20:47,1,True
200820816,飘·上,9787544777407,外借,44.0,(美)米切尔著,译林出版社,2019-01-01,南京,1047,I712.45,450611282698309,IB22G12,2025-03-11 09:11:00,2025-03-31 09:31:18,20 days 00:20:18,0,True
201057257,食南之徒,9787572616099,外借,56.0,马伯庸,湖南文艺出版社,2024-01-01,长沙,269,I247.5,584699859161157,IB24G10,2025-03-11 10:38:19,2025-04-11 07:30:00,30 days 20:51:41,0,True
200875124,崔健诗歌集,9787509016565,外借,79.0,崔健著,当代世界出版社,2022-01-01,北京,23185,I227,584699859161157,IB24G10,2025-03-11 10:40:46,2025-03-14 07:25:32,2 days 20:44:46,0,True
200801677,如何听爵士 ,9787550287327,外借,45.0,"(美)特德·焦亚 (Gioia, Ted) 著", 北京联合出版公司,2018-01-01,北京 ,248,J609.15,455797996257349,IB23G11,2025-03-11 12:40:05,,,0,False
200925669,我们为什么爱音乐 ,9787573902740,外借,58.0,(美)莱维廷著,浙江科学技术出版社,2023-01-01,杭州,374,B849,455797996257349,IB23G11,2025-03-11 12:40:19,,,0,False
201504014,Art Song in English: High Voice: 50 Songs by 21 American and British Composers,9781423418313,外借,400.0,"Kimball, Carol",Boosey &amp; Hawkes Inc,2007-01-01,,192,780,455797996257349,IB23G11,2025-03-11 12:40:48,,,0,False
200820889,杀死一只知更鸟,9787544766500,外借,58.0,(美)李著,译林出版社,2017-01-01,南京,,I712.45,455798118879301,IB23G11,2025-03-11 12:41:29,,,0,False
200967588,宗教哲学经典选读,9787301095720,外借,59.8,（美）斯图尔特著,北京大学出版社,2005-01-01,北京,653,B920,584699859378245,IB24G10,2025-03-11 17:30:27,2025-03-25 12:26:31,13 days 18:56:04,0,True
201324129,The curious incident of the dog in the night-time,9780099470434,外借,60.0,"Haddon, Mark, 1962-",Vintage,2003-01-01,London,271,823.92,450611282698309,IB22G12,2025-03-12 11:38:46,2025-03-20 15:41:29,8 days 04:02:43,0,True
200839673,罗马元老院与人民：一部古罗马史,9787513922494,外借,118.0,"(英)玛丽·比尔德 (Beard, Mary 1955~) 著", 民主与建设出版社有限责任公司,2018-01-01,北京 ,17599,K126-49,584699851386949,IB24G10,2025-03-12 17:27:20,2025-03-17 12:07:39,4 days 18:40:19,0,True
200923581,欢乐的葬礼,9787533965679,外借,56.0,(俄)乌利茨卡娅著,浙江文艺出版社,2021-01-01,杭州,,I512.45,584699853586501,IB24G10,2025-03-12 18:00:04,2025-03-17 07:50:07,4 days 13:50:03,1,True
200837014,改变历史的香料商人,9787557024833,外借,72.0,（英）米尔顿著,广东旅游出版社,2021-01-01,广州,342,I561.45,450611328335941,IB22G12,2025-03-13 10:05:11,2025-05-20 15:25:33,68 days 05:20:22,0,True
201306504,Emotional Design,9780465051366,外借,55.0,Don Norman,Basic Books,2005-05-11,美国,,155.911,584699847979077,IB24G10,2025-03-13 10:42:03,2025-03-26 16:32:38,13 days 05:50:35,0,True
200842874,金枝 .上册,9787100136853,外借,74.0,"(英)弗雷泽 (Frazer, James George 1854~1941) 著", 商务印书馆,2017-01-01,北京 ,1260,B933,450611318874181,IB22G12,2025-03-13 12:39:14,2025-05-15 10:35:55,62 days 21:56:41,0,True
201323558,Rebecca,9781844080380,外借,74.0,"Du Maurier, Daphne, 1907-1989",Virago Press,2003-01-01,UK,441,823.912,450611289841733,IB22G12,2025-03-13 13:15:15,2025-04-07 09:24:48,24 days 20:09:33,0,True
200882054,权力意志与永恒轮回,9787532772360,外借,49.0,(德)尼采著　(德)沃尔法特著　虞龙发译,上海译文出版社,2016-01-01,上海,331,B516.47,584699852910661,IB24G10,2025-03-13 14:26:22,,,0,False
200885051,时代的精神状况,9787532761371,外借,48.0,"德 雅斯贝尔斯 Jaspers, Karl 1883-1969)(著)",上海译文出版社,2013-01-01,上海,249,B516.53,584699852910661,IB24G10,2025-03-13 14:26:28,,,0,False
201001502,水与梦,9787100167765,外借,39.0,巴什拉著,商务印书馆,2019-01-01,北京,244,B565.59,584699852910661,IB24G10,2025-03-13 14:26:35,,,0,False
200885569,界限之书,9787559840943,外借,76.0,（法）雅贝斯著,广西师范大学出版社,2021-01-01,桂林,429,I565.45,584699852910661,IB24G10,2025-03-13 14:26:44,,,0,False
200402661,Physics for Scientists and Engineers with Modern Physics Pearson New International Edition,9781292020761,外借,1059.0,"Giancoli, Douglas C.",Pearson Education Limited,2013-07-29,,1440,IB-4-PH-5,584699890253893,IB24G10,2025-03-13 16:47:50,2025-06-04 07:19:15,82 days 14:31:25,1,True
200889191,欧洲史 ,9787521731798,外借,78.0,(英)戴维斯,中信出版社,2021-01-01,北京,358,K500,584699890253893,IB24G10,2025-03-13 16:54:09,2025-06-04 07:19:30,82 days 14:25:21,0,True
200884668,欧洲史 : 古典时代(史前－公元337),9787521731422,外借,78.0,"(英)诺曼·戴维斯 (Davies, Norman 1939~) 著",中信出版社,2021-01-01,北京,312,K500,584699890253893,IB24G10,2025-03-13 16:54:09,2025-06-04 07:19:15,82 days 14:25:06,0,True
200884481,欧洲史 : 转型时代(约145-1914),9787521731804,外借,118.0,"(英)诺曼·戴维斯 (Davies, Norman 1939~) 著",中信出版社,2021-01-01,北京,595,K500,584699890253893,IB24G10,2025-03-13 16:54:09,2025-06-04 07:19:37,82 days 14:25:28,0,True
200843098,乌托邦 ,9787100131940,外借,28.0,"(英)莫尔 (More, Thomas 1478~1535) 著", 商务印书馆,2017-01-01,北京 ,11163,D091.6,584699890253893,IB24G10,2025-03-13 16:54:16,2025-06-04 07:19:31,82 days 14:25:15,0,True
200831626,爱伦·坡短篇小说全集. 下,9787100202084,外借,69.5,（美）爱伦·坡著,商务印书馆,2022-01-01,北京,10984,I712.45,584699885924421,IB24G10,2025-03-13 17:22:36,,,0,False
200879745,玩笑,9787532789252,外借,59.0,（意）斯塔尔诺内著,上海译文出版社有限公司,2022-01-01,上海,204,I546.45,584699888091205,IB24G10,2025-03-13 17:33:41,2025-04-24 07:01:41,41 days 13:28:00,0,True
200823163,夜莺与玫瑰,9787544788588,外借,38.0,（英）王尔德著,译林出版社,2022-01-01,南京,179,I561.88,584699888091205,IB24G10,2025-03-13 17:34:01,2025-04-27 16:32:58,44 days 22:58:57,0,True
200869462,北欧众神 ,9787559416735,外借,42.0,"(英)尼尔·盖曼 (Gaiman, Neil 1960~) 著", 江苏凤凰文艺出版社,2018-01-01,南京 ,262,I561.45,584699888091205,IB24G10,2025-03-13 17:34:13,2025-04-27 16:33:01,44 days 22:58:48,0,True
201019218,山海变.4奔掠火,9787020166732,外借,58.0,八月槎,人民文学出版社,2022-01-01,北京,294,I247.5,584699884843077,IB24G10,2025-03-14 07:24:08,2025-04-21 17:38:46,38 days 10:14:38,1,True
201019227,山海变.5旧时雨,9787020166718,外借,58.0,八月槎,人民文学出版社,2022-01-01,北京,297,I247.5,584699884843077,IB24G10,2025-03-14 07:24:39,2025-04-24 11:17:52,41 days 03:53:13,1,True
200850409,鹿鼎记 .一,9787546213415,外借,36.0,金庸 (1924~2018) 著, 广州出版社,2013-01-01,广州 ,1823,I247.5,584699859161157,IB24G10,2025-03-14 07:26:25,2025-04-27 07:26:49,44 days 00:00:24,1,True
201324156,The hobbit,9780261102217,外借,55.0,"Tolkien, J. R. R.,","HarperCollinsPunlishers,",2006-01-01,London,389,823.912,450611289841733,IB22G12,2025-03-14 09:03:31,2025-04-07 13:31:15,24 days 04:27:44,0,True
200686819,The Da Vinci Code,9780552161275,外借,39.0,Dan Brown,Random House UK,2009-09-01,英国,,813.54,450611289841733,IB22G12,2025-03-14 09:03:47,2025-03-27 15:04:09,13 days 06:00:22,0,True
200689647,Harry Potter and the Chamber of Secrets,9781408898154,外借,102.0,"Rowling, J. K.",Bloomsbury UK,,,,823.914,450611289841733,IB22G12,2025-03-14 09:04:03,2025-03-27 15:04:09,13 days 06:00:06,0,True
200696684,A Thousand Splendid Suns,9781594483073,外借,35.0,Khaled Hosseini,Penguin USA,2008-05-06,美国,,813.6,584699856592965,IB24G10,2025-03-14 10:05:41,2025-05-13 14:18:42,60 days 04:13:01,1,True
200983089,莱特湾海战,9787513929783,外借,129.8,"(英)威尔默特 (Willmott, H. P. 1945~) 著",民主与建设出版社有限责任公司,2020-01-01,北京,343,E195.2,450611267612741,IB22G12,2025-03-14 10:38:32,2025-05-20 08:04:17,66 days 21:25:45,0,True
201324469,Science of Gardening,9780241559253,外借,91.0,"Farrimond, Dr. Stuart",Dorling Kindersley Ltd,2023-03-02,美国,,635,584699853369413,IB24G10,2025-03-14 11:56:26,2025-04-30 11:35:23,46 days 23:38:57,0,True
200922092,康德,9787100176910,外借,45.0,（德）布兰特著,商务印书馆,2019-01-01,北京,352,B516.31,584699859378245,IB24G10,2025-03-14 12:03:16,2025-04-07 10:33:43,23 days 22:30:27,0,True
200935195,伯克利物理学教程:第5卷·统计物理学(英文影印版),9787111464631,外借,49.8,(美)F.瑞夫著,机械工业出版社,2017-01-01,北京,398,O4,584699890253893,IB24G10,2025-03-14 12:10:32,2025-06-04 07:19:32,81 days 19:09:00,0,True
201013544,海洋的子民,9787301323182,外借,88.0,(美)汤普森著,北京大学出版社,2021-01-01,北京,17443,K606-49,584699890253893,IB24G10,2025-03-14 12:10:32,2025-06-04 07:19:29,81 days 19:08:57,0,True
201311204,The Castle,9780241197806,外借,29.0,Franz Kafka,Penguin UK,2010-01-01,英国,,833.91,584699837497413,IB24G10,2025-03-14 14:10:04,2025-04-23 16:25:34,40 days 02:15:30,0,True
201302526,Emma: V&A Collectors Edition,9780241432556,外借,68.0,Jane Austen,penguin uk,2021-02-25,英国,,823.7,584699837497413,IB24G10,2025-03-14 14:10:04,2025-04-23 16:25:34,40 days 02:15:30,0,True
200923572,女孩儿们,9787533964160,外借,52.0,(俄)乌利茨卡娅著,浙江文艺出版社,2021-01-01,杭州,197,I512.45,584699853586501,IB24G10,2025-03-17 07:52:54,,,1,False
201006115,通往奴役之路 ,9787500421368,外借,42.0,"(英)弗里德里希·奥古斯特·哈耶克 (Hayek, Friedrich August Von 1899~1992) 著", 中国社会科学出版社,1997-01-01,北京 ,270,F091.352,584699856826437,IB24G10,2025-03-17 11:12:19,2025-03-19 15:48:06,2 days 04:35:47,0,True
200404151,Mathematics: Analysis and Approaches HL,9781925489590,外借,387.0,Michael Haese,,,,,IB-5-M-1,584699845550149,IB24G10,2025-03-17 11:42:07,2025-03-17 11:43:41,0 days 00:01:34,1,True
201054713,呼啸山庄,9787532778355,外借,32.0,(英)勃朗特著,上海译文出版社,2018-01-01,上海,406,I561.44,584699858735173,IB24G10,2025-03-17 11:45:57,2025-04-21 10:21:42,34 days 22:35:45,0,True
200851033,违童之愿 ,9787108048455,外借,35.0,"(美)霍恩布鲁姆 (Hornblum, Allen M.) 著", 生活·读书·新知三联书店,2015-01-01,北京 ,14280,R-097,584699859591237,IB24G10,2025-03-17 11:46:03,2025-03-25 06:58:05,7 days 19:12:02,0,True
200697665,Fantastic Beasts: The Crimes of Grindelwald – The Original Screenplay PB,9780751578287,外借,45.0,"Rowling, J.K.",Little Brown UK,2019-11-14,英国,,791.43,584699842498629,IB24G10,2025-03-17 16:14:40,2025-03-24 16:32:52,7 days 00:18:12,0,True
200919024,查拉图斯特拉如是说,9787208150188,外借,78.0,(德)尼采著,上海人民出版社,2018-01-01,上海,527,B516.47,584699878805573,IB24G10,2025-03-17 16:38:52,2025-04-30 12:32:37,43 days 19:53:45,0,True
200814324,背德者,9787505735910,外借,39.8,"(法)安德烈·纪德 (Gide, André 1869~1951) 著",中国友谊出版公司,2015-01-01,北京,25142,I565.45,584699859378245,IB24G10,2025-03-18 07:02:42,2025-03-24 15:07:49,6 days 08:05:07,0,True
200919792,灿烂千阳,9787208072107,外借,49.0,"(美)胡赛尼 (Hosseini, Khaled 1965~) 著", 上海人民出版社,2007-01-01,上海,428,I712.45,455798105178181,IB23G11,2025-03-18 09:07:45,,,0,False
201322489,DK-Big Ideas：The Law Book,9780241410196,外借,89.0,DK,DK Publishing,2020-09-03,英国,,340.09,450611284529221,IB22G12,2025-03-18 11:55:52,2025-05-13 07:05:31,55 days 19:09:39,1,True
200696513,Watching the English: The International Bestseller Revised and Updated,9781444785203,外借,55.0,Kate Fox,Hodder,2014-10-23,英国,,306.094,450611284529221,IB22G12,2025-03-18 11:56:55,2025-05-13 07:05:31,55 days 19:08:36,1,True
200861638,第二性 Ⅱ,9787532749676,外借,68.0,(法)波伏瓦著;郑克鲁译,上海译文出版社,2011-01-01,上海,614,C913.68,455798107287621,IB23G11,2025-03-18 12:01:59,2025-04-08 08:20:42,20 days 20:18:43,0,True
201311197,kandinsky,9783836507462,外借,87.0,Hajo Düchting,TASCHEN,2015-11-06,德国,,759.7,450611267612741,IB22G12,2025-03-18 12:32:12,2025-03-18 15:52:16,0 days 03:20:04,0,True
201504292,"Olive, Again: A Novel",9780812996548,外借,131.0,"Strout, Elizabeth",Random House,1900-01-01,,304,813.54,450611288834117,IB22G12,2025-03-18 16:47:54,2025-04-10 08:25:46,22 days 15:37:52,0,True
200918169,清末民国人口贩卖与家庭生活,9787208170841,外借,89.0,任思梅著,上海人民出版社,2022-01-01,上海,427,D693.98,455798107287621,IB23G11,2025-03-18 16:57:41,,,0,False
200889011,妇女、家庭与法律实践,9787559843937,外借,68.0,赵刘洋,广西师范大学出版社,2021-01-01,桂林,283,D929.49,455798107287621,IB23G11,2025-03-18 16:57:41,,,0,False
200937709,论自由,9787502055394,外借,35.0,（英）密尔著,煤炭工业出版社,2017-01-01,北京,274,D081,455798107287621,IB23G11,2025-03-18 16:57:41,,,0,False
201005535,浮出历史地表 : 现代妇女文学研究,9787301293577,外借,59.0,孟悦 (1956~) 著,北京大学出版社,2018-01-01,北京,291,I206.7,455798107287621,IB23G11,2025-03-18 16:57:41,2025-04-08 08:20:42,20 days 15:23:01,0,True
201059148,白夜行,9787544291163,外借,59.6,(日)东野圭吾著,南海出版公司,2017-01-01,海口,598,I313.45,584699861119045,IB24G10,2025-03-18 17:32:55,2025-04-21 16:37:51,33 days 23:04:56,0,True
200961129,祝勇文学笔记,9787545162387,外借,68.0,祝勇著,辽海出版社,2022-01-01,沈阳,249,I217.2,584699865239621,IB24G10,2025-03-18 17:37:51,2025-04-23 14:56:22,35 days 21:18:31,1,True
201617679,我们生活在巨大的差距里,9787530223970,外借,59.0,余华 著,北京十月文艺出版社 ,2024-01-01,北京 ,280,I267.1,584699865239621,IB24G10,2025-03-18 17:39:17,2025-05-21 07:28:40,63 days 13:49:23,1,True
200958320,乌合之众:群体心理学,9787533951702,外借,49.8,(法)勒庞著;董强译,浙江文艺出版社,2018-01-01,杭州,247,C912.64,584699856826437,IB24G10,2025-03-19 11:00:21,2025-04-15 15:00:11,27 days 03:59:50,1,True
200821469,自由论,9787544716741,外借,69.0,（英）伯林著,译林出版社,2011-01-01,南京,401,D081,584699856826437,IB24G10,2025-03-19 11:00:36,2025-03-19 15:46:11,0 days 04:45:35,0,True
201011742,休谟 ,9787544765466,外借,39.0,英 艾耶尔 著),南京 译林出版社 2016,2016-01-01,南京,120,B561.291,584699856826437,IB24G10,2025-03-19 11:00:43,2025-03-19 15:46:11,0 days 04:45:28,0,True
201022909,额尔古纳河右岸 ,9787020139590,外借,32.0,迟子建 (1964~) 著, 人民文学出版社,2010-01-01,北京 ,266,I247.5,455798114512965,IB23G11,2025-03-19 16:20:36,,,0,False
200839860,过往,9787533964337,外借,45.0,艾伟著,浙江文艺出版社,2021-01-01,杭州,156,I247.5,455798114512965,IB23G11,2025-03-19 16:20:49,,,0,False
200929594,耶鲁大学公开课,9787550238954,外借,39.8,(美)史密斯著,北京联合出版公司,2015-01-01,北京,299,D0,584699856826437,IB24G10,2025-03-19 16:28:43,2025-03-20 08:33:18,0 days 16:04:35,1,True
201039250,经验主义 ,9787108066626,外借,32.0,"(英)罗宾逊 (Robinson, Dave) 文", 生活·读书·新知三联书店,2019-01-01,北京 ,177,B089,584699856826437,IB24G10,2025-03-19 16:28:50,2025-03-20 08:33:21,0 days 16:04:31,1,True
201011127,政治哲学与幸福根基,9787544732819,外借,39.0,(英)罚勒著;李里峰译,译林出版社,2013-01-01,南京,139,D0,584699856826437,IB24G10,2025-03-19 16:28:57,2025-03-20 08:33:22,0 days 16:04:25,1,True
200846576,穆斯林的葬礼,9787530222362,外借,68.0,霍达著,北京十月文艺出版社,2022-01-01,北京,620,I247.5,455798100992069,IB23G11,2025-03-19 17:09:54,2025-03-19 17:09:59,0 days 00:00:05,0,True
200846576,穆斯林的葬礼,9787530222362,外借,68.0,霍达著,北京十月文艺出版社,2022-01-01,北京,620,I247.5,455798100992069,IB23G11,2025-03-19 17:10:11,2025-05-19 17:48:12,61 days 00:38:01,1,True
200696675,Bantam Classics：Wuthering Heights,9780553212587,外借,10.0,Emily Bronte,Bantam Classics,1983-10-01,美国,,823.8,455798100992069,IB23G11,2025-03-19 17:14:09,2025-05-19 17:48:12,61 days 00:34:03,1,True
200841081,做哲学,9787559617293,外借,118.0,"(美)小西奥多·希克,刘易斯·沃恩著",北京联合出版社,2018-01-01,北京,648,B0,455797991358533,IB23G11,2025-03-19 17:40:45,,,0,False
201501124,The Unbearable Lightness of Being,9780571135394,外借,46.0,"Kundera, Milan",,,,,891.86354,450611286782021,IB22G12,2025-03-20 08:40:59,2025-04-30 12:31:32,41 days 03:50:33,0,True
200690626,Disorder in the Court: Great Fractured Moments in Courtroom History,9780393319286,外借,74.0,"DIXIT, AVINASH; NAL",W. W. Norton & Company,1999-08-17,美国,,347.73,450611284529221,IB22G12,2025-03-20 09:29:14,2025-05-13 11:10:24,54 days 01:41:10,1,True
201055311,连城决,9787546206141,外借,35.0,金庸 (1924~2018) 著, 广州出版社,2011-01-01,广州,362,I247.5,584699888091205,IB24G10,2025-03-20 11:39:07,2025-04-24 07:01:47,34 days 19:22:40,0,True
200858508,基督山伯爵 （上）,9787532751242,外借,39.0,(法)大仲马著,上海译文出版社,2010-01-01,上海,693,I565.44,584699868303429,IB24G10,2025-03-20 12:13:00,2025-06-06 14:30:16,78 days 02:17:16,0,True
200907956,音乐心理学,9787030658500,外借,89.0,陈杰著,科学出版社,2020-01-01,北京,231,J60-051,455797996257349,IB23G11,2025-03-20 12:16:01,,,0,False
201323086,The Art of Racing in the Rain Intl,9780062023063,外借,70.0,Garth Stein,HARPER COLLINS US BRAND CODE,2010-08-31,,0,813.54,450611282698309,IB22G12,2025-03-20 15:46:14,2025-03-31 09:31:17,10 days 17:45:03,0,True
200995502,算法导论 ,9787111407010,外借,128.0,"(美)科尔曼 (Cormen, Thomas H.) 著", 机械工业出版社,2013-01-01,北京 ,13780,TP301.6,450611267612741,IB22G12,2025-03-20 16:14:07,2025-05-19 13:03:13,59 days 20:49:06,0,True
200876221,哲学课,9787521717372,外借,98.0,"(美)威尔·杜兰特 (Durant, Will 1885~1981) 著",中信出版社,2021-01-01,北京,27419,B,584699856826437,IB24G10,2025-03-20 17:41:48,2025-04-11 12:36:04,21 days 18:54:16,0,True
200958507,这就是哲学,9787545477306,外借,52.0,（日）山竹伸二著,广东经济出版社,2021-01-01,广州,235,B,584699856826437,IB24G10,2025-03-20 17:41:48,2025-04-11 12:36:04,21 days 18:54:16,0,True
200994460,我的十堂大体解剖课 ,9787203107552,外借,36.0,何翰蓁 著, 山西人民出版社,2019-01-01,太原 ,230,R322,584699859591237,IB24G10,2025-03-21 07:16:24,2025-03-25 06:58:05,3 days 23:41:41,0,True
201028244,维塔 : 社会遗弃下的疯癫与文明,9787305252563,外借,68.0,"(巴西)若昂·比尔 (Biehl, Jo?o Guilherme, 1960~) 著",南京大学出版社,2022-01-01,南京,454,R199.777,584699859591237,IB24G10,2025-03-21 07:16:29,2025-04-02 06:52:19,11 days 23:35:50,0,True
201019236,山海变.6水云乡,9787020166725,外借,58.0,八月槎,人民文学出版社,2022-01-01,北京,297,I247.5,584699884843077,IB24G10,2025-03-21 07:17:23,2025-04-28 11:17:18,38 days 03:59:55,1,True
200872555,永恒的边缘.Ⅰ,9787559403223,外借,56.0,(英)福莱特著,江苏凤凰文艺出版社,2017-01-01,南京,420,I561.45,584699871535173,IB24G10,2025-03-21 11:49:10,2025-04-21 07:50:25,30 days 20:01:15,0,True
200825759,巴比伦,9787520150446,外借,69.0,(英）克里瓦切克著,社会科学文献出版社·甲骨文工作室(分社),2020-01-01,北京,385,K124.3,584699851386949,IB24G10,2025-03-21 11:57:41,2025-03-25 13:42:47,4 days 01:45:06,0,True
200988850,建筑师的1堂必修课,9787111711544,外借,49.0,罗松著,机械工业出版社,2022-01-01,北京,301,TU,584699871535173,IB24G10,2025-03-21 11:58:34,2025-04-28 17:37:27,38 days 05:38:53,0,True
200821370,极端的年代:1914-1991,9787508674629,外借,128.0,(英)霍布斯鲍姆著;郑明萱译,中信出版社,2017-01-01,北京,724,K1,450611302723653,IB22G12,2025-03-24 08:09:54,2025-05-21 07:44:48,57 days 23:34:54,0,True
200862094,变形记,9787532756964,外借,38.0,(奥)卡夫卡著,上海译文出版社,2012-01-01,上海,517,I521.45,450611302723653,IB22G12,2025-03-24 08:35:50,2025-04-07 11:47:19,14 days 03:11:29,0,True
201017586,伦敦围城,9787020142125,外借,39.0,（美）詹姆斯著,人民文学出版社,2021-01-01,北京,122,I712.44,450611283214405,IB22G12,2025-03-24 09:34:32,2025-04-22 14:32:05,29 days 04:57:33,0,True
201307709,Penguin Vitae: The Age of Innocence,9780143134817,外借,77.0,Edith Wharton,Penguin USA,2021-02-23,美国,,813.52,450611283214405,IB22G12,2025-03-24 09:34:41,2025-04-23 08:00:14,29 days 22:25:33,0,True
200923518,买办的女儿,9787533962951,外借,69.0,赵柏田著,浙江文艺出版社,2022-01-01,杭州,446,I247.5,450611283214405,IB22G12,2025-03-24 09:34:51,2025-03-25 13:23:27,1 days 03:48:36,0,True
201027897,三国演义.上,9787020008728,外借,20.0,(明)罗贯中著,人民文学出版社,2017-01-01,北京,990,I242.4,450611283214405,IB22G12,2025-03-24 09:35:02,2025-04-22 14:32:05,29 days 04:57:03,0,True
200822459,美利坚的民族,9787520178853,外借,79.0,（美）伍达德著,社会科学文献出版社,2021-01-01,北京,23404,K710.03,584699851386949,IB24G10,2025-03-24 11:53:58,2025-04-11 12:10:39,18 days 00:16:41,0,True
200879022,纳博科夫文学讲稿三种·唐吉坷德讲稿,9787532778423,外借,90.0,(美)纳博科夫著,上海译文出版社,2018-01-01,上海,287,I106,450611302723653,IB22G12,2025-03-24 12:27:51,2025-05-21 07:44:48,57 days 19:16:57,0,True
200835908,北洋觉梦录,9787559847010,外借,49.0,禅心初著,广西师范大学出版社,2022-01-01,桂林,282,K258.206,584699887878213,IB24G10,2025-03-24 13:34:47,2025-06-04 19:13:21,72 days 05:38:34,0,True
200805584,在绝望之巅,9787559660503,外借,49.8,(法)齐奥朗著　唐江译,北京联合出版公司,2022-01-01,北京,203,B565.59,584699859378245,IB24G10,2025-03-24 15:09:15,2025-04-07 10:33:43,13 days 19:24:28,0,True
201000521,斯宾诺莎与表现问题,9787100168984,外借,39.0,（法）德勒兹著,商务印书馆,2019-01-01,北京,382,B563.1,584699859378245,IB24G10,2025-03-24 15:09:19,2025-05-21 14:34:15,57 days 23:24:56,0,True
200903932,犯罪心理学 ,9787559436108,外借,59.0,"(英)格罗斯 (Gross, Hans 1847~) 著", 江苏凤凰文艺出版社,2019-01-01,南京 ,15414,D917.2,450611271848005,IB22G12,2025-03-24 17:47:40,2025-05-22 07:46:39,58 days 13:58:59,0,True
200886470,第二性,9787532763399,外借,180.0,(法)波伏瓦著;郑克鲁译,上海译文出版社,2017-01-01,上海,949,C913.68,584699847753797,IB24G10,2025-03-25 06:47:02,,,0,False
200696407,Signet Classics: Dracula,9780451530660,外借,13.0,Bram Stoker,Signet,2007-09-04,美国,,823.8,450611283214405,IB22G12,2025-03-25 11:34:41,2025-04-22 14:32:05,28 days 02:57:24,0,True
201020064,如果尸体会说话,9787571015923,外借,59.0,（美）罗琦著,湖南科学技术出版社,2022-01-01,长沙,235,R322,584699859591237,IB24G10,2025-03-25 16:59:43,2025-04-07 10:25:41,12 days 17:25:58,0,True
201029403,公寓,9787540482848,外借,38.0,(英)格雷,湖南文艺出版社,2017-01-01,长沙,314,I561.45,584699859591237,IB24G10,2025-03-25 16:59:50,2025-04-02 06:52:19,7 days 13:52:29,0,True
201301260,Accounting 11,9781507202920,外借,65.0,"Cagan, Michele",Adams Media Corporation,2017-05-09,New York,272,657,450611284529221,IB22G12,2025-03-26 12:13:52,2025-03-26 12:42:04,0 days 00:28:12,0,True
200695729,The Personal MBA,9780670919536,外借,65.0,Josh Kaufman,penguin uk,2012-09-06,英国,,650,450611284529221,IB22G12,2025-03-26 12:14:00,2025-03-26 12:42:09,0 days 00:28:09,0,True
201303035,HBRs 1 Must Reads on Strategy,9781422157985,外借,103.0,Harvard Business Review,Harvard Business Review Press,2011-02-07,美国,,658.401,450611284529221,IB22G12,2025-03-26 12:14:07,2025-03-26 12:42:02,0 days 00:27:55,0,True
201306194,Negotiation Genius,9780553384116,外借,53.0,Deepak Malhotra & Max Bazerman,Bantam,2008-08-26,美国,,658.4,450611284529221,IB22G12,2025-03-26 12:14:13,2025-03-26 12:42:02,0 days 00:27:49,0,True
201300289,False Justice: Eight Myths that Convict the Innocent,9781138783003,外借,225.0,Petro,Routledge,2018-12-06,英国,,320.97,450611284529221,IB22G12,2025-03-26 12:14:21,2025-05-13 07:05:31,47 days 18:51:10,0,True
201315503,Ib Diploma Programme Physics 223 Edition Student Book,9781382016599,外借,330.0,"Homer, David; Heathcote, William; Pietka, Maciej","Oxford University Press, USA",2023-03-03,UK,720,IB-4-PH-5,584699861119045,IB24G10,2025-03-26 17:24:43,,,1,False
201065284,人形爱情故事,9787513353465,外借,69.0,（英）珍妮特.温特森著 ,新星出版社 ,2024-01-01,北京 ,346,I561.45,450611288834117,IB22G12,2025-03-27 11:43:52,2025-05-16 07:56:21,49 days 20:12:29,0,True
201065818,出发吧！了不起的身体旅行 .2,9787559664136,外借,88.0,邓超 著,北京联合出版公司 ,2022-01-01,北京 ,204,R33-49,450611288834117,IB22G12,2025-03-27 11:52:37,2025-04-10 08:25:46,13 days 20:33:09,0,True
200035746,physics workbook with CD-ROM,9781316634929,外借,167.0,Mark Farrington,Cambridge University Pre,2017-01-01,New York,242,IB-4-PH-5,584699861119045,IB24G10,2025-03-27 12:16:33,,,1,False
200979183,悉达多,9787201112695,外借,32.0,(德)黑塞著 姜乙译,天津人民出版社,2017-01-01,天津,137,I516.45,584699875364933,IB24G10,2025-03-27 12:22:26,2025-03-31 12:25:59,4 days 00:03:33,0,True
200925927,北欧神话 ,9787513923224,外借,66.0,"(英)卡罗琳·拉灵顿 (Larrington, Carolyne) 著", 民主与建设出版社有限责任公司,2018-01-01,北京 ,16183,I530.73,584699875364933,IB24G10,2025-03-27 12:22:33,2025-06-03 20:29:42,68 days 08:07:09,1,True
201302982,The Gospel of Loki,9781473202375,外借,47.0,Joanne M Harris,Gollancz,2015-06-04,英国,,823.91,584699842498629,IB24G10,2025-03-27 17:35:20,,,0,False
200954413,舞台灯光设计概要,9787104020578,外借,46.0,冯德仲著,中国戏剧出版社,2007-01-01,北京,200,J814.4,455797997469765,IB23G11,2025-03-27 17:47:14,2025-04-27 07:18:52,30 days 13:31:38,0,True
201023757,万历十五年,9787101101621,外借,65.0,(美)黄仁宇著,中华书局,2014-01-01,北京,387,K248.307,584699859591237,IB24G10,2025-03-28 07:13:18,2025-05-06 06:50:55,38 days 23:37:37,0,True
200977096,人体形态学,9787568087124,外借,69.9,张烨,华中科技大学出版社,2022-01-01,武汉,339,R32,584699859591237,IB24G10,2025-03-28 07:16:52,2025-04-30 06:51:54,32 days 23:35:02,0,True
200192665,IBDP中文A文学课程专题拓展论文及个人口头评论优秀范例点评,9789620441417,外借,128.0,"苏媛,李萍著",三联书店(香港)有限公司,2018-01-01,香港,249,IB-1-CH-1,455797989703749,IB23G11,2025-03-28 12:37:12,2025-06-06 08:00:35,69 days 19:23:23,0,True
200878657,金银岛·化身博士,9787532778225,外借,28.0,(英)斯蒂文森著,上海译文出版社,2018-01-01,上海,298,I561.44,450611302723653,IB22G12,2025-03-28 14:13:24,2025-03-31 16:13:15,3 days 01:59:51,0,True
200868178,作为意志和表象的世界,9787553524481,外借,68.0,（德）叔本华著,上海文化出版社,2021-01-01,上海,587,B516.41,584699841630277,IB24G10,2025-03-31 06:52:48,2025-04-21 06:24:20,20 days 23:31:32,0,True
201053233,第一哲学沉思录,9787532788446,外借,78.0,（法）笛卡尔著,上海译文出版社有限公司,2022-01-01,上海,174,B565.21,584699841630277,IB24G10,2025-03-31 06:53:01,2025-04-21 06:24:20,20 days 23:31:19,0,True
200971092,审判 ,9787513930826,外借,49.8,(奥)弗兰兹·卡夫卡 著, 民主与建设出版社有限责任公司,2020-01-01,北京 ,222,I521.45,584699841630277,IB24G10,2025-03-31 06:53:06,2025-05-23 11:34:53,53 days 04:41:47,1,True
201311231,Chocolat,9780552998482,外借,37.0,Joanne Harris,Black Swan Books,1999-03-04,英国,,823.91,450611282698309,IB22G12,2025-03-31 09:58:02,2025-04-11 11:52:59,11 days 01:54:57,0,True
200820825,飘·下,9787544777407,外借,44.0,(美)米切尔著,译林出版社,2019-01-01,南京,1047,I712.45,450611282698309,IB22G12,2025-03-31 09:58:13,2025-04-14 09:13:56,13 days 23:15:43,0,True
201324673,Orlando,9780241371961,外借,55.0,"Woolf, Virginia",Penguin Books Ltd,2019-03-07,,336,823.912,455798075973701,IB23G11,2025-03-31 11:25:54,2025-05-16 14:17:41,46 days 02:51:47,0,True
201047214,数学建模教学案例精选,9787040589177,外借,41.1,韩中庚著,高等教育出版社,2022-01-01,北京,308,O141.4,584699866955845,IB24G10,2025-03-31 12:19:45,2025-05-16 12:17:35,45 days 23:57:50,1,True
200881849,舞!舞!舞!,9787532765461,外借,60.0,(日)村上春树著,上海译文出版社,2014-01-01,上海,478,I313.45,450611310915653,IB22G12,2025-03-31 15:47:40,2025-04-22 14:10:19,21 days 22:22:39,0,True
200869195,小姨多鹤 ,9787506390507,外借,29.0,(美)严歌苓 (女， 1958~) 著, 作家出版社,2016-01-01,北京 ,321,I247.5,455798105178181,IB23G11,2025-03-31 17:27:55,,,0,False
200932553,5分钟怪诞数学 : 那些看似不可能的生活真相,9787572208522,外借,48.0,(德)克里斯蒂安·黑塞,浙江教育出版社,2021-01-01,杭州,205,O1-49,455798105178181,IB23G11,2025-03-31 17:28:33,,,0,False
200916134,时尚中的数学 ,9787030567475,外借,49.0,(美)西蒙斯 (数学) 著, 科学出版社,2018-01-01,北京 ,62,O1-49,455798105178181,IB23G11,2025-03-31 17:28:39,,,0,False
200807056,本巴,9787544787932,外借,59.0,刘亮程著,译林出版社,2022-01-01,南京,319,I247.5,455797989703749,IB23G11,2025-04-01 09:27:48,2025-04-03 07:36:52,1 days 22:09:04,0,True
201006115,通往奴役之路 ,9787500421368,外借,42.0,"(英)弗里德里希·奥古斯特·哈耶克 (Hayek, Friedrich August Von 1899~1992) 著", 中国社会科学出版社,1997-01-01,北京 ,270,F091.352,584699856826437,IB24G10,2025-04-01 13:37:59,2025-05-30 14:04:36,59 days 00:26:37,0,True
201065248,语言恶女：女性如何夺回语言,9787559675583,外借,62.0,（美）阿曼达.蒙特尔著 ,北京联合出版公司 ,2024-01-01,北京 ,253,H0-49,584699856826437,IB24G10,2025-04-01 14:08:20,2025-04-15 14:36:07,14 days 00:27:47,0,True
200868515,助推：如何做出有关健康、财富与幸福的最佳决策,9787508684918,外借,59.0,"(美)泰勒 (Thaler, Richard H. 1945~) 著", 中信出版集团股份有限公司,2018-01-01,北京 ,23330,F0-49,455798095261765,IB23G11,2025-04-02 07:47:37,,,0,False
201031365,“错误”的行为,9787508684512,外借,69.0,(美)塞勒著,中信出版集团股份有限公司,2018-01-01,北京 ,31417,F069.9-49,455798095261765,IB23G11,2025-04-02 07:47:37,,,0,False
201049481,哈佛经济学笔记 ,9787539938608,外借,42.0,陈晋 (女) 著, 江苏文艺出版社,2010-01-01,南京 ,288,F0-49,455798095261765,IB23G11,2025-04-02 07:47:37,,,0,False
200945111,穆斯林的葬礼,9787530222362,外借,68.0,霍达著,北京十月文艺出版社,2022-01-01,北京,620,I247.5,455798105178181,IB23G11,2025-04-02 11:35:11,2025-04-02 12:31:54,0 days 00:56:43,0,True
200991515,终极观星指南,9787556708277,外借,98.0,(美)鲍勃·金著,海峡书局,2021-01-01,福州,266,P12-62,450611319373893,IB22G12,2025-04-02 12:13:55,2025-04-14 11:16:48,11 days 23:02:53,0,True
201323086,The Art of Racing in the Rain Intl,9780062023063,外借,70.0,Garth Stein,HARPER COLLINS US BRAND CODE,2010-08-31,,0,813.54,584699881758789,IB24G10,2025-04-02 12:42:14,2025-04-09 13:27:32,7 days 00:45:18,0,True
201309397,The New Yorker Stories,9781439168752,外借,57.0,Ann Beattie,Simon & Schuster,2011-10-11,美国,,813.54,450611325075525,IB22G12,2025-04-02 14:34:04,2025-05-13 09:16:51,40 days 18:42:47,0,True
200693776,The Sound and the Fury,9780099475019,外借,28.0,William Faulkner,Random House UK,2009-05-07,英国,,813.52,450611325075525,IB22G12,2025-04-02 14:34:12,2025-05-19 12:15:17,46 days 21:41:05,0,True
201312310,Rhetoric: A Very Short Introduction,9780199651368,外借,48.0,"Toye, Richard",Oxford University Press,2013-03-28,英国,,808,450611325075525,IB22G12,2025-04-02 14:38:36,2025-05-13 09:16:51,40 days 18:38:15,0,True
200823243,一句顶一万句,9787536097261,外借,68.0,刘震云 著,花城出版社,2022-01-01,广州,620,I247.5,455797989703749,IB23G11,2025-04-02 16:33:18,2025-06-06 08:00:35,64 days 15:27:17,0,True
200870584,女孩们,9787559612236,外借,49.8,(美)克莱因著;韩冬译,北京联合出版公司,2018-01-01,北京,353,I712.45,584699880865861,IB24G10,2025-04-02 16:44:59,2025-04-03 08:54:55,0 days 16:09:56,0,True
200859865,反抗者,9787532777280,外借,58.0,(法)加缪著　沈志明译,上海译文出版社有限公司,2018-01-01,上海,425,I565.65,455797921001541,IB23G11,2025-04-03 08:48:00,,,0,False
200860103,黑塞童话集,9787532780822,外借,98.0,（德）黑塞著,上海译文出版社,2019-01-01,上海,258,I516.15,584699880865861,IB24G10,2025-04-03 09:31:55,2025-05-07 17:20:47,34 days 07:48:52,0,True
200874081,海上钢琴师,9787540482732,外借,48.0,(意)巴里科著,湖南文艺出版社,2017-01-01,长沙,173,I546.45,584699880865861,IB24G10,2025-04-03 09:31:55,2025-05-07 17:20:47,34 days 07:48:52,0,True
200943426,正在抢救中,9787553211213,外借,59.8,李鸿政著,贵州科技出版社,2022-01-01,贵阳,296,R197.1,584699859591237,IB24G10,2025-04-03 11:43:35,2025-05-06 06:50:55,32 days 19:07:20,0,True
200909892,边城,9787214108463,外借,32.0,沈从文著,江苏人民出版社,2014-01-01,南京,278,I246.5,584699859591237,IB24G10,2025-04-03 11:45:22,2025-04-09 07:03:21,5 days 19:17:59,0,True
200842972,自杀论 ,9787100132343,外借,52.0,"(法)迪尔凯姆 (Durkheim, Emile 1858~1917) 著", 商务印书馆,2017-01-01,北京 ,435,C913.9,584699874725957,IB24G10,2025-04-03 11:46:03,2025-04-03 11:46:42,0 days 00:00:39,0,True
200690047,How to Stay Sane in an Age of Division : From the Booker shortlisted author of 1 Minutes 38 Seconds in This Strange World,9781788165723,外借,26.0,Elif Shafak,Profile Books,2020-08-27,英国,,814.6,584699866955845,IB24G10,2025-04-03 12:15:13,2025-04-14 09:11:52,10 days 20:56:39,0,True
200874722,极简天文学 ,9787521700930,外借,49.0,"(英)科林·斯图尔特 (Stuart, Colin) 著", 中信出版集团股份有限公司,2019-01-01,北京 ,293,P1-49,584699869589573,IB24G10,2025-04-03 12:23:44,2025-06-06 15:07:17,64 days 02:43:33,0,True
200998162,人人都该懂的脑科学 ,9787557686642,外借,65.9,"(英)阿马尔·阿尔查拉比 (Al-Chalabi, Ammar) 著", 天津科学技术出版社,2020-01-01,天津 ,280,R338.2-49,584699874725957,IB24G10,2025-04-03 12:32:18,2025-06-06 14:41:01,64 days 02:08:43,0,True
200991855,脑机穿越 : 脑机接口改变人类未来,9787213065835,外借,79.9,"(巴西)米格尔·尼科莱利斯 (Nicolelis, Miguel A.) 著",浙江人民出版社,2015-01-01,杭州,10282,R338.2,584699874725957,IB24G10,2025-04-03 12:32:23,2025-06-06 14:41:29,64 days 02:09:06,0,True
201322130,A Brief History of Time,9780553380163,外借,120.0,"Hawking, Stephen",Bantam,1998-09-01,,224,523.1,450611289337925,IB22G12,2025-04-03 13:37:30,2025-05-19 15:00:53,46 days 01:23:23,0,True
200692483,Wordsworth: Social Contract,9781853267819,外借,20.0,Jean-Jacques Roussea,Wordsworth,1998-03-05,英国,,320.01,450611289337925,IB22G12,2025-04-07 10:12:26,2025-05-16 08:51:15,38 days 22:38:49,0,True
200693044,A Theory of Justice: Original Edition,9780674017726,外借,196.0,"Rawls, John",Harvard University Press,2005-04-30,美国,,320.01,450611289337925,IB22G12,2025-04-07 10:12:32,2025-04-16 18:02:49,9 days 07:50:17,0,True
200827677,基督教神学,9787544732871,外借,39.0,(英)福特著;吴周放译,译林出版社,2014-01-01,南京,181,B972,584699859378245,IB24G10,2025-04-07 10:37:12,2025-05-21 14:34:08,44 days 03:56:56,0,True
201002716,致死的疾病,9787516124512,外借,96.0,克尔凯郭尔著,中国社会科学出版社,2013-01-01,北京,595,B534,584699859378245,IB24G10,2025-04-07 10:38:22,2025-04-21 12:07:16,14 days 01:28:54,0,True
200957152,社会性动物 ,9787567599703,外借,79.0,"(美)艾略特·阿伦森 (Aronson, Elliot) 著", 华东师范大学出版社,2020-01-01,上海 ,380,C912.6,450611292119109,IB22G12,2025-04-07 10:49:42,2025-05-21 10:10:08,43 days 23:20:26,0,True
200859856,米佳的爱情,9787532783618,外借,65.0,"(俄)蒲宁 (Бунин, ИванАлексеевич 1870~1953) 著",上海译文出版社,2020-01-01,上海,10502,I512.45,450611302723653,IB22G12,2025-04-07 10:54:27,2025-04-07 12:03:50,0 days 01:09:23,0,True
200953110,写给大家的平面设计手册,9787574102293,外借,78.0,（日）生田信一著,江苏凤凰美术出版社,2022-01-01,南京,200,J511,450611279773765,IB22G12,2025-04-07 11:55:45,2025-04-27 13:36:00,20 days 01:40:15,1,True
200907082,平面设计完全手册,9787530470954,外借,89.0,(德)韦格著,北京科学技术出版社,2017-01-01,北京,470,J506,450611279773765,IB22G12,2025-04-07 11:55:50,2025-05-13 17:35:49,36 days 05:39:59,1,True
201011109,西方正典,9787544755450,外借,78.0,"(美)哈罗德·布鲁姆 (Bloom,Harold 1930~) 著",译林出版社,2011-01-01,南京,516,I106,450611302723653,IB22G12,2025-04-07 12:10:44,2025-04-07 12:10:50,0 days 00:00:06,0,True
200861790,都柏林人,9787532773442,外借,32.0,(爱尔兰)乔伊斯著;王逢振译,上海译文出版社,2016-01-01,上海,230,I562.45,450611302723653,IB22G12,2025-04-07 12:18:25,2025-05-21 07:44:48,43 days 19:26:23,0,True
200795835,种在走廊上的苹果树,9787224138122,外借,35.0,残雪 ,陕西人民出版社 ,2020-01-01,西安 ,168,I247.5,455797989703749,IB23G11,2025-04-07 12:25:31,2025-04-16 07:23:39,8 days 18:58:08,0,True
200827150,白杨木的春天,9787555910411,外借,35.0,吕新著,照片,2020-01-01,郑州,222,I247.5,455797999575109,IB23G11,2025-04-07 15:19:27,2025-04-10 12:22:54,2 days 21:03:27,0,True
200918597,商业海报设计,9787302613329,外借,69.8,屈正庚著,清华大学出版社,2022-01-01,北京,165,J524.3,455797999575109,IB23G11,2025-04-07 15:27:43,,,0,False
200853362,巨流河,9787108056184,外借,79.0,齐邦媛著,生活·读书·新知三联书店,2016-01-01,北京,398,I247.5,455797995286597,IB23G11,2025-04-07 17:24:19,2025-04-09 09:35:50,1 days 16:11:31,0,True
200875133,秋园 ,9787559640666,外借,38.0,杨本芬 (女， 1940-) 著, 北京联合出版公司,2020-01-01,北京 ,264,I247.5,455798077993029,IB23G11,2025-04-07 17:29:58,2025-04-10 07:52:23,2 days 14:22:25,0,True
200951416,三体Ⅲ,9787229030933,外借,38.0,刘慈欣,重庆出版社,2010-01-01,重庆,513,I247.5,450611287797829,IB22G12,2025-04-08 07:55:39,2025-04-25 08:16:45,17 days 00:21:06,0,True
200834801,推拿,9787020164257,外借,59.0,毕飞宇著,人民文学出版社,2008-01-01,北京,290,I247.5,455798077993029,IB23G11,2025-04-08 08:00:32,,,0,False
200687729,Chiltern Classic：Northanger Abbey,9781912714278,外借,98.0,Jane Austen,Chiltern Publishing,2019-11-11,美国,,823.7,584699847979077,IB24G10,2025-04-08 10:10:58,2025-06-06 15:09:31,59 days 04:58:33,1,True
200507736,金陵十三钗 ,9787506398541,外借,39.0,(美)严歌苓 (女， 1958~) 著, 作家出版社,2018-01-01,北京 ,206,I712.45,455797996257349,IB23G11,2025-04-08 12:17:09,,,0,False
200862254,远大前程,9787532753659,外借,42.0,(英)狄更斯著,上海译文出版社,2011-01-01,上海,547,I561.44,584699875807301,IB24G10,2025-04-08 17:20:18,2025-06-06 12:58:45,58 days 19:38:27,1,True
200853362,巨流河,9787108056184,外借,79.0,齐邦媛著,生活·读书·新知三联书店,2016-01-01,北京,398,I247.5,455797993836613,IB23G11,2025-04-09 09:36:44,2025-04-11 08:52:49,1 days 23:16:05,0,True
200817205,跨越边界的社区：北京“浙江村”的生活史,9787807681885,外借,68.0,项飚著,生活书店出版有限公司,2018-01-01,北京,,C912.81,450611272413253,IB22G12,2025-04-10 08:13:27,2025-05-14 14:10:18,34 days 05:56:51,0,True
201502739,倾城之恋,9787530218624,外借,49.5,张爱玲著,北京十月文艺出版社,2019-01-01,北京,328,I246.7,450611275219013,IB22G12,2025-04-10 08:38:30,2025-05-21 12:56:06,41 days 04:17:36,0,True
200694748,Il Duro,9780141398631,外借,10.0,"Lawrence, D. H. (David Herbert), 1885-1930",PENGUIN BOOKS,,,,914.504,450611273154629,IB22G12,2025-04-11 08:40:14,2025-04-11 12:59:27,0 days 04:19:13,0,True
200936817,汪曾祺小说集. 鸡鸭名家 ,9787538756388,外借,38.0,汪曾祺 (1920~1997) 著, 时代文艺出版社,2018-01-01,长春 ,372,I247,584699873386565,IB24G10,2025-04-11 14:49:36,2025-06-05 20:14:50,55 days 05:25:14,1,True
200847361,流俗地 ,9787530221280,外借,55.0,(马来)黎紫书 (女， 1971~) 著, 北京十月文艺出版社,2021-01-01,北京 ,29476,I338.45,450611282698309,IB22G12,2025-04-14 09:18:52,2025-05-19 14:43:19,35 days 05:24:27,0,True
201407192,The Human Bone Manual,9780120884674,外借,394.0,"White, Tim D.; Folkens, Pieter A.",Academic Press,2005-07-01,,488,611.71,450611324321861,IB22G12,2025-04-14 11:19:08,2025-05-19 12:15:21,35 days 00:56:13,0,True
200916768,夏日终曲,9787513598255,外借,39.9,(美)艾席蒙著,外语教学与研究出版社,2018-01-01,北京,230,I712.45,450611324321861,IB22G12,2025-04-14 11:19:16,2025-05-19 12:15:22,35 days 00:56:06,0,True
201005955,鸟类的崛起 : 2.25亿年的进化,9787121376900,外借,118.0,"(美)桑卡尔·查特吉 (Chatterjee, Sankar) 著",电子工业出版社,2020-01-01,北京,15328,Q959.7-49,584699884843077,IB24G10,2025-04-14 14:49:29,2025-04-18 11:34:43,3 days 20:45:14,1,True
200823298,"如果在冬夜,一个旅人",9787544722292,外借,58.0,(意)卡尔维诺著;萧天佑译,译林出版社,2016-01-01,南京,300,I546.45,455797978308677,IB23G11,2025-04-14 16:56:58,2025-06-10 12:55:21,56 days 19:58:23,0,True
201057630,后电影视觉 :运动影像媒介与观众的共同进化,9787559857774,外借,88.0,（美）罗杰·F·库克 著,广西师范大学出版社 ,2023-01-01,桂林 ,304,J9,584699861340229,IB24G10,2025-04-15 19:16:34,2025-04-17 15:57:09,1 days 20:40:35,0,True
201057934,现代电影艺术,9787541163753,外借,32.0,（日）岩崎昶著 ,四川文艺出版社 ,2022-01-01,成都 ,186,J90,584699861340229,IB24G10,2025-04-15 19:16:49,,,0,False
200927328,雨,9787220105135,外借,38.0,（马来）黄锦树著,四川人民出版社,2018-01-01,成都,270,I338.45,584699853803589,IB24G10,2025-04-16 15:02:53,2025-06-06 15:31:00,51 days 00:28:07,1,True
200887638,绝对笑喷之弃业医生日志 ,9787569925326,外借,56.0,"(英)亚当·凯 (Kay, Adam 1980-) 著; 胡逍扬 译", 北京时代华文书局,2019-01-01,北京 ,298,I561.45,584699856826437,IB24G10,2025-04-16 15:33:36,2025-05-30 14:04:40,43 days 22:31:04,0,True
200857938,克拉拉与太阳 ,9787532786831,外借,68.0,(英)石黑一雄 (1954-) 著, 上海译文出版社有限公司,2021-01-01,上海 ,392,I561.45,584699856826437,IB24G10,2025-04-16 15:33:36,2025-05-30 14:04:44,43 days 22:31:08,0,True
200853576,一个女孩的记忆,9787208178335,外借,48.0,（法）埃尔诺著,上海人民出版社,2022-01-01,上海,139,I565.45,584699856826437,IB24G10,2025-04-16 15:33:36,2025-04-17 10:37:19,0 days 19:03:43,0,True
200976961,许子东现代文学课,9787542662583,外借,69.0,许子东 (1954~) 著,上海三联书店,2018-01-01,上海,425,I209.6,455797997994053,IB23G11,2025-04-16 17:18:23,,,0,False
200949055,文学批评入门,9787576004441,外借,54.0,汤拥华 (1976~) 著,华东师范大学出版社,2020-01-01,上海,300,I06,455797997994053,IB23G11,2025-04-16 17:18:23,,,0,False
201023793,小说课,9787020156894,外借,49.0,毕飞宇著,人民文学出版社,2020-01-01,北京,237,I106.4,455797997994053,IB23G11,2025-04-16 17:18:23,,,0,False
200690350,"The hobbit, or, There and back again",9780345339683,外借,0.0,"Tolkien, J. R. R. (John Ronald Reuel), 1892-1973; Anderson, Douglas A. 1959-",Del Rey Books,,,,823.912,584699858526277,IB24G10,2025-04-16 17:30:25,2025-06-06 12:51:25,50 days 19:21:00,1,True
200688924,Sex And The City,9780446617680,外借,35.0,Candace Bushnell,Grand Central Publishing,2006-08-01,美国,,813.6,584699851841605,IB24G10,2025-04-17 14:11:42,,,0,False
200686515,The 6:2 Man,9781529061963,外借,63.0,David Baldacci,Macmillan UK,2022-07-21,英国,,813.6,584699851841605,IB24G10,2025-04-17 14:11:51,,,0,False
201057612,王家卫的电影世界,9787301311431,外借,60.0,（马来）张建德著 ,北京大学出版社 ,2021-01-01,北京 ,278,J905.2,584699861340229,IB24G10,2025-04-17 16:04:22,2025-05-07 07:37:27,19 days 15:33:05,0,True
200891348,第三帝国,9787570210817,外借,39.0,（英）伯利著,长江文艺出版社,2020-01-01,武汉,446,K516.44,455798092681285,IB23G11,2025-04-17 17:45:07,,,1,False
201059166,叶卡捷琳娜大帝与波将金 ：全2册.1,9787522813684,外借,99.0,（英）西蒙.赛巴格.蒙蒂菲奥里著 ,社会科学文献出版社 ,2023-01-01,北京 ,121005,K835.120.9,455798092681285,IB23G11,2025-04-17 17:47:02,,,1,False
200978308,王氏之死 : 大历史背后的小人物命运,9787549506897,外借,56.0,"(美)史景迁 (Spence, Jonathan D. 1936~2021) 著",广西师范大学出版社,2011-01-01,桂林,17189,D691.9,455798092681285,IB23G11,2025-04-17 18:00:32,2025-05-23 07:28:04,35 days 13:27:32,0,True
200847744,战争中没有女性,9787521717808,外借,69.0,"(白俄)S. A. 阿列克谢耶维奇 (Алекс?ев?ч, СвятланаАляксандра?на 1948~) 著",中信出版社,2021-01-01,北京,421,I511.45,455798092681285,IB23G11,2025-04-17 18:01:01,,,0,False
200841063,长安的荔枝,9787572608582,外借,45.0,马伯庸著,湖南文艺出版社,2022-01-01,长沙,216,I247.5,584699859161157,IB24G10,2025-04-17 20:10:08,2025-05-12 07:26:25,24 days 11:16:17,0,True
200845979,逻辑的引擎,9787535794420,外借,49.0,(美)戴维斯著;张卜天译,湖南科学技术出版社,2018-01-01,长沙,291,TP302.2,584699863957573,IB24G10,2025-04-17 20:13:44,,,0,False
200835409,无用的神学,9787559850850,外借,88.0,夏可君著,广西师范大学出版社,2022-01-01,桂林,608,B1-03,455797991358533,IB23G11,2025-04-18 08:06:30,2025-04-18 08:29:41,0 days 00:23:11,0,True
200881705,不能承受的生命之轻,9787532766635,外借,88.0,昆德拉著,上海译文出版社,2014-01-01,上海,427,I565.45,455797991358533,IB23G11,2025-04-18 08:39:00,,,0,False
200975141,希望之线,9787544262705,外借,59.0,（日）东野圭吾著,南海出版公司,2021-01-01,海口,294,I313.45,455797989703749,IB23G11,2025-04-18 13:32:40,2025-04-23 11:51:29,4 days 22:18:49,0,True
200965982,社会心理学,9787115410047,外借,128.0,(美)迈尔斯著;侯玉波译,人民邮电出版社,2016-01-01,北京,707,C912.6,455798114885701,IB23G11,2025-04-18 14:26:14,2025-06-04 07:35:00,46 days 17:08:46,0,True
200878112,快乐的死,9787532168750,外借,39.0,"(法)阿尔贝·加缪 (Camus, Albert 1913~1960) 著",上海文艺出版社,2019-01-01,上海,149,I565.45,584699866955845,IB24G10,2025-04-18 14:43:37,2025-04-22 12:08:25,3 days 21:24:48,0,True
200687015,The Martian (MTI),9781101905555,外借,39.0,Andy Weir,Crown Publishers,2015-08-18,美国,,813.6,584699856592965,IB24G10,2025-04-18 14:53:43,2025-05-13 14:19:05,24 days 23:25:22,0,True
201028253,非道德的政治,9787305250965,外借,78.0,（以）沙尔夫斯坦著,南京大学出版社,2022-01-01,南京,14454,D095.4,584699856826437,IB24G10,2025-04-21 12:15:47,2025-04-30 14:41:34,9 days 02:25:47,0,True
201039189,正义诸领域：为多元主义与平等一辩 ,9787544793797,外借,98.0,(美) 沃尔泽著,译林出版社,2022-01-01,南京,401,D081,584699856826437,IB24G10,2025-04-21 12:16:03,2025-04-24 13:07:28,3 days 00:51:25,0,True
200919998,正义的语境,9787208177994,外借,98.0,（德）福斯特著,上海人民出版社,2023-01-01,上海,392,D081,584699856826437,IB24G10,2025-04-21 12:16:03,2025-04-24 13:07:28,3 days 00:51:25,0,True
201320089,Elon Musk: How the Billionaire CEO of SpaceX and ...,9780753555644,外借,75.0,"Vance, Ashlee",Ebury Publishing,2016-03-10,,416,338.7629,450611289337925,IB22G12,2025-04-21 13:40:13,2025-05-19 15:00:53,28 days 01:20:40,0,True
200882713,把自己作为方法 : 与项飙谈话,9787532176953,外借,48.0,项飚 (1972~) 著,上海文艺出版社,2020-01-01,上海,308,C958-53,450611287797829,IB22G12,2025-04-21 14:55:33,2025-05-19 12:57:03,27 days 22:01:30,0,True
201308003,"How to Make Small Talk: Conversation Starters, Exercises, and Scenarios",9781507204993,外借,43.0,Melissa Wadsworth,Adams Media,2017-10-10,美国,,177.2,450611287797829,IB22G12,2025-04-21 15:37:14,2025-05-19 12:57:03,27 days 21:19:49,0,True
200699137,Flipped,9781529013245,外借,45.0,Wendelin Van Draanen,Macmillan Education,2018-07-20,英国,,813.6,450611287797829,IB22G12,2025-04-21 15:37:19,2025-05-19 12:57:03,27 days 21:19:44,0,True
201323282,What You Can See From Here,9781526638540,外借,56.0,Nicole Krauss,Bloomsbury UK,2021-07-22,英国,,833.92,584699866955845,IB24G10,2025-04-22 12:16:29,2025-05-16 12:17:35,24 days 00:01:06,0,True
200961762,建筑鉴赏方法,9787805018195,外借,69.8,(意)普利纳著,北京美术摄影出版社,2016-01-01,北京,375,TU-861,584699853152325,IB24G10,2025-04-23 15:45:23,,,0,False
200974712,镜与灯 ,9787301323229,外借,98.0,"(美)M. H. 艾布拉姆斯 (Abrams, Meyer Howard 1912~2015) 著", 北京大学出版社,2021-01-01,北京 ,24435,I109.9,584699837497413,IB24G10,2025-04-23 16:26:08,,,1,False
201015007,“鸟人”应该知道的鸟问题,9787301312315,外借,64.0,"(美)劳拉·埃里克森 (Erickson, Laura) 著",北京大学出版社,2020-01-01,北京,372,Q959.7-49,584699884843077,IB24G10,2025-04-24 08:27:57,2025-04-27 11:39:34,3 days 03:11:37,0,True
200984569,英国鸟类史,9787214271426,外借,98.0,（英）亚尔登著,江苏人民出版社,2022-01-01,南京,398,Q959.7,584699884843077,IB24G10,2025-04-24 08:28:02,2025-05-08 11:16:35,14 days 02:48:33,0,True
201010280,丛中鸟：观鸟的社会史,9787301292761,外借,78.0,"(英)斯蒂芬·莫斯 (Moss, Stephen 1960~) 著", 北京大学出版社,2019-01-01,北京 ,467,Q959.7,584699884843077,IB24G10,2025-04-24 08:28:10,2025-05-19 11:34:23,25 days 03:06:13,0,True
200898430,鸟类的天赋 ,9787544774970,外借,78.0,"(美)珍妮弗·阿克曼 (Akerman, Jennifer) 著", 译林出版社,2019-01-01,南京 ,385,Q959.7-49,584699884843077,IB24G10,2025-04-24 08:28:16,2025-05-21 14:08:26,27 days 05:40:10,0,True
200854511,呼啸山庄,9787532751198,外借,38.0,(英)勃朗特著,上海译文出版社,2010-01-01,上海,406,I561.44,584699858526277,IB24G10,2025-04-24 11:01:44,2025-05-28 13:33:41,34 days 02:31:57,0,True
201055810,政治情感,9787300311555,外借,118.0,（美）努斯鲍姆著,中国人民大学出版社,2022-01-01,北京,18618,D0-02,584699856826437,IB24G10,2025-04-24 13:15:50,2025-05-30 14:04:37,36 days 00:48:47,0,True
200192656,IBDP中文A文学课程专题拓展论文及个人口头评论优秀范例点评,9789620441417,外借,128.0,"苏媛,李萍著",三联书店(香港)有限公司,2018-01-01,香港,249,IB-1-CH-1,455798098456645,IB23G11,2025-04-24 16:00:47,2025-05-27 11:04:45,32 days 19:03:58,0,True
200726900,疯癫与文明 : 理性时代的疯癫史,9787108065575,外借,49.0,"(法米歇尔·)福柯 (Foucault, Michel 1926~1984) 著", 生活·读书·新知三联书店,2019-01-01,北京 ,273,B565.59,450611312689221,IB22G12,2025-04-25 11:23:19,2025-05-26 14:22:25,31 days 02:59:06,0,True
200880831,脑研究的新大陆：一位德国工程师与一位中国科学家之间的对话,9787544490207,外借,68.0,顾凡及 著, 上海教育出版社有限公司,2019-01-01,上海 ,168147,Q983,455798035157061,IB23G11,2025-04-25 14:49:54,,,0,False
201013731,重症监护室的故事 ,9787544783545,外借,68.0,"(英)马特·摩根(Morgan, Matt) 著",译林出版社,2021-01-01,南京 ,12277,R459.7,455798035157061,IB23G11,2025-04-25 14:50:03,,,0,False
200871789,我将宇宙随身携带,9787559651709,外借,58.0,(葡)佩索阿著,北京联合出版公司,2021-01-01,北京,227,I552.25,584699841843269,IB24G10,2025-04-27 07:19:22,2025-04-30 12:37:19,3 days 05:17:57,0,True
200972475,人性能达到的境界,9787512694040,外借,58.0,(美)马斯洛著,团结出版社,2022-01-01,北京,10556,B84,584699866955845,IB24G10,2025-04-27 12:39:40,2025-05-30 14:34:57,33 days 01:55:17,0,True
201048400,现代汉语修辞学 ,9787309146752,外借,45.0,吴礼权 (1964~) 著, 复旦大学出版社有限公司,2020-01-01,上海 ,551,H15,450611279773765,IB22G12,2025-04-27 15:05:15,2025-05-12 17:13:05,15 days 02:07:50,0,True
200659135,Siddhartha,9780553208849,外借,25.0,"Hesse, Hermann",Bantam,,Toronto ; New York :,152,833.912,455798034522181,IB23G11,2025-04-27 17:22:20,,,0,False
201058611,长夜难明,9787572611971,外借,52.0,紫金陈 著,湖南文艺出版社 ,2023-01-01,长沙 ,299,I247.5,455798034522181,IB23G11,2025-04-27 17:22:27,,,0,False
201050593,雪山飞狐,9787546206196,外借,35.0,金庸 (1924~2018) 著, 广州出版社,2011-01-01,广州,357,I247.5,584699888091205,IB24G10,2025-04-27 17:48:41,,,1,False
200802417,天堂,9787532790890,外借,78.0,"(英)阿卜杜勒拉扎克·古尔纳 (Gurnah, Abdulrazak 1948~) 著",上海译文出版社,2022-01-01,上海,283,I561.45,584699888091205,IB24G10,2025-04-27 17:48:56,,,1,False
201044770,订书匠,9787541156472,外借,48.0,(英)柯林斯著,四川文艺出版社,2020-01-01,成都,362,I561.45,584699888091205,IB24G10,2025-04-27 17:49:08,2025-04-29 12:08:51,1 days 18:19:43,0,True
201054090,争夺非洲,9787513939072,外借,149.8,张宏伟著,民主与建设出版社有限责任公司,2022-01-01,北京,459,K4,584699836862533,IB24G10,2025-04-28 10:29:15,,,0,False
201045537,向您告知，明天我们一家就要被杀 : 卢旺达大屠杀纪事,9787305230677,外借,56.0,"(美)菲利普·古雷维奇 (Gourevitch, Philip) 著",南京大学出版社,2020-01-01,南京,340,K427,584699836862533,IB24G10,2025-04-28 10:29:22,,,0,False
201015178,自深深处,9787544752183,外借,48.0,(英)王尔德著;朱纯深译,译林出版社,2015-01-01,南京,362,I561.64,584699880865861,IB24G10,2025-04-28 15:52:57,,,0,False
200877408,蝇王,9787532788132,外借,78.0,(英)威廉·戈尔丁(Milliam Golding)著 龚志成译,上海译文出版社有限公司,2021-01-01,上海,234,I561.45,584699880865861,IB24G10,2025-04-28 15:52:57,2025-05-07 11:13:43,8 days 19:20:46,0,True
200816581,财富、贫穷与政治,9787572211874,外借,45.0,（美）索厄尔著,浙江教育出版社,2021-01-01,杭州,305,F0-49,584699858100293,IB24G10,2025-04-28 16:43:23,2025-06-04 17:08:07,37 days 00:24:44,0,True
200847986,中国现当代文学名篇十五讲,9787301216507,外借,59.0,陈思和 著,北京大学出版社,2013-01-01,北京,,I206.6,450611287797829,IB22G12,2025-04-28 16:53:07,2025-04-29 08:06:29,0 days 15:13:22,0,True
200929291,文学理论 ,9787213077272,外借,60.0,"(美)韦勒克 (Wellek, Rene 1903~1995) 著", 浙江人民出版社,2017-01-01,杭州 ,23343,I0,450611287797829,IB22G12,2025-04-28 16:53:17,2025-04-29 08:06:29,0 days 15:13:12,0,True
200942542,"思考,快与慢",9787508633558,外借,69.0,"(美)卡尼曼著,李爱民,何梦莹译",中信出版社,2016-01-01,北京,424,F069.9-49,584699858100293,IB24G10,2025-04-28 16:57:00,2025-06-04 17:08:00,37 days 00:11:00,0,True
200872564,永恒的边缘.Ⅱ,9787559403223,外借,56.0,(英)福莱特著,江苏凤凰文艺出版社,2017-01-01,南京,420,I561.45,584699871535173,IB24G10,2025-04-28 17:37:56,2025-06-06 14:54:58,38 days 21:17:02,0,True
200872573,永恒的边缘.Ⅲ,9787559403223,外借,56.0,(英)福莱特著,江苏凤凰文艺出版社,2017-01-01,南京,420,I561.45,584699871535173,IB24G10,2025-04-28 17:37:56,2025-06-06 14:54:58,38 days 21:17:02,0,True
201019183,山海变.1指间错,9787020169283,外借,58.0,八月槎,人民文学出版社,2022-01-01,北京,315,I247.5,584699884843077,IB24G10,2025-04-28 17:42:18,2025-04-30 11:41:34,1 days 17:59:16,0,True
201019192,山海变.2绾青丝,9787020169276,外借,58.0,八月槎,人民文学出版社,2022-01-01,北京,285,I247.5,584699884843077,IB24G10,2025-04-28 17:42:25,2025-05-06 07:10:42,7 days 13:28:17,0,True
200836836,桑苏西来客,9787513315111,外借,28.0,(英)克里斯蒂著,新星出版社,2018-01-01,,237,I561.45,584699837075525,IB24G10,2025-04-29 12:03:49,2025-06-05 11:25:29,36 days 23:21:40,0,True
200871495,绝叫,9787559641182,外借,58.0,(日)叶真中显著,北京联合出版公司,2020-01-01,北京,,I313.45,584699837075525,IB24G10,2025-04-29 12:04:33,2025-06-05 11:25:27,36 days 23:20:54,0,True
200699208,Anna Karenina,9780140449174,外借,65.0,Leo Tolstoy,Macmillan,2006-01-01,UK,,891.733,584699883278405,IB24G10,2025-04-30 09:11:19,2025-05-30 13:43:09,30 days 04:31:50,0,True
200882027,万尼亚舅舅·三姊妹·樱桃园,9787532766642,外借,56.0,契诃夫,上海译文出版社,2014-01-01,上海,288,I512.34,584699858100293,IB24G10,2025-04-30 11:42:01,2025-05-06 06:50:55,5 days 19:08:54,0,True
200862030,雾都孤儿,9787532751297,外借,40.0,(英)狄更斯著,上海译文出版社,2010-01-01,上海,462,I561.44,584699858100293,IB24G10,2025-04-30 11:42:07,2025-06-03 06:51:23,33 days 19:09:16,0,True
201019209,山海变.3星野乱,9787020169290,外借,58.0,八月槎,人民文学出版社,2022-01-01,北京,291,I247.5,584699884843077,IB24G10,2025-04-30 11:43:07,2025-05-06 07:10:49,5 days 19:27:42,0,True
201019218,山海变.4奔掠火,9787020166732,外借,58.0,八月槎,人民文学出版社,2022-01-01,北京,294,I247.5,584699884843077,IB24G10,2025-04-30 11:43:20,2025-05-06 11:16:09,5 days 23:32:49,0,True
200805986,豆腐,9787572608322,外借,128.0,朱赢椿著,湖南文艺出版社,2022-01-01,长沙,451295,TS214.2,584699853369413,IB24G10,2025-04-30 11:43:49,,,1,False
201321872,The Herb Book,9780241569504,外借,136.0,DK,DK Publishing,2023-04-06,英国,,635.7,584699853369413,IB24G10,2025-04-30 11:43:57,,,1,False
201053527,效率崇拜 ,9787305232848,外借,59.0,"(加)贾尼丝·格罗斯·斯坦 (Stein, Janice Gross 1943-) 著", 南京大学出版社,2020-01-01,南京 ,362,F069.9,584699858100293,IB24G10,2025-04-30 11:50:29,2025-06-04 17:08:01,35 days 05:17:32,0,True
200933035,助推快与慢：人类动因与行为经济学,9787300188317,外借,52.0,"(美)卡斯·R.桑斯坦 (Sunstein, Cass R.) 著", 中国人民大学出版社,2021-01-01,北京 ,10172,F069.9,584699858100293,IB24G10,2025-04-30 11:50:45,2025-06-04 17:08:07,35 days 05:17:22,0,True
201303320,Treasure Island,9781847494863,外借,32.0,"Stevenson, Robert Louis",Alma Books,2016-12-01,英国,,823.8,584699856592965,IB24G10,2025-04-30 12:10:18,2025-05-27 08:50:38,26 days 20:40:20,0,True
200919024,查拉图斯特拉如是说,9787208150188,外借,78.0,(德)尼采著,上海人民出版社,2018-01-01,上海,527,B516.47,584699878805573,IB24G10,2025-04-30 12:32:52,,,0,False
200857215,月亮和六便士,9787532749003,外借,48.0,(英)毛姆著　傅惟慈译,上海译文出版社,2009-01-01,上海,347,I561.45,450611286782021,IB22G12,2025-04-30 14:38:04,2025-05-21 16:09:21,21 days 01:31:17,0,True
201307709,Penguin Vitae: The Age of Innocence,9780143134817,外借,77.0,Edith Wharton,Penguin USA,2021-02-23,美国,,813.52,450611283214405,IB22G12,2025-05-02 12:06:56,2025-05-16 13:55:54,14 days 01:48:58,0,True
201019236,山海变.6水云乡,9787020166725,外借,58.0,八月槎,人民文学出版社,2022-01-01,北京,297,I247.5,584699884843077,IB24G10,2025-05-06 07:23:56,2025-05-12 10:50:31,6 days 03:26:35,0,True
201019227,山海变.5旧时雨,9787020166718,外借,58.0,八月槎,人民文学出版社,2022-01-01,北京,297,I247.5,584699884843077,IB24G10,2025-05-06 07:24:08,2025-05-08 11:16:38,2 days 03:52:30,0,True
200935505,"汪曾祺散文集, 人间知味 ",9787538756579,外借,38.0,汪曾祺 (1920~1997) 著, 时代文艺出版社,2018-01-01,长春 ,361,I267,455798034522181,IB23G11,2025-05-06 09:27:10,,,0,False
200936808,汪曾祺小说集. 鸡鸭名家 ,9787538756388,外借,38.0,汪曾祺 (1920~1997) 著, 时代文艺出版社,2018-01-01,长春 ,372,I247,455798034522181,IB23G11,2025-05-06 09:27:22,,,0,False
201049579,从你的全世界路过,9787540491949,外借,45.0,张嘉佳著,湖南文艺出版社,,,,I247.7,584699859161157,IB24G10,2025-05-06 11:36:30,2025-05-21 07:32:00,14 days 19:55:30,0,True
201053796,积极心理诗学,9787506888400,外借,88.0,罗辉著,中国书籍出版社,2021-01-01,北京,11524,I052,584699847979077,IB24G10,2025-05-06 12:12:34,2025-06-06 15:12:00,31 days 02:59:26,0,True
201018665,达·芬奇密码,9787020126132,外借,75.0,(美)布朗著,人民文学出版社,2017-01-01,北京,439,I712.45,450611287797829,IB22G12,2025-05-06 16:57:08,2025-05-08 17:12:24,2 days 00:15:16,0,True
200854496,乱世佳人 ·上,9787532751273,外借,44.5,(美)米切尔著,上海译文出版社,2010-01-01,上海,1105,I712.45,450611287797829,IB22G12,2025-05-06 16:57:16,2025-05-19 13:00:11,12 days 20:02:55,0,True
200965973,社会心理学,9787115410047,外借,128.0,(美)迈尔斯著;侯玉波译,人民邮电出版社,2016-01-01,北京,707,C912.6,584699861790789,IB24G10,2025-05-07 11:26:12,2025-05-07 11:27:28,0 days 00:01:16,0,True
200861353,乌合之众,9787301272084,外借,35.0,(法)勒庞著,北京大学出版社,2016-01-01,北京,258,C912.64,584699861790789,IB24G10,2025-05-07 11:26:12,2025-05-07 11:27:28,0 days 00:01:16,0,True
200965973,社会心理学,9787115410047,外借,128.0,(美)迈尔斯著;侯玉波译,人民邮电出版社,2016-01-01,北京,707,C912.6,584699861790789,IB24G10,2025-05-07 11:27:33,2025-05-09 08:50:50,1 days 21:23:17,0,True
200861353,乌合之众,9787301272084,外借,35.0,(法)勒庞著,北京大学出版社,2016-01-01,北京,258,C912.64,584699861790789,IB24G10,2025-05-07 11:27:33,2025-05-07 17:21:11,0 days 05:53:38,0,True
200934427,天才基本法：完结篇. 上,9787559437372,外借,39.0,长洱 著, 江苏凤凰文艺出版社,2019-01-01,南京 ,560,I247.5,584699875807301,IB24G10,2025-05-07 11:43:01,2025-06-06 14:41:30,30 days 02:58:29,0,True
200859776,鼠疫,9787532761753,外借,45.0,（法）加缪著,上海译文出版社,2013-01-01,上海,273,I565.45,584699877527621,IB24G10,2025-05-07 12:09:35,,,1,False
200911255,诺曼底登陆,9787208132252,外借,75.0,（美）西蒙兹著,上海人民出版社,2015-01-01,上海,270,E195.2,584699877527621,IB24G10,2025-05-07 12:17:52,2025-06-06 11:14:27,29 days 22:56:35,1,True
200861353,乌合之众,9787301272084,外借,35.0,(法)勒庞著,北京大学出版社,2016-01-01,北京,258,C912.64,584699880865861,IB24G10,2025-05-07 17:21:44,2025-06-13 14:49:48,36 days 21:28:04,0,True
200826286,伟大的海·上,9787509791127,外借,84.0,"(英)阿布拉菲亚 (Abulafia, David) 著", 社会科学文献出版社·甲骨文工作室,2018-01-01,北京 ,11956,K10,584699851386949,IB24G10,2025-05-08 10:19:54,2025-05-16 14:38:50,8 days 04:18:56,0,True
201000193,天使与魔鬼,9787020126897,外借,89.0,(美)布朗著,人民文学出版社,2017-01-01,北京,492,I712.45,450611287797829,IB22G12,2025-05-08 11:34:19,2025-05-12 14:57:52,4 days 03:23:33,0,True
200990703,人文地理学通识:全彩插图,9787564580070,外借,228.0,(英)鲁宾斯坦著　罗爽译,郑州大学出版社,2021-01-01,郑州,555,K901,584699847979077,IB24G10,2025-05-08 11:35:28,2025-06-06 15:09:31,29 days 03:34:03,0,True
201059013,普通化学原理,9787301225578,外借,76.0,华彤文,北京大学出版社 ,2013-01-01,北京 ,492,O6,584699847979077,IB24G10,2025-05-08 11:35:36,2025-05-19 13:44:39,11 days 02:09:03,0,True
200833107,哲学起步 ,9787100154710,外借,45.0,邓晓芒 (1948~) 著, 商务印书馆,2017-01-01,北京 ,383,B-49,584699859591237,IB24G10,2025-05-09 07:18:44,,,0,False
201050502,"四世同堂. 第一部, 惶惑 ",9787547311790,外借,29.5,老舍 (1899~1966) 著, 东方出版中心,2017-01-01,上海 ,366,I246.5,584699859591237,IB24G10,2025-05-09 07:24:02,2025-06-03 06:51:34,24 days 23:27:32,0,True
200965973,社会心理学,9787115410047,外借,128.0,(美)迈尔斯著;侯玉波译,人民邮电出版社,2016-01-01,北京,707,C912.6,584699880865861,IB24G10,2025-05-09 08:51:40,2025-06-13 14:49:24,35 days 05:57:44,0,True
200893685,战神的后裔 ,9787570209392,外借,26.0,郑文光 (1929~2003) 著, 长江文艺出版社,2019-01-01,武汉 ,230,I247.5,584699884843077,IB24G10,2025-05-12 07:23:59,2025-05-12 10:50:31,0 days 03:26:32,0,True
200817642,存在主义咖啡馆:自由、存在和杏子鸡尾酒,9787559610782,外借,88.0,(美)贝克韦尔,北京联合出版公司,2018-01-01,北京,563,B085,584699858526277,IB24G10,2025-05-12 13:24:47,2025-05-30 09:12:06,17 days 19:47:19,0,True
200983588,基因论,9787229168629,外借,48.0,（美）摩尔根著,重庆出版社,2022-01-01,重庆,295,Q343.1,584699884150853,IB24G10,2025-05-12 16:07:19,2025-06-06 14:17:03,24 days 22:09:44,0,True
200881279,病菌简史,9787572001727,外借,58.0,张文宏 主编,上海教育出版社,2020-01-01,上海,119,R37-49,584699884150853,IB24G10,2025-05-12 16:11:23,2025-06-06 14:16:52,24 days 22:05:29,0,True
201016747,生命简史,9787508686424,外借,68.0,(英)福提,中信出版社,2018-01-01,北京,349,Q10,584699884150853,IB24G10,2025-05-12 16:11:41,2025-06-06 14:16:43,24 days 22:05:02,0,True
200687355,Paper Towns,9780142414934,外借,148.0,John Green,Speak,2009-01-01,USA,,813.6,584699881758789,IB24G10,2025-05-12 17:27:38,,,0,False
200884169,三四郎,9787532773725,外借,59.0,（日）夏目漱石著,上海译文出版社,2017-01-01,上海,261,I313.45,455798083403845,IB23G11,2025-05-13 10:32:44,,,0,False
200696684,A Thousand Splendid Suns,9781594483073,外借,35.0,Khaled Hosseini,Penguin USA,2008-05-06,美国,,813.6,584699856592965,IB24G10,2025-05-13 14:19:41,2025-05-13 14:20:57,0 days 00:01:16,0,True
200358246,The remains of the day,9780571322732,外借,49.0,"Ishiguro, Kazuo",Faber and Faber,,London,258,823.914,584699856592965,IB24G10,2025-05-13 14:22:18,2025-06-06 14:33:23,24 days 00:11:05,0,True
200054412,Sense & Sensibility,9780062015631,外借,44.95,Jane Austen,HarperTeen,2011-01-01,New York,44116,823.7,584699856592965,IB24G10,2025-05-13 14:22:29,2025-05-13 14:53:12,0 days 00:30:43,0,True
200054458,Persuasion,9780062065988,外借,44.95,Jane Austen,HarperTeen,2011-01-01,New York,29518,823.7,584699856592965,IB24G10,2025-05-13 14:22:40,2025-06-06 14:33:20,24 days 00:10:40,0,True
200872350,达摩流浪者,9787571001933,外借,52.0,(美)凯鲁亚克著,湖南科学技术出版社,2021-01-01,长沙,315,I712.45,450611287797829,IB22G12,2025-05-13 15:06:48,2025-05-19 12:57:03,5 days 21:50:15,0,True
200866606,刀锋,9787210095002,外借,36.0,(英)毛姆著,江西人民出版社,2017-01-01,,337,I561.45,450611286782021,IB22G12,2025-05-13 16:31:55,2025-05-21 16:09:18,7 days 23:37:23,0,True
Z0068838,國際文憑大學預科項目中文A語言與文學課程學習指導——评估卷(简体版),9789620433641,外借,141.3,禹慧灵编著,三联书店(香港)有限公司,2013-01-01,香港,461,IB-1-CH-1,455797975019589,IB23G11,2025-05-14 14:30:17,,,0,False
Z0068840,國際文憑大學預科項目中文A語言與文學課程學習指導——语言卷(简体版),9789620433641,外借,141.3,禹慧灵编著,三联书店(香港)有限公司,2013-01-01,香港,132,IB-1-CH-1,455797975019589,IB23G11,2025-05-14 14:30:23,,,0,False
200937353,琅琊榜之风起长林 上,9787533933906,外借,43.0,海宴著,浙江文艺出版社,2018-01-01,杭州,362,I247.5,584699884843077,IB24G10,2025-05-15 07:19:35,2025-05-21 17:37:49,6 days 10:18:14,0,True
200812308,战国策.上册,9787101085686,外借,38.0,"缪文远,著",中华书局,2012-01-01,北京,,K231.04,584699844268101,IB24G10,2025-05-15 09:31:54,,,0,False
200993951,落叶,9787229143022,外借,49.8,（美）杜兰特著,重庆出版社,2020-01-01,重庆,265,B-49,584699859591237,IB24G10,2025-05-15 10:15:01,2025-05-22 09:37:37,6 days 23:22:36,0,True
201057319,基督教史：最初的三千年,9787518814466,外借,218.0,(英)迪尔梅德·麦卡洛克 ,宗教文化出版社 ,2024-01-01,北京 ,1137,B979,584699880865861,IB24G10,2025-05-15 15:22:52,2025-06-13 14:49:19,28 days 23:26:27,0,True
200822627,与神作战,9787520156134,外借,65.0,(英)惠特马什著,社会科学文献出版社·甲骨文工作室(分社),2020-01-01,北京,355,B91,584699880865861,IB24G10,2025-05-15 15:22:52,2025-05-16 08:48:30,0 days 17:25:38,0,True
200999278,现代性的神学起源,9787535799715,外借,98.0,（美）吉莱斯皮著,湖南科学技术出版社,2019-01-01,长沙,418,B972,584699880865861,IB24G10,2025-05-15 15:22:52,2025-05-16 08:48:30,0 days 17:25:38,0,True
201041648,神话的心理学,9787108072788,外借,39.0,(日)河合隼雄著,生活·读书·新知三联书店,2022-01-01,北京,139,B932.1,584699880865861,IB24G10,2025-05-15 15:22:52,2025-05-15 16:29:25,0 days 01:06:33,0,True
201042479,存在与时间,9787108050960,外借,62.0,(德)海德格尔著;陈嘉映译,三联书店,2017-01-01,北京,518,B086,584699859591237,IB24G10,2025-05-15 16:55:19,2025-06-03 06:51:23,18 days 13:56:04,0,True
201048838,行为心理学,9787516833452,外借,49.0,（美）华生著,台海出版社,2022-01-01,北京,223,B84-063,584699880865861,IB24G10,2025-05-16 10:14:20,2025-06-13 14:49:34,28 days 04:35:14,0,True
200867428,宗教社会学 宗教与世界 ,9787542670540,外借,80.0,"(德)马克斯·韦伯 (Weber, Max 1864~1920) 著",上海三联书店,2021-01-01,上海,10520,B920,584699880865861,IB24G10,2025-05-16 10:14:20,2025-06-13 14:49:52,28 days 04:35:32,0,True
200835285,世间的每一个清晨,9787559819628,外借,22.5,（法）基尼亚尔著,广西师范大学出版社,2019-01-01,桂林,107,I565.45,584699858526277,IB24G10,2025-05-16 12:25:20,2025-06-06 12:51:25,21 days 00:26:05,0,True
201066452,走近艺术史,9787513564847,外借,20.0,（英）阿诺德著 ,外语教学与研究出版社 ,2015-01-01,北京 ,16175,J110.9,455798075973701,IB23G11,2025-05-16 14:20:08,,,0,False
201066443,建筑与文化,9787513565202,外借,20.0,（英）巴兰坦 著,外语教学与研究出版社 ,2015-01-01,北京 ,193,TU-861,455798075973701,IB23G11,2025-05-16 14:20:21,,,0,False
201324673,Orlando,9780241371961,外借,55.0,"Woolf, Virginia",Penguin Books Ltd,2019-03-07,,336,823.912,455798075973701,IB23G11,2025-05-16 14:20:46,,,0,False
201058201,镜头的语法 :插图修订第2版,9787550297791,外借,45.0,（英）罗伊·汤普森著 ,北京联合出版公司 ,2017-01-01,北京 ,189,J931,455798075973701,IB23G11,2025-05-16 14:20:53,,,0,False
201057989,剪辑的语法 :插图修订第2版,9787550297746,外借,45.0,（英）罗伊·汤普森著 ,北京联合出版公司 ,2017-01-01,北京 ,10193,J932,455798075973701,IB23G11,2025-05-16 14:21:00,,,0,False
200928318,如何写影评（插图修订第8版）,9787559614452,外借,45.0,"(美)蒂莫西·J. 科里根 (Corrigan, Timothy J.) 著", 北京联合出版公司,2018-01-01,北京 ,17195,J905,455798075973701,IB23G11,2025-05-16 14:21:11,,,0,False
201325422,The woman in white,9780141389431,外借,35.0,"Collins, Wilkie, 1824-1889; Sutherland, John, 1938-; Sweet, Matthew; Sucksmith, Harvey Peter",Penguin UK,2012-01-01,UK,718,823.8,455798075973701,IB23G11,2025-05-16 14:21:54,,,0,False
200882526,基督山伯爵:全2册-上册,9787532778140,外借,44.5,(法)大仲马著,上海译文出版社,2018-01-01,上海,693,I565.44,584699872239685,IB24G10,2025-05-19 11:46:28,2025-06-13 14:38:30,25 days 02:52:02,1,True
201059013,普通化学原理,9787301225578,外借,76.0,华彤文,北京大学出版社 ,2013-01-01,北京 ,492,O6,584699854442565,IB24G10,2025-05-19 13:51:28,,,0,False
201301812,Folger Shakespeare Library：The Merchant of Venice,9780743477567,外借,27.0,William Shakespeare,Square Peg,2004-01-01,美国,,822.33,455798100992069,IB23G11,2025-05-20 08:06:05,,,1,False
201500884,Chemistry for the IB Diploma Coursebook with Digital Access (2 Years) [With Access Code],9781009052658,外借,398.0,"Owen, Steve",Cambridge University Press,2023-09-07,,704,IB-4-CH-3,584699853586501,IB24G10,2025-05-20 11:17:37,2025-06-03 07:33:10,13 days 20:15:33,0,True
201066425,论灵魂,9787100019163,外借,29.0,（阿拉伯）伊本.西那著,商务印书馆 ,1963-01-01,北京 ,32287,B371,455798073786437,IB23G11,2025-05-20 12:10:18,,,0,False
200922001,凯恩斯以后,9787100113786,外借,24.0,（英）罗宾逊著,商务印书馆,2015-01-01,北京,230,F0-53,584699888091205,IB24G10,2025-05-21 17:45:21,,,1,False
200973544,现实的社会建构 ,9787301302071,外借,38.0,(美)伯格著,北京大学出版社,2019-01-01,北京,284,C912.67,584699859591237,IB24G10,2025-05-22 10:40:39,2025-06-03 06:51:32,11 days 20:10:53,0,True
200925767,是我把你蠢哭了吗 ,9787533487379,外借,42.0,(英)博内特著,福建教育出版社,2020-01-01,福州,302,R338.2-49,584699859591237,IB24G10,2025-05-22 10:53:59,,,0,False
200941142,运气的秘密,9787559620170,外借,49.0,(美)史密斯著;洪慧敏译,北京联合出版公司,2018-01-01,北京,246,O211,584699859591237,IB24G10,2025-05-22 10:54:05,,,0,False
200945558,克里斯特汀,9787540482961,外借,49.8,(美)金著,湖南文艺出版社,2017-01-01,长沙,515,I712.45,584699888091205,IB24G10,2025-05-22 17:39:59,,,1,False
200993951,落叶,9787229143022,外借,49.8,（美）杜兰特著,重庆出版社,2020-01-01,重庆,265,B-49,584699888091205,IB24G10,2025-05-22 17:41:22,,,1,False
200870511,纯真告别,9787559617712,外借,49.8,苏珊著;马爱农等译,北京联合出版公司,2018-01-01,北京,355,I712.45,584699888091205,IB24G10,2025-05-22 17:42:44,,,1,False
200846576,穆斯林的葬礼,9787530222362,外借,68.0,霍达著,北京十月文艺出版社,2022-01-01,北京,620,I247.5,584699888091205,IB24G10,2025-05-22 17:47:47,,,1,False
200860149,克林格梭尔的最后夏天,9787532780822,外借,98.0,（德）黑塞著,上海译文出版社,2019-01-01,上海,233,I516.15,584699888091205,IB24G10,2025-05-22 17:48:00,,,1,False
200926169,量子经济学,9787504699268,外借,79.0,（加）欧瑞尔著,中国科学技术出版社,2023-01-01,北京,406,F0,584699888091205,IB24G10,2025-05-22 17:48:08,,,1,False
201313355,The Notebooks of Malte Laurids Brigge,9780141182216,外借,41.0,Rainer Maria Rilke,penguin uk,2004-07-29,英国,,833.91,455797971673157,IB23G11,2025-05-23 10:45:44,,,0,False
201310571,The Hitchhikers Guide to the Galaxy,9781529034523,外借,51.0,Douglas Adams,Macmillan UK,2020-03-05,英国,,823.914,455797971673157,IB23G11,2025-05-23 10:45:44,2025-06-10 12:12:52,18 days 01:27:08,0,True
200698076,"Book of Laughter and Forgetting, The",9780571174379,外借,51.0,Milan Kundera,Faber and Faber,1996-05-20,英国,,891.86,455797971673157,IB23G11,2025-05-23 10:45:44,2025-06-10 12:12:52,18 days 01:27:08,0,True
201325636,Northanger Abbey,9780099589297,外借,43.0,"Austen, Jane, 1775-1817; Butler, Marilyn",Random House,2014-01-01,London,286,823.7,455797971673157,IB23G11,2025-05-23 10:46:06,,,0,False
201323451,The time keeper,9780751541182,外借,75.0,"Albom, Mitch 1958-",Sphere,2013-01-01,UK,238,813.6,455797971673157,IB23G11,2025-05-23 10:46:28,,,0,False
201302054,Dubliners,9781847496317,外借,32.0,James Joyce,ALMA BOOKS,2017-06-22,英国,,823.91,455797971673157,IB23G11,2025-05-23 10:46:47,2025-06-10 12:44:29,18 days 01:57:42,0,True
201325299,Notes from Underground and the Double,9780140455120,外借,41.0,Fyodor Dostoyevsky,Penguin UK,2016-01-08,英国,,891.73,455797971673157,IB23G11,2025-05-23 10:47:01,,,0,False
200915028,商业广告设计,9787302605935,外借,69.8,祝彬著,清华大学出版社,2022-01-01,北京,212,J524.3,584699888091205,IB24G10,2025-05-26 15:24:31,,,0,False
200692642,Percy Jackson and the Lightning Thief (Percy Jackson & the O,9780141329994,外借,28.0,Rick Riordan,Penguin UK,2016-11-09,英国,,813.6,584699861119045,IB24G10,2025-05-26 17:34:17,,,0,False
200988976,精神分析的技术与实践,9787111661665,外借,120.0,（美）格林森著,机械工业出版社,2020-01-01,北京,369,B84-065,645529210191941,IB24G10,2025-05-28 11:22:59,,,0,False
200872868,精神现象学,9787010125916,外借,98.0,(德)黑格尔著,人民出版社,2016-01-01,北京,515,B089,645529210191941,IB24G10,2025-05-28 11:23:11,,,0,False
200847708,人类学是什么,9787301272961,外借,48.0,王铭铭(著,北京 北京大学出版社 2016,2016-01-01,北京,256,Q98-49,584699874938949,IB24G10,2025-05-28 11:43:58,,,0,False
200947814,成为人类学家,9787576005127,外借,49.0,黄剑波主编　龚浩群主编　李伟华主编,华东师范大学出版社,2020-01-01,上海,359,Q98-53,584699874938949,IB24G10,2025-05-28 11:44:06,,,0,False
200426413,"被讨厌的勇气:""自我启发之父""阿德勒的哲学课",9787111495482,外借,55.0,(日)岸见一郎著,机械工业出版社,2017-01-01,北京,194,B821-49,584699874938949,IB24G10,2025-05-28 11:44:48,,,0,False
201009167,生活世界地理学,9787303271146,外借,88.0,西蒙著,北京师范大学出版社,2022-01-01,北京,275,K901,645529210191941,IB24G10,2025-05-28 12:49:01,,,0,False
200987352,文明与气候,9787100183352,外借,65.0,（美）亨廷顿著,商务印书馆,2020-01-01,北京,279,K901.6,645529210191941,IB24G10,2025-05-28 12:49:10,,,0,False
201065943,弗吉尼亚·伍尔夫传,9787532186198,外借,88.0,（英）林德尔.戈登著 ,上海文艺出版社 ,2024-01-01,上海 ,531,K835.615.6,584699837497413,IB24G10,2025-05-28 15:54:33,,,1,False
201305168,"NEW Cambridge IGCSE First Language English Teacher's Resource, 5e",9781108438940,外借,385.0,Marian Cox,Cambridge,2018-01-01,UK,,AL-2-E-1,584699853586501,IB24G10,2025-05-29 11:05:08,,,0,False
201314933,Environmental Systems and Societies,9781447990420,外借,326.0,"Andrew Davis,Garrett Nagle",Pearson,2015-01-01,London,492,IB-4-SC-1,584699853586501,IB24G10,2025-05-29 11:05:25,,,0,False
201321729,Botero,9783836548823,外借,110.0,"Hanstein, Mariana",Taschen,2017-10-31,,96,700,455797921996869,IB23G11,2025-05-29 14:27:43,2025-06-04 16:15:22,6 days 01:47:39,0,True
201321676,Rockwell,9783836532044,外借,110.0,"Marling, Karal Ann",Taschen,2017-06-20,,96,700,455797921996869,IB23G11,2025-05-29 14:27:50,2025-06-04 16:15:22,6 days 01:47:32,0,True
200847450,倾城之恋,9787530218624,外借,49.5,张爱玲著,北京十月文艺出版社,2019-01-01,北京,328,I246.7,584699858526277,IB24G10,2025-05-29 17:22:31,2025-06-05 17:28:48,7 days 00:06:17,0,True
201301643,The Black Swan,9780812973815,外借,76.0,Nassim Nicholas Taleb,Random House US,2010-05-11,美国,,3.54,584699837497413,IB24G10,2025-05-30 11:36:30,,,1,False
201313621,Kim,9780141442372,外借,38.0,Rudyard Kipling,Penguin UK,2000-06-29,英国,,823.8,584699837497413,IB24G10,2025-05-30 11:43:26,,,1,False
201036253,不平等社会：从石器时代到21世纪，人类如何应对不平等,9787521704495,外借,98.0,"(美)沃尔特·沙伊德尔 (Scheidel, Walter) 著", 中信出版集团股份有限公司,2019-01-01,北京 ,21501,F036,584699835981893,IB24G10,2025-05-30 11:52:12,,,0,False
200841900,广东,9787520420105,外借,79.0,澳大利亚Lonely Planet公司著,中国地图出版社,2020-01-01,北京,357,K928.965,455798083403845,IB23G11,2025-06-03 09:18:56,,,0,False
200898485,站城一体开发.II：TOD46的魅力,9787559111760,外借,120.0,日建设计站城一体开发研究会,辽宁科学技术出版社,2019-01-01,沈阳,207,TU984.313,455798083403845,IB23G11,2025-06-03 09:18:56,,,0,False
200827702,现代日本 ,9787544742382,外借,39.0,"英 戈托-琼斯 Goto-Janes, C.(著)",南京 译林出版社 2014,2014-01-01,南京,147,K931.3,455798083403845,IB23G11,2025-06-03 09:18:56,,,0,False
200965982,社会心理学,9787115410047,外借,128.0,(美)迈尔斯著;侯玉波译,人民邮电出版社,2016-01-01,北京,707,C912.6,455798114885701,IB23G11,2025-06-04 07:35:24,,,0,False
200920290,历史哲学,9787545821826,外借,128.0,(德)黑格尔著,上海书店出版社,2022-01-01,上海,17514,K01,584699890253893,IB24G10,2025-06-04 12:16:35,,,0,False
200933035,助推快与慢：人类动因与行为经济学,9787300188317,外借,52.0,"(美)卡斯·R.桑斯坦 (Sunstein, Cass R.) 著", 中国人民大学出版社,2021-01-01,北京 ,10172,F069.9,584699858100293,IB24G10,2025-06-04 17:09:26,,,0,False
201053527,效率崇拜 ,9787305232848,外借,59.0,"(加)贾尼丝·格罗斯·斯坦 (Stein, Janice Gross 1943-) 著", 南京大学出版社,2020-01-01,南京 ,362,F069.9,584699858100293,IB24G10,2025-06-04 17:09:37,,,0,False
200816581,财富、贫穷与政治,9787572211874,外借,45.0,（美）索厄尔著,浙江教育出版社,2021-01-01,杭州,305,F0-49,584699858100293,IB24G10,2025-06-04 17:10:10,,,0,False
200861380,与社会学同游 ,9787301247099,外借,33.0,(美)伯格著, 北京大学出版社,2014-01-01,北京 ,27241,C91,455798114885701,IB23G11,2025-06-05 07:26:35,,,0,False
200974721,转角遇见社会学,9787301322116,外借,69.0,（加）约翰斯顿著,北京大学出版社,2021-01-01,北京,12412,C91,455798114885701,IB23G11,2025-06-05 07:26:40,,,0,False
201050076,社会的麦当劳化,9787300312590,外借,59.0,（美）里茨尔著,中国人民大学出版社,2023-01-01,北京,370,C91,455798114885701,IB23G11,2025-06-05 07:26:45,,,0,False
200895905,这就是社会学,9787545477283,外借,52.0,(日)堀内进之介,广东经济出版社,2021-01-01,广州,269,C91,455798114885701,IB23G11,2025-06-05 07:26:49,,,0,False
200975070,如何做一个领导者,9787547320198,外借,55.0,（古罗马）普鲁塔克著,东方出版中心,2022-01-01,上海,11143,C933,455798114885701,IB23G11,2025-06-05 07:28:56,,,0,False
200889351,她之所以为她,9787521749571,外借,69.0,(法)加西亚,中信出版集团股份有限公司,2023-01-01,北京,11228,C913.68,455798114885701,IB23G11,2025-06-05 07:29:05,,,0,False
200880458,低欲望社会,9787532779529,外借,58.0,（日）大前研一著,上海译文出版社有限公司,2018-01-01,上海,237,C924.313,455798114885701,IB23G11,2025-06-05 07:29:10,,,0,False
200869177,直到时间的尽头,9787573008459,外借,79.0,（美）格林著,海南出版社,2023-01-01,海口,513,O4,455798114885701,IB23G11,2025-06-05 07:30:09,,,0,False
201318537,The complete Persepolis,9780375714832,外借,113.0,"Satrapi, Marjane, 1969-",,,USA,,741.59,584699881758789,IB24G10,2025-06-06 10:18:08,,,0,False
200693776,The Sound and the Fury,9780099475019,外借,28.0,William Faulkner,Random House UK,2009-05-07,英国,,813.52,455797971673157,IB23G11,2025-06-10 12:13:00,,,0,False
200876016,"怪诞行为学. 2, 非理性的积极力量",9787508681436,外借,45.0,"(美)丹·艾瑞里 (Ariely, Dan) 著",中信出版集团股份有限公司,2017-01-01,北京,18250,F069.9,455798051688517,IB23G11,2025-06-11 18:05:11,,,1,False
200871814,自我的探寻,9787559664518,外借,49.0,戴军著,北京联合出版公司,2022-01-01,北京,208,B84-065,455798051688517,IB23G11,2025-06-12 20:33:14,,,1,False
200882526,基督山伯爵:全2册-上册,9787532778140,外借,44.5,(法)大仲马著,上海译文出版社,2018-01-01,上海,693,I565.44,584699872239685,IB24G10,2025-06-13 14:39:17,2025-06-13 14:39:43,0 days 00:00:26,1,True
