month,title,isbn_raw,isbn_norm,borrow_count,borrow_records,douban_average,douban_votes,douban_url,douban_title,douban_source,first_borrow,last_borrow
2024-09,粒子物理论,9787111543428,9787111543428,4,4,8.5,54.0,,,search,2024-09-12 17:33:51,2024-09-30 12:02:56
2024-09,文学理论入门,9787544729666,9787544729666,3,3,8.6,3787.0,,,search,2024-09-09 11:08:39,2024-09-13 11:14:06
2024-09,Babel-17/Empire Star,9780575094208,9780575094208,2,2,,,,,,2024-09-14 12:28:01,2024-09-19 16:35:50
2024-09,Economics for the IB diploma. Coursebook,9781108847063,9781108847063,2,2,,,,,,2024-09-03 16:40:51,2024-09-03 16:46:21
2024-09,微积分和数学分析引论. 第一卷. 第二分册,9787030084699,9787030084699,2,2,9.4,291.0,,,search,2024-09-04 15:48:04,2024-09-05 16:35:10
2024-09,鲜活的语言,9787030704214,9787030704214,2,2,,,,,,2024-09-24 15:29:21,2024-09-24 15:29:43
2024-09,浮士德,9787100203715,9787100203715,2,2,9.3,192.0,,,search,2024-09-03 09:11:05,2024-09-03 09:11:05
2024-09,普林斯顿微积分读本,9787115435590,9787115435590,2,2,9.6,1619.0,,,search,2024-09-04 15:48:05,2024-09-10 16:44:10
2024-09,改变心理学的4项研究 ,9787115527073,9787115527073,2,2,8.8,260.0,,,search,2024-09-04 13:47:49,2024-09-25 08:21:16
2024-09,红与黑,9787201108186,9787201108186,2,2,8.6,11920.0,,,search,2024-09-05 11:25:41,2024-09-06 11:49:50
2024-09,"技术的本质:技术是什么,他是如何进化的",9787213087912,9787213087912,2,2,7.8,658.0,,,search,2024-09-25 08:58:27,2024-09-25 09:06:43
2024-09,乡土中国,9787301174821,9787301174821,2,2,9.1,16917.0,,,search,2024-09-04 11:44:00,2024-09-13 17:36:05
2024-09,艺术史导论 ,9787301321898,9787301321898,2,2,,,,,,2024-09-11 12:36:55,2024-09-24 14:41:44
2024-09,数学简史,9787508679464,9787508679464,2,2,6.9,352.0,,,search,2024-09-11 12:18:37,2024-09-24 13:11:27
2024-09,国富论,9787519015084,9787519015084,2,2,6.8,74.0,,,search,2024-09-11 12:06:23,2024-09-13 16:59:39
2024-09,原野,9787530217306,9787530217306,2,2,8.5,1616.0,,,search,2024-09-12 12:43:34,2024-09-19 16:55:04
2024-09,银河系搭车客指南.1,9787532764655,9787532764655,2,2,,,,,,2024-09-03 12:35:41,2024-09-13 11:51:23
2024-09,科学的历程,9787535798374,9787535798374,2,2,8.4,692.0,,,search,2024-09-24 15:55:00,2024-09-24 17:14:37
2024-09,错乱,9787536096806,9787536096806,2,2,,,,,,2024-09-05 10:13:32,2024-09-25 17:21:41
2024-09,巨人的陨落I,9787539989891,9787539989891,2,2,8.9,89121.0,,,search,2024-09-04 12:16:50,2024-09-06 11:45:03
2024-09,云边有个小卖部,9787540487645,9787540487645,2,2,7.3,98717.0,,,search,2024-09-04 16:26:37,2024-09-06 11:20:47
2024-09,秘密,9787544258210,9787544258210,2,2,8.0,34926.0,,,search,2024-09-05 11:40:20,2024-09-14 12:02:13
2024-09,解忧杂货店,9787544298995,9787544298995,2,2,,,,,,2024-09-02 17:39:14,2024-09-30 08:35:44
2024-09,数学 ,9787544745239,9787544745239,2,2,8.8,1948.0,,,search,2024-09-24 16:44:42,2024-09-24 17:07:31
2024-09,古今数学思想·第一册,9787547817179,9787547817179,2,2,9.2,351.0,,,search,2024-09-24 15:52:02,2024-09-24 17:17:01
2024-09,数理化通俗演义 上,9787559610942,9787559610942,2,2,8.3,64.0,,,search,2024-09-25 08:09:26,2024-09-25 08:09:31
2024-09,数理化通俗演义 下,9787559610942,9787559610942,2,2,8.3,64.0,,,search,2024-09-25 08:09:37,2024-09-25 08:09:45
2024-09,从夸克到宇宙 ,9787559656599,9787559656599,2,2,8.4,39.0,,,search,2024-09-20 15:52:06,2024-09-30 12:02:56
2024-09,心理学之书,9787562494669,9787562494669,2,2,7.0,129.0,,,search,2024-09-25 08:54:38,2024-09-25 08:59:19
2024-09,生物学之书,9787568900478,9787568900478,2,2,8.3,168.0,,,search,2024-09-04 17:31:14,2024-09-30 12:15:50
2024-09,这才是最好读的数学史 ,9787569929713,9787569929713,2,2,,,,,,2024-09-11 12:18:29,2024-09-24 13:10:20
2024-09,Macbeth,9780007350988,9780007350988,1,1,9.1,49.0,,,search,2024-09-19 16:53:57,2024-09-19 16:53:57
2024-09,Vanity fair,9780008324209,9780008324209,1,1,8.5,1628.0,,,search,2024-09-11 12:42:46,2024-09-11 12:42:46
2024-09,Freakonomics,9780061956270,9780061956270,1,1,7.8,40.0,,,search,2024-09-04 16:55:29,2024-09-04 16:55:29
2024-09,Physics-Giancoli,9780130606204,9780130606204,1,1,,,,,,2024-09-09 16:26:07,2024-09-09 16:26:07
2024-09,The three Theban plays,9780140444254,9780140444254,1,1,9.2,167.0,,,search,2024-09-27 16:26:37,2024-09-27 16:26:37
2024-09,"Thinking, fast and slow",9780141033570,9780141033570,1,1,9.1,497.0,,,search,2024-09-05 11:01:37,2024-09-05 11:01:37
2024-09,Outliers : the story of success,9780141036250,9780141036250,1,1,8.3,3430.0,,,search,2024-09-06 12:41:53,2024-09-06 12:41:53
2024-09,To the Lighthouse (PMC) Virginia Woolf,9780141183411,9780141183411,1,1,9.3,209.0,,,search,2024-09-06 13:27:54,2024-09-06 13:27:54
2024-09,The Call of the Wild,9780141321059,9780141321059,1,1,8.8,15663.0,,,search,2024-09-05 11:45:24,2024-09-05 11:45:24
2024-09,The Great Adventures of Sherlock Holmes,9780141332499,9780141332499,1,1,,,,,,2024-09-04 15:56:11,2024-09-04 15:56:11
2024-09,Jane Austen,9780141397078,9780141397078,1,1,7.6,32.0,,,search,2024-09-20 12:41:50,2024-09-20 12:41:50
2024-09,The Meritocracy Trap,9780141984742,9780141984742,1,1,7.9,247.0,,,search,2024-09-06 12:41:48,2024-09-06 12:41:48
2024-09,A portrait of the artist as a young man,9780143108245,9780143108245,1,1,8.7,1686.0,,,search,2024-09-26 08:23:41,2024-09-26 08:23:41
2024-09,Biology for the IB Diploma,9780198393511,9780198393511,1,1,,,,,,2024-09-02 12:17:30,2024-09-02 12:17:30
2024-09,Comparative Literature: A Very Short Introduction,9780198807278,9780198807278,1,1,8.1,31.0,,,search,2024-09-20 10:12:37,2024-09-20 10:12:37
2024-09,Game theory : a very short introduction,9780199218462,9780199218462,1,1,7.8,46.0,,,search,2024-09-12 17:40:42,2024-09-12 17:40:42
2024-09,The School of Life: How to Spend Time Alone,9780230768086,9780230768086,1,1,7.3,1201.0,,,search,2024-09-05 12:29:59,2024-09-05 12:29:59
2024-09,The literature book,9780241015469,9780241015469,1,1,9.4,47.0,,,search,2024-09-09 11:56:09,2024-09-09 11:56:09
2024-09,The Bible book,9780241301906,9780241301906,1,1,,,,,,2024-09-04 16:37:34,2024-09-04 16:37:34
2024-09,How the Brain Works: The Facts Visually Explained,9780241403372,9780241403372,1,1,,,,,,2024-09-04 16:37:42,2024-09-04 16:37:42
2024-09,The Adventure of the Blue Carbuncle,9780241597002,9780241597002,1,1,,,,,,2024-09-06 12:43:28,2024-09-06 12:43:28
2024-09,The hobbit,9780261102217,9780261102217,1,1,8.9,623.0,,,search,2024-09-05 11:43:24,2024-09-05 11:43:24
2024-09,"Mythology: Timeless Tales of Gods and Heroes, 75th Anniversary Illustrated Edition",9780316438520,9780316438520,1,1,9.3,29.0,,,search,2024-09-25 17:55:07,2024-09-25 17:55:07
2024-09,Dune,9780340960196,9780340960196,1,1,8.2,749.0,,,search,2024-09-24 12:06:17,2024-09-24 12:06:17
2024-09,My Name Is Red,9780375706851,9780375706851,1,1,8.6,232.0,,,search,2024-09-14 07:27:31,2024-09-14 07:27:31
2024-09,The complete Persepolis,9780375714832,9780375714832,1,1,9.4,229.0,,,search,2024-09-13 16:36:17,2024-09-13 16:36:17
2024-09,"Tuesdays with Morrie : an old man, a young man, and life's greatest lesson",9780385496490,9780385496490,1,1,8.6,4861.0,,,search,2024-09-10 12:13:40,2024-09-10 12:13:40
2024-09,Sex And The City,9780446617680,9780446617680,1,1,7.5,552.0,,,search,2024-09-13 17:17:26,2024-09-13 17:17:26
2024-09,Signet Classics: Jane Eyre,9780451530912,9780451530912,1,1,8.7,41.0,,,search,2024-09-11 17:42:11,2024-09-11 17:42:11
2024-09,Famous Last Words,9780545835626,9780545835626,1,1,6.9,1746.0,,,search,2024-09-23 15:23:12,2024-09-23 15:23:12
2024-09,The Cider House Rules,9780552992046,9780552992046,1,1,8.5,4458.0,,,search,2024-09-19 12:27:13,2024-09-19 12:27:13
2024-09,The Highly Sensitive Person,9780553062182,9780553062182,1,1,8.6,167.0,,,search,2024-09-05 12:31:34,2024-09-05 12:31:34
2024-09,Siddhartha,9780553208849,9780553208849,1,1,9.0,767.0,,,search,2024-09-02 09:23:53,2024-09-02 09:23:53
2024-09,Sherlock Holmes: Vol 1,9780553212419,9780553212419,1,1,9.5,1559.0,,,search,2024-09-12 10:02:29,2024-09-12 10:02:29
2024-09,Identity,9780571195671,9780571195671,1,1,,,,,,2024-09-14 07:27:36,2024-09-14 07:27:36
2024-09,Life is Elsewhere,9780571197774,9780571197774,1,1,8.6,145.0,,,search,2024-09-04 17:47:40,2024-09-04 17:47:40
2024-09,The Door into Summer,9780575120723,9780575120723,1,1,8.3,1315.0,,,search,2024-09-03 11:55:57,2024-09-03 11:55:57
2024-09,Range: Why Generalists Triumph in a Specialized World,9780593084496,9780593084496,1,1,7.5,1439.0,,,search,2024-09-11 12:01:06,2024-09-11 12:01:06
2024-09,Children of Dune,9780593098240,9780593098240,1,1,7.9,45.0,,,search,2024-09-14 13:26:06,2024-09-14 13:26:06
2024-09,The little world of Liz Climo,9780762452385,9780762452385,1,1,9.1,1316.0,,,search,2024-09-10 17:36:07,2024-09-10 17:36:07
2024-09,Surrounded by Idiots: The Four Types of Human Behavior and How to Effectively Communicate with Each in Business (and in Life),9781250255174,9781250255174,1,1,6.4,93.0,,,search,2024-09-10 16:43:21,2024-09-10 16:43:21
2024-09,Physics for Scientists and Engineers with Modern Physics Pearson New International Edition,9781292020761,9781292020761,1,1,,,,,,2024-09-10 12:36:56,2024-09-10 12:36:56
2024-09,Physics: Principles with Applications,9781292057125,9781292057125,1,1,,,,,,2024-09-23 15:23:07,2024-09-23 15:23:07
2024-09,Statistics for The Behavioral Sciences,9781305504912,9781305504912,1,1,9.9,107.0,,,search,2024-09-05 11:44:04,2024-09-05 11:44:04
2024-09,Biology for the IB Diploma Workbook with CD-ROM,9781316646090,9781316646090,1,1,,,,,,2024-09-03 08:25:28,2024-09-03 08:25:28
2024-09,Smile,9781338740264,9781338740264,1,1,,,,,,2024-09-19 12:28:13,2024-09-19 12:28:13
2024-09,Oxford Resources for IB DP Environmental Systems and Societies: Course Book,9781382044011,9781382044011,1,1,,,,,,2024-09-03 10:48:52,2024-09-03 10:48:52
2024-09,Exam Practice Workbook for Mathematics Analysis and Approaches HL,9781398321878,9781398321878,1,1,,,,,,2024-09-03 08:27:54,2024-09-03 08:27:54
2024-09,Neuromancer (The Best of the SF Masterworks),9781399607773,9781399607773,1,1,8.1,11076.0,,,search,2024-09-24 12:06:22,2024-09-24 12:06:22
2024-09,The psychology book,9781405391245,9781405391245,1,1,9.0,76.0,,,search,2024-09-05 11:48:34,2024-09-05 11:48:34
2024-09,Biology for the IB Diploma Study and Revision Guide,9781471899706,9781471899706,1,1,,,,,,2024-09-20 12:26:43,2024-09-20 12:26:43
2024-09,Where the crawdads sing,9781472154668,9781472154668,1,1,8.8,24373.0,,,search,2024-09-10 14:42:28,2024-09-10 14:42:28
2024-09,The Count of Monte Cristo,9781509827978,9781509827978,1,1,9.3,204.0,,,search,2024-09-06 12:43:51,2024-09-06 12:43:51
2024-09,Dopamine Nation: Finding Balance in the Age of Indulgence,9781524746728,9781524746728,1,1,8.2,333.0,,,search,2024-09-10 14:50:34,2024-09-10 14:50:34
2024-09,Wordsworth Collectors Editions：Great Expectations,9781840228014,9781840228014,1,1,8.7,8996.0,,,search,2024-09-03 08:12:49,2024-09-03 08:12:49
2024-09,Great Expectations,9781847493811,9781847493811,1,1,8.7,8995.0,,,search,2024-09-11 17:41:49,2024-09-11 17:41:49
2024-09,Alma Classics: Sense and Sensibility,9781847494849,9781847494849,1,1,8.3,860.0,,,search,2024-09-11 17:41:55,2024-09-11 17:41:55
2024-09,Treasure Island,9781847494863,9781847494863,1,1,8.0,283.0,,,search,2024-09-09 12:20:06,2024-09-09 12:20:06
2024-09,Wordsworth: Jane Eyre,9781853260209,9781853260209,1,1,8.5,1601.0,,,search,2024-09-05 11:01:37,2024-09-05 11:01:37
2024-09,Twilight ,9781907410482,9781907410482,1,1,6.3,62.0,,,search,2024-09-09 12:13:00,2024-09-09 12:13:00
2024-09,Biology Option A: Neurobiology and Behaviour SL&HL,9781910689066,9781910689066,1,1,,,,,,2024-09-05 11:35:55,2024-09-05 11:35:55
2024-09,Getting Lost,9781913097004,9781913097004,1,1,,,,,,2024-09-02 17:41:46,2024-09-02 17:41:46
2024-09,IB Biology Student Workbook,9781927173930,9781927173930,1,1,,,,,,2024-09-20 12:27:40,2024-09-20 12:27:40
2024-09,Normal people : a novel,9781984822185,9781984822185,1,1,8.2,5801.0,,,search,2024-09-19 12:24:18,2024-09-19 12:24:18
2024-09,Educated : a memoir,9781984854858,9781984854858,1,1,8.7,225026.0,,,search,2024-09-25 09:58:34,2024-09-25 09:58:34
2024-09,荷马史诗·奥德赛,9787020102792,9787020102792,1,1,,,,,,2024-09-06 11:54:30,2024-09-06 11:54:30
2024-09,浮士德,9787020104543,9787020104543,1,1,8.8,1880.0,,,search,2024-09-03 09:01:43,2024-09-03 09:01:43
2024-09,我的天才女友,9787020120130,9787020120130,1,1,8.8,139387.0,,,search,2024-09-13 11:54:39,2024-09-13 11:54:39
2024-09,我弥留之际,9787020128075,9787020128075,1,1,8.8,633.0,,,search,2024-09-06 13:59:52,2024-09-06 13:59:52
2024-09,巴黎圣母院,9787020137404,9787020137404,1,1,8.6,26.0,,,search,2024-09-02 17:36:33,2024-09-02 17:36:33
2024-09,骆驼祥子,9787020137756,9787020137756,1,1,,,,,,2024-09-14 12:42:05,2024-09-14 12:42:05
2024-09,呐喊,9787020138081,9787020138081,1,1,9.1,320.0,,,search,2024-09-30 08:00:40,2024-09-30 08:00:40
2024-09,茨威格中短篇小说选·上,9787020166244,9787020166244,1,1,,,,,,2024-09-04 16:43:16,2024-09-04 16:43:16
2024-09,数学猜想与发现,9787030326393,9787030326393,1,1,,,,,,2024-09-24 13:11:43,2024-09-24 13:11:43
2024-09,理论与真理,9787030401229,9787030401229,1,1,,,,,,2024-09-24 16:21:00,2024-09-24 16:21:00
2024-09,数学思想与文化 ,9787030449696,9787030449696,1,1,,,,,,2024-09-24 16:20:34,2024-09-24 16:20:34
2024-09,科学实验哲学,9787030457738,9787030457738,1,1,,,,,,2024-09-24 17:06:36,2024-09-24 17:06:36
2024-09,社会语言学,9787030458889,9787030458889,1,1,8.4,57.0,,,search,2024-09-24 15:28:52,2024-09-24 15:28:52
2024-09,塑料的世界,9787030609915,9787030609915,1,1,9.3,24.0,,,search,2024-09-04 17:58:41,2024-09-04 17:58:41
2024-09,音乐心理学,9787030658500,9787030658500,1,1,,,,,,2024-09-14 12:41:15,2024-09-14 12:41:15
2024-09,现代生物学发展史,9787030685292,9787030685292,1,1,,,,,,2024-09-24 17:54:11,2024-09-24 17:54:11
2024-09,普通语言学教程,9787100020862,9787100020862,1,1,9.2,3435.0,,,search,2024-09-25 17:18:39,2024-09-25 17:18:39
2024-09,广告说服力,9787100118798,9787100118798,1,1,7.5,209.0,,,search,2024-09-13 15:21:30,2024-09-13 15:21:30
2024-09,政治经济学的特征与逻辑方法,9787100121040,9787100121040,1,1,,,,,,2024-09-24 17:53:48,2024-09-24 17:53:48
2024-09,政治经济学的范围与方法,9787100129787,9787100129787,1,1,,,,,,2024-09-24 16:29:47,2024-09-24 16:29:47
2024-09,科学哲学的历史导论,9787100133104,9787100133104,1,1,8.7,139.0,,,search,2024-09-20 08:08:19,2024-09-20 08:08:19
2024-09,经济学说与方法史论,9787100159791,9787100159791,1,1,,,,,,2024-09-24 17:53:39,2024-09-24 17:53:39
2024-09,理想国,9787100162586,9787100162586,1,1,8.4,31.0,,,search,2024-09-04 16:41:59,2024-09-04 16:41:59
2024-09,行者的迷宫,9787100163521,9787100163521,1,1,,,,,,2024-09-30 12:23:24,2024-09-30 12:23:24
2024-09,水与梦,9787100167765,9787100167765,1,1,7.8,90.0,,,search,2024-09-06 12:20:41,2024-09-06 12:20:41
2024-09,火的精神分析,9787100167789,9787100167789,1,1,7.7,104.0,,,search,2024-09-14 12:24:38,2024-09-14 12:24:38
2024-09,周易教程,9787100187084,9787100187084,1,1,,,,,,2024-09-06 13:20:59,2024-09-06 13:20:59
2024-09,希腊前的哲学,9787100187718,9787100187718,1,1,7.8,44.0,,,search,2024-09-03 11:26:16,2024-09-03 11:26:16
2024-09,新音乐的哲学,9787100198981,9787100198981,1,1,9.0,38.0,,,search,2024-09-25 08:32:57,2024-09-25 08:32:57
2024-09,爱伦·坡短篇小说全集. 上,9787100202084,9787100202084,1,1,9.2,628.0,,,search,2024-09-04 17:13:31,2024-09-04 17:13:31
2024-09,微积分的计算：数理经济学与统计经济学辅助教程 ,9787100205900,9787100205900,1,1,,,,,,2024-09-30 09:58:15,2024-09-30 09:58:15
2024-09,科学革命的编史学研究,9787100211642,9787100211642,1,1,9.7,143.0,,,search,2024-09-24 16:12:04,2024-09-24 16:12:04
2024-09,海德格尔的最后之神,9787100213011,9787100213011,1,1,4.4,15.0,,,search,2024-09-05 16:03:18,2024-09-05 16:03:18
2024-09,舞台灯光设计概要,9787104020578,9787104020578,1,1,,,,,,2024-09-19 17:41:20,2024-09-19 17:41:20
2024-09,美的历程,9787108030375,9787108030375,1,1,,,,,,2024-09-14 12:25:11,2024-09-14 12:25:11
2024-09,洞穴奇案,9787108039873,9787108039873,1,1,8.9,4412.0,,,search,2024-09-05 11:11:11,2024-09-05 11:11:11
2024-09,心理学 ,9787108052742,9787108052742,1,1,8.6,224.0,,,search,2024-09-24 16:44:02,2024-09-24 16:44:02
2024-09,科学哲学 ,9787108066787,9787108066787,1,1,7.7,72.0,,,search,2024-09-20 08:08:19,2024-09-20 08:08:19
2024-09,语言学,9787108069474,9787108069474,1,1,,,,,,2024-09-09 12:32:24,2024-09-09 12:32:24
2024-09,童话的心理分析,9787108070777,9787108070777,1,1,6.6,44.0,,,search,2024-09-23 15:04:21,2024-09-23 15:04:21
2024-09,数学建模,9787111479529,9787111479529,1,1,8.1,19.0,,,search,2024-09-04 17:27:25,2024-09-04 17:27:25
2024-09,布雷顿森林货币战,9787111626305,9787111626305,1,1,7.8,49.0,,,search,2024-09-25 16:26:53,2024-09-25 16:26:53
2024-09,神经网络与深度学习 ,9787111649687,9787111649687,1,1,9.3,629.0,,,search,2024-09-24 15:13:00,2024-09-24 15:13:00
2024-09,机器学习实战 : 基于Scikit-Learn、Keras和TensorFlow,9787111665977,9787111665977,1,1,9.5,433.0,,,search,2024-09-03 12:09:55,2024-09-03 12:09:55
2024-09,世界金融史,9787111711612,9787111711612,1,1,8.4,48.0,,,search,2024-09-25 16:27:03,2024-09-25 16:27:03
2024-09,人工智能基础实验教程,9787113293208,9787113293208,1,1,,,,,,2024-09-12 17:39:31,2024-09-12 17:39:31
2024-09,亲密关系,9787115246882,9787115246882,1,1,9.1,19949.0,,,search,2024-09-04 13:47:22,2024-09-04 13:47:22
2024-09,奇妙数学的1个重大突破. 上册,9787115388902,9787115388902,1,1,,,,,,2024-09-24 17:07:22,2024-09-24 17:07:22
2024-09,足球守门员圣经：必备技术、训练方法和实战应用,9787115439802,9787115439802,1,1,,,,,,2024-09-19 17:40:38,2024-09-19 17:40:38
2024-09,变态心理学,9787115448385,9787115448385,1,1,9.1,655.0,,,search,2024-09-14 12:02:19,2024-09-14 12:02:19
2024-09,深度学习 ,9787115461476,9787115461476,1,1,8.4,1477.0,,,search,2024-09-12 17:39:31,2024-09-12 17:39:31
2024-09,改变心理学的4项研究:第7版,9787115472342,9787115472342,1,1,9.1,2054.0,,,search,2024-09-11 08:47:41,2024-09-11 08:47:41
2024-09,微积分入门,9787115500557,9787115500557,1,1,8.9,110.0,,,search,2024-09-04 17:27:25,2024-09-04 17:27:25
2024-09,足球规则与战术完全图解,9787115578754,9787115578754,1,1,,,,,,2024-09-19 17:40:44,2024-09-19 17:40:44
2024-09,量子矩阵,9787115597878,9787115597878,1,1,,,,,,2024-09-04 16:47:29,2024-09-04 16:47:29
2024-09,现代科学简史：从蒸汽机到??求偶,9787121350214,9787121350214,1,1,6.2,21.0,,,search,2024-09-09 11:18:23,2024-09-09 11:18:23
2024-09,有限与无限的游戏: 有限与无限的游戏,9787121364259,9787121364259,1,1,8.0,4978.0,,,search,2024-09-20 13:42:31,2024-09-20 13:42:31
2024-09,悉达多,9787201112695,9787201112695,1,1,9.1,178623.0,,,search,2024-09-23 10:48:23,2024-09-23 10:48:23
2024-09,女生徒,9787201154527,9787201154527,1,1,8.1,7461.0,,,search,2024-09-23 14:30:12,2024-09-23 14:30:12
2024-09,天生有罪 ,9787201162638,9787201162638,1,1,8.8,920.0,,,search,2024-09-13 11:52:47,2024-09-13 11:52:47
2024-09,乡土中国,9787201183497,9787201183497,1,1,9.0,1682.0,,,search,2024-09-09 16:29:16,2024-09-09 16:29:16
2024-09,现代艺术,9787208107878,9787208107878,1,1,7.6,445.0,,,search,2024-09-25 08:04:48,2024-09-25 08:04:48
2024-09,霍比特人:精装插图本,9787208111103,9787208111103,1,1,,,,,,2024-09-06 11:50:51,2024-09-06 11:50:51
2024-09,阁楼上的疯女人 :女性作家与19世纪文学想象.上,9787208125537,9787208125537,1,1,,,,,,2024-09-12 12:19:45,2024-09-12 12:19:45
2024-09,艺术史的艺术,9787208132139,9787208132139,1,1,,,,,,2024-09-11 12:32:03,2024-09-11 12:32:03
2024-09,想象的共同体 : 民族主义的起源与散布,9787208138490,9787208138490,1,1,8.6,5426.0,,,search,2024-09-02 12:37:51,2024-09-02 12:37:51
2024-09,试论疲倦,9787208140813,9787208140813,1,1,,,,,,2024-09-02 09:20:32,2024-09-02 09:20:32
2024-09,"大秦帝国·第一部, 黑色裂变. 上卷",9787208152472,9787208152472,1,1,,,,,,2024-09-12 12:22:23,2024-09-12 12:22:23
2024-09,"大秦帝国·第一部, 黑色裂变. 下卷",9787208152472,9787208152472,1,1,,,,,,2024-09-26 07:22:53,2024-09-26 07:22:53
2024-09,活下去的理由 ,9787210097143,9787210097143,1,1,8.1,13487.0,,,search,2024-09-19 17:14:23,2024-09-19 17:14:23
2024-09,人人都该懂的工程学,9787213096471,9787213096471,1,1,6.3,188.0,,,search,2024-09-09 16:26:49,2024-09-09 16:26:49
2024-09,人人都该懂的艺术,9787213096587,9787213096587,1,1,6.0,52.0,,,search,2024-09-24 17:07:46,2024-09-24 17:07:46
2024-09,人人都该懂的认识论,9787213096648,9787213096648,1,1,7.4,151.0,,,search,2024-09-24 16:44:59,2024-09-24 16:44:59
2024-09,街头哲学,9787213108990,9787213108990,1,1,,,,,,2024-09-05 07:51:59,2024-09-05 07:51:59
2024-09,IBM和纳粹,9787218131559,9787218131559,1,1,7.5,107.0,,,search,2024-09-24 12:24:49,2024-09-24 12:24:49
2024-09,泪之地,9787218156408,9787218156408,1,1,8.2,245.0,,,search,2024-09-13 12:18:36,2024-09-13 12:18:36
2024-09,这样读三国,9787218160481,9787218160481,1,1,,,,,,2024-09-02 13:47:04,2024-09-02 13:47:04
2024-09,雨,9787220105135,9787220105135,1,1,,,,,,2024-09-05 11:10:53,2024-09-05 11:10:53
2024-09,戏剧概论,9787220109010,9787220109010,1,1,8.2,172.0,,,search,2024-09-24 15:29:15,2024-09-24 15:29:15
2024-09,柏拉图的数学哲学,9787220126185,9787220126185,1,1,7.7,17.0,,,search,2024-09-25 08:54:06,2024-09-25 08:54:06
2024-09,柏拉图文艺对话图,9787229101442,9787229101442,1,1,8.8,79.0,,,search,2024-09-03 12:05:44,2024-09-03 12:05:44
2024-09,她们,9787229105457,9787229105457,1,1,8.4,782.0,,,search,2024-09-26 13:17:08,2024-09-26 13:17:08
2024-09,阿特拉斯耸耸肩. 第三部，同一律,9787229141554,9787229141554,1,1,,,,,,2024-09-04 15:33:26,2024-09-04 15:33:26
2024-09,技术哲学讲演录,9787300232317,9787300232317,1,1,8.1,162.0,,,search,2024-09-25 08:52:39,2024-09-25 08:52:39
2024-09,宏观经济学 ,9787300276311,9787300276311,1,1,9.1,299.0,,,search,2024-09-03 12:31:38,2024-09-03 12:31:38
2024-09,人性实验：改变社会心理学的28项研究,9787300289601,9787300289601,1,1,7.5,72.0,,,search,2024-09-24 17:07:36,2024-09-24 17:07:36
2024-09,美学原理,9787301047439,9787301047439,1,1,,,,,,2024-09-25 08:53:55,2024-09-25 08:53:55
2024-09,力学,9787301094013,9787301094013,1,1,8.4,291.0,,,search,2024-09-25 17:18:07,2024-09-25 17:18:07
2024-09,自然哲学之数学原理 ,9787301095515,9787301095515,1,1,,,,,,2024-09-25 08:52:30,2024-09-25 08:52:30
2024-09,话说科学 ,9787301165935,9787301165935,1,1,,,,,,2024-09-24 17:07:41,2024-09-24 17:07:41
2024-09,普通化学原理,9787301225578,9787301225578,1,1,8.8,204.0,,,search,2024-09-10 09:40:51,2024-09-10 09:40:51
2024-09,电车难题,9787301243459,9787301243459,1,1,8.0,2789.0,,,search,2024-09-04 17:00:19,2024-09-04 17:00:19
2024-09,"经济学原理, 微观经济学分册 ",9787301256909,9787301256909,1,1,,,,,,2024-09-03 12:31:38,2024-09-03 12:31:38
2024-09,逻辑学是什么,9787301258958,9787301258958,1,1,,,,,,2024-09-25 08:54:47,2024-09-25 08:54:47
2024-09,史学引论,9787301275009,9787301275009,1,1,8.6,61.0,,,search,2024-09-20 08:08:19,2024-09-20 08:08:19
2024-09,从动力学到统计物理学 ,9787301276600,9787301276600,1,1,,,,,,2024-09-19 12:35:42,2024-09-19 12:35:42
2024-09,艺术哲学,9787301284230,9787301284230,1,1,,,,,,2024-09-02 18:11:36,2024-09-02 18:11:36
2024-09,自然哲学之数学原理 ,9787301292341,9787301292341,1,1,,,,,,2024-09-24 13:10:27,2024-09-24 13:10:27
2024-09,生物学是什么,9787301319444,9787301319444,1,1,8.0,25.0,,,search,2024-09-25 09:10:38,2024-09-25 09:10:38
2024-09,科学革命的结构 ：新译精装版,9787301330661,9787301330661,1,1,9.1,958.0,,,search,2024-09-24 16:11:56,2024-09-24 16:11:56
2024-09,史学原理,9787301334713,9787301334713,1,1,8.9,78.0,,,search,2024-09-25 08:18:12,2024-09-25 08:18:12
2024-09,大问题,9787302498872,9787302498872,1,1,9.3,3760.0,,,search,2024-09-12 17:21:00,2024-09-12 17:21:00
2024-09,聆听音乐,9787302526308,9787302526308,1,1,,,,,,2024-09-25 08:33:07,2024-09-25 08:33:07
2024-09,社会研究方法 ,9787302547778,9787302547778,1,1,8.8,119.0,,,search,2024-09-24 16:21:09,2024-09-24 16:21:09
2024-09,数学建模实用教程,9787302587590,9787302587590,1,1,,,,,,2024-09-24 12:24:49,2024-09-24 12:24:49
2024-09,经济学家都干了什么 ,9787302590910,9787302590910,1,1,,,,,,2024-09-24 17:03:27,2024-09-24 17:03:27
2024-09,画地为牢,9787305217098,9787305217098,1,1,8.3,1499.0,,,search,2024-09-25 17:21:50,2024-09-25 17:21:50
2024-09,科学思想史,9787305239687,9787305239687,1,1,,,,,,2024-09-24 15:54:45,2024-09-24 15:54:45
2024-09,庭院深处，是哪辆镀铬把手的小自行车？,9787305249624,9787305249624,1,1,7.7,422.0,,,search,2024-09-23 17:48:52,2024-09-23 17:48:52
2024-09,科学技术史,9787308225854,9787308225854,1,1,8.5,181.0,,,search,2024-09-25 08:32:44,2024-09-25 08:32:44
2024-09,艺术哲学 ,9787309114560,9787309114560,1,1,,,,,,2024-09-24 15:29:09,2024-09-24 15:29:09
2024-09,失落的一代：中国的上山下乡运动(1968~198),9787500092445,9787500092445,1,1,7.3,58.0,,,search,2024-09-04 17:25:08,2024-09-04 17:25:08
2024-09,思想经济学,9787500170662,9787500170662,1,1,,,,,,2024-09-19 12:18:51,2024-09-19 12:18:51
2024-09,戴维营三天,9787500171980,9787500171980,1,1,8.1,50.0,,,search,2024-09-24 09:48:33,2024-09-24 09:48:33
2024-09,论自由,9787502055394,9787502055394,1,1,,,,,,2024-09-30 10:12:18,2024-09-30 10:12:18
2024-09,世界简史,9787505743090,9787505743090,1,1,7.3,13.0,,,search,2024-09-03 17:58:08,2024-09-03 17:58:08
2024-09,我是怎样设计赛车的,9787505755116,9787505755116,1,1,8.9,115.0,,,search,2024-09-05 12:31:34,2024-09-05 12:31:34
2024-09,拒绝平庸：25个引领市场的营销法则,9787505755987,9787505755987,1,1,7.3,372.0,,,search,2024-09-10 17:24:16,2024-09-10 17:24:16
2024-09,早稻田大学日本史.第八卷，安土桃山时代,9787507553192,9787507553192,1,1,5.8,67.0,,,search,2024-09-20 12:17:32,2024-09-20 12:17:32
2024-09,你的第一本哲学书,9787508666792,9787508666792,1,1,7.7,5497.0,,,search,2024-09-10 17:46:31,2024-09-10 17:46:31
2024-09,哲学·科学·常识,9787508671079,9787508671079,1,1,8.7,4350.0,,,search,2024-09-24 15:29:01,2024-09-24 15:29:01
2024-09,小岛经济学,9787508672960,9787508672960,1,1,8.0,11555.0,,,search,2024-09-02 17:42:00,2024-09-02 17:42:00
2024-09,钢铁帝国 : 普鲁士的兴衰,9787508679778,9787508679778,1,1,,,,,,2024-09-04 17:31:45,2024-09-04 17:31:45
2024-09,"怪诞行为学. 2, 非理性的积极力量",9787508681436,9787508681436,1,1,7.4,674.0,,,search,2024-09-04 17:00:12,2024-09-04 17:00:12
2024-09,地狱之行:1914-1949,9787508683003,9787508683003,1,1,9.0,1656.0,,,search,2024-09-04 17:29:17,2024-09-04 17:29:17
2024-09,"北欧,凛冽的世界尽头",9787508691176,9787508691176,1,1,7.7,1465.0,,,search,2024-09-04 16:12:33,2024-09-04 16:12:33
2024-09,24个比利,9787508691664,9787508691664,1,1,8.2,4174.0,,,search,2024-09-11 12:19:36,2024-09-11 12:19:36
2024-09,耶鲁极简科学史 ,9787508695730,9787508695730,1,1,,,,,,2024-09-24 16:44:11,2024-09-24 16:44:11
2024-09,爱欲之死,9787508697086,9787508697086,1,1,7.7,15840.0,,,search,2024-09-04 13:47:42,2024-09-04 13:47:42
2024-09,陈独秀全传,9787509747698,9787509747698,1,1,,,,,,2024-09-14 07:16:36,2024-09-14 07:16:36
2024-09,郁金香热,9787509758885,9787509758885,1,1,,,,,,2024-09-06 07:17:08,2024-09-06 07:17:08
2024-09,幕末史,9787510892011,9787510892011,1,1,7.5,345.0,,,search,2024-09-13 11:54:02,2024-09-13 11:54:02
2024-09,铁壁之围：一战中的德国和奥匈帝国,9787510895845,9787510895845,1,1,,,,,,2024-09-04 16:43:41,2024-09-04 16:43:41
2024-09,逻辑哲学论,9787511384096,9787511384096,1,1,,,,,,2024-09-19 16:35:50,2024-09-19 16:35:50
2024-09,牛津古希腊史 ,9787511560216,9787511560216,1,1,7.7,51.0,,,search,2024-09-13 11:53:42,2024-09-13 11:53:42
2024-09,牛津拜占庭史,9787511566355,9787511566355,1,1,7.8,50.0,,,search,2024-09-03 11:49:49,2024-09-03 11:49:49
2024-09,茶花女,9787511724717,9787511724717,1,1,,,,,,2024-09-13 11:50:27,2024-09-13 11:50:27
2024-09,艺术哲学,9787511743046,9787511743046,1,1,,,,,,2024-09-24 14:07:34,2024-09-24 14:07:34
2024-09,中国古典名著百部·传世方术卷：阴符经 握奇经 皇帝宅经 龟策列传 灵棋经 诸葛神薮 推背图 奇门遁甲 梅花易,9787512006881,9787512006881,1,1,,,,,,2024-09-10 14:24:05,2024-09-10 14:24:05
2024-09,霸王别姬,9787513311762,9787513311762,1,1,,,,,,2024-09-05 12:23:10,2024-09-05 12:23:10
2024-09,第三个女郎,9787513321259,9787513321259,1,1,6.6,2286.0,,,search,2024-09-19 10:44:29,2024-09-19 10:44:29
2024-09,三幕悲剧,9787513332538,9787513332538,1,1,8.0,7035.0,,,search,2024-09-05 09:33:54,2024-09-05 09:33:54
2024-09,东方快车谋杀案,9787513335270,9787513335270,1,1,9.1,5300.0,,,search,2024-09-10 11:21:10,2024-09-10 11:21:10
2024-09,无人生还,9787513335287,9787513335287,1,1,9.1,5305.0,,,search,2024-09-26 17:21:54,2024-09-26 17:21:54
2024-09,波洛圣诞探案记,9787513338110,9787513338110,1,1,8.5,210.0,,,search,2024-09-13 11:56:19,2024-09-13 11:56:19
2024-09,无人生还,9787513338288,9787513338288,1,1,9.0,6917.0,,,search,2024-09-13 11:53:19,2024-09-13 11:53:19
2024-09,清洁女工之死,9787513339414,9787513339414,1,1,8.6,19.0,,,search,2024-09-13 11:56:19,2024-09-13 11:56:19
2024-09,相对论究竟是什么,9787513340229,9787513340229,1,1,8.5,454.0,,,search,2024-09-05 11:13:15,2024-09-05 11:13:15
2024-09,ABC谋杀案,9787513341790,9787513341790,1,1,8.3,238.0,,,search,2024-09-06 13:25:43,2024-09-06 13:25:43
2024-09,谋杀启事,9787513344548,9787513344548,1,1,,,,,,2024-09-13 11:53:26,2024-09-13 11:53:26
2024-09,始于极限 : 女性主义往复书简,9787513349369,9787513349369,1,1,9.0,85559.0,,,search,2024-09-09 07:47:20,2024-09-09 07:47:20
2024-09,看不见的女性,9787513349611,9787513349611,1,1,9.1,23064.0,,,search,2024-09-27 12:22:33,2024-09-27 12:22:33
2024-09,世界历史上的蒙古征服,9787513916387,9787513916387,1,1,7.9,1864.0,,,search,2024-09-02 16:34:43,2024-09-02 16:34:43
2024-09,最伟大的骑士,9787513929172,9787513929172,1,1,8.4,398.0,,,search,2024-09-11 17:22:46,2024-09-11 17:22:46
2024-09,共情的力量 ,9787514513011,9787514513011,1,1,7.7,1607.0,,,search,2024-09-10 12:32:54,2024-09-10 12:32:54
2024-09,维京传奇,9787514619065,9787514619065,1,1,,,,,,2024-09-06 12:39:02,2024-09-06 12:39:02
2024-09,冰火传奇,9787515314099,9787515314099,1,1,6.5,18.0,,,search,2024-09-06 12:38:52,2024-09-06 12:38:52
2024-09,钱学森传,9787515329321,9787515329321,1,1,,,,,,2024-09-30 12:23:19,2024-09-30 12:23:19
2024-09,特朗普自传:从商人到参选总统,9787515342634,9787515342634,1,1,7.0,1458.0,,,search,2024-09-05 12:31:20,2024-09-05 12:31:20
2024-09,飘:精装版,9787519005917,9787519005917,1,1,,,,,,2024-09-13 11:50:27,2024-09-13 11:50:27
2024-09,数学珍宝集,9787519295998,9787519295998,1,1,,,,,,2024-09-12 17:40:42,2024-09-12 17:40:42
2024-09,托福考试官方指南,9787519306281,9787519306281,1,1,8.5,38.0,,,search,2024-09-04 16:54:03,2024-09-04 16:54:03
2024-09,数学史,9787520007306,9787520007306,1,1,,,,,,2024-09-24 17:16:51,2024-09-24 17:16:51
2024-09,拜占庭的新生,9787520118156,9787520118156,1,1,8.2,663.0,,,search,2024-09-29 17:37:04,2024-09-29 17:37:04
2024-09,春之祭,9787520130356,9787520130356,1,1,8.5,868.0,,,search,2024-09-13 11:54:26,2024-09-13 11:54:26
2024-09,龙马史,9787520145008,9787520145008,1,1,,,,,,2024-09-19 12:07:40,2024-09-19 12:07:40
2024-09,克苏鲁神话Ⅳ 异界之色,9787521213973,9787521213973,1,1,7.8,210.0,,,search,2024-09-29 17:36:46,2024-09-29 17:36:46
2024-09,惊艳一击：数理史上的绝妙证明,9787521311532,9787521311532,1,1,8.0,27.0,,,search,2024-09-11 08:55:09,2024-09-11 08:55:09
2024-09,后基因组时代：[后基因组时代的伦理、公正和知识],9787521714296,9787521714296,1,1,7.0,25.0,,,search,2024-09-24 17:49:43,2024-09-24 17:49:43
2024-09,读脑术 ,9787521715170,9787521715170,1,1,,,,,,2024-09-05 09:53:58,2024-09-05 09:53:58
2024-09,微积分的力量,9787521723298,9787521723298,1,1,8.7,3253.0,,,search,2024-09-30 12:09:46,2024-09-30 12:09:46
2024-09,对称与不对称 ,9787521727531,9787521727531,1,1,8.6,400.0,,,search,2024-09-12 17:33:51,2024-09-12 17:33:51
2024-09,精英的傲慢,9787521731460,9787521731460,1,1,7.7,7757.0,,,search,2024-09-26 15:52:44,2024-09-26 15:52:44
2024-09,少年、胭脂与灵怪,9787521732962,9787521732962,1,1,6.7,176.0,,,search,2024-09-20 12:12:47,2024-09-20 12:12:47
2024-09,消失的真实,9787521735611,9787521735611,1,1,8.4,964.0,,,search,2024-09-06 11:34:08,2024-09-06 11:34:08
2024-09,营销管理,9787521742213,9787521742213,1,1,,,,,,2024-09-12 16:25:20,2024-09-12 16:25:20
2024-09,思考就是我的抵抗,9787521745986,9787521745986,1,1,8.2,2451.0,,,search,2024-09-05 11:17:33,2024-09-05 11:17:33
2024-09,沙盘游戏疗法儿童心理案例精析,9787523604687,9787523604687,1,1,,,,,,2024-09-02 13:47:06,2024-09-02 13:47:06
2024-09,送你一匹马,9787530214763,9787530214763,1,1,,,,,,2024-09-05 12:23:50,2024-09-05 12:23:50
2024-09,人生最美是清欢,9787530215401,9787530215401,1,1,7.9,3870.0,,,search,2024-09-05 12:31:04,2024-09-05 12:31:04
2024-09,许三观卖血记,9787530216033,9787530216033,1,1,,,,,,2024-09-05 11:16:43,2024-09-05 11:16:43
2024-09,金阁寺,9787530218525,9787530218525,1,1,,,,,,2024-09-26 16:59:19,2024-09-26 16:59:19
2024-09,倾城之恋,9787530218624,9787530218624,1,1,9.3,23885.0,,,search,2024-09-02 13:12:54,2024-09-02 13:12:54
2024-09,怨女,9787530218723,9787530218723,1,1,8.6,5479.0,,,search,2024-09-04 16:26:29,2024-09-04 16:26:29
2024-09,狼图腾,9787530220245,9787530220245,1,1,6.5,436.0,,,search,2024-09-04 15:53:46,2024-09-04 15:53:46
2024-09,沉默的大多数,9787530220368,9787530220368,1,1,8.8,7935.0,,,search,2024-09-19 10:44:21,2024-09-19 10:44:21
2024-09,流俗地 ,9787530221280,9787530221280,1,1,9.1,43583.0,,,search,2024-09-05 11:11:00,2024-09-05 11:11:00
2024-09,平凡的世界 .第一部,9787530221396,9787530221396,1,1,9.1,8747.0,,,search,2024-09-19 16:59:57,2024-09-19 16:59:57
2024-09,清洁女工手册 ,9787530221426,9787530221426,1,1,8.1,3344.0,,,search,2024-09-02 17:19:33,2024-09-02 17:19:33
2024-09,足球智商 ,9787530486306,9787530486306,1,1,,,,,,2024-09-04 17:01:14,2024-09-04 17:01:14
2024-09,健身营养全书: 关于力量与肌肉的营养策略,9787530493885,9787530493885,1,1,9.3,1513.0,,,search,2024-09-06 10:01:14,2024-09-06 10:01:14
2024-09,快乐的死,9787532168750,9787532168750,1,1,8.5,6945.0,,,search,2024-09-12 12:19:53,2024-09-12 12:19:53
2024-09,贫穷的质感,9787532182480,9787532182480,1,1,,,,,,2024-09-04 15:36:12,2024-09-04 15:36:12
2024-09,社会学的问题,9787532182640,9787532182640,1,1,8.9,335.0,,,search,2024-09-24 17:53:55,2024-09-24 17:53:55
2024-09,基督山伯爵 （上）,9787532751242,9787532751242,1,1,9.1,3637.0,,,search,2024-09-13 11:54:01,2024-09-13 11:54:01
2024-09,基督山伯爵 （下）,9787532751242,9787532751242,1,1,9.1,3637.0,,,search,2024-09-13 11:54:01,2024-09-13 11:54:01
2024-09,动物农场,9787532751457,9787532751457,1,1,9.5,80719.0,,,search,2024-09-04 12:16:48,2024-09-04 12:16:48
2024-09,局外人,9787532751471,9787532751471,1,1,9.1,272551.0,,,search,2024-09-12 12:19:57,2024-09-12 12:19:57
2024-09,罗生门,9787532751495,9787532751495,1,1,,,,,,2024-09-06 15:17:47,2024-09-06 15:17:47
2024-09,巴黎圣母院,9787532752355,9787532752355,1,1,8.8,1708.0,,,search,2024-09-02 17:36:33,2024-09-02 17:36:33
2024-09,鼠疫,9787532752508,9787532752508,1,1,,,,,,2024-09-10 10:31:36,2024-09-10 10:31:36
2024-09,浮士德,9787532752607,9787532752607,1,1,8.8,1224.0,,,search,2024-09-03 09:01:43,2024-09-03 09:01:43
2024-09,江城 ,9787532756728,9787532756728,1,1,9.1,69971.0,,,search,2024-09-09 11:28:44,2024-09-09 11:28:44
2024-09,小妇人,9787532757008,9787532757008,1,1,7.7,954.0,,,search,2024-09-05 11:40:40,2024-09-05 11:40:40
2024-09,时代的精神状况,9787532761371,9787532761371,1,1,9.0,2135.0,,,search,2024-09-05 11:11:14,2024-09-05 11:11:14
2024-09,局外人,9787532761760,9787532761760,1,1,9.1,83075.0,,,search,2024-09-05 10:36:07,2024-09-05 10:36:07
2024-09,小径分岔的花园,9787532762897,9787532762897,1,1,8.9,56176.0,,,search,2024-09-27 14:44:37,2024-09-27 14:44:37
2024-09,权力意志与永恒轮回,9787532772360,9787532772360,1,1,8.6,557.0,,,search,2024-09-14 12:24:54,2024-09-14 12:24:54
2024-09,美丽新世界,9787532773404,9787532773404,1,1,,,,,,2024-09-23 14:29:40,2024-09-23 14:29:40
2024-09,美丽新世界,9787532774685,9787532774685,1,1,,,,,,2024-09-04 16:59:07,2024-09-04 16:59:07
2024-09,心理神探:我与FBI心理画像术,9787532775644,9787532775644,1,1,8.1,1013.0,,,search,2024-09-30 12:27:03,2024-09-30 12:27:03
2024-09,动物农场,9787532779079,9787532779079,1,1,9.2,83.0,,,search,2024-09-24 12:01:50,2024-09-24 12:01:50
2024-09,黑塞童话集,9787532779505,9787532779505,1,1,,,,,,2024-09-03 15:46:05,2024-09-03 15:46:05
2024-09,赎罪,9787532779765,9787532779765,1,1,,,,,,2024-09-05 09:54:26,2024-09-05 09:54:26
2024-09,乌合之众,9787532781089,9787532781089,1,1,8.1,4064.0,,,search,2024-09-03 17:38:05,2024-09-03 17:38:05
2024-09,海明威文集(12),9787532781584,9787532781584,1,1,9.0,27.0,,,search,2024-09-13 17:54:04,2024-09-13 17:54:04
2024-09,海明威文集(13),9787532781584,9787532781584,1,1,9.0,27.0,,,search,2024-09-13 17:53:50,2024-09-13 17:53:50
2024-09,海明威文集(14),9787532781584,9787532781584,1,1,9.0,27.0,,,search,2024-09-13 17:53:39,2024-09-13 17:53:39
2024-09,海明威文集(15),9787532781584,9787532781584,1,1,9.0,27.0,,,search,2024-09-13 17:53:31,2024-09-13 17:53:31
2024-09,海明威文集(9),9787532781584,9787532781584,1,1,9.0,27.0,,,search,2024-09-13 17:54:12,2024-09-13 17:54:12
2024-09,东京百景,9787532782925,9787532782925,1,1,6.4,1870.0,,,search,2024-09-26 16:59:19,2024-09-26 16:59:19
2024-09,青之炎,9787532785872,9787532785872,1,1,,,,,,2024-09-10 16:34:59,2024-09-10 16:34:59
2024-09,教堂尖塔,9787532788125,9787532788125,1,1,7.1,82.0,,,search,2024-09-06 11:53:41,2024-09-06 11:53:41
2024-09,第一哲学沉思录,9787532788446,9787532788446,1,1,8.9,21.0,,,search,2024-09-04 17:31:45,2024-09-04 17:31:45
2024-09,华氏451,9787532790036,9787532790036,1,1,8.1,2970.0,,,search,2024-09-09 12:24:11,2024-09-09 12:24:11
2024-09,檀香刑,9787533946647,9787533946647,1,1,9.2,44619.0,,,search,2024-09-14 12:42:53,2024-09-14 12:42:53
2024-09,莎士比亚悲剧喜剧全集·悲剧Ⅱ,9787533947576,9787533947576,1,1,,,,,,2024-09-10 16:50:28,2024-09-10 16:50:28
2024-09,乌合之众:群体心理学,9787533951702,9787533951702,1,1,8.2,1869.0,,,search,2024-09-02 17:13:36,2024-09-02 17:13:36
2024-09,三匹马,9787533955663,9787533955663,1,1,8.0,524.0,,,search,2024-09-04 15:54:56,2024-09-04 15:54:56
2024-09,我的心迟到了：佩索阿情诗,9787533962418,9787533962418,1,1,7.6,2650.0,,,search,2024-09-23 10:48:35,2024-09-23 10:48:35
2024-09,柠檬,9787533965617,9787533965617,1,1,7.3,825.0,,,search,2024-09-04 16:42:34,2024-09-04 16:42:34
2024-09,荒原狼,9787533971014,9787533971014,1,1,,,,,,2024-09-19 12:03:29,2024-09-19 12:03:29
2024-09,现代艺术,9787534480775,9787534480775,1,1,8.8,250.0,,,search,2024-09-11 12:31:56,2024-09-11 12:31:56
2024-09,数学哲学 ,9787535295330,9787535295330,1,1,8.5,139.0,,,search,2024-09-24 14:33:45,2024-09-24 14:33:45
2024-09,神经漫游者,9787539951331,9787539951331,1,1,8.1,11076.0,,,search,2024-09-26 16:05:20,2024-09-26 16:05:20
2024-09,巨人的陨落II,9787539989891,9787539989891,1,1,8.9,89121.0,,,search,2024-09-05 07:34:38,2024-09-05 07:34:38
2024-09,棋王树王孩子王 ,9787539990583,9787539990583,1,1,9.1,1339.0,,,search,2024-09-29 12:16:15,2024-09-29 12:16:15
2024-09,孤独美食家 ,9787540453190,9787540453190,1,1,7.0,6780.0,,,search,2024-09-23 12:31:56,2024-09-23 12:31:56
2024-09,海上钢琴师,9787540482732,9787540482732,1,1,8.6,1275.0,,,search,2024-09-20 09:16:13,2024-09-20 09:16:13
2024-09,山茶文具店,9787540485337,9787540485337,1,1,8.3,61868.0,,,search,2024-09-24 11:01:09,2024-09-24 11:01:09
2024-09,古董局中局.1,9787540486075,9787540486075,1,1,7.6,8005.0,,,search,2024-09-23 12:16:45,2024-09-23 12:16:45
2024-09,逆向创新 ,9787540486990,9787540486990,1,1,,,,,,2024-09-13 11:46:51,2024-09-13 11:46:51
2024-09,从你的全世界路过,9787540491949,9787540491949,1,1,6.4,1773.0,,,search,2024-09-06 11:20:55,2024-09-06 11:20:55
2024-09,K——英国情人,9787541144493,9787541144493,1,1,7.4,250.0,,,search,2024-09-02 16:36:54,2024-09-02 16:36:54
2024-09,鱼没有脚,9787541160912,9787541160912,1,1,,,,,,2024-09-06 11:50:28,2024-09-06 11:50:28
2024-09,夜晚的潜水艇 ,9787542669964,9787542669964,1,1,8.3,90445.0,,,search,2024-09-06 12:01:11,2024-09-06 12:01:11
2024-09,精神病学史 ：从收容院到百忧解,9787542858658,9787542858658,1,1,8.0,34.0,,,search,2024-09-03 15:08:44,2024-09-03 15:08:44
2024-09,悖论与谬误 ,9787542872326,9787542872326,1,1,7.8,23.0,,,search,2024-09-19 12:04:43,2024-09-19 12:04:43
2024-09,数学史话 ,9787543978140,9787543978140,1,1,,,,,,2024-09-24 17:17:13,2024-09-24 17:17:13
2024-09,生命简史,9787543986275,9787543986275,1,1,7.5,17.0,,,search,2024-09-24 17:54:06,2024-09-24 17:54:06
2024-09,山音,9787544265027,9787544265027,1,1,8.3,6649.0,,,search,2024-09-10 16:34:59,2024-09-10 16:34:59
2024-09,解忧杂货店,9787544270878,9787544270878,1,1,,,,,,2024-09-25 09:58:44,2024-09-25 09:58:44
2024-09,平面犬,9787544281232,9787544281232,1,1,7.8,2939.0,,,search,2024-09-04 16:41:30,2024-09-04 16:41:30
2024-09,细雪,9787544281621,9787544281621,1,1,,,,,,2024-09-13 11:53:42,2024-09-13 11:53:42
2024-09,遥远的小屋,9787544285582,9787544285582,1,1,,,,,,2024-09-12 17:19:55,2024-09-12 17:19:55
2024-09,德国简史,9787544286107,9787544286107,1,1,6.0,94.0,,,search,2024-09-04 17:31:45,2024-09-04 17:31:45
2024-09,一桩事先张扬的凶杀案,9787544292467,9787544292467,1,1,8.7,4098.0,,,search,2024-09-19 17:31:36,2024-09-19 17:31:36
2024-09,情书,9787544292870,9787544292870,1,1,8.9,16263.0,,,search,2024-09-26 16:59:19,2024-09-26 16:59:19
2024-09,拍电影时我在想的事 ,9787544294041,9787544294041,1,1,8.9,9135.0,,,search,2024-09-10 16:34:59,2024-09-10 16:34:59
2024-09,无名之町 ,9787544297905,9787544297905,1,1,6.6,9505.0,,,search,2024-09-13 11:54:48,2024-09-13 11:54:48
2024-09,杀死一只知更鸟:纪念版,9787544722766,9787544722766,1,1,9.2,162598.0,,,search,2024-09-02 14:16:45,2024-09-02 14:16:45
2024-09,树上的男爵,9787544722803,9787544722803,1,1,9.1,71327.0,,,search,2024-09-06 11:54:33,2024-09-06 11:54:33
2024-09,尼采,9787544729680,9787544729680,1,1,7.0,783.0,,,search,2024-09-24 12:23:59,2024-09-24 12:23:59
2024-09,历史之源,9787544729710,9787544729710,1,1,8.3,918.0,,,search,2024-09-24 17:49:37,2024-09-24 17:49:37
2024-09,社会学的意识,9787544729727,9787544729727,1,1,7.5,705.0,,,search,2024-09-24 17:15:46,2024-09-24 17:15:46
2024-09,科学哲学,9787544732765,9787544732765,1,1,8.8,1676.0,,,search,2024-09-11 08:55:02,2024-09-11 08:55:02
2024-09,科学革命 ,9787544745185,9787544745185,1,1,8.8,1025.0,,,search,2024-09-24 16:44:53,2024-09-24 16:44:53
2024-09,法律,9787544755054,9787544755054,1,1,7.6,673.0,,,search,2024-09-02 12:21:58,2024-09-02 12:21:58
2024-09,莎士比亚全集.5,9787544755535,9787544755535,1,1,,,,,,2024-09-23 10:48:11,2024-09-23 10:48:11
2024-09,杀死一只知更鸟,9787544766500,9787544766500,1,1,9.3,88816.0,,,search,2024-09-03 08:36:55,2024-09-03 08:36:55
2024-09,细雪,9787544767620,9787544767620,1,1,,,,,,2024-09-23 14:30:23,2024-09-23 14:30:23
2024-09,云彩收集者手册 ,9787544771344,9787544771344,1,1,8.3,12245.0,,,search,2024-09-09 12:25:38,2024-09-09 12:25:38
2024-09,呼吸 ,9787544779319,9787544779319,1,1,8.6,32630.0,,,search,2024-09-14 09:58:29,2024-09-14 09:58:29
2024-09,现代拉丁美洲文学,9787544781015,9787544781015,1,1,7.8,399.0,,,search,2024-09-27 14:44:37,2024-09-27 14:44:37
2024-09,沉默的羔羊,9787544784689,9787544784689,1,1,7.8,671.0,,,search,2024-09-23 16:55:46,2024-09-23 16:55:46
2024-09,帝国的铸就：1861-1871,9787544790208,9787544790208,1,1,7.0,46.0,,,search,2024-09-04 12:33:47,2024-09-04 12:33:47
2024-09,剑桥艺术史·下,9787544792028,9787544792028,1,1,8.6,169.0,,,search,2024-09-24 16:25:32,2024-09-24 16:25:32
2024-09,这就是心理学,9787545477320,9787545477320,1,1,,,,,,2024-09-24 13:11:34,2024-09-24 13:11:34
2024-09,穿越非洲两百年 ,9787545553918,9787545553918,1,1,8.1,2215.0,,,search,2024-09-04 13:38:03,2024-09-04 13:38:03
2024-09,西南联大诗词课,9787545565836,9787545565836,1,1,,,,,,2024-09-02 09:23:53,2024-09-02 09:23:53
2024-09,历史哲学,9787545821826,9787545821826,1,1,8.8,49.0,,,search,2024-09-24 14:44:33,2024-09-24 14:44:33
2024-09,性格心理学,9787545910056,9787545910056,1,1,5.1,132.0,,,search,2024-09-25 12:37:59,2024-09-25 12:37:59
2024-09,神雕侠侣 .1,9787546200705,9787546200705,1,1,9.2,1531.0,,,search,2024-09-20 09:20:05,2024-09-20 09:20:05
2024-09,神雕侠侣 .2,9787546200705,9787546200705,1,1,9.2,1531.0,,,search,2024-09-30 12:27:26,2024-09-30 12:27:26
2024-09,神雕侠侣 .3,9787546200705,9787546200705,1,1,9.2,1531.0,,,search,2024-09-30 12:27:21,2024-09-30 12:27:21
2024-09,连城诀 ,9787546213330,9787546213330,1,1,,,,,,2024-09-29 11:34:45,2024-09-29 11:34:45
2024-09,青梅竹马,9787547055304,9787547055304,1,1,,,,,,2024-09-10 16:35:12,2024-09-10 16:35:12
2024-09,消失的地平线,9787547055564,9787547055564,1,1,6.9,23.0,,,search,2024-09-13 11:54:01,2024-09-13 11:54:01
2024-09,脑髓地狱,9787547057827,9787547057827,1,1,,,,,,2024-09-10 16:35:17,2024-09-10 16:35:17
2024-09,穷人的理财经 ,9787547312230,9787547312230,1,1,6.0,18.0,,,search,2024-09-03 11:27:37,2024-09-03 11:27:37
2024-09,漫长的余生 : 一个北魏宫女和她的时代,9787547743126,9787547743126,1,1,8.1,18303.0,,,search,2024-09-10 12:24:55,2024-09-10 12:24:55
2024-09,MATHEMATICS-HL&SL for the IB Diploma,9787547827260,9787547827260,1,1,,,,,,2024-09-24 12:24:04,2024-09-24 12:24:04
2024-09,音乐和数学：谜一般的关系,9787547855508,9787547855508,1,1,,,,,,2024-09-14 12:41:07,2024-09-14 12:41:07
2024-09,台北人,9787549559886,9787549559886,1,1,9.1,28646.0,,,search,2024-09-23 14:56:06,2024-09-23 14:56:06
2024-09,摩根财团,9787549620616,9787549620616,1,1,7.6,95.0,,,search,2024-09-10 17:27:30,2024-09-10 17:27:30
2024-09,耶鲁大学公开课,9787550238954,9787550238954,1,1,,,,,,2024-09-02 12:21:58,2024-09-02 12:21:58
2024-09,说谎心理学,9787550249141,9787550249141,1,1,,,,,,2024-09-04 17:31:52,2024-09-04 17:31:52
2024-09,人生看得几清明,9787550289703,9787550289703,1,1,8.4,58.0,,,search,2024-09-05 12:31:14,2024-09-05 12:31:14
2024-09,牛奶可乐经济学,9787550292505,9787550292505,1,1,6.8,3387.0,,,search,2024-09-19 17:11:50,2024-09-19 17:11:50
2024-09,牛奶可乐经济学 2,9787550292512,9787550292512,1,1,6.7,246.0,,,search,2024-09-04 17:51:39,2024-09-04 17:51:39
2024-09,牛奶可乐经济学3,9787550297715,9787550297715,1,1,7.0,174.0,,,search,2024-09-05 12:31:46,2024-09-05 12:31:46
2024-09,薛定谔之猫,9787550710276,9787550710276,1,1,,,,,,2024-09-03 11:57:34,2024-09-03 11:57:34
2024-09,月亮和六便士,9787551134606,9787551134606,1,1,8.9,1515.0,,,search,2024-09-13 11:53:19,2024-09-13 11:53:19
2024-09,读水浒,9787551825047,9787551825047,1,1,,,,,,2024-09-02 13:47:26,2024-09-02 13:47:26
2024-09,全球通史 ,9787552008166,9787552008166,1,1,9.3,391.0,,,search,2024-09-24 15:52:19,2024-09-24 15:52:19
2024-09,国王的两个身体,9787552024494,9787552024494,1,1,9.3,367.0,,,search,2024-09-25 12:16:03,2024-09-25 12:16:03
2024-09,当代科学事实的争论研究,9787552039580,9787552039580,1,1,,,,,,2024-09-25 08:54:32,2024-09-25 08:54:32
2024-09,我从未如此眷恋人间,9787552706673,9787552706673,1,1,7.3,2353.0,,,search,2024-09-04 16:26:56,2024-09-04 16:26:56
2024-09,平面国：多维空间传奇往事,9787553520643,9787553520643,1,1,9.2,37264.0,,,search,2024-09-24 12:01:45,2024-09-24 12:01:45
2024-09,给青年人的哲学十二讲,9787556129133,9787556129133,1,1,,,,,,2024-09-06 11:56:00,2024-09-06 11:56:00
2024-09,为什么那是艺术:当代艺术的美学和批评,9787558027932,9787558027932,1,1,8.1,198.0,,,search,2024-09-24 16:11:51,2024-09-24 16:11:51
2024-09,佛系,9787559414311,9787559414311,1,1,7.4,2360.0,,,search,2024-09-03 16:46:27,2024-09-03 16:46:27
2024-09,艺术哲学,9787559426468,9787559426468,1,1,,,,,,2024-09-24 14:07:45,2024-09-24 14:07:45
2024-09,无依之地,9787559433022,9787559433022,1,1,8.1,797.0,,,search,2024-09-02 12:21:58,2024-09-02 12:21:58
2024-09,趣味二战史,9787559454027,9787559454027,1,1,,,,,,2024-09-04 11:26:36,2024-09-04 11:26:36
2024-09,惜别,9787559457493,9787559457493,1,1,7.6,105.0,,,search,2024-09-10 16:34:19,2024-09-10 16:34:19
2024-09,那个特别的疯子,9787559622822,9787559622822,1,1,,,,,,2024-09-06 12:30:07,2024-09-06 12:30:07
2024-09,北方以北 ,9787559633118,9787559633118,1,1,7.9,348.0,,,search,2024-09-06 12:38:42,2024-09-06 12:38:42
2024-09,周易简释 ,9787559652669,9787559652669,1,1,7.5,290.0,,,search,2024-09-06 13:21:22,2024-09-06 13:21:22
2024-09,夜莺,9787559654168,9787559654168,1,1,9.0,5345.0,,,search,2024-09-24 11:46:34,2024-09-24 11:46:34
2024-09,德米安,9787559661586,9787559661586,1,1,8.8,107.0,,,search,2024-09-23 12:23:32,2024-09-23 12:23:32
2024-09,存在主义心理学的邀请,9787559662347,9787559662347,1,1,8.2,1499.0,,,search,2024-09-25 12:38:09,2024-09-25 12:38:09
2024-09,世间万数,9787559664372,9787559664372,1,1,7.9,28.0,,,search,2024-09-24 17:53:16,2024-09-24 17:53:16
2024-09,建筑课,9787559664976,9787559664976,1,1,8.7,68.0,,,search,2024-09-06 12:30:12,2024-09-06 12:30:12
2024-09,万物归一,9787559823168,9787559823168,1,1,7.8,231.0,,,search,2024-09-09 12:21:06,2024-09-09 12:21:06
2024-09,华丽食物志,9787559825315,9787559825315,1,1,7.0,328.0,,,search,2024-09-02 09:17:27,2024-09-02 09:17:27
2024-09,数学的语言 : 化无形为可见,9787559828804,9787559828804,1,1,8.8,14.0,,,search,2024-09-11 12:18:58,2024-09-11 12:18:58
2024-09,神祇与英雄.上,9787559835864,9787559835864,1,1,,,,,,2024-09-05 11:15:00,2024-09-05 11:15:00
2024-09,历史的运用与滥用,9787559835895,9787559835895,1,1,8.0,2316.0,,,search,2024-09-02 18:11:27,2024-09-02 18:11:27
2024-09,界限之书,9787559840943,9787559840943,1,1,8.5,61.0,,,search,2024-09-14 12:39:41,2024-09-14 12:39:41
2024-09,教育研究方法:专题与案例,9787561755211,9787561755211,1,1,8.7,27.0,,,search,2024-09-24 17:00:28,2024-09-24 17:00:28
2024-09,文学阅读指南,9787564917876,9787564917876,1,1,8.7,1719.0,,,search,2024-09-10 12:34:45,2024-09-10 12:34:45
2024-09,香港重庆大厦,9787567532700,9787567532700,1,1,,,,,,2024-09-03 13:28:27,2024-09-03 13:28:27
2024-09,权力精英 ,9787569915006,9787569915006,1,1,7.3,450.0,,,search,2024-09-02 12:21:58,2024-09-02 12:21:58
2024-09,历史的意外,9787569932478,9787569932478,1,1,6.3,24.0,,,search,2024-09-11 08:56:27,2024-09-11 08:56:27
2024-09,美国监狱 ,9787569936988,9787569936988,1,1,,,,,,2024-09-05 11:11:02,2024-09-05 11:11:02
2024-09,化学传奇 ,9787570305674,9787570305674,1,1,,,,,,2024-09-25 08:59:19,2024-09-25 08:59:19
2024-09,人人都该懂的科学简史 ,9787572208539,9787572208539,1,1,6.1,21.0,,,search,2024-09-20 08:08:19,2024-09-20 08:08:19
2024-09,财富、贫穷与政治,9787572211874,9787572211874,1,1,,,,,,2024-09-02 17:13:11,2024-09-02 17:13:11
2024-09,孤独是迷人的,9787572225789,9787572225789,1,1,8.2,1821.0,,,search,2024-09-06 14:00:10,2024-09-06 14:00:10
2024-09,好好告别,9787572502583,9787572502583,1,1,8.6,1878.0,,,search,2024-09-02 12:22:13,2024-09-02 12:22:13
2024-09,等待戈多,9787572605826,9787572605826,1,1,8.5,1615.0,,,search,2024-09-04 17:13:47,2024-09-04 17:13:47
2024-09,长夜难明,9787572611971,9787572611971,1,1,,,,,,2024-09-26 12:24:10,2024-09-26 12:24:10
2024-09,古都,9787573502353,9787573502353,1,1,8.5,580.0,,,search,2024-09-02 13:12:57,2024-09-02 13:12:57
2024-09,天蓝色的彼岸,9787801871527,9787801871527,1,1,8.6,19931.0,,,search,2024-09-11 11:49:13,2024-09-11 11:49:13
2024-09,周易家居环境调理,9787802143975,9787802143975,1,1,,,,,,2024-09-06 13:21:09,2024-09-06 13:21:09
2024-09,塔木德 ,9787802204003,9787802204003,1,1,,,,,,2024-09-04 11:25:54,2024-09-04 11:25:54
2024-09,自然科学史,9787802468320,9787802468320,1,1,,,,,,2024-09-24 17:00:30,2024-09-24 17:00:30
2024-09,科学发现的逻辑 ,9787810836074,9787810836074,1,1,8.7,482.0,,,search,2024-09-24 17:49:49,2024-09-24 17:49:49
2024-09,DP认识论课程学习指导,9789620447891,9789620447891,1,1,,,,,,2024-09-09 12:39:15,2024-09-09 12:39:15
2024-09,Workbook Mathematics HL,9789881686862,9789881686862,1,1,,,,,,2024-09-12 17:40:42,2024-09-12 17:40:42
2024-10,never let me go,9780571224142,9780571224142,2,2,8.3,1333.0,,,search,2024-10-10 11:52:57,2024-10-30 17:25:33
2024-10,火的精神分析,9787100167789,9787100167789,2,2,7.7,104.0,,,search,2024-10-17 12:16:46,2024-10-17 12:37:16
2024-10,契诃夫短篇小说集,9787540237004,9787540237004,2,2,9.1,297.0,,,search,2024-10-10 17:25:05,2024-10-18 12:41:51
2024-10,"在春天,去看一个人",9787550022829,9787550022829,2,2,8.2,240.0,,,search,2024-10-10 12:05:38,2024-10-22 12:38:39
2024-10,猫和狗的生活哲学,9787572604164,9787572604164,2,2,8.2,5687.0,,,search,2024-10-24 12:11:15,2024-10-24 16:38:20
2024-10,Why Didnt They Ask Evans?,9780008196288,9780008196288,1,1,7.6,1713.0,,,search,2024-10-09 09:08:54,2024-10-09 09:08:54
2024-10,The Bell Jar,9780061148514,9780061148514,1,1,8.3,55.0,,,search,2024-10-31 15:07:03,2024-10-31 15:07:03
2024-10,Campbell Essential Biology (6th Edition),9780133917789,9780133917789,1,1,9.9,74.0,,,search,2024-10-29 14:40:37,2024-10-29 14:40:37
2024-10,The Pursuit of Glory,9780140166675,9780140166675,1,1,8.7,745.0,,,search,2024-10-31 08:54:14,2024-10-31 08:54:14
2024-10,Penguin Great Ideas : Common Sense,9780141018904,9780141018904,1,1,8.6,271.0,,,search,2024-10-10 13:06:03,2024-10-10 13:06:03
2024-10,（PEL) Heart of Darkness,9780141199788,9780141199788,1,1,,,,,,2024-10-17 12:41:43,2024-10-17 12:41:43
2024-10,David and Goliath,9780141978956,9780141978956,1,1,,,,,,2024-10-08 12:32:29,2024-10-08 12:32:29
2024-10,Amusing Ourselves to Death[娱乐至死],9780143036531,9780143036531,1,1,8.5,536.0,,,search,2024-10-11 17:24:50,2024-10-11 17:24:50
2024-10,Philosophy of Science: Very Short Introduction,9780198745587,9780198745587,1,1,9.4,30.0,,,search,2024-10-21 11:27:01,2024-10-21 11:27:01
2024-10,The Habsburg Empire: A Very Short Introduction,9780198792963,9780198792963,1,1,7.8,494.0,,,search,2024-10-23 14:21:11,2024-10-23 14:21:11
2024-10,Literary Theory: A Very Short Introduction,9780199691340,9780199691340,1,1,9.0,33.0,,,search,2024-10-29 15:16:17,2024-10-29 15:16:17
2024-10,Waves,9780241372081,9780241372081,1,1,9.1,9080.0,,,search,2024-10-17 12:41:43,2024-10-17 12:41:43
2024-10,Little Book of Politics,9780241426432,9780241426432,1,1,,,,,,2024-10-10 13:06:06,2024-10-10 13:06:06
2024-10,The Tree Book: The Inside Story of Our Greatest Species,9780241487556,9780241487556,1,1,,,,,,2024-10-15 10:02:01,2024-10-15 10:02:01
2024-10,Secret Language of Flowers,9780241566220,9780241566220,1,1,,,,,,2024-10-10 12:28:44,2024-10-10 12:28:44
2024-10,The Masque of the Red Death,9780241573754,9780241573754,1,1,,,,,,2024-10-18 14:11:25,2024-10-18 14:11:25
2024-10,The Adventure of the Blue Carbuncle,9780241597002,9780241597002,1,1,,,,,,2024-10-12 12:15:01,2024-10-12 12:15:01
2024-10,Never Let Me Go,9780307276476,9780307276476,1,1,7.9,33.0,,,search,2024-10-10 16:51:42,2024-10-10 16:51:42
2024-10,Sophie’s World,9780374530716,9780374530716,1,1,9.2,346.0,,,search,2024-10-17 12:41:43,2024-10-17 12:41:43
2024-10,Disorder in the Court: Great Fractured Moments in Courtroom History,9780393319286,9780393319286,1,1,7.4,44.0,,,search,2024-10-12 16:03:40,2024-10-12 16:03:40
2024-10,Born a crime : stories from a South African childhood,9780399588198,9780399588198,1,1,9.1,25037.0,,,search,2024-10-18 14:11:25,2024-10-18 14:11:25
2024-10,Signet Classics: Jane Eyre,9780451530912,9780451530912,1,1,8.7,41.0,,,search,2024-10-15 12:09:49,2024-10-15 12:09:49
2024-10,Signet Classics: Wuthering Heights,9780451531797,9780451531797,1,1,8.9,34.0,,,search,2024-10-24 16:47:15,2024-10-24 16:47:15
2024-10,Little Fires Everywhere(EXP),9780735224315,9780735224315,1,1,8.2,18224.0,,,search,2024-10-21 12:03:37,2024-10-21 12:03:37
2024-10,Elon Musk: How the Billionaire CEO of SpaceX and ...,9780753555644,9780753555644,1,1,8.6,851.0,,,search,2024-10-24 18:03:21,2024-10-24 18:03:21
2024-10,To Be A Machine,9781101911594,9781101911594,1,1,7.3,17.0,,,search,2024-10-11 17:24:50,2024-10-11 17:24:50
2024-10,55 Successful Harvard Law Essays （2nd Edition）,9781250047236,9781250047236,1,1,,,,,,2024-10-24 18:03:21,2024-10-24 18:03:21
2024-10,Pearson Chemistry for the IB Diploma SL,9781292427690,9781292427690,1,1,,,,,,2024-10-18 08:59:27,2024-10-18 08:59:27
2024-10,Pearson Biology for the IB Diploma Standard Level,9781292427737,9781292427737,1,1,,,,,,2024-10-29 14:40:48,2024-10-29 14:40:48
2024-10,Chemistry for the Ib Diploma Workbook With CD-ROM,9781316634950,9781316634950,1,1,,,,,,2024-10-29 14:41:05,2024-10-29 14:41:05
2024-10,Investing 11,9781440595134,9781440595134,1,1,,,,,,2024-10-10 11:51:40,2024-10-10 11:51:40
2024-10,Stock Market 101,9781440599194,9781440599194,1,1,,,,,,2024-10-10 11:51:21,2024-10-10 11:51:21
2024-10,Brief Answers to the Big Questions,9781473695993,9781473695993,1,1,8.5,2935.0,,,search,2024-10-24 18:03:21,2024-10-24 18:03:21
2024-10,The Count of Monte Cristo,9781509827978,9781509827978,1,1,9.3,204.0,,,search,2024-10-12 12:14:49,2024-10-12 12:14:49
2024-10,Go Set a Watchman,9781784755287,9781784755287,1,1,7.6,1804.0,,,search,2024-10-09 09:08:54,2024-10-09 09:08:54
2024-10,I Know This to Be True: Ruth Bader Ginsburg ( I Know This to Be True ),9781797200163,9781797200163,1,1,,,,,,2024-10-28 16:05:21,2024-10-28 16:05:21
2024-10,Great Expectations,9781847493811,9781847493811,1,1,8.7,8995.0,,,search,2024-10-15 12:10:06,2024-10-15 12:10:06
2024-10,The Picture of Dorian Gray (Wordsworth Classics),9781853260155,9781853260155,1,1,8.9,495.0,,,search,2024-10-11 11:29:04,2024-10-11 11:29:04
2024-10,5 Things to Do with a Penknife,9781911216865,9781911216865,1,1,,,,,,2024-10-08 12:35:14,2024-10-08 12:35:14
2024-10,Getting Lost,9781913097004,9781913097004,1,1,,,,,,2024-10-15 08:13:02,2024-10-15 08:13:02
2024-10,共产党宣言,9787010131566,9787010131566,1,1,9.5,1754.0,,,search,2024-10-08 12:15:58,2024-10-08 12:15:58
2024-10,三国演义.上,9787020008728,9787020008728,1,1,9.3,183148.0,,,search,2024-10-15 12:31:41,2024-10-15 12:31:41
2024-10,三国演义.下,9787020008728,9787020008728,1,1,9.3,183148.0,,,search,2024-10-15 12:31:32,2024-10-15 12:31:32
2024-10,失落的秘符,9787020126972,9787020126972,1,1,7.5,64.0,,,search,2024-10-23 17:38:20,2024-10-23 17:38:20
2024-10,四百万+西部的心,9787020136919,9787020136919,1,1,9.1,66.0,,,search,2024-10-08 17:51:51,2024-10-08 17:51:51
2024-10,额尔古纳河右岸 ,9787020139590,9787020139590,1,1,,,,,,2024-10-24 16:05:14,2024-10-24 16:05:14
2024-10,林家铺子,9787020142330,9787020142330,1,1,8.0,66.0,,,search,2024-10-12 12:31:10,2024-10-12 12:31:10
2024-10,莎士比亚植物志,9787020142675,9787020142675,1,1,,,,,,2024-10-09 12:14:36,2024-10-09 12:14:36
2024-10,喧哗与骚动,9787020158584,9787020158584,1,1,9.1,190.0,,,search,2024-10-14 15:08:00,2024-10-14 15:08:00
2024-10,后翼弃兵,9787020161140,9787020161140,1,1,8.1,1057.0,,,search,2024-10-10 09:59:04,2024-10-10 09:59:04
2024-10,陈阅增普通生物学 ,9787040396317,9787040396317,1,1,,,,,,2024-10-11 16:23:16,2024-10-11 16:23:16
2024-10,我的世界观,9787100143288,9787100143288,1,1,8.5,493.0,,,search,2024-10-12 12:20:35,2024-10-12 12:20:35
2024-10,弗雷格 ,9787100149914,9787100149914,1,1,9.3,87.0,,,search,2024-10-10 16:41:14,2024-10-10 16:41:14
2024-10,货币的购买力,9787100203944,9787100203944,1,1,,,,,,2024-10-28 12:11:41,2024-10-28 12:11:41
2024-10,犬儒主义,9787100215220,9787100215220,1,1,7.8,585.0,,,search,2024-10-17 08:30:14,2024-10-17 08:30:14
2024-10,四书五经.1,9787101136364,9787101136364,1,1,9.3,39.0,,,search,2024-10-15 12:25:14,2024-10-15 12:25:14
2024-10,史记.2,9787101158687,9787101158687,1,1,9.8,915.0,,,search,2024-10-15 12:25:06,2024-10-15 12:25:06
2024-10,舞台灯光设计概要,9787104020578,9787104020578,1,1,,,,,,2024-10-23 17:59:14,2024-10-23 17:59:14
2024-10,存在与虚无,9787108050984,9787108050984,1,1,9.0,1949.0,,,search,2024-10-08 12:11:45,2024-10-08 12:11:45
2024-10,我们仨,9787108051714,9787108051714,1,1,8.9,4397.0,,,search,2024-10-24 16:05:14,2024-10-24 16:05:14
2024-10,社会学的想象力 ,9787108057259,9787108057259,1,1,8.5,632.0,,,search,2024-10-10 14:43:55,2024-10-10 14:43:55
2024-10,康德 ,9787108065490,9787108065490,1,1,7.6,80.0,,,search,2024-10-30 17:12:07,2024-10-30 17:12:07
2024-10,规训与惩罚,9787108065841,9787108065841,1,1,,,,,,2024-10-16 12:16:06,2024-10-16 12:16:06
2024-10,人工智能简史 ,9787115471604,9787115471604,1,1,7.2,682.0,,,search,2024-10-14 17:14:42,2024-10-14 17:14:42
2024-10,Python编程 ：从入门到实践,9787115546081,9787115546081,1,1,9.3,1598.0,,,search,2024-10-11 16:03:13,2024-10-11 16:03:13
2024-10,欢迎来到宇宙 ,9787115560100,9787115560100,1,1,9.1,69.0,,,search,2024-10-11 16:08:33,2024-10-11 16:08:33
2024-10,悲伤即成长,9787115598561,9787115598561,1,1,7.1,90.0,,,search,2024-10-24 15:55:24,2024-10-24 15:55:24
2024-10,窄门,9787201141527,9787201141527,1,1,7.4,63913.0,,,search,2024-10-17 08:36:11,2024-10-17 08:36:11
2024-10,世界尽头的咖啡馆 ,9787201146171,9787201146171,1,1,7.3,30712.0,,,search,2024-10-24 12:11:21,2024-10-24 12:11:21
2024-10,"大秦帝国·第二部, 国命纵横. 上卷",9787208152472,9787208152472,1,1,,,,,,2024-10-09 12:08:20,2024-10-09 12:08:20
2024-10,"大秦帝国·第二部, 国命纵横. 下卷",9787208152472,9787208152472,1,1,,,,,,2024-10-28 07:26:24,2024-10-28 07:26:24
2024-10,叔本华暮年之思,9787208152809,9787208152809,1,1,7.2,132.0,,,search,2024-10-11 15:49:36,2024-10-11 15:49:36
2024-10,生命政治的诞生,9787208155022,9787208155022,1,1,8.8,464.0,,,search,2024-10-09 12:14:18,2024-10-09 12:14:18
2024-10,寻求平衡,9787211089819,9787211089819,1,1,,,,,,2024-10-24 15:55:19,2024-10-24 15:55:19
2024-10,AI经济,9787213100970,9787213100970,1,1,6.7,75.0,,,search,2024-10-24 15:51:19,2024-10-24 15:51:19
2024-10,自我决定的孤独：难以建立亲密感的社会 ,9787218160177,9787218160177,1,1,,,,,,2024-10-17 08:36:22,2024-10-17 08:36:22
2024-10,美丽与哀愁.3,9787220128165,9787220128165,1,1,,,,,,2024-10-23 16:53:08,2024-10-23 16:53:08
2024-10,禅与摩托车维修艺术 ,9787229131548,9787229131548,1,1,8.3,5434.0,,,search,2024-10-11 16:30:13,2024-10-11 16:30:13
2024-10,永恒的王妃,9787229143510,9787229143510,1,1,7.9,59.0,,,search,2024-10-23 17:59:14,2024-10-23 17:59:14
2024-10,你会杀死那个胖子吗?一个关于对与错的哲学谜题,9787300200811,9787300200811,1,1,7.4,1215.0,,,search,2024-10-12 12:17:21,2024-10-12 12:17:21
2024-10,摆脱内心的白熊,9787300314990,9787300314990,1,1,7.8,16.0,,,search,2024-10-12 11:01:47,2024-10-12 11:01:47
2024-10,力学,9787301094013,9787301094013,1,1,8.4,291.0,,,search,2024-10-14 12:20:03,2024-10-14 12:20:03
2024-10,中国哲学简史,9787301215692,9787301215692,1,1,9.3,16411.0,,,search,2024-10-28 16:37:58,2024-10-28 16:37:58
2024-10,文学术语词典,9787301249987,9787301249987,1,1,9.3,286.0,,,search,2024-10-25 14:46:00,2024-10-25 14:46:00
2024-10,逻辑学是什么,9787301258958,9787301258958,1,1,,,,,,2024-10-10 13:08:54,2024-10-10 13:08:54
2024-10,基础有机化学. 上册 ,9787301272121,9787301272121,1,1,9.9,457.0,,,search,2024-10-11 16:23:12,2024-10-11 16:23:12
2024-10,一战史 ,9787301297995,9787301297995,1,1,8.0,84.0,,,search,2024-10-28 16:35:43,2024-10-28 16:35:43
2024-10,烧纸,9787307207004,9787307207004,1,1,8.5,24877.0,,,search,2024-10-23 09:50:18,2024-10-23 09:50:18
2024-10,审美人类学,9787503971327,9787503971327,1,1,8.0,12.0,,,search,2024-10-25 09:20:49,2024-10-25 09:20:49
2024-10,量子经济学,9787504699268,9787504699268,1,1,,,,,,2024-10-14 16:40:19,2024-10-14 16:40:19
2024-10,重口味心理学:怎样证明你不是神经病?:百万册纪念完整版,9787505737365,9787505737365,1,1,,,,,,2024-10-10 17:22:21,2024-10-10 17:22:21
2024-10,索姆河战役,9787507551570,9787507551570,1,1,7.4,57.0,,,search,2024-10-25 11:16:25,2024-10-25 11:16:25
2024-10,从到1:开启商业与未来的秘密,9787508649719,9787508649719,1,1,7.5,30973.0,,,search,2024-10-31 07:27:09,2024-10-31 07:27:09
2024-10,当下的力量:白金版,9787508661766,9787508661766,1,1,8.5,11507.0,,,search,2024-10-24 12:11:06,2024-10-24 12:11:06
2024-10,革命的年代:1789-1848,9787508674612,9787508674612,1,1,,,,,,2024-10-18 13:25:57,2024-10-18 13:25:57
2024-10,基因：不平等的遗传,9787508680743,9787508680743,1,1,6.8,74.0,,,search,2024-10-28 16:36:06,2024-10-28 16:36:06
2024-10,贫穷的本质 ,9787508687216,9787508687216,1,1,,,,,,2024-10-23 18:00:25,2024-10-23 18:00:25
2024-10,社交媒体简史：从莎草纸到互联网,9787508696980,9787508696980,1,1,7.5,1946.0,,,search,2024-10-10 13:08:48,2024-10-10 13:08:48
2024-10,深度学习：智能时代的核心驱动力量,9787508698359,9787508698359,1,1,7.6,797.0,,,search,2024-10-14 17:14:36,2024-10-14 17:14:36
2024-10,幽默,9787511740663,9787511740663,1,1,7.6,473.0,,,search,2024-10-12 10:55:21,2024-10-12 10:55:21
2024-10,日军“慰安妇”研究,9787512636217,9787512636217,1,1,9.1,83.0,,,search,2024-10-28 16:55:42,2024-10-28 16:55:42
2024-10,给青年的二十七堂文学课,9787513136891,9787513136891,1,1,,,,,,2024-10-25 14:46:00,2024-10-25 14:46:00
2024-10,霸王别姬,9787513311762,9787513311762,1,1,,,,,,2024-10-12 12:15:09,2024-10-12 12:15:09
2024-10,阿勒泰的角落,9787513312530,9787513312530,1,1,,,,,,2024-10-28 16:05:21,2024-10-28 16:05:21
2024-10,伊朗简史,9787513932905,9787513932905,1,1,7.1,408.0,,,search,2024-10-24 12:17:15,2024-10-24 12:17:15
2024-10,维京传奇,9787514619065,9787514619065,1,1,,,,,,2024-10-15 09:35:03,2024-10-15 09:35:03
2024-10,索姆河战役,9787515103884,9787515103884,1,1,,,,,,2024-10-25 11:16:25,2024-10-25 11:16:25
2024-10,从“童怀周”到审江青,9787515304717,9787515304717,1,1,6.0,17.0,,,search,2024-10-28 16:55:48,2024-10-28 16:55:48
2024-10,国富论,9787519015084,9787519015084,1,1,6.8,74.0,,,search,2024-10-23 12:34:10,2024-10-23 12:34:10
2024-10,想象一朵未来的玫瑰：佩索阿诗选,9787521700381,9787521700381,1,1,8.4,6966.0,,,search,2024-10-17 08:36:22,2024-10-17 08:36:22
2024-10,娱乐何为,9787521704815,9787521704815,1,1,7.4,1467.0,,,search,2024-10-28 12:11:41,2024-10-28 12:11:41
2024-10,谁动了我的奶酪?,9787521714586,9787521714586,1,1,,,,,,2024-10-24 12:11:01,2024-10-24 12:11:01
2024-10,中国传统色：故宫里的色彩美学 ,9787521716054,9787521716054,1,1,7.6,1393.0,,,search,2024-10-18 12:57:44,2024-10-18 12:57:44
2024-10,房间里的大象 ,9787521727258,9787521727258,1,1,7.2,855.0,,,search,2024-10-12 11:00:04,2024-10-12 11:00:04
2024-10,新哲人,9787521743920,9787521743920,1,1,7.5,418.0,,,search,2024-10-30 17:06:28,2024-10-30 17:06:28
2024-10,走出双相情感障碍,9787521744354,9787521744354,1,1,,,,,,2024-10-14 17:35:22,2024-10-14 17:35:22
2024-10,抑郁、焦虑和药物的那些事,9787522901213,9787522901213,1,1,7.5,100.0,,,search,2024-10-12 11:02:36,2024-10-12 11:02:36
2024-10,人生最美是清欢,9787530215401,9787530215401,1,1,7.9,3870.0,,,search,2024-10-17 17:40:55,2024-10-17 17:40:55
2024-10,爱你就像爱生命,9787530220252,9787530220252,1,1,8.7,2650.0,,,search,2024-10-24 11:54:59,2024-10-24 11:54:59
2024-10,黄金时代,9787530220290,9787530220290,1,1,,,,,,2024-10-24 16:05:14,2024-10-24 16:05:14
2024-10,曹禺戏剧选 ,9787530221020,9787530221020,1,1,9.4,329.0,,,search,2024-10-25 11:16:25,2024-10-25 11:16:25
2024-10,穆斯林的葬礼,9787530222362,9787530222362,1,1,7.2,635.0,,,search,2024-10-21 17:09:29,2024-10-21 17:09:29
2024-10,我们生活在巨大的差距里,9787530223970,9787530223970,1,1,7.6,624.0,,,search,2024-10-25 11:12:22,2024-10-25 11:12:22
2024-10,平面设计完全手册,9787530470954,9787530470954,1,1,8.1,181.0,,,search,2024-10-31 17:44:21,2024-10-31 17:44:21
2024-10,快乐的死,9787532180127,9787532180127,1,1,8.0,305.0,,,search,2024-10-09 12:14:36,2024-10-09 12:14:36
2024-10,红与黑,9787532751228,9787532751228,1,1,8.6,2848.0,,,search,2024-10-08 12:11:45,2024-10-08 12:11:45
2024-10,鼠疫,9787532752508,9787532752508,1,1,,,,,,2024-10-11 17:48:09,2024-10-11 17:48:09
2024-10,时代的精神状况,9787532761371,9787532761371,1,1,9.0,2135.0,,,search,2024-10-10 09:57:09,2024-10-10 09:57:09
2024-10,局外人,9787532761760,9787532761760,1,1,9.1,83075.0,,,search,2024-10-08 12:11:45,2024-10-08 12:11:45
2024-10,蒙田随笔集,9787532762811,9787532762811,1,1,,,,,,2024-10-11 15:49:36,2024-10-11 15:49:36
2024-10,追忆逝水年华,9787532762828,9787532762828,1,1,,,,,,2024-10-15 12:18:15,2024-10-15 12:18:15
2024-10,如果我们的语言是威士忌,9787532763238,9787532763238,1,1,7.7,6815.0,,,search,2024-10-21 12:41:11,2024-10-21 12:41:11
2024-10,想象,9787532764082,9787532764082,1,1,7.1,305.0,,,search,2024-10-16 12:16:06,2024-10-16 12:16:06
2024-10,挪威的森林,9787532765546,9787532765546,1,1,,,,,,2024-10-14 14:36:21,2024-10-14 14:36:21
2024-10,广岛之恋,9787532765690,9787532765690,1,1,8.3,1876.0,,,search,2024-10-09 12:14:30,2024-10-09 12:14:30
2024-10,无知,9787532766390,9787532766390,1,1,8.7,1535.0,,,search,2024-10-12 12:22:38,2024-10-12 12:22:38
2024-10,权力意志与永恒轮回,9787532772360,9787532772360,1,1,8.6,557.0,,,search,2024-10-17 12:17:03,2024-10-17 12:17:03
2024-10,另一个，同一个,9787532772520,9787532772520,1,1,8.6,534.0,,,search,2024-10-29 16:17:25,2024-10-29 16:17:25
2024-10,阿莱夫,9787532773206,9787532773206,1,1,,,,,,2024-10-25 12:15:22,2024-10-25 12:15:22
2024-10,反抗者,9787532777280,9787532777280,1,1,8.3,606.0,,,search,2024-10-08 12:11:45,2024-10-08 12:11:45
2024-10,基督山伯爵:全2册-上册,9787532778140,9787532778140,1,1,9.3,556.0,,,search,2024-10-22 14:51:47,2024-10-22 14:51:47
2024-10,罪与罚,9787532778188,9787532778188,1,1,,,,,,2024-10-15 08:19:39,2024-10-15 08:19:39
2024-10,呼啸山庄,9787532778355,9787532778355,1,1,8.5,107.0,,,search,2024-10-08 17:14:20,2024-10-08 17:14:20
2024-10,透明,9787532787555,9787532787555,1,1,,,,,,2024-10-11 16:29:48,2024-10-11 16:29:48
2024-10,卡夫卡小说全集. 变形记,9787532787654,9787532787654,1,1,5.4,55.0,,,search,2024-10-25 11:16:12,2024-10-25 11:16:12
2024-10,不朽,9787532789900,9787532789900,1,1,8.8,1453.0,,,search,2024-10-09 12:14:18,2024-10-09 12:14:18
2024-10,好笑的爱,9787532789955,9787532789955,1,1,8.4,1768.0,,,search,2024-10-16 12:16:06,2024-10-16 12:16:06
2024-10,华氏451,9787532790036,9787532790036,1,1,8.1,2970.0,,,search,2024-10-16 11:18:43,2024-10-16 11:18:43
2024-10,性学三论,9787533941628,9787533941628,1,1,7.9,7087.0,,,search,2024-10-10 09:57:58,2024-10-10 09:57:58
2024-10,我的心迟到了：佩索阿情诗,9787533962418,9787533962418,1,1,7.6,2650.0,,,search,2024-10-17 08:36:22,2024-10-17 08:36:22
2024-10,时间简史,9787535732309,9787535732309,1,1,8.9,65650.0,,,search,2024-10-30 17:59:12,2024-10-30 17:59:12
2024-10,逻辑的引擎,9787535794420,9787535794420,1,1,,,,,,2024-10-14 17:14:47,2024-10-14 17:14:47
2024-10,时间简史,9787535794567,9787535794567,1,1,9.0,679.0,,,search,2024-10-17 11:33:15,2024-10-17 11:33:15
2024-10,复杂的引擎,9787535794611,9787535794611,1,1,8.3,231.0,,,search,2024-10-14 17:14:53,2024-10-14 17:14:53
2024-10,鲁迅全集·第一卷,9787536094239,9787536094239,1,1,,,,,,2024-10-08 17:51:51,2024-10-08 17:51:51
2024-10,鲁迅全集·第二卷,9787536094239,9787536094239,1,1,,,,,,2024-10-08 17:51:51,2024-10-08 17:51:51
2024-10,一地鸡毛,9787536096608,9787536096608,1,1,8.8,437.0,,,search,2024-10-17 17:40:49,2024-10-17 17:40:49
2024-10,棋王树王孩子王 ,9787539990583,9787539990583,1,1,9.1,1339.0,,,search,2024-10-21 12:17:10,2024-10-21 12:17:10
2024-10,农场,9787540482862,9787540482862,1,1,7.4,740.0,,,search,2024-10-08 17:35:02,2024-10-08 17:35:02
2024-10,云边有个小卖部,9787540487645,9787540487645,1,1,7.3,98717.0,,,search,2024-10-22 10:38:32,2024-10-22 10:38:32
2024-10,夜莺与玫瑰,9787540493127,9787540493127,1,1,8.9,6880.0,,,search,2024-10-15 12:18:15,2024-10-15 12:18:15
2024-10,素食者 ,9787541160868,9787541160868,1,1,8.1,151976.0,,,search,2024-10-11 10:40:05,2024-10-11 10:40:05
2024-10,伊斯坦布尔三城记 ,9787542667076,9787542667076,1,1,8.2,1245.0,,,search,2024-10-29 16:33:03,2024-10-29 16:33:03
2024-10,苦炼,9787542674173,9787542674173,1,1,,,,,,2024-10-25 11:37:43,2024-10-25 11:37:43
2024-10,我想和你谈谈精神病人的世界,9787543987135,9787543987135,1,1,7.9,768.0,,,search,2024-10-12 11:01:28,2024-10-12 11:01:28
2024-10,百年孤独,9787544291170,9787544291170,1,1,9.5,30421.0,,,search,2024-10-24 16:14:00,2024-10-24 16:14:00
2024-10,没有人给他写信的上校,9787544292443,9787544292443,1,1,8.6,15283.0,,,search,2024-10-14 15:08:00,2024-10-14 15:08:00
2024-10,毕业,9787544294126,9787544294126,1,1,7.2,9952.0,,,search,2024-10-08 16:40:49,2024-10-08 16:40:49
2024-10,文学理论入门,9787544729666,9787544729666,1,1,8.6,3787.0,,,search,2024-10-25 14:46:00,2024-10-25 14:46:00
2024-10,法律,9787544755054,9787544755054,1,1,7.6,673.0,,,search,2024-10-10 16:51:31,2024-10-10 16:51:31
2024-10,现代拉丁美洲文学,9787544781015,9787544781015,1,1,7.8,399.0,,,search,2024-10-29 08:56:48,2024-10-29 08:56:48
2024-10,索拉里斯星 ,9787544782173,9787544782173,1,1,8.5,33298.0,,,search,2024-10-31 16:04:58,2024-10-31 16:04:58
2024-10,剑桥艺术史·上,9787544792028,9787544792028,1,1,8.6,169.0,,,search,2024-10-24 11:47:10,2024-10-24 11:47:10
2024-10,剑桥艺术史·下,9787544792028,9787544792028,1,1,8.6,169.0,,,search,2024-10-18 12:57:15,2024-10-18 12:57:15
2024-10,制造宠物,9787545219531,9787545219531,1,1,7.7,2113.0,,,search,2024-10-30 17:18:00,2024-10-30 17:18:00
2024-10,欧洲的黄昏,9787547318621,9787547318621,1,1,8.0,130.0,,,search,2024-10-12 14:50:56,2024-10-12 14:50:56
2024-10,平原上的摩西,9787547737941,9787547737941,1,1,8.1,27869.0,,,search,2024-10-23 12:07:15,2024-10-23 12:07:15
2024-10,耶鲁大学公开课,9787550238954,9787550238954,1,1,,,,,,2024-10-10 16:51:31,2024-10-10 16:51:31
2024-10,"不完美,才美",9787550267381,9787550267381,1,1,7.9,841.0,,,search,2024-10-24 15:55:29,2024-10-24 15:55:29
2024-10,平面国：多维空间传奇往事,9787553520643,9787553520643,1,1,9.2,37264.0,,,search,2024-10-18 12:41:56,2024-10-18 12:41:56
2024-10,最后的讲义,9787556709434,9787556709434,1,1,7.5,2243.0,,,search,2024-10-24 15:51:20,2024-10-24 15:51:20
2024-10,希波战争,9787557027476,9787557027476,1,1,8.3,269.0,,,search,2024-10-22 17:17:12,2024-10-22 17:17:12
2024-10,遮蔽的天空,9787559418371,9787559418371,1,1,,,,,,2024-10-08 07:50:02,2024-10-08 07:50:02
2024-10,教父,9787559424020,9787559424020,1,1,8.6,425.0,,,search,2024-10-14 15:08:00,2024-10-14 15:08:00
2024-10,无依之地,9787559433022,9787559433022,1,1,8.1,797.0,,,search,2024-10-10 16:51:31,2024-10-10 16:51:31
2024-10,房思琪的初恋乐园 ,9787559614636,9787559614636,1,1,9.2,422647.0,,,search,2024-10-11 17:16:57,2024-10-11 17:16:57
2024-10,星空故事：88站夜空漫游指南,9787559630148,9787559630148,1,1,6.2,33.0,,,search,2024-10-30 17:58:56,2024-10-30 17:58:56
2024-10,北方以北 ,9787559633118,9787559633118,1,1,7.9,348.0,,,search,2024-10-15 09:35:24,2024-10-15 09:35:24
2024-10,人生无真相,9787559663283,9787559663283,1,1,8.2,413.0,,,search,2024-10-24 12:11:25,2024-10-24 12:11:25
2024-10,存在与时间,9787559814487,9787559814487,1,1,9.4,977.0,,,search,2024-10-30 17:06:28,2024-10-30 17:06:28
2024-10,万物归一,9787559823168,9787559823168,1,1,7.8,231.0,,,search,2024-10-29 16:20:56,2024-10-29 16:20:56
2024-10,界限之书,9787559840943,9787559840943,1,1,8.5,61.0,,,search,2024-10-17 12:16:56,2024-10-17 12:16:56
2024-10,货币幻觉,9787559846402,9787559846402,1,1,,,,,,2024-10-24 12:10:13,2024-10-24 12:10:13
2024-10,关于女儿,9787559851987,9787559851987,1,1,8.4,17426.0,,,search,2024-10-23 09:50:15,2024-10-23 09:50:15
2024-10,弦理论,9787562490234,9787562490234,1,1,6.2,152.0,,,search,2024-10-12 12:41:53,2024-10-12 12:41:53
2024-10,凡尔登战役,9787565842740,9787565842740,1,1,8.9,440.0,,,search,2024-10-18 12:16:37,2024-10-18 12:16:37
2024-10,窄门,9787568287500,9787568287500,1,1,7.9,87.0,,,search,2024-10-11 11:30:47,2024-10-11 11:30:47
2024-10,福柯,9787568918626,9787568918626,1,1,9.2,1037.0,,,search,2024-10-16 12:16:06,2024-10-16 12:16:06
2024-10,如何阅读达尔文,9787568942515,9787568942515,1,1,,,,,,2024-10-15 09:36:34,2024-10-15 09:36:34
2024-10,权力精英 ,9787569915006,9787569915006,1,1,7.3,450.0,,,search,2024-10-10 16:51:31,2024-10-10 16:51:31
2024-10,不原谅也没关系,9787571425517,9787571425517,1,1,9.0,15471.0,,,search,2024-10-25 09:20:41,2024-10-25 09:20:41
2024-10,抑郁躯体化的跨文化研究,9787576601220,9787576601220,1,1,,,,,,2024-10-12 11:01:40,2024-10-12 11:01:40
2024-11,The fellowship of the ring : being the first part of The lord of the rings,9780261103573,9780261103573,2,2,9.8,51.0,,,search,2024-11-20 16:57:48,2024-11-29 11:52:02
2024-11,Physics for the IB Diploma Coursebook with Digital Access (2 Years),9781009071888,9781009071888,2,2,,,,,,2024-11-26 15:58:54,2024-11-27 16:58:51
2024-11,Physics: Principles with Applications,9781292057125,9781292057125,2,2,,,,,,2024-11-11 14:07:12,2024-11-11 14:07:25
2024-11,Ib Diploma Programme Physics 223 Edition Student Book,9781382016599,9781382016599,2,2,,,,,,2024-11-18 16:30:33,2024-11-22 09:51:40
2024-11,围城,9787020127894,9787020127894,2,2,9.3,15658.0,,,search,2024-11-13 11:51:51,2024-11-20 11:50:09
2024-11,红与黑,9787201108186,9787201108186,2,2,8.6,11920.0,,,search,2024-11-04 10:49:38,2024-11-15 11:58:17
2024-11,临床精神药理学手册 ,9787301295151,9787301295151,2,2,,,,,,2024-11-11 17:00:37,2024-11-22 12:07:06
2024-11,信使,9787500865582,9787500865582,2,2,7.8,1056.0,,,search,2024-11-19 12:09:40,2024-11-19 12:09:53
2024-11,习近平新时代中国特色社会主义思想学习问答 ,9787514710304,9787514710304,2,2,,,,,,2024-11-27 12:05:17,2024-11-27 12:05:49
2024-11,美丽新世界,9787532774685,9787532774685,2,2,,,,,,2024-11-12 12:23:59,2024-11-25 12:20:36
2024-11,沉默的羔羊,9787544784689,9787544784689,2,2,7.8,671.0,,,search,2024-11-19 07:05:03,2024-11-19 07:07:02
2024-11,刀锋,9787547744581,9787547744581,2,2,9.1,2596.0,,,search,2024-11-07 17:39:19,2024-11-07 17:47:18
2024-11,精选英汉汉英词典(第4版),7100059453,7100059453,1,1,,,,,,2024-11-05 10:47:42,2024-11-05 10:47:42
2024-11,现代高级英汉·汉英类义联想词典,7535128629,7535128629,1,1,,,,,,2024-11-05 10:46:03,2024-11-05 10:46:03
2024-11,汉英词典,7560013252,7560013252,1,1,,,,,,2024-11-05 10:46:33,2024-11-05 10:46:33
2024-11,The two towers; : being the second part of The Lord of the rings,9780007488322,9780007488322,1,1,9.4,48.0,,,search,2024-11-20 16:57:48,2024-11-20 16:57:48
2024-11,The return of the king : being the third part of The lord of the rings,9780007488346,9780007488346,1,1,9.6,350.0,,,search,2024-11-20 16:57:48,2024-11-20 16:57:48
2024-11,"A tree grows in Brooklyn, : a novel",9780060736262,9780060736262,1,1,9.0,451.0,,,search,2024-11-13 12:21:02,2024-11-13 12:21:02
2024-11,Freakonomics,9780061956270,9780061956270,1,1,7.8,40.0,,,search,2024-11-19 17:43:38,2024-11-19 17:43:38
2024-11,The A.B.C. murders,9780062930484,9780062930484,1,1,6.2,14.0,,,search,2024-11-07 17:36:19,2024-11-07 17:36:19
2024-11,Campbell Essential Biology (6th Edition),9780133917789,9780133917789,1,1,9.9,74.0,,,search,2024-11-07 09:40:10,2024-11-07 09:40:10
2024-11,(PBC)A Treatise of Human Nature,9780140432442,9780140432442,1,1,9.5,82.0,,,search,2024-11-25 15:48:35,2024-11-25 15:48:35
2024-11,The History of the Decline and Fall of the Roman Empire:vol,9780140433937,9780140433937,1,1,9.9,32.0,,,search,2024-11-20 14:09:10,2024-11-20 14:09:10
2024-11,Essays and Aphorisms,9780140442274,9780140442274,1,1,8.7,16.0,,,search,2024-11-25 15:48:35,2024-11-25 15:48:35
2024-11,"Human, All Too Human",9780140446173,9780140446173,1,1,8.8,40.0,,,search,2024-11-25 15:48:35,2024-11-25 15:48:35
2024-11,(PBC)Essays and Letters,9780140447088,9780140447088,1,1,,,,,,2024-11-20 14:09:10,2024-11-20 14:09:10
2024-11,The woman in white,9780141389431,9780141389431,1,1,,,,,,2024-11-15 14:51:06,2024-11-15 14:51:06
2024-11,Penguin Classics Deluxe Edition: Dracula,9780143106166,9780143106166,1,1,8.1,265.0,,,search,2024-11-21 17:23:53,2024-11-21 17:23:53
2024-11,The Birth of Classical Europe: A History from Troy to Augustine,9780143120452,9780143120452,1,1,7.5,1953.0,,,search,2024-11-21 17:23:44,2024-11-21 17:23:44
2024-11,(PMC)The Trial,9780241197790,9780241197790,1,1,8.5,110.0,,,search,2024-11-07 20:28:50,2024-11-07 20:28:50
2024-11,Artists : their lives and works,9780241226186,9780241226186,1,1,,,,,,2024-11-12 11:31:32,2024-11-12 11:31:32
2024-11,Little Book of Politics,9780241426432,9780241426432,1,1,,,,,,2024-11-07 17:06:09,2024-11-07 17:06:09
2024-11,Lolly Willowes,9780241573785,9780241573785,1,1,,,,,,2024-11-18 12:50:35,2024-11-18 12:50:35
2024-11,Trump: How to Get Rich,9780345481030,9780345481030,1,1,7.4,32.0,,,search,2024-11-20 14:09:10,2024-11-20 14:09:10
2024-11,Line By Line: How To Edit Your Own Writing,9780395393918,9780395393918,1,1,8.9,32.0,,,search,2024-11-15 14:50:58,2024-11-15 14:50:58
2024-11,Lord of the Flies,9780399533372,9780399533372,1,1,8.4,416.0,,,search,2024-11-22 14:56:19,2024-11-22 14:56:19
2024-11,Sex And The City,9780446617680,9780446617680,1,1,7.5,552.0,,,search,2024-11-13 15:14:17,2024-11-13 15:14:17
2024-11,Signet Classics: The Age of Innocence,9780451530882,9780451530882,1,1,9.0,61.0,,,search,2024-11-13 15:14:25,2024-11-13 15:14:25
2024-11,How to write about contemporary art,9780500291573,9780500291573,1,1,8.4,70.0,,,search,2024-11-08 14:24:04,2024-11-08 14:24:04
2024-11,Bantam Classics：Pride And Prejudice,9780553213102,9780553213102,1,1,9.1,5506.0,,,search,2024-11-11 11:43:51,2024-11-11 11:43:51
2024-11,The Complete Yes Minister: The Diaries of a ...,9780563206651,9780563206651,1,1,9.8,426.0,,,search,2024-11-08 10:47:40,2024-11-08 10:47:40
2024-11,The Complete Yes Prime Minister: The Diaries of ...,9780563207733,9780563207733,1,1,9.8,217.0,,,search,2024-11-08 10:47:40,2024-11-08 10:47:40
2024-11,Never let me go,9780571258093,9780571258093,1,1,8.8,21917.0,,,search,2024-11-22 14:56:04,2024-11-22 14:56:04
2024-11,How We Live,9780679781400,9780679781400,1,1,,,,,,2024-11-14 11:52:28,2024-11-14 11:52:28
2024-11,"The new Avengers : Vol. 8,. Secret invasion book 1",9780785132974,9780785132974,1,1,7.5,49.0,,,search,2024-11-04 16:31:44,2024-11-04 16:31:44
2024-11,The Picture of Dorian Gray,9780785839972,9780785839972,1,1,9.0,2013.0,,,search,2024-11-07 10:17:18,2024-11-07 10:17:18
2024-11,Physics for the IB Diploma Workbook with Digital Access (2 Years),9781009071901,9781009071901,1,1,,,,,,2024-11-26 15:59:06,2024-11-26 15:59:06
2024-11,The Wiley guide to writing essays about literature,9781118571231,9781118571231,1,1,,,,,,2024-11-08 14:23:57,2024-11-08 14:23:57
2024-11,The Ender Quintet #5： Ender in Exile,9781250773111,9781250773111,1,1,,,,,,2024-11-06 19:52:11,2024-11-06 19:52:11
2024-11,A glossary of literary terms,9781285465067,9781285465067,1,1,8.9,39.0,,,search,2024-11-08 14:23:50,2024-11-08 14:23:50
2024-11,Pearson Chemistry for the IB Diploma SL,9781292427690,9781292427690,1,1,,,,,,2024-11-26 17:24:40,2024-11-26 17:24:40
2024-11,Environment Systems and Societies 3rd Ed,9781292729541,9781292729541,1,1,,,,,,2024-11-18 12:43:15,2024-11-18 12:43:15
2024-11,Ib Diploma Programme Biology 223 Edition Student Book,9781382016339,9781382016339,1,1,,,,,,2024-11-22 09:51:27,2024-11-22 09:51:27
2024-11,Ib Diploma Programme Chemistry 2023 Edition Study Guide,9781382016568,9781382016568,1,1,,,,,,2024-11-27 16:58:37,2024-11-27 16:58:37
2024-11,The Lost Symbol,9781400079148,9781400079148,1,1,7.5,32457.0,,,search,2024-11-06 19:52:11,2024-11-06 19:52:11
2024-11,The Chalk Man,9781405930956,9781405930956,1,1,6.7,32.0,,,search,2024-11-04 11:27:30,2024-11-04 11:27:30
2024-11,"Hamilton : the revolution : being the complete libretto of the Broadway musical, with a true account of its creation, and concise remarks on hip-hop, the power of stories, and the new America",9781455539741,9781455539741,1,1,9.1,1673.0,,,search,2024-11-08 12:28:23,2024-11-08 12:28:23
2024-11,Small Pleasures,9781474613903,9781474613903,1,1,,,,,,2024-11-12 18:08:44,2024-11-12 18:08:44
2024-11,Unraveller,9781529080407,9781529080407,1,1,7.9,1524.0,,,search,2024-11-28 17:53:05,2024-11-28 17:53:05
2024-11,Mark Zuckerberg: In His Own Words (In Their Own Words Series),9781572842625,9781572842625,1,1,,,,,,2024-11-25 15:48:35,2024-11-25 15:48:35
2024-11,Word Cloud Classics: The Age Of Innocence,9781626860568,9781626860568,1,1,8.3,1683.0,,,search,2024-11-13 12:20:56,2024-11-13 12:20:56
2024-11,Wordsworth Collectors Editions：Great Expectations,9781840228014,9781840228014,1,1,8.7,8996.0,,,search,2024-11-14 11:51:47,2024-11-14 11:51:47
2024-11,The Rise of Rome : From the Iron Age to the Punic Wars (1 BC - 264 BC),9781846684128,9781846684128,1,1,,,,,,2024-11-15 13:38:14,2024-11-15 13:38:14
2024-11,三国演义.上,9787020008728,9787020008728,1,1,9.3,183148.0,,,search,2024-11-20 11:50:45,2024-11-20 11:50:45
2024-11,芳华,9787020123728,9787020123728,1,1,,,,,,2024-11-11 12:09:00,2024-11-11 12:09:00
2024-11,死魂灵,9787020124701,9787020124701,1,1,8.4,2405.0,,,search,2024-11-14 11:46:13,2024-11-14 11:46:13
2024-11,额尔古纳河右岸 ,9787020139590,9787020139590,1,1,,,,,,2024-11-19 12:03:03,2024-11-19 12:03:03
2024-11,彷徨,9787020142187,9787020142187,1,1,9.6,39.0,,,search,2024-11-15 11:40:55,2024-11-15 11:40:55
2024-11,彷徨,9787020142637,9787020142637,1,1,9.5,155.0,,,search,2024-11-25 17:05:06,2024-11-25 17:05:06
2024-11,汉魏六朝文选 ,9787020157624,9787020157624,1,1,8.6,45.0,,,search,2024-11-08 11:55:55,2024-11-08 11:55:55
2024-11,“文学爆炸”亲历记,9787020164462,9787020164462,1,1,8.2,156.0,,,search,2024-11-12 11:05:08,2024-11-12 11:05:08
2024-11,你的夏天还好吗？,9787020171774,9787020171774,1,1,8.7,38069.0,,,search,2024-11-19 17:37:43,2024-11-19 17:37:43
2024-11,略萨谈博尔赫斯 : 与博尔赫斯在一起的半个世纪,9787020173686,9787020173686,1,1,7.7,1212.0,,,search,2024-11-19 12:37:15,2024-11-19 12:37:15
2024-11,心向原野,9787020175208,9787020175208,1,1,7.8,485.0,,,search,2024-11-22 10:14:32,2024-11-22 10:14:32
2024-11,音乐心理学,9787030658500,9787030658500,1,1,,,,,,2024-11-14 11:53:11,2024-11-14 11:53:11
2024-11,陈阅增普通生物学 ,9787040396317,9787040396317,1,1,,,,,,2024-11-13 15:59:34,2024-11-13 15:59:34
2024-11,文学批评导引 (第二版）,9787040401615,9787040401615,1,1,7.4,35.0,,,search,2024-11-18 16:27:52,2024-11-18 16:27:52
2024-11,语法修辞讲话,9787100092388,9787100092388,1,1,,,,,,2024-11-18 17:56:04,2024-11-18 17:56:04
2024-11,政治学 ,9787100131889,9787100131889,1,1,9.2,2701.0,,,search,2024-11-25 11:37:52,2024-11-25 11:37:52
2024-11,面包与自由 ,9787100132091,9787100132091,1,1,,,,,,2024-11-19 12:02:55,2024-11-19 12:02:55
2024-11,爱弥儿 .上卷,9787100132237,9787100132237,1,1,,,,,,2024-11-07 15:18:10,2024-11-07 15:18:10
2024-11,萨摩亚人的成年 ,9787100136112,9787100136112,1,1,,,,,,2024-11-15 08:39:40,2024-11-15 08:39:40
2024-11,罗伯斯庇尔与法国大革命 ,9787100166461,9787100166461,1,1,,,,,,2024-11-20 11:57:20,2024-11-20 11:57:20
2024-11,水与梦,9787100167765,9787100167765,1,1,7.8,90.0,,,search,2024-11-25 12:07:04,2024-11-25 12:07:04
2024-11,古埃及《亡灵书》,9787100182386,9787100182386,1,1,8.9,411.0,,,search,2024-11-26 11:49:55,2024-11-26 11:49:55
2024-11,微积分的计算：数理经济学与统计经济学辅助教程 ,9787100205900,9787100205900,1,1,,,,,,2024-11-06 15:43:41,2024-11-06 15:43:41
2024-11,三国演义. 上,9787101067316,9787101067316,1,1,9.5,3511.0,,,search,2024-11-20 12:01:09,2024-11-20 12:01:09
2024-11,鬼谷子,9787101083149,9787101083149,1,1,,,,,,2024-11-12 17:51:21,2024-11-12 17:51:21
2024-11,存在与虚无,9787108050984,9787108050984,1,1,9.0,1949.0,,,search,2024-11-20 12:00:54,2024-11-20 12:00:54
2024-11,凯恩斯 ,9787108065506,9787108065506,1,1,7.5,54.0,,,search,2024-11-12 10:49:47,2024-11-12 10:49:47
2024-11,罗素 ,9787108067081,9787108067081,1,1,,,,,,2024-11-22 07:49:37,2024-11-22 07:49:37
2024-11,世界上最简单的会计书 ,9787111442585,9787111442585,1,1,9.0,5450.0,,,search,2024-11-20 12:01:06,2024-11-20 12:01:06
2024-11,精神分析的技术与实践,9787111661665,9787111661665,1,1,8.8,132.0,,,search,2024-11-22 12:07:14,2024-11-22 12:07:14
2024-11,普林斯顿微积分读本,9787115435590,9787115435590,1,1,9.6,1619.0,,,search,2024-11-04 15:16:27,2024-11-04 15:16:27
2024-11,你在逃避什么,9787115587848,9787115587848,1,1,7.5,317.0,,,search,2024-11-20 08:24:56,2024-11-20 08:24:56
2024-11,克莱因壶,9787122346032,9787122346032,1,1,8.8,87804.0,,,search,2024-11-15 08:32:40,2024-11-15 08:32:40
2024-11,故事新编,9787201089560,9787201089560,1,1,9.3,6284.0,,,search,2024-11-15 11:42:59,2024-11-15 11:42:59
2024-11,悉达多,9787201112695,9787201112695,1,1,9.1,178623.0,,,search,2024-11-27 17:37:25,2024-11-27 17:37:25
2024-11,外婆的道歉信,9787201116693,9787201116693,1,1,8.1,47778.0,,,search,2024-11-13 12:00:43,2024-11-13 12:00:43
2024-11,窄门,9787201141527,9787201141527,1,1,7.4,63913.0,,,search,2024-11-07 17:54:31,2024-11-07 17:54:31
2024-11,天生有罪 ,9787201162638,9787201162638,1,1,8.8,920.0,,,search,2024-11-15 12:08:42,2024-11-15 12:08:42
2024-11,灿烂千阳,9787208072107,9787208072107,1,1,8.9,133999.0,,,search,2024-11-01 09:54:39,2024-11-01 09:54:39
2024-11,"大秦帝国·第三部, 金戈铁马. 上卷",9787208152472,9787208152472,1,1,,,,,,2024-11-07 15:17:56,2024-11-07 15:17:56
2024-11,叔本华思想随笔,9787208157415,9787208157415,1,1,8.5,119.0,,,search,2024-11-01 08:52:21,2024-11-01 08:52:21
2024-11,人性的枷锁 ,9787210082903,9787210082903,1,1,9.2,26355.0,,,search,2024-11-29 07:51:39,2024-11-29 07:51:39
2024-11,3年人类迁徙史,9787218155913,9787218155913,1,1,8.0,166.0,,,search,2024-11-21 07:29:29,2024-11-21 07:29:29
2024-11,千羽鹤.4,9787220128165,9787220128165,1,1,,,,,,2024-11-29 07:53:01,2024-11-29 07:53:01
2024-11,垃圾DNA ,9787229117498,9787229117498,1,1,8.4,132.0,,,search,2024-11-06 19:43:52,2024-11-06 19:43:52
2024-11,基因论,9787229168629,9787229168629,1,1,8.8,132.0,,,search,2024-11-11 14:58:45,2024-11-11 14:58:45
2024-11,财政学 ,9787300217543,9787300217543,1,1,,,,,,2024-11-20 11:54:46,2024-11-20 11:54:46
2024-11,力学,9787301094013,9787301094013,1,1,8.4,291.0,,,search,2024-11-29 11:51:57,2024-11-29 11:51:57
2024-11,医生与您细聊抑郁症,9787302614210,9787302614210,1,1,,,,,,2024-11-20 08:25:14,2024-11-20 08:25:14
2024-11,色情,9787305209062,9787305209062,1,1,,,,,,2024-11-26 14:08:32,2024-11-26 14:08:32
2024-11,基因开关,9787500170952,9787500170952,1,1,6.8,60.0,,,search,2024-11-04 10:58:50,2024-11-04 10:58:50
2024-11,戴维营三天,9787500171980,9787500171980,1,1,8.1,50.0,,,search,2024-11-19 11:50:55,2024-11-19 11:50:55
2024-11,新迁移,9787500172048,9787500172048,1,1,,,,,,2024-11-21 07:29:29,2024-11-21 07:29:29
2024-11,在希腊,9787500879701,9787500879701,1,1,6.6,28.0,,,search,2024-11-13 12:10:13,2024-11-13 12:10:13
2024-11,习近平新时代中国特色社会主义思想基本问题,9787503568770,9787503568770,1,1,,,,,,2024-11-27 12:05:49,2024-11-27 12:05:49
2024-11,拉丁美洲史,9787507551341,9787507551341,1,1,6.0,105.0,,,search,2024-11-22 13:43:31,2024-11-22 13:43:31
2024-11,透过佛法看世界:给寻找答案的人,9787508646978,9787508646978,1,1,,,,,,2024-11-01 07:40:55,2024-11-01 07:40:55
2024-11,心流:最优体验心理学,9787508675534,9787508675534,1,1,8.1,21866.0,,,search,2024-11-07 17:04:00,2024-11-07 17:04:00
2024-11,社交媒体简史：从莎草纸到互联网,9787508696980,9787508696980,1,1,7.5,1946.0,,,search,2024-11-11 13:30:41,2024-11-11 13:30:41
2024-11,东方快车谋杀案,9787513335270,9787513335270,1,1,9.1,5300.0,,,search,2024-11-13 12:32:37,2024-11-13 12:32:37
2024-11,大象的证词,9787513338134,9787513338134,1,1,7.1,18.0,,,search,2024-11-13 12:32:19,2024-11-13 12:32:19
2024-11,闪光的氰化物,9787513338189,9787513338189,1,1,,,,,,2024-11-13 12:32:27,2024-11-13 12:32:27
2024-11,夏日终曲,9787513598255,9787513598255,1,1,8.7,34055.0,,,search,2024-11-15 12:08:46,2024-11-15 12:08:46
2024-11,罗马元老院与人民：一部古罗马史,9787513922494,9787513922494,1,1,,,,,,2024-11-07 17:28:35,2024-11-07 17:28:35
2024-11,日本近代思想史,9787513938990,9787513938990,1,1,8.0,216.0,,,search,2024-11-11 14:48:26,2024-11-11 14:48:26
2024-11,我需要去看心理医生吗？,9787519283698,9787519283698,1,1,7.8,150.0,,,search,2024-11-20 08:24:50,2024-11-20 08:24:50
2024-11,心理治疗为什么有用,9787519299118,9787519299118,1,1,8.1,142.0,,,search,2024-11-22 12:07:20,2024-11-22 12:07:20
2024-11,武曌,9787520121521,9787520121521,1,1,7.1,1386.0,,,search,2024-11-07 12:54:24,2024-11-07 12:54:24
2024-11,牛津袖珍英汉双解词·第11版,9787521300628,9787521300628,1,1,,,,,,2024-11-05 10:46:26,2024-11-05 10:46:26
2024-11,叙事经济学 ,9787521715101,9787521715101,1,1,7.0,1305.0,,,search,2024-11-29 07:53:01,2024-11-29 07:53:01
2024-11,净化基因,9787521715118,9787521715118,1,1,7.1,22.0,,,search,2024-11-05 19:58:38,2024-11-05 19:58:38
2024-11,精英的傲慢,9787521731460,9787521731460,1,1,7.7,7757.0,,,search,2024-11-29 09:47:36,2024-11-29 09:47:36
2024-11,叶卡捷琳娜大帝与波将金 ：全2册.1,9787522813684,9787522813684,1,1,8.6,135.0,,,search,2024-11-14 12:28:00,2024-11-14 12:28:00
2024-11,叶卡捷琳娜大帝与波将金 ：全2册.2,9787522813684,9787522813684,1,1,8.6,135.0,,,search,2024-11-14 12:27:41,2024-11-14 12:27:41
2024-11,抑郁、焦虑和药物的那些事,9787522901213,9787522901213,1,1,7.5,100.0,,,search,2024-11-20 08:25:14,2024-11-20 08:25:14
2024-11,原野,9787530217306,9787530217306,1,1,8.5,1616.0,,,search,2024-11-07 17:06:03,2024-11-07 17:06:03
2024-11,红玫瑰与白玫瑰,9787530218617,9787530218617,1,1,9.0,13828.0,,,search,2024-11-26 11:07:06,2024-11-26 11:07:06
2024-11,在路上,9787532740260,9787532740260,1,1,7.8,51177.0,,,search,2024-11-15 08:40:31,2024-11-15 08:40:31
2024-11,香水,9787532745449,9787532745449,1,1,,,,,,2024-11-06 20:46:53,2024-11-06 20:46:53
2024-11,复活,9787532752409,9787532752409,1,1,8.7,951.0,,,search,2024-11-29 12:34:08,2024-11-29 12:34:08
2024-11,罪与罚,9787532752485,9787532752485,1,1,,,,,,2024-11-05 16:52:52,2024-11-05 16:52:52
2024-11,玻璃球游戏 ,9787532757039,9787532757039,1,1,8.9,2499.0,,,search,2024-11-19 12:03:11,2024-11-19 12:03:11
2024-11,海浪 ,9787532757459,9787532757459,1,1,9.1,9080.0,,,search,2024-11-01 11:07:51,2024-11-01 11:07:51
2024-11,存在主义是一种人道主义,9787532758012,9787532758012,1,1,8.4,15392.0,,,search,2024-11-25 12:09:14,2024-11-25 12:09:14
2024-11,局外人,9787532761760,9787532761760,1,1,9.1,83075.0,,,search,2024-11-13 12:00:47,2024-11-13 12:00:47
2024-11,空间的诗学,9787532761913,9787532761913,1,1,8.7,2142.0,,,search,2024-11-04 19:40:27,2024-11-04 19:40:27
2024-11,小径分岔的花园,9787532762897,9787532762897,1,1,8.9,56176.0,,,search,2024-11-26 09:26:18,2024-11-26 09:26:18
2024-11,银河系搭车客指南.1,9787532764655,9787532764655,1,1,,,,,,2024-11-07 16:38:41,2024-11-07 16:38:41
2024-11,仲夏之死,9787532764778,9787532764778,1,1,8.6,3968.0,,,search,2024-11-26 11:49:40,2024-11-26 11:49:40
2024-11,国境以南太阳以西,9787532765485,9787532765485,1,1,8.3,1977.0,,,search,2024-11-11 10:56:57,2024-11-11 10:56:57
2024-11,斯普特尼克恋人,9787532765515,9787532765515,1,1,8.1,1526.0,,,search,2024-11-12 07:21:16,2024-11-12 07:21:16
2024-11,阿莱夫,9787532773206,9787532773206,1,1,,,,,,2024-11-26 09:26:18,2024-11-26 09:26:18
2024-11,美丽新世界,9787532773404,9787532773404,1,1,,,,,,2024-11-19 12:09:34,2024-11-19 12:09:34
2024-11,都柏林人,9787532773442,9787532773442,1,1,,,,,,2024-11-05 20:33:38,2024-11-05 20:33:38
2024-11,纯真年代,9787532773459,9787532773459,1,1,8.3,1683.0,,,search,2024-11-05 16:03:32,2024-11-05 16:03:32
2024-11,牛虻,9787532778317,9787532778317,1,1,8.6,191.0,,,search,2024-11-05 16:03:39,2024-11-05 16:03:39
2024-11,纳博科夫文学讲稿三种·唐吉坷德讲稿,9787532778423,9787532778423,1,1,,,,,,2024-11-13 12:31:42,2024-11-13 12:31:42
2024-11,魔山. 上,9787532780525,9787532780525,1,1,,,,,,2024-11-19 12:03:20,2024-11-19 12:03:20
2024-11,魔山. 下,9787532780525,9787532780525,1,1,,,,,,2024-11-19 12:03:24,2024-11-19 12:03:24
2024-11,印度,9787532786992,9787532786992,1,1,8.1,48.0,,,search,2024-11-05 16:03:46,2024-11-05 16:03:46
2024-11,查拉图斯特拉如是说,9787532787067,9787532787067,1,1,8.2,216.0,,,search,2024-11-20 11:50:18,2024-11-20 11:50:18
2024-11,自卑与超越,9787533943257,9787533943257,1,1,,,,,,2024-11-12 10:52:48,2024-11-12 10:52:48
2024-11,马尾树,9787533961497,9787533961497,1,1,,,,,,2024-11-20 07:59:33,2024-11-20 07:59:33
2024-11,一个人的美食跑跑跑,9787535666031,9787535666031,1,1,8.6,1606.0,,,search,2024-11-05 20:26:18,2024-11-05 20:26:18
2024-11,四维旅行,9787535794437,9787535794437,1,1,8.2,74.0,,,search,2024-11-14 16:22:24,2024-11-14 16:22:24
2024-11,量子之谜,9787535795144,9787535795144,1,1,,,,,,2024-11-14 16:22:29,2024-11-14 16:22:29
2024-11,月亮和六便士,9787538754858,9787538754858,1,1,8.3,3612.0,,,search,2024-11-14 16:39:44,2024-11-14 16:39:44
2024-11,河边的错误,9787538755961,9787538755961,1,1,7.6,11525.0,,,search,2024-11-08 11:36:07,2024-11-08 11:36:07
2024-11,哈佛经济学笔记 ,9787539938608,9787539938608,1,1,7.2,828.0,,,search,2024-11-20 12:01:15,2024-11-20 12:01:15
2024-11,密室收藏家,9787539981635,9787539981635,1,1,7.3,13430.0,,,search,2024-11-15 08:31:19,2024-11-15 08:31:19
2024-11,"银河帝国.1,基地",9787539983295,9787539983295,1,1,,,,,,2024-11-25 12:20:36,2024-11-25 12:20:36
2024-11,巨人的陨落I,9787539989891,9787539989891,1,1,8.9,89121.0,,,search,2024-11-22 07:15:35,2024-11-22 07:15:35
2024-11,巨人的陨落II,9787539989891,9787539989891,1,1,8.9,89121.0,,,search,2024-11-27 07:44:14,2024-11-27 07:44:14
2024-11,契诃夫短篇小说集,9787540237004,9787540237004,1,1,9.1,297.0,,,search,2024-11-14 11:47:06,2024-11-14 11:47:06
2024-11,维特根斯坦的维也纳,9787540778903,9787540778903,1,1,,,,,,2024-11-07 11:38:15,2024-11-07 11:38:15
2024-11,东京八平米,9787542678652,9787542678652,1,1,8.4,50785.0,,,search,2024-11-18 17:04:57,2024-11-18 17:04:57
2024-11,礼拜二午睡时刻,9787544275606,9787544275606,1,1,7.9,13046.0,,,search,2024-11-11 17:57:01,2024-11-11 17:57:01
2024-11,毕业,9787544294126,9787544294126,1,1,7.2,9952.0,,,search,2024-11-15 08:28:32,2024-11-15 08:28:32
2024-11,侦探伽利略 ,9787544295369,9787544295369,1,1,7.0,3874.0,,,search,2024-11-26 11:49:27,2024-11-26 11:49:27
2024-11,夏天、烟火和我的尸体,9787544296274,9787544296274,1,1,7.2,55653.0,,,search,2024-11-07 17:54:45,2024-11-07 17:54:45
2024-11,霍乱时期的爱情,9787544297059,9787544297059,1,1,,,,,,2024-11-20 07:22:04,2024-11-20 07:22:04
2024-11,天黑以后,9787544299787,9787544299787,1,1,7.6,1275.0,,,search,2024-11-26 17:21:35,2024-11-26 17:21:35
2024-11,漫长的告别,9787544384636,9787544384636,1,1,8.2,36473.0,,,search,2024-11-08 15:51:27,2024-11-08 15:51:27
2024-11,生物群落概述 ,9787544516020,9787544516020,1,1,,,,,,2024-11-22 11:50:49,2024-11-22 11:50:49
2024-11,杀死一只知更鸟,9787544766500,9787544766500,1,1,9.3,88816.0,,,search,2024-11-14 11:53:23,2024-11-14 11:53:23
2024-11,查理一世,9787545562354,9787545562354,1,1,7.7,105.0,,,search,2024-11-01 08:08:59,2024-11-01 08:08:59
2024-11,鹿鼎记 .一,9787546213415,9787546213415,1,1,,,,,,2024-11-04 17:42:51,2024-11-04 17:42:51
2024-11,鹿鼎记 .三,9787546213415,9787546213415,1,1,,,,,,2024-11-07 11:10:36,2024-11-07 11:10:36
2024-11,哲学小史,9787547739617,9787547739617,1,1,7.9,1254.0,,,search,2024-11-07 15:25:00,2024-11-07 15:25:00
2024-11,音乐和数学：谜一般的关系,9787547855508,9787547855508,1,1,,,,,,2024-11-14 11:51:59,2024-11-14 11:51:59
2024-11,台北人,9787549559886,9787549559886,1,1,9.1,28646.0,,,search,2024-11-13 12:25:20,2024-11-13 12:25:20
2024-11,哲学家们都干了些什么,9787550242234,9787550242234,1,1,8.5,30322.0,,,search,2024-11-25 12:16:47,2024-11-25 12:16:47
2024-11,如何听爵士 ,9787550287327,9787550287327,1,1,8.5,1714.0,,,search,2024-11-14 11:51:27,2024-11-14 11:51:27
2024-11,一个人暖呼呼,9787550289215,9787550289215,1,1,8.1,353.0,,,search,2024-11-05 20:34:17,2024-11-05 20:34:17
2024-11,牛奶可乐经济学 2,9787550292512,9787550292512,1,1,6.7,246.0,,,search,2024-11-07 17:44:35,2024-11-07 17:44:35
2024-11,菜根谭,9787551816571,9787551816571,1,1,,,,,,2024-11-26 11:49:13,2024-11-26 11:49:13
2024-11,文学的读法,9787555026006,9787555026006,1,1,8.2,1431.0,,,search,2024-11-18 16:28:03,2024-11-18 16:28:03
2024-11,圣诞颂歌,9787558043901,9787558043901,1,1,8.2,1928.0,,,search,2024-11-13 09:00:17,2024-11-13 09:00:17
2024-11,遮蔽的天空,9787559418371,9787559418371,1,1,,,,,,2024-11-07 10:17:18,2024-11-07 10:17:18
2024-11,存在主义咖啡馆:自由、存在和杏子鸡尾酒,9787559610782,9787559610782,1,1,8.6,20484.0,,,search,2024-11-14 08:31:58,2024-11-14 08:31:58
2024-11,怀疑论者:理性看世界,9787559621436,9787559621436,1,1,7.8,21.0,,,search,2024-11-11 14:03:22,2024-11-11 14:03:22
2024-11,夏目漱石浮世与病榻,9787559640918,9787559640918,1,1,8.3,792.0,,,search,2024-11-15 12:08:35,2024-11-15 12:08:35
2024-11,经济学的著名寓言 : 市场失灵的神话,9787559803344,9787559803344,1,1,,,,,,2024-11-12 13:08:53,2024-11-12 13:08:53
2024-11,腓特烈大王 ,9787559831323,9787559831323,1,1,,,,,,2024-11-07 12:54:35,2024-11-07 12:54:35
2024-11,香水 : 气味的炼金术,9787559835352,9787559835352,1,1,,,,,,2024-11-07 09:25:26,2024-11-07 09:25:26
2024-11,维特根斯坦与《逻辑哲学论》,9787559851833,9787559851833,1,1,,,,,,2024-11-22 07:49:37,2024-11-22 07:49:37
2024-11,现代生命科学导论 ,9787561774588,9787561774588,1,1,,,,,,2024-11-22 11:50:53,2024-11-22 11:50:53
2024-11,流行病 ,9787568060134,9787568060134,1,1,8.4,40.0,,,search,2024-11-20 16:05:36,2024-11-20 16:05:36
2024-11,人世的真相,9787569520767,9787569520767,1,1,8.1,198.0,,,search,2024-11-29 07:51:46,2024-11-29 07:51:46
2024-11,我们为什么爱音乐 ,9787573902740,9787573902740,1,1,8.1,143.0,,,search,2024-11-14 11:51:36,2024-11-14 11:51:36
2024-11,文学批评入门,9787576004441,9787576004441,1,1,9.3,1256.0,,,search,2024-11-07 17:06:12,2024-11-07 17:06:12
2024-11,天蓝色的彼岸,9787801871527,9787801871527,1,1,8.6,19931.0,,,search,2024-11-13 17:36:29,2024-11-13 17:36:29
2024-11,国际文凭大学预科项目中文A课程文学术语手册,9789620440151,9789620440151,1,1,,,,,,2024-11-01 12:36:21,2024-11-01 12:36:21
2024-12,红与黑,9787201108186,9787201108186,2,2,8.6,11920.0,,,search,2024-12-06 11:51:27,2024-12-24 11:39:45
2024-12,Hans Christian Andersen's Fairy Tales,9780141329017,9780141329017,1,1,9.3,144222.0,,,search,2024-12-11 12:23:00,2024-12-11 12:23:00
2024-12,The Tree Book: The Inside Story of Our Greatest Species,9780241487556,9780241487556,1,1,,,,,,2024-12-12 17:51:20,2024-12-12 17:51:20
2024-12,Noise: A Flaw in Human Judgment,9780316266659,9780316266659,1,1,7.3,1769.0,,,search,2024-12-27 12:20:55,2024-12-27 12:20:55
2024-12,Before I Fall,9780340980903,9780340980903,1,1,6.8,9592.0,,,search,2024-12-09 11:46:24,2024-12-09 11:46:24
2024-12,Dune,9780441172719,9780441172719,1,1,8.2,749.0,,,search,2024-12-13 11:10:30,2024-12-13 11:10:30
2024-12,Signet Classics: Tales From Shakespeare,9780451530646,9780451530646,1,1,8.7,40.0,,,search,2024-12-04 17:00:10,2024-12-04 17:00:10
2024-12,INTRODUCTION TO TOPOLOGY,9780486663524,9780486663524,1,1,,,,,,2024-12-26 09:28:06,2024-12-26 09:28:06
2024-12,Bantam Classics：Jane Eyre,9780553211405,9780553211405,1,1,8.6,905.0,,,search,2024-12-16 16:56:51,2024-12-16 16:56:51
2024-12,Bantam Classics：King Lear,9780553212976,9780553212976,1,1,8.4,16.0,,,search,2024-12-16 16:56:44,2024-12-16 16:56:44
2024-12,The Complete Yes Prime Minister: The Diaries of ...,9780563207733,9780563207733,1,1,9.8,217.0,,,search,2024-12-10 12:13:25,2024-12-10 12:13:25
2024-12,All The Light We Cannot See,9781501173219,9781501173219,1,1,8.5,1533.0,,,search,2024-12-10 12:13:25,2024-12-10 12:13:25
2024-12,Word Cloud Classics: The Age Of Innocence,9781626860568,9781626860568,1,1,8.3,1683.0,,,search,2024-12-24 07:25:34,2024-12-24 07:25:34
2024-12,Alma Classics:Tales of Horror,9781847496096,9781847496096,1,1,,,,,,2024-12-27 12:20:45,2024-12-27 12:20:45
2024-12,Dadaism,9783836505628,9783836505628,1,1,,,,,,2024-12-10 12:14:40,2024-12-10 12:14:40
2024-12,Lichtenstein,9783836532075,9783836532075,1,1,9.6,24.0,,,search,2024-12-10 12:14:40,2024-12-10 12:14:40
2024-12,GAUGUIN,9783836532235,9783836532235,1,1,,,,,,2024-12-23 18:12:17,2024-12-23 18:12:17
2024-12,Duchamp,9783836534321,9783836534321,1,1,9.3,13.0,,,search,2024-12-10 12:14:40,2024-12-10 12:14:40
2024-12,契科夫短篇小说精选,9787020138074,9787020138074,1,1,8.8,54.0,,,search,2024-12-06 13:38:51,2024-12-06 13:38:51
2024-12,浮士德,9787020151028,9787020151028,1,1,8.8,204.0,,,search,2024-12-23 18:08:38,2024-12-23 18:08:38
2024-12,"做中学电子电路, 电路基础 ",9787030596451,9787030596451,1,1,,,,,,2024-12-27 13:24:39,2024-12-27 13:24:39
2024-12,美国史. 上册,9787100056748,9787100056748,1,1,,,,,,2024-12-20 14:16:54,2024-12-20 14:16:54
2024-12,爱弥儿 .下卷,9787100132237,9787100132237,1,1,,,,,,2024-12-06 12:21:48,2024-12-06 12:21:48
2024-12,火的精神分析,9787100167789,9787100167789,1,1,7.7,104.0,,,search,2024-12-20 08:48:52,2024-12-20 08:48:52
2024-12,斯宾诺莎与表现问题,9787100168984,9787100168984,1,1,9.6,235.0,,,search,2024-12-25 12:26:21,2024-12-25 12:26:21
2024-12,爱伦·坡短篇小说全集. 下,9787100202084,9787100202084,1,1,9.2,628.0,,,search,2024-12-27 11:38:55,2024-12-27 11:38:55
2024-12,印度六派哲学,9787100208680,9787100208680,1,1,9.1,24.0,,,search,2024-12-19 17:09:45,2024-12-19 17:09:45
2024-12,机器学习实战 : 基于Scikit-Learn、Keras和TensorFlow,9787111665977,9787111665977,1,1,9.5,433.0,,,search,2024-12-10 14:59:51,2024-12-10 14:59:51
2024-12,建筑师的1堂必修课,9787111711544,9787111711544,1,1,8.0,21.0,,,search,2024-12-20 13:11:00,2024-12-20 13:11:00
2024-12,设计的细节 : 日本经典设计透析,9787115434500,9787115434500,1,1,,,,,,2024-12-19 13:38:29,2024-12-19 13:38:29
2024-12,深度学习 ,9787115461476,9787115461476,1,1,8.4,1477.0,,,search,2024-12-06 12:29:17,2024-12-06 12:29:17
2024-12,运动营养全书：全彩图解版,9787115535276,9787115535276,1,1,,,,,,2024-12-27 15:51:45,2024-12-27 15:51:45
2024-12,克莱因壶,9787122346032,9787122346032,1,1,8.8,87804.0,,,search,2024-12-16 14:22:15,2024-12-16 14:22:15
2024-12,窄门,9787201141527,9787201141527,1,1,7.4,63913.0,,,search,2024-12-05 18:03:58,2024-12-05 18:03:58
2024-12,"大秦帝国·第三部, 金戈铁马. 下卷",9787208152472,9787208152472,1,1,,,,,,2024-12-02 10:31:11,2024-12-02 10:31:11
2024-12,"大秦帝国·第四部, 阳谋春秋. 上卷",9787208152472,9787208152472,1,1,,,,,,2024-12-16 12:08:23,2024-12-16 12:08:23
2024-12,"大秦帝国·第四部, 阳谋春秋. 下卷",9787208152472,9787208152472,1,1,,,,,,2024-12-26 11:27:09,2024-12-26 11:27:09
2024-12,一个女人的故事,9787208178311,9787208178311,1,1,9.0,24562.0,,,search,2024-12-06 10:01:31,2024-12-06 10:01:31
2024-12,情节与历史叙事,9787208178755,9787208178755,1,1,8.3,90.0,,,search,2024-12-24 11:56:20,2024-12-24 11:56:20
2024-12,人人都该懂的工程学,9787213096471,9787213096471,1,1,6.3,188.0,,,search,2024-12-20 13:11:00,2024-12-20 13:11:00
2024-12,落叶,9787229143022,9787229143022,1,1,,,,,,2024-12-05 16:18:46,2024-12-05 16:18:46
2024-12,饥饿的盛世 : 乾隆时代的得与失,9787229167127,9787229167127,1,1,,,,,,2024-12-23 09:49:27,2024-12-23 09:49:27
2024-12,博弈与社会,9787301218211,9787301218211,1,1,8.8,1604.0,,,search,2024-12-17 08:28:50,2024-12-17 08:28:50
2024-12,宗教社会学,9787301262788,9787301262788,1,1,7.7,52.0,,,search,2024-12-09 09:39:33,2024-12-09 09:39:33
2024-12,从零开始读懂物理学,9787301333686,9787301333686,1,1,8.7,27.0,,,search,2024-12-20 13:11:00,2024-12-20 13:11:00
2024-12,社会学基本概念,9787301344477,9787301344477,1,1,9.2,171.0,,,search,2024-12-18 14:48:15,2024-12-18 14:48:15
2024-12,应用STATA做统计分析 : 更新至STATA12 : 原书第8版,9787302466659,9787302466659,1,1,8.6,40.0,,,search,2024-12-06 14:36:47,2024-12-06 14:36:47
2024-12,机器学习：原理、算法与应用,9787302532347,9787302532347,1,1,8.6,3830.0,,,search,2024-12-09 15:48:49,2024-12-09 15:48:49
2024-12,像我们一样疯狂,9787303207695,9787303207695,1,1,8.8,1716.0,,,search,2024-12-23 17:46:07,2024-12-23 17:46:07
2024-12,中国哲学如何登场 ,9787305242632,9787305242632,1,1,8.8,75.0,,,search,2024-12-25 12:26:04,2024-12-25 12:26:04
2024-12,真实幸福的形而上学,9787305261527,9787305261527,1,1,7.9,356.0,,,search,2024-12-25 12:25:56,2024-12-25 12:25:56
2024-12,丽达与天鹅 : 叶芝诗歌新译详注,9787307224520,9787307224520,1,1,8.7,179.0,,,search,2024-12-09 16:24:17,2024-12-09 16:24:17
2024-12,哈利·波特与历史,9787500170969,9787500170969,1,1,7.2,624.0,,,search,2024-12-02 09:21:57,2024-12-02 09:21:57
2024-12,拿起就放不下的经济学,9787502854911,9787502854911,1,1,,,,,,2024-12-12 08:58:06,2024-12-12 08:58:06
2024-12,量子经济学,9787504699268,9787504699268,1,1,,,,,,2024-12-03 07:51:39,2024-12-03 07:51:39
2024-12,爱的设计,9787508090108,9787508090108,1,1,9.4,260.0,,,search,2024-12-05 16:18:55,2024-12-05 16:18:55
2024-12,"思考,快与慢",9787508633558,9787508633558,1,1,8.0,25044.0,,,search,2024-12-10 12:08:15,2024-12-10 12:08:15
2024-12,丹麦人为什么幸福,9787508674346,9787508674346,1,1,7.1,2931.0,,,search,2024-12-02 12:49:46,2024-12-02 12:49:46
2024-12,"怪诞行为学. 3, 非理性的你",9787508680972,9787508680972,1,1,5.9,422.0,,,search,2024-12-12 08:58:06,2024-12-12 08:58:06
2024-12,"怪诞行为学. 4, 诚实的真相",9787508681481,9787508681481,1,1,6.7,398.0,,,search,2024-12-17 08:28:50,2024-12-17 08:28:50
2024-12,峰会:影响2世纪的六场元首会谈,9787508681832,9787508681832,1,1,8.3,257.0,,,search,2024-12-26 11:49:42,2024-12-26 11:49:42
2024-12,古典欧洲的诞生：从特洛伊到奥古斯丁,9787508694375,9787508694375,1,1,7.5,1953.0,,,search,2024-12-03 17:12:25,2024-12-03 17:12:25
2024-12,人类的进击 ,9787508699165,9787508699165,1,1,7.1,22.0,,,search,2024-12-02 11:35:53,2024-12-02 11:35:53
2024-12,第三个女郎,9787513321259,9787513321259,1,1,6.6,2286.0,,,search,2024-12-18 17:11:26,2024-12-18 17:11:26
2024-12,叩开免疫之门 ,9787513580878,9787513580878,1,1,8.2,34.0,,,search,2024-12-02 11:25:29,2024-12-02 11:25:29
2024-12,罗马元老院与人民：一部古罗马史,9787513922494,9787513922494,1,1,,,,,,2024-12-13 08:40:24,2024-12-13 08:40:24
2024-12,王座上的幽灵,9787520191999,9787520191999,1,1,9.2,754.0,,,search,2024-12-11 12:23:39,2024-12-11 12:23:39
2024-12,剧变 ,9787521712032,9787521712032,1,1,7.8,3607.0,,,search,2024-12-23 09:49:27,2024-12-23 09:49:27
2024-12,谁动了我的奶酪?,9787521714586,9787521714586,1,1,,,,,,2024-12-09 16:14:48,2024-12-09 16:14:48
2024-12,道德动物,9787521743630,9787521743630,1,1,,,,,,2024-12-02 10:43:34,2024-12-02 10:43:34
2024-12,如何从头开始做一个苹果派,9787521743951,9787521743951,1,1,8.9,73.0,,,search,2024-12-03 16:34:48,2024-12-03 16:34:48
2024-12,惶然录,9787532172092,9787532172092,1,1,9.0,7613.0,,,search,2024-12-23 09:58:35,2024-12-23 09:58:35
2024-12,火星俱乐部,9787532178995,9787532178995,1,1,7.4,93.0,,,search,2024-12-11 12:22:37,2024-12-11 12:22:37
2024-12,神曲,9787532752522,9787532752522,1,1,8.1,555.0,,,search,2024-12-23 18:08:49,2024-12-23 18:08:49
2024-12,想象,9787532764082,9787532764082,1,1,7.1,305.0,,,search,2024-12-24 11:56:16,2024-12-24 11:56:16
2024-12,银河系搭车客指南.2,9787532764655,9787532764655,1,1,,,,,,2024-12-18 17:33:50,2024-12-18 17:33:50
2024-12,不能承受的生命之轻,9787532766635,9787532766635,1,1,9.1,17069.0,,,search,2024-12-13 12:37:57,2024-12-13 12:37:57
2024-12,权力意志与永恒轮回,9787532772360,9787532772360,1,1,8.6,557.0,,,search,2024-12-20 08:48:58,2024-12-20 08:48:58
2024-12,美丽新世界,9787532773404,9787532773404,1,1,,,,,,2024-12-24 11:39:39,2024-12-24 11:39:39
2024-12,西西弗神话:散论荒诞,9787532775859,9787532775859,1,1,,,,,,2024-12-05 16:18:51,2024-12-05 16:18:51
2024-12,爱的艺术 ,9787532779901,9787532779901,1,1,7.9,6003.0,,,search,2024-12-09 15:39:11,2024-12-09 15:39:11
2024-12,洛丽塔,9787532780686,9787532780686,1,1,7.9,1775.0,,,search,2024-12-16 12:41:58,2024-12-16 12:41:58
2024-12,微暗的火,9787532780693,9787532780693,1,1,8.6,998.0,,,search,2024-12-23 10:12:49,2024-12-23 10:12:49
2024-12,推销员之死,9787532783038,9787532783038,1,1,,,,,,2024-12-11 12:19:03,2024-12-11 12:19:03
2024-12,总结：毛姆创作生涯回忆录,9787532785520,9787532785520,1,1,8.8,332.0,,,search,2024-12-23 18:08:56,2024-12-23 18:08:56
2024-12,契诃夫传,9787532788347,9787532788347,1,1,8.3,111.0,,,search,2024-12-02 09:57:39,2024-12-02 09:57:39
2024-12,现代生活的画像：马奈及其追随者艺术中的巴黎,9787534459030,9787534459030,1,1,8.7,340.0,,,search,2024-12-17 17:50:36,2024-12-17 17:50:36
2024-12,料理图鉴,9787535676238,9787535676238,1,1,8.3,1521.0,,,search,2024-12-19 13:38:20,2024-12-19 13:38:20
2024-12,如何解读中世纪艺术,9787535691828,9787535691828,1,1,8.5,470.0,,,search,2024-12-09 12:02:08,2024-12-09 12:02:08
2024-12,鲁迅全集·第一卷,9787536094239,9787536094239,1,1,,,,,,2024-12-11 12:11:58,2024-12-11 12:11:58
2024-12,密室收藏家,9787539981635,9787539981635,1,1,7.3,13430.0,,,search,2024-12-16 14:22:10,2024-12-16 14:22:10
2024-12,巨人的陨落III,9787539989891,9787539989891,1,1,8.9,89121.0,,,search,2024-12-20 13:11:00,2024-12-20 13:11:00
2024-12,我与地坛:插图版,9787540478087,9787540478087,1,1,9.1,5322.0,,,search,2024-12-05 16:31:32,2024-12-05 16:31:32
2024-12,日本之镜,9787542662019,9787542662019,1,1,7.6,2331.0,,,search,2024-12-18 17:19:32,2024-12-18 17:19:32
2024-12,如何成为幸福的有钱人,9787542673831,9787542673831,1,1,8.2,327.0,,,search,2024-12-19 13:36:10,2024-12-19 13:36:10
2024-12,希望之线,9787544262705,9787544262705,1,1,7.6,12129.0,,,search,2024-12-02 09:21:37,2024-12-02 09:21:37
2024-12,彷徨之刃,9787544276207,9787544276207,1,1,7.9,18088.0,,,search,2024-12-16 14:30:26,2024-12-16 14:30:26
2024-12,平面犬,9787544281232,9787544281232,1,1,7.8,2939.0,,,search,2024-12-09 15:39:04,2024-12-09 15:39:04
2024-12,经济用语图鉴,9787544298841,9787544298841,1,1,,,,,,2024-12-19 13:36:04,2024-12-19 13:36:04
2024-12,政治的历史与边界 ,9787544729826,9787544729826,1,1,8.1,651.0,,,search,2024-12-20 15:02:03,2024-12-20 15:02:03
2024-12,政治哲学与幸福根基,9787544732819,9787544732819,1,1,8.3,1010.0,,,search,2024-12-20 15:01:53,2024-12-20 15:01:53
2024-12,望春风,9787544762588,9787544762588,1,1,8.2,8993.0,,,search,2024-12-09 17:05:14,2024-12-09 17:05:14
2024-12,猎人笔记,9787544775809,9787544775809,1,1,8.9,2196.0,,,search,2024-12-09 16:24:12,2024-12-09 16:24:12
2024-12,剑桥艺术史·上,9787544792028,9787544792028,1,1,8.6,169.0,,,search,2024-12-05 18:05:00,2024-12-05 18:05:00
2024-12,厌女,9787545219753,9787545219753,1,1,9.0,19865.0,,,search,2024-12-18 17:19:32,2024-12-18 17:19:32
2024-12,这就是社会学,9787545477283,9787545477283,1,1,,,,,,2024-12-17 10:23:05,2024-12-17 10:23:05
2024-12,百鬼夜行 : 全画集,9787547048290,9787547048290,1,1,7.0,178.0,,,search,2024-12-09 12:01:43,2024-12-09 12:01:43
2024-12,无神话，不艺术！,9787547743270,9787547743270,1,1,7.5,142.0,,,search,2024-12-10 10:19:30,2024-12-10 10:19:30
2024-12,看见,9787549529322,9787549529322,1,1,9.6,466.0,,,search,2024-12-10 12:09:54,2024-12-10 12:09:54
2024-12,树犹如此,9787549563517,9787549563517,1,1,8.7,3377.0,,,search,2024-12-10 12:09:10,2024-12-10 12:09:10
2024-12,新艺术的自然与曲线,9787552029864,9787552029864,1,1,8.5,35.0,,,search,2024-12-09 12:01:55,2024-12-09 12:01:55
2024-12,想呀想呀想不停,9787555024941,9787555024941,1,1,7.5,1801.0,,,search,2024-12-02 09:17:15,2024-12-02 09:17:15
2024-12,五号屠场,9787555913139,9787555913139,1,1,8.5,10687.0,,,search,2024-12-17 16:54:02,2024-12-17 16:54:02
2024-12,以罗马之名 : 缔造罗马伟业的将军们,9787557021559,9787557021559,1,1,7.8,155.0,,,search,2024-12-04 17:40:06,2024-12-04 17:40:06
2024-12,做一杯美味咖啡,9787559203908,9787559203908,1,1,6.9,21.0,,,search,2024-12-19 13:38:25,2024-12-19 13:38:25
2024-12,基因社会,9787559407290,9787559407290,1,1,7.7,518.0,,,search,2024-12-09 11:42:56,2024-12-09 11:42:56
2024-12,本书书名无法描述本书内容昂:精装珍藏版,9787559614315,9787559614315,1,1,6.9,388.0,,,search,2024-12-11 11:43:59,2024-12-11 11:43:59
2024-12,拉斐尔：柔美与和谐,9787559631282,9787559631282,1,1,9.1,223.0,,,search,2024-12-10 10:19:47,2024-12-10 10:19:47
2024-12,波提切利：优雅栖身,9787559631299,9787559631299,1,1,8.6,243.0,,,search,2024-12-10 10:20:32,2024-12-10 10:20:32
2024-12,穆夏：新艺术大师,9787559633620,9787559633620,1,1,8.7,440.0,,,search,2024-12-10 10:20:57,2024-12-10 10:20:57
2024-12,克里姆特：变形的真实,9787559637222,9787559637222,1,1,8.6,299.0,,,search,2024-12-10 10:20:46,2024-12-10 10:20:46
2024-12,晓寺,9787559646859,9787559646859,1,1,8.4,508.0,,,search,2024-12-03 16:31:32,2024-12-03 16:31:32
2024-12,不安之书,9787559656797,9787559656797,1,1,8.9,875.0,,,search,2024-12-23 09:58:35,2024-12-23 09:58:35
2024-12,叔凡说法 一看就懂的法律常识,9787559657015,9787559657015,1,1,7.4,152.0,,,search,2024-12-19 13:36:16,2024-12-19 13:36:16
2024-12,存在与时间,9787559814487,9787559814487,1,1,9.4,977.0,,,search,2024-12-05 16:18:40,2024-12-05 16:18:40
2024-12,万物归一,9787559823168,9787559823168,1,1,7.8,231.0,,,search,2024-12-27 12:37:57,2024-12-27 12:37:57
2024-12,界限之书,9787559840943,9787559840943,1,1,8.5,61.0,,,search,2024-12-20 08:49:10,2024-12-20 08:49:10
2024-12,生命中那些重要的事,9787559857538,9787559857538,1,1,7.0,64.0,,,search,2024-12-02 12:49:29,2024-12-02 12:49:29
2024-12,宏观经济数据分析手册,9787564237820,9787564237820,1,1,9.0,602.0,,,search,2024-12-18 07:45:18,2024-12-18 07:45:18
2024-12,美术与世界,9787569323924,9787569323924,1,1,,,,,,2024-12-17 17:50:36,2024-12-17 17:50:36
2024-12,直到时间的尽头,9787573008459,9787573008459,1,1,8.5,1284.0,,,search,2024-12-03 16:35:09,2024-12-03 16:35:09
2024-12,國際文憑大學預科項目中文A語言與文學課程學習指導——文学卷(简体版),9789620433641,9789620433641,1,1,,,,,,2024-12-26 09:28:06,2024-12-26 09:28:06
2024-12,IBDP中文A文学课程试卷(1)7分范文点评,9789620437946,9789620437946,1,1,,,,,,2024-12-26 09:28:06,2024-12-26 09:28:06
2025-01,女书规范字书法字帖,9787302467052,9787302467052,2,2,9.4,41.0,,,search,2025-01-09 19:08:15,2025-01-10 10:26:44
2025-01,图解行为经济学中的思维陷阱,9787504699879,9787504699879,2,2,7.6,17.0,,,search,2025-01-09 10:57:15,2025-01-09 10:58:17
2025-01,"思考,快与慢",9787508633558,9787508633558,2,2,8.0,25044.0,,,search,2025-01-09 10:58:55,2025-01-10 14:30:01
2025-01,日军“慰安妇”研究,9787512636217,9787512636217,2,2,9.1,83.0,,,search,2025-01-09 18:11:16,2025-01-10 11:19:41
2025-01,制造东京,9787521733266,9787521733266,2,2,7.8,141.0,,,search,2025-01-06 20:10:13,2025-01-09 17:13:27
2025-01,叶卡捷琳娜大帝与波将金 ：全2册.1,9787522813684,9787522813684,2,2,8.6,135.0,,,search,2025-01-09 18:11:16,2025-01-10 10:26:55
2025-01,叶卡捷琳娜大帝与波将金 ：全2册.2,9787522813684,9787522813684,2,2,8.6,135.0,,,search,2025-01-09 18:11:16,2025-01-10 10:27:04
2025-01,厌女简史 ：世界上最古老的偏见,9787559676016,9787559676016,2,2,8.9,443.0,,,search,2025-01-09 19:08:15,2025-01-10 10:27:17
2025-01,第三帝国,9787570210817,9787570210817,2,2,9.4,5606.0,,,search,2025-01-09 19:08:15,2025-01-10 10:27:40
2025-01,"A tree grows in Brooklyn, : a novel",9780060736262,9780060736262,1,1,9.0,451.0,,,search,2025-01-09 11:49:21,2025-01-09 11:49:21
2025-01,The woman in white,9780141389431,9780141389431,1,1,,,,,,2025-01-09 17:13:39,2025-01-09 17:13:39
2025-01,Languages: A Very Short Introduction,9780199590599,9780199590599,1,1,6.9,18.0,,,search,2025-01-10 12:46:24,2025-01-10 12:46:24
2025-01,Knowledge: A Very Short Introduction,9780199661268,9780199661268,1,1,8.8,86.0,,,search,2025-01-10 12:46:24,2025-01-10 12:46:24
2025-01,The Philosophy of Law: A Very Short Introduction,9780199687008,9780199687008,1,1,,,,,,2025-01-09 07:24:53,2025-01-09 07:24:53
2025-01,DK-Big Ideas：The Crime Book,9780241298961,9780241298961,1,1,6.7,175.0,,,search,2025-01-10 12:34:09,2025-01-10 12:34:09
2025-01,DK-Big Ideas：The Law Book,9780241410196,9780241410196,1,1,8.6,20.0,,,search,2025-01-09 07:25:12,2025-01-09 07:25:12
2025-01,The Masque of the Red Death,9780241573754,9780241573754,1,1,,,,,,2025-01-08 14:44:31,2025-01-08 14:44:31
2025-01,Art : the definitive visual history,9780241629031,9780241629031,1,1,8.1,986.0,,,search,2025-01-03 12:28:57,2025-01-03 12:28:57
2025-01,The fellowship of the ring : being the first part of The lord of the rings,9780261103573,9780261103573,1,1,9.8,51.0,,,search,2025-01-10 09:54:24,2025-01-10 09:54:24
2025-01,Advice for a Young Investigator,9780262681506,9780262681506,1,1,8.5,482.0,,,search,2025-01-10 12:46:24,2025-01-10 12:46:24
2025-01,"The hobbit, or, There and back again",9780345339683,9780345339683,1,1,8.8,108.0,,,search,2025-01-10 14:14:32,2025-01-10 14:14:32
2025-01,"Surely You’re Joking,Mr. Feynman!",9780393355628,9780393355628,1,1,9.2,917.0,,,search,2025-01-10 11:57:47,2025-01-10 11:57:47
2025-01,Line By Line: How To Edit Your Own Writing,9780395393918,9780395393918,1,1,8.9,32.0,,,search,2025-01-09 17:13:34,2025-01-09 17:13:34
2025-01,Lord of the Flies,9780399533372,9780399533372,1,1,8.4,416.0,,,search,2025-01-10 14:43:51,2025-01-10 14:43:51
2025-01,Signet Classics: Black Beauty,9780451531742,9780451531742,1,1,8.2,1405.0,,,search,2025-01-09 16:24:16,2025-01-09 16:24:16
2025-01,Just Six Numbers: The Deep Forces That Shape the Universe,9780465036738,9780465036738,1,1,,,,,,2025-01-10 12:46:24,2025-01-10 12:46:24
2025-01,The O. Henry Prize Stories 1th Anniversary Edition (219),9780525565536,9780525565536,1,1,,,,,,2025-01-09 08:06:32,2025-01-09 08:06:32
2025-01,Siddhartha,9780553208849,9780553208849,1,1,9.0,767.0,,,search,2025-01-10 09:57:25,2025-01-10 09:57:25
2025-01,The Gods Themselves,9780553288100,9780553288100,1,1,9.0,855.0,,,search,2025-01-09 15:44:05,2025-01-09 15:44:05
2025-01,Foundations Edge,9780553293388,9780553293388,1,1,8.8,109.0,,,search,2025-01-09 15:43:48,2025-01-09 15:43:48
2025-01,Never let me go,9780571258093,9780571258093,1,1,8.8,21917.0,,,search,2025-01-10 14:43:43,2025-01-10 14:43:43
2025-01,Dreams of a Final Theory: The Scientists Search for the Ultimate Laws of Nature,9780679744085,9780679744085,1,1,8.8,15.0,,,search,2025-01-10 12:46:24,2025-01-10 12:46:24
2025-01,A Tale of Two Cities,9780785839835,9780785839835,1,1,9.1,10024.0,,,search,2025-01-07 07:30:45,2025-01-07 07:30:45
2025-01,Cambridge International AS &amp; A Level Further Mathematics Worked Solutions Manual with Cambridge Elevate Edition,9781108770187,9781108770187,1,1,,,,,,2025-01-08 17:31:41,2025-01-08 17:31:41
2025-01,Philosophy 101,9781440567674,9781440567674,1,1,7.3,22.0,,,search,2025-01-10 13:54:00,2025-01-10 13:54:00
2025-01,Grammar 101,9781507203590,9781507203590,1,1,,,,,,2025-01-10 12:34:32,2025-01-10 12:34:32
2025-01,cambridge as & a level further math 1 student's book,9781510421783,9781510421783,1,1,,,,,,2025-01-08 17:31:53,2025-01-08 17:31:53
2025-01,cambridge as & a level further math 2 student's book,9781510421790,9781510421790,1,1,,,,,,2025-01-08 17:31:53,2025-01-08 17:31:53
2025-01,Further Mathematics further mechanics,9781510421806,9781510421806,1,1,,,,,,2025-01-08 17:31:53,2025-01-08 17:31:53
2025-01,Further Mathematics further prob and stats,9781510421813,9781510421813,1,1,,,,,,2025-01-08 17:31:41,2025-01-08 17:31:41
2025-01,Lost in translation : an illustrated compendium of untranslatable words from around the world,9781607747109,9781607747109,1,1,8.9,135.0,,,search,2025-01-10 12:34:25,2025-01-10 12:34:25
2025-01,I Know This to Be True: Ruth Bader Ginsburg ( I Know This to Be True ),9781797200163,9781797200163,1,1,,,,,,2025-01-09 07:25:01,2025-01-09 07:25:01
2025-01,Breaking dawn,9781907410512,9781907410512,1,1,8.1,1012.0,,,search,2025-01-06 15:41:02,2025-01-06 15:41:02
2025-01,"Do It Today: Overcome Procrastination, Improve Productivity, and Achieve More Meaningful Things",9781983184529,9781983184529,1,1,,,,,,2025-01-09 15:43:59,2025-01-09 15:43:59
2025-01,Normal people : a novel,9781984822185,9781984822185,1,1,8.2,5801.0,,,search,2025-01-07 20:25:08,2025-01-07 20:25:08
2025-01,达·芬奇密码,9787020126132,9787020126132,1,1,,,,,,2025-01-09 13:10:11,2025-01-09 13:10:11
2025-01,额尔古纳河右岸 ,9787020139590,9787020139590,1,1,,,,,,2025-01-08 15:32:54,2025-01-08 15:32:54
2025-01,"做中学电子电路, 电路基础 ",9787030596451,9787030596451,1,1,,,,,,2025-01-02 18:43:47,2025-01-02 18:43:47
2025-01,神经科学原理. 第5版. 下册,9787111430810,9787111430810,1,1,9.6,135.0,,,search,2025-01-08 07:17:59,2025-01-08 07:17:59
2025-01,不可不知的36种电子元器件,9787115440969,9787115440969,1,1,,,,,,2025-01-02 18:43:47,2025-01-02 18:43:47
2025-01,大学之路 : 陪女儿在美国选大学. 上册,9787115470294,9787115470294,1,1,8.8,1207.0,,,search,2025-01-10 10:35:05,2025-01-10 10:35:05
2025-01,悲伤即成长,9787115598561,9787115598561,1,1,7.1,90.0,,,search,2025-01-10 14:44:19,2025-01-10 14:44:19
2025-01,经济学的世界 ,9787121367113,9787121367113,1,1,,,,,,2025-01-09 10:57:15,2025-01-09 10:57:15
2025-01,孤独力 ,9787201140070,9787201140070,1,1,7.6,480.0,,,search,2025-01-10 14:44:19,2025-01-10 14:44:19
2025-01,"大秦帝国·第五部, 铁血文明. 上卷",9787208152472,9787208152472,1,1,,,,,,2025-01-06 07:23:26,2025-01-06 07:23:26
2025-01,精准表达,9787210104339,9787210104339,1,1,7.6,1622.0,,,search,2025-01-10 11:30:07,2025-01-10 11:30:07
2025-01,牛奶可乐经济学 4,9787213094842,9787213094842,1,1,6.3,97.0,,,search,2025-01-07 11:34:13,2025-01-07 11:34:13
2025-01,导演课,9787221172310,9787221172310,1,1,8.6,170.0,,,search,2025-01-09 17:50:21,2025-01-09 17:50:21
2025-01,血与火 : 坦格利安王朝史. 第一卷 ,9787229145781,9787229145781,1,1,,,,,,2025-01-10 11:49:41,2025-01-10 11:49:41
2025-01,力学,9787301094013,9787301094013,1,1,8.4,291.0,,,search,2025-01-10 09:54:17,2025-01-10 09:54:17
2025-01,布拉格：黑色与金色之城,9787301311929,9787301311929,1,1,6.6,49.0,,,search,2025-01-03 11:31:27,2025-01-03 11:31:27
2025-01,戴维营三天,9787500171980,9787500171980,1,1,8.1,50.0,,,search,2025-01-08 15:33:01,2025-01-08 15:33:01
2025-01,在希腊,9787500879701,9787500879701,1,1,6.6,28.0,,,search,2025-01-08 16:23:16,2025-01-08 16:23:16
2025-01,九三年 ,9787505729117,9787505729117,1,1,9.1,175.0,,,search,2025-01-09 15:26:46,2025-01-09 15:26:46
2025-01,当下的力量:白金版,9787508661766,9787508661766,1,1,8.5,11507.0,,,search,2025-01-10 11:30:18,2025-01-10 11:30:18
2025-01,小岛经济学,9787508672960,9787508672960,1,1,8.0,11555.0,,,search,2025-01-07 11:34:13,2025-01-07 11:34:13
2025-01,怪诞行为学,9787508680965,9787508680965,1,1,7.9,6497.0,,,search,2025-01-09 10:57:15,2025-01-09 10:57:15
2025-01,"怪诞行为学. 2, 非理性的积极力量",9787508681436,9787508681436,1,1,7.4,674.0,,,search,2025-01-07 11:34:13,2025-01-07 11:34:13
2025-01,地狱之行:1914-1949,9787508683003,9787508683003,1,1,9.0,1656.0,,,search,2025-01-06 18:55:45,2025-01-06 18:55:45
2025-01,体内火焰,9787509016114,9787509016114,1,1,7.1,933.0,,,search,2025-01-07 16:37:01,2025-01-07 16:37:01
2025-01,"我是谁?如果有我,有几个我?",9787509775899,9787509775899,1,1,7.8,1027.0,,,search,2025-01-10 12:53:14,2025-01-10 12:53:14
2025-01,谁动了我的奶酪．2，走出迷宫,9787521711400,9787521711400,1,1,,,,,,2025-01-10 14:44:19,2025-01-10 14:44:19
2025-01,"怪诞行为学. 6, 非凡的决定",9787521711981,9787521711981,1,1,6.6,308.0,,,search,2025-01-09 10:58:49,2025-01-09 10:58:49
2025-01,谁动了我的奶酪?,9787521714586,9787521714586,1,1,,,,,,2025-01-10 14:44:19,2025-01-10 14:44:19
2025-01,战争中没有女性,9787521717808,9787521717808,1,1,9.2,4578.0,,,search,2025-01-10 11:16:07,2025-01-10 11:16:07
2025-01,器官之书,9787522803012,9787522803012,1,1,7.5,139.0,,,search,2025-01-09 19:44:09,2025-01-09 19:44:09
2025-01,假面山庄,9787530217559,9787530217559,1,1,7.6,37124.0,,,search,2025-01-07 17:34:51,2025-01-07 17:34:51
2025-01,鸿沟,9787532159062,9787532159062,1,1,,,,,,2025-01-09 16:07:05,2025-01-09 16:07:05
2025-01,呼啸山庄,9787532751198,9787532751198,1,1,8.3,1905.0,,,search,2025-01-08 15:09:40,2025-01-08 15:09:40
2025-01,玻璃球游戏 ,9787532757039,9787532757039,1,1,8.9,2499.0,,,search,2025-01-08 16:23:25,2025-01-08 16:23:25
2025-01,银河系搭车客指南.1,9787532764655,9787532764655,1,1,,,,,,2025-01-09 17:12:22,2025-01-09 17:12:22
2025-01,瓦尔登湖,9787532768011,9787532768011,1,1,7.4,706.0,,,search,2025-01-09 08:06:44,2025-01-09 08:06:44
2025-01,西西弗神话:散论荒诞,9787532775859,9787532775859,1,1,,,,,,2025-01-06 18:03:33,2025-01-06 18:03:33
2025-01,魔山. 上,9787532780525,9787532780525,1,1,,,,,,2025-01-08 15:32:39,2025-01-08 15:32:39
2025-01,魔山. 下,9787532780525,9787532780525,1,1,,,,,,2025-01-08 15:32:47,2025-01-08 15:32:47
2025-01,在轮下,9787532780822,9787532780822,1,1,9.3,130.0,,,search,2025-01-09 13:10:11,2025-01-09 13:10:11
2025-01,秘密结晶,9787532791231,9787532791231,1,1,7.3,370.0,,,search,2025-01-07 17:34:44,2025-01-07 17:34:44
2025-01,世界的凛冬1,9787539999074,9787539999074,1,1,8.7,27122.0,,,search,2025-01-08 17:20:17,2025-01-08 17:20:17
2025-01,世界的凛冬·Ⅱ,9787539999074,9787539999074,1,1,8.7,27122.0,,,search,2025-01-08 17:20:17,2025-01-08 17:20:17
2025-01,世界的凛冬·Ⅲ,9787539999074,9787539999074,1,1,8.7,27122.0,,,search,2025-01-08 17:20:17,2025-01-08 17:20:17
2025-01,我与地坛:插图版,9787540478087,9787540478087,1,1,9.1,5322.0,,,search,2025-01-08 11:33:05,2025-01-08 11:33:05
2025-01,云边有个小卖部,9787540487645,9787540487645,1,1,7.3,98717.0,,,search,2025-01-10 11:30:12,2025-01-10 11:30:12
2025-01,秘密,9787544258210,9787544258210,1,1,8.0,34926.0,,,search,2025-01-07 17:25:48,2025-01-07 17:25:48
2025-01,白夜行,9787544291163,9787544291163,1,1,9.1,14932.0,,,search,2025-01-10 12:45:19,2025-01-10 12:45:19
2025-01,西南联大诗词课,9787545565836,9787545565836,1,1,,,,,,2025-01-10 09:57:25,2025-01-10 09:57:25
2025-01,王氏之死 : 大历史背后的小人物命运,9787549506897,9787549506897,1,1,7.5,6060.0,,,search,2025-01-10 11:16:38,2025-01-10 11:16:38
2025-01,纪录片也要讲故事,9787550250024,9787550250024,1,1,7.2,306.0,,,search,2025-01-09 17:48:55,2025-01-09 17:48:55
2025-01,牛奶可乐经济学3,9787550297715,9787550297715,1,1,7.0,174.0,,,search,2025-01-10 10:29:45,2025-01-10 10:29:45
2025-01,梦的解析,9787554617069,9787554617069,1,1,8.2,3891.0,,,search,2025-01-08 20:02:33,2025-01-08 20:02:33
2025-01,字母表谜案 ,9787555911425,9787555911425,1,1,7.6,38589.0,,,search,2025-01-07 17:25:39,2025-01-07 17:25:39
2025-01,存在主义咖啡馆:自由、存在和杏子鸡尾酒,9787559610782,9787559610782,1,1,8.6,20484.0,,,search,2025-01-08 17:19:44,2025-01-08 17:19:44
2025-01,一间自己的房间,9787572225482,9787572225482,1,1,8.2,1664.0,,,search,2025-01-07 11:00:16,2025-01-07 11:00:16
2025-01,长夜难明,9787572611971,9787572611971,1,1,,,,,,2025-01-10 09:57:25,2025-01-10 09:57:25
2025-01,建筑,9787807680284,9787807680284,1,1,6.7,13.0,,,search,2025-01-02 17:31:34,2025-01-02 17:31:34
2025-02,为什么伟大不能被计划,9787500173625,9787500173625,2,2,7.2,2884.0,,,search,2025-02-17 14:17:08,2025-02-18 09:59:32
2025-02,受戒,9787530211458,9787530211458,2,2,9.3,9274.0,,,search,2025-02-27 10:25:33,2025-02-27 10:26:14
2025-02,长安十二时辰 上,9787540478315,9787540478315,2,2,,,,,,2025-02-17 07:17:36,2025-02-17 11:17:31
2025-02,素食者 ,9787541160868,9787541160868,2,2,8.1,151976.0,,,search,2025-02-17 14:17:00,2025-02-18 09:59:37
2025-02,丁玲集,7501514747,7501514747,1,1,,,,,,2025-02-26 12:05:08,2025-02-26 12:05:08
2025-02,丁玲小说 梦珂,7532522768,7532522768,1,1,7.2,398.0,,,search,2025-02-26 12:05:14,2025-02-26 12:05:14
2025-02,MH's PSAT/NMSQT,9780071742115,9780071742115,1,1,,,,,,2025-02-17 17:59:13,2025-02-17 17:59:13
2025-02,Educated: A Memoir,9780099511021,9780099511021,1,1,9.0,177.0,,,search,2025-02-27 17:32:26,2025-02-27 17:32:26
2025-02,The Lost Hero (Heroes of Olympus Book 1),9780141325491,9780141325491,1,1,,,,,,2025-02-20 13:54:01,2025-02-20 13:54:01
2025-02,The woman in white,9780141389431,9780141389431,1,1,,,,,,2025-02-17 09:48:05,2025-02-17 09:48:05
2025-02,Amusing Ourselves to Death[娱乐至死],9780143036531,9780143036531,1,1,8.5,536.0,,,search,2025-02-26 11:07:49,2025-02-26 11:07:49
2025-02,Simply psychology,9780241515679,9780241515679,1,1,,,,,,2025-02-18 14:51:32,2025-02-18 14:51:32
2025-02,The Herb Book,9780241569504,9780241569504,1,1,,,,,,2025-02-17 07:35:36,2025-02-17 07:35:36
2025-02,The Masque of the Red Death,9780241573754,9780241573754,1,1,,,,,,2025-02-28 08:54:13,2025-02-28 08:54:13
2025-02,"Girl, woman, other",9780241984994,9780241984994,1,1,8.3,45.0,,,search,2025-02-21 13:55:12,2025-02-21 13:55:12
2025-02,Never Let Me Go,9780307276476,9780307276476,1,1,7.9,33.0,,,search,2025-02-17 12:22:21,2025-02-17 12:22:21
2025-02,Dune,9780340960196,9780340960196,1,1,8.2,749.0,,,search,2025-02-18 14:11:47,2025-02-18 14:11:47
2025-02,Line By Line: How To Edit Your Own Writing,9780395393918,9780395393918,1,1,8.9,32.0,,,search,2025-02-17 09:48:12,2025-02-17 09:48:12
2025-02,Signet Classics: The Age of Innocence,9780451530882,9780451530882,1,1,9.0,61.0,,,search,2025-02-24 16:22:02,2025-02-24 16:22:02
2025-02,Project Hail Mary,9780593355275,9780593355275,1,1,9.1,1488.0,,,search,2025-02-25 16:15:18,2025-02-25 16:15:18
2025-02,The Picture of Dorian Gray,9780785839972,9780785839972,1,1,9.0,2013.0,,,search,2025-02-27 11:48:18,2025-02-27 11:48:18
2025-02,The Official SAT Study Guide,9781457304309,9781457304309,1,1,,,,,,2025-02-17 17:59:13,2025-02-17 17:59:13
2025-02,Among Others,9781472106537,9781472106537,1,1,8.6,1207.0,,,search,2025-02-20 13:54:01,2025-02-20 13:54:01
2025-02,The Martian : a novel,9781785031137,9781785031137,1,1,9.0,1827.0,,,search,2025-02-18 11:37:52,2025-02-18 11:37:52
2025-02,Strangers Drowning,9781846143991,9781846143991,1,1,7.9,537.0,,,search,2025-02-18 14:51:26,2025-02-18 14:51:26
2025-02,ALMA Junior Classics:The Canterville Ghost and Other Stories(Secondary-school 12+),9781847496126,9781847496126,1,1,,,,,,2025-02-27 10:28:51,2025-02-27 10:28:51
2025-02,Wordsworth: Little Prince,9781853261589,9781853261589,1,1,9.2,2113.0,,,search,2025-02-27 17:35:33,2025-02-27 17:35:33
2025-02,Peter Pan,9781909621633,9781909621633,1,1,8.8,11542.0,,,search,2025-02-27 17:35:21,2025-02-27 17:35:21
2025-02,Intermediate Counting & Probability,9781934124062,9781934124062,1,1,,,,,,2025-02-17 16:42:59,2025-02-17 16:42:59
2025-02,1844年经济学哲学手搞,9787010130033,9787010130033,1,1,9.6,2282.0,,,search,2025-02-18 12:23:15,2025-02-18 12:23:15
2025-02,围城,9787020127894,9787020127894,1,1,9.3,15658.0,,,search,2025-02-24 17:41:41,2025-02-24 17:41:41
2025-02,山海变.2绾青丝,9787020169276,9787020169276,1,1,8.7,64.0,,,search,2025-02-24 11:17:00,2025-02-24 11:17:00
2025-02,山海变.1指间错,9787020169283,9787020169283,1,1,9.1,115.0,,,search,2025-02-24 11:16:51,2025-02-24 11:16:51
2025-02,山海变.3星野乱,9787020169290,9787020169290,1,1,8.6,55.0,,,search,2025-02-24 11:17:09,2025-02-24 11:17:09
2025-02,伦理学 ,9787108050519,9787108050519,1,1,8.0,229.0,,,search,2025-02-17 17:16:49,2025-02-17 17:16:49
2025-02,规训与惩罚,9787108065841,9787108065841,1,1,,,,,,2025-02-27 08:49:30,2025-02-27 08:49:30
2025-02,现代建筑年鉴,9787112119318,9787112119318,1,1,8.6,30.0,,,search,2025-02-27 11:51:15,2025-02-27 11:51:15
2025-02,中国当代摄影景观 : 198-22,9787208170698,9787208170698,1,1,8.3,127.0,,,search,2025-02-25 15:37:35,2025-02-25 15:37:35
2025-02,面纱,9787210082835,9787210082835,1,1,,,,,,2025-02-26 14:18:25,2025-02-26 14:18:25
2025-02,边城,9787214108463,9787214108463,1,1,,,,,,2025-02-21 13:35:06,2025-02-21 13:35:06
2025-02,人工智能不会做什么：1亿人类与1亿机器人共存的未来,9787220110931,9787220110931,1,1,6.7,70.0,,,search,2025-02-17 17:46:24,2025-02-17 17:46:24
2025-02,古都.5,9787220128165,9787220128165,1,1,,,,,,2025-02-28 14:32:01,2025-02-28 14:32:01
2025-02,北宋名家词选讲 ,9787301114926,9787301114926,1,1,9.1,1587.0,,,search,2025-02-27 11:54:56,2025-02-27 11:54:56
2025-02,博弈与社会,9787301218211,9787301218211,1,1,8.8,1604.0,,,search,2025-02-18 07:53:13,2025-02-18 07:53:13
2025-02,普通化学原理,9787301225578,9787301225578,1,1,8.8,204.0,,,search,2025-02-20 12:13:58,2025-02-20 12:13:58
2025-02,魏玛德国：希望与悲剧,9787301311479,9787301311479,1,1,,,,,,2025-02-17 17:16:49,2025-02-17 17:16:49
2025-02,鲜血梅花,9787506371056,9787506371056,1,1,,,,,,2025-02-20 15:30:59,2025-02-20 15:30:59
2025-02,爱的设计,9787508090108,9787508090108,1,1,9.4,260.0,,,search,2025-02-19 11:26:58,2025-02-19 11:26:58
2025-02,民国太太的厨房 ,9787508664163,9787508664163,1,1,7.0,1906.0,,,search,2025-02-21 14:00:58,2025-02-21 14:00:58
2025-02,智能革命,9787508673219,9787508673219,1,1,6.6,676.0,,,search,2025-02-17 17:46:36,2025-02-17 17:46:36
2025-02,“错误”的行为,9787508684512,9787508684512,1,1,,,,,,2025-02-18 07:53:13,2025-02-18 07:53:13
2025-02,助推：如何做出有关健康、财富与幸福的最佳决策,9787508684918,9787508684918,1,1,7.3,1670.0,,,search,2025-02-18 07:53:13,2025-02-18 07:53:13
2025-02,阿拉伯人的梦想宫殿,9787509016480,9787509016480,1,1,,,,,,2025-02-17 14:48:50,2025-02-17 14:48:50
2025-02,牛蛙,9787510857720,9787510857720,1,1,8.1,4498.0,,,search,2025-02-20 15:30:47,2025-02-20 15:30:47
2025-02,饺子,9787513311755,9787513311755,1,1,,,,,,2025-02-19 11:40:56,2025-02-19 11:40:56
2025-02,霸王别姬,9787513311762,9787513311762,1,1,,,,,,2025-02-24 17:43:04,2025-02-24 17:43:04
2025-02,Barron's巴朗SAT 16 专著 = Barron's SAT 16,9787519211202,9787519211202,1,1,,,,,,2025-02-17 17:59:13,2025-02-17 17:59:13
2025-02,1453君士坦丁堡之战,9787520107921,9787520107921,1,1,9.1,1299.0,,,search,2025-02-17 15:24:04,2025-02-17 15:24:04
2025-02,拜占庭的新生,9787520118156,9787520118156,1,1,8.2,663.0,,,search,2025-02-26 11:53:09,2025-02-26 11:53:09
2025-02,诅咒之塔,9787520186902,9787520186902,1,1,,,,,,2025-02-25 17:00:49,2025-02-25 17:00:49
2025-02,倾城之恋,9787530218624,9787530218624,1,1,9.3,23885.0,,,search,2025-02-17 13:38:48,2025-02-17 13:38:48
2025-02,沉默的大多数,9787530220368,9787530220368,1,1,8.8,7935.0,,,search,2025-02-27 11:53:45,2025-02-27 11:53:45
2025-02,鸿沟,9787532159062,9787532159062,1,1,,,,,,2025-02-27 10:28:51,2025-02-27 10:28:51
2025-02,女性影像手册,9787532181759,9787532181759,1,1,8.0,813.0,,,search,2025-02-27 10:23:50,2025-02-27 10:23:50
2025-02,才女之累：李清照及其接受史,9787532582112,9787532582112,1,1,9.1,3513.0,,,search,2025-02-27 11:54:56,2025-02-27 11:54:56
2025-02,洛丽塔,9787532738151,9787532738151,1,1,7.8,78332.0,,,search,2025-02-24 10:08:16,2025-02-24 10:08:16
2025-02,红与黑,9787532751228,9787532751228,1,1,8.6,2848.0,,,search,2025-02-21 14:00:58,2025-02-21 14:00:58
2025-02,小妇人,9787532757008,9787532757008,1,1,7.7,954.0,,,search,2025-02-26 11:37:11,2025-02-26 11:37:11
2025-02,简爱,9787532778119,9787532778119,1,1,8.7,403.0,,,search,2025-02-20 17:14:57,2025-02-20 17:14:57
2025-02,牛虻,9787532778317,9787532778317,1,1,8.6,191.0,,,search,2025-02-27 08:43:34,2025-02-27 08:43:34
2025-02,物种起源(导读注释版)(英文),9787532782130,9787532782130,1,1,8.6,1523.0,,,search,2025-02-18 12:42:31,2025-02-18 12:42:31
2025-02,傲慢与偏见,9787532787319,9787532787319,1,1,9.0,1680.0,,,search,2025-02-17 17:36:52,2025-02-17 17:36:52
2025-02,血清素,9787532787746,9787532787746,1,1,,,,,,2025-02-26 14:18:33,2025-02-26 14:18:33
2025-02,沉沦·流放与王国,9787532789115,9787532789115,1,1,8.1,150.0,,,search,2025-02-19 11:27:03,2025-02-19 11:27:03
2025-02,爱，不可能,9787532964475,9787532964475,1,1,6.5,60.0,,,search,2025-02-24 10:06:42,2025-02-24 10:06:42
2025-02,莫言作品精选,9787535459350,9787535459350,1,1,,,,,,2025-02-20 15:30:54,2025-02-20 15:30:54
2025-02,哈佛经济学笔记 ,9787539938608,9787539938608,1,1,7.2,828.0,,,search,2025-02-18 07:53:13,2025-02-18 07:53:13
2025-02,棋王树王孩子王 ,9787539990583,9787539990583,1,1,9.1,1339.0,,,search,2025-02-27 11:54:56,2025-02-27 11:54:56
2025-02,堂吉诃德,9787540254308,9787540254308,1,1,8.9,226.0,,,search,2025-02-25 15:31:20,2025-02-25 15:31:20
2025-02,长安十二时辰 下,9787540478339,9787540478339,1,1,,,,,,2025-02-20 08:25:41,2025-02-20 08:25:41
2025-02,珠唾集,9787540790400,9787540790400,1,1,7.7,396.0,,,search,2025-02-20 13:42:47,2025-02-20 13:42:47
2025-02,科学哲学,9787544732765,9787544732765,1,1,8.8,1676.0,,,search,2025-02-18 12:01:46,2025-02-18 12:01:46
2025-02,法律,9787544755054,9787544755054,1,1,7.6,673.0,,,search,2025-02-17 12:22:21,2025-02-17 12:22:21
2025-02,从俾斯麦到希特勒,9787544758765,9787544758765,1,1,8.8,1991.0,,,search,2025-02-17 17:16:49,2025-02-17 17:16:49
2025-02,堕落 流放与王国,9787544784405,9787544784405,1,1,8.7,1286.0,,,search,2025-02-17 11:46:49,2025-02-17 11:46:49
2025-02,地书 ,9787549513697,9787549513697,1,1,6.8,1215.0,,,search,2025-02-20 13:42:10,2025-02-20 13:42:10
2025-02,台北人,9787549559886,9787549559886,1,1,9.1,28646.0,,,search,2025-02-21 11:29:39,2025-02-21 11:29:39
2025-02,树犹如此,9787549563517,9787549563517,1,1,8.7,3377.0,,,search,2025-02-19 15:52:07,2025-02-19 15:52:07
2025-02,葡萄柚,9787549573110,9787549573110,1,1,,,,,,2025-02-24 10:06:28,2025-02-24 10:06:28
2025-02,耶鲁大学公开课,9787550238954,9787550238954,1,1,,,,,,2025-02-17 12:22:21,2025-02-17 12:22:21
2025-02,哲学家们都干了些什么,9787550242234,9787550242234,1,1,8.5,30322.0,,,search,2025-02-17 16:55:07,2025-02-17 16:55:07
2025-02,羊脂球,9787550284975,9787550284975,1,1,,,,,,2025-02-27 11:52:07,2025-02-27 11:52:07
2025-02,不再等待戈多,9787550733145,9787550733145,1,1,6.8,37.0,,,search,2025-02-26 14:18:19,2025-02-26 14:18:19
2025-02,世界摄影史,9787551429993,9787551429993,1,1,7.2,170.0,,,search,2025-02-25 15:37:28,2025-02-25 15:37:28
2025-02,西班牙史,9787553513720,9787553513720,1,1,,,,,,2025-02-17 17:16:49,2025-02-17 17:16:49
2025-02,作为意志和表象的世界,9787553524481,9787553524481,1,1,8.3,131.0,,,search,2025-02-17 17:50:19,2025-02-17 17:50:19
2025-02,布匿战争 : 罗马、迦太基与地中海霸权的争夺,9787557026233,9787557026233,1,1,8.5,261.0,,,search,2025-02-19 11:50:25,2025-02-19 11:50:25
2025-02,人体解剖图谱,9787559200099,9787559200099,1,1,9.0,96.0,,,search,2025-02-19 17:22:08,2025-02-19 17:22:08
2025-02,无依之地,9787559433022,9787559433022,1,1,8.1,797.0,,,search,2025-02-17 12:22:21,2025-02-17 12:22:21
2025-02,匈人王阿提拉,9787559631909,9787559631909,1,1,7.3,245.0,,,search,2025-02-25 07:06:46,2025-02-25 07:06:46
2025-02,秋园 ,9787559640666,9787559640666,1,1,9.0,147677.0,,,search,2025-02-27 10:47:59,2025-02-27 10:47:59
2025-02,人工智能的价值反思,9787567146129,9787567146129,1,1,,,,,,2025-02-17 17:46:29,2025-02-17 17:46:29
2025-02,I have a dream,9787568905220,9787568905220,1,1,8.6,1223.0,,,search,2025-02-20 13:42:02,2025-02-20 13:42:02
2025-02,福柯,9787568918626,9787568918626,1,1,9.2,1037.0,,,search,2025-02-24 17:47:29,2025-02-24 17:47:29
2025-02,权力精英 ,9787569915006,9787569915006,1,1,7.3,450.0,,,search,2025-02-17 12:22:21,2025-02-17 12:22:21
2025-02,好好告别,9787572502583,9787572502583,1,1,8.6,1878.0,,,search,2025-02-20 13:53:14,2025-02-20 13:53:14
2025-02,长安的荔枝,9787572608582,9787572608582,1,1,,,,,,2025-02-26 14:58:17,2025-02-26 14:58:17
2025-02,NFT元宇宙经济通证,9787576321777,9787576321777,1,1,,,,,,2025-02-17 17:46:16,2025-02-17 17:46:16
2025-02,科学发现的逻辑 ,9787810836074,9787810836074,1,1,8.7,482.0,,,search,2025-02-17 07:34:55,2025-02-17 07:34:55
2025-02,IBDP中文A文学课程专题拓展论文及个人口头评论优秀范例点评,9789620441417,9789620441417,1,1,,,,,,2025-02-17 16:42:59,2025-02-17 16:42:59
2025-02,IBDP中文A课程文学知识小辞典（简体版）,9789620443329,9789620443329,1,1,,,,,,2025-02-17 16:42:59,2025-02-17 16:42:59
2025-02,IB中文A文学个人口试实例,9789811866760,9789811866760,1,1,,,,,,2025-02-17 16:42:59,2025-02-17 16:42:59
2025-03,Bantam Classics：Wuthering Heights,9780553212587,9780553212587,2,2,8.7,667.0,,,search,2025-03-07 13:33:34,2025-03-19 17:14:09
2025-03,穆斯林的葬礼,9787530222362,9787530222362,2,2,7.2,635.0,,,search,2025-03-19 17:09:54,2025-03-19 17:10:11
2025-03,时代的精神状况,9787532761371,9787532761371,2,2,9.0,2135.0,,,search,2025-03-10 11:19:48,2025-03-13 14:26:28
2025-03,第二性,9787532763399,9787532763399,2,2,9.0,10273.0,,,search,2025-03-03 12:18:32,2025-03-25 06:47:02
2025-03,诺曼征服 : 黑斯廷斯战役与英格兰诺曼王朝的崛起,,,1,1,,,,,,2025-03-04 10:15:12,2025-03-04 10:15:12
2025-03,The Art of Racing in the Rain Intl,9780062023063,9780062023063,1,1,8.2,8824.0,,,search,2025-03-20 15:46:14,2025-03-20 15:46:14
2025-03,The curious incident of the dog in the night-time,9780099470434,9780099470434,1,1,7.8,15.0,,,search,2025-03-12 11:38:46,2025-03-12 11:38:46
2025-03,Paper Towns,9780142414934,9780142414934,1,1,6.8,24.0,,,search,2025-03-10 16:16:39,2025-03-10 16:16:39
2025-03,Penguin Vitae: The Age of Innocence,9780143134817,9780143134817,1,1,8.3,1683.0,,,search,2025-03-24 09:34:41,2025-03-24 09:34:41
2025-03,The Castle,9780241197806,9780241197806,1,1,,,,,,2025-03-14 14:10:04,2025-03-14 14:10:04
2025-03,Orlando,9780241371961,9780241371961,1,1,8.8,175.0,,,search,2025-03-31 11:25:54,2025-03-31 11:25:54
2025-03,DK-Big Ideas：The Law Book,9780241410196,9780241410196,1,1,8.6,20.0,,,search,2025-03-18 11:55:52,2025-03-18 11:55:52
2025-03,Emma: V&A Collectors Edition,9780241432556,9780241432556,1,1,,,,,,2025-03-14 14:10:04,2025-03-14 14:10:04
2025-03,Science of Gardening,9780241559253,9780241559253,1,1,,,,,,2025-03-14 11:56:26,2025-03-14 11:56:26
2025-03,The hobbit,9780261102217,9780261102217,1,1,8.9,623.0,,,search,2025-03-14 09:03:31,2025-03-14 09:03:31
2025-03,Flipped,9780375811746,9780375811746,1,1,9.3,382.0,,,search,2025-03-10 16:16:23,2025-03-10 16:16:23
2025-03,Disorder in the Court: Great Fractured Moments in Courtroom History,9780393319286,9780393319286,1,1,7.4,44.0,,,search,2025-03-20 09:29:14,2025-03-20 09:29:14
2025-03,Dune,9780441172719,9780441172719,1,1,8.2,749.0,,,search,2025-03-07 13:33:39,2025-03-07 13:33:39
2025-03,Signet Classics: Crime and Punishment,9780451530066,9780451530066,1,1,9.0,119.0,,,search,2025-03-07 13:41:11,2025-03-07 13:41:11
2025-03,Signet Classics: Dracula,9780451530660,9780451530660,1,1,8.0,30.0,,,search,2025-03-25 11:34:41,2025-03-25 11:34:41
2025-03,Emotional Design,9780465051366,9780465051366,1,1,8.3,155.0,,,search,2025-03-13 10:42:03,2025-03-13 10:42:03
2025-03,The Da Vinci Code,9780552161275,9780552161275,1,1,8.3,214422.0,,,search,2025-03-14 09:03:47,2025-03-14 09:03:47
2025-03,Chocolat,9780552998482,9780552998482,1,1,,,,,,2025-03-31 09:58:02,2025-03-31 09:58:02
2025-03,Negotiation Genius,9780553384116,9780553384116,1,1,9.0,49.0,,,search,2025-03-26 12:14:13,2025-03-26 12:14:13
2025-03,The Unbearable Lightness of Being,9780571135394,9780571135394,1,1,8.7,20.0,,,search,2025-03-20 08:40:59,2025-03-20 08:40:59
2025-03,Five Survive,9780593704899,9780593704899,1,1,,,,,,2025-03-07 13:33:25,2025-03-07 13:33:25
2025-03,The Personal MBA,9780670919536,9780670919536,1,1,7.8,34.0,,,search,2025-03-26 12:14:00,2025-03-26 12:14:00
2025-03,the five people you meet in heaven,9780751536140,9780751536140,1,1,8.1,628.0,,,search,2025-03-10 16:16:45,2025-03-10 16:16:45
2025-03,Fantastic Beasts: The Crimes of Grindelwald – The Original Screenplay PB,9780751578287,9780751578287,1,1,,,,,,2025-03-17 16:14:40,2025-03-17 16:14:40
2025-03,"Olive, Again: A Novel",9780812996548,9780812996548,1,1,9.1,212.0,,,search,2025-03-18 16:47:54,2025-03-18 16:47:54
2025-03,False Justice: Eight Myths that Convict the Innocent,9781138783003,9781138783003,1,1,,,,,,2025-03-26 12:14:21,2025-03-26 12:14:21
2025-03,Physics for Scientists and Engineers with Modern Physics Pearson New International Edition,9781292020761,9781292020761,1,1,,,,,,2025-03-13 16:47:50,2025-03-13 16:47:50
2025-03,physics workbook with CD-ROM,9781316634929,9781316634929,1,1,,,,,,2025-03-27 12:16:33,2025-03-27 12:16:33
2025-03,Ib Diploma Programme Physics 223 Edition Student Book,9781382016599,9781382016599,1,1,,,,,,2025-03-26 17:24:43,2025-03-26 17:24:43
2025-03,Harry Potter and the Sorcerer's Stone,9781408883808,9781408883808,1,1,9.2,17.0,,,search,2025-03-07 13:33:45,2025-03-07 13:33:45
2025-03,Harry Potter and the Chamber of Secrets,9781408898154,9781408898154,1,1,9.3,4413.0,,,search,2025-03-14 09:04:03,2025-03-14 09:04:03
2025-03,HBRs 1 Must Reads on Strategy,9781422157985,9781422157985,1,1,8.8,36.0,,,search,2025-03-26 12:14:07,2025-03-26 12:14:07
2025-03,Art Song in English: High Voice: 50 Songs by 21 American and British Composers,9781423418313,9781423418313,1,1,,,,,,2025-03-11 12:40:48,2025-03-11 12:40:48
2025-03,Watching the English: The International Bestseller Revised and Updated,9781444785203,9781444785203,1,1,9.0,82.0,,,search,2025-03-18 11:56:55,2025-03-18 11:56:55
2025-03,The Gospel of Loki,9781473202375,9781473202375,1,1,8.0,566.0,,,search,2025-03-27 17:35:20,2025-03-27 17:35:20
2025-03,The Queens Gambit : Now a Major Netflix Drama,9781474622578,9781474622578,1,1,8.5,81.0,,,search,2025-03-10 16:16:13,2025-03-10 16:16:13
2025-03,Accounting 11,9781507202920,9781507202920,1,1,,,,,,2025-03-26 12:13:52,2025-03-26 12:13:52
2025-03,The Offing,9781526611307,9781526611307,1,1,,,,,,2025-03-10 15:43:17,2025-03-10 15:43:17
2025-03,A Thousand Splendid Suns,9781594483073,9781594483073,1,1,8.9,128.0,,,search,2025-03-14 10:05:41,2025-03-14 10:05:41
2025-03,The Martian : a novel,9781785031137,9781785031137,1,1,9.0,1827.0,,,search,2025-03-03 11:46:43,2025-03-03 11:46:43
2025-03,The Karamazov Brothers (Wordsworth Classics),9781840221862,9781840221862,1,1,9.8,18.0,,,search,2025-03-07 13:41:15,2025-03-07 13:41:15
2025-03,Rebecca,9781844080380,9781844080380,1,1,8.7,149.0,,,search,2025-03-13 13:15:15,2025-03-13 13:15:15
2025-03,Mathematics: Analysis and Approaches HL,9781925489590,9781925489590,1,1,,,,,,2025-03-17 11:42:07,2025-03-17 11:42:07
2025-03,kandinsky,9783836507462,9783836507462,1,1,8.4,39.0,,,search,2025-03-18 12:32:12,2025-03-18 12:32:12
2025-03,三国演义.上,9787020008728,9787020008728,1,1,9.3,183148.0,,,search,2025-03-24 09:35:02,2025-03-24 09:35:02
2025-03,红楼梦:上,9787020137466,9787020137466,1,1,8.8,32.0,,,search,2025-03-10 17:41:16,2025-03-10 17:41:16
2025-03,额尔古纳河右岸 ,9787020139590,9787020139590,1,1,,,,,,2025-03-19 16:20:36,2025-03-19 16:20:36
2025-03,伦敦围城,9787020142125,9787020142125,1,1,7.2,135.0,,,search,2025-03-24 09:34:32,2025-03-24 09:34:32
2025-03,山海变.5旧时雨,9787020166718,9787020166718,1,1,8.9,50.0,,,search,2025-03-14 07:24:39,2025-03-14 07:24:39
2025-03,山海变.6水云乡,9787020166725,9787020166725,1,1,9.1,50.0,,,search,2025-03-21 07:17:23,2025-03-21 07:17:23
2025-03,山海变.4奔掠火,9787020166732,9787020166732,1,1,9.1,55.0,,,search,2025-03-14 07:24:08,2025-03-14 07:24:08
2025-03,时尚中的数学 ,9787030567475,9787030567475,1,1,,,,,,2025-03-31 17:28:39,2025-03-31 17:28:39
2025-03,音乐心理学,9787030658500,9787030658500,1,1,,,,,,2025-03-20 12:16:01,2025-03-20 12:16:01
2025-03,自然地理学,9787040228762,9787040228762,1,1,,,,,,2025-03-06 10:42:28,2025-03-06 10:42:28
2025-03,数学建模教学案例精选,9787040589177,9787040589177,1,1,,,,,,2025-03-31 12:19:45,2025-03-31 12:19:45
2025-03,乌托邦 ,9787100131940,9787100131940,1,1,7.7,3818.0,,,search,2025-03-13 16:54:16,2025-03-13 16:54:16
2025-03,金枝 .上册,9787100136853,9787100136853,1,1,,,,,,2025-03-13 12:39:14,2025-03-13 12:39:14
2025-03,水与梦,9787100167765,9787100167765,1,1,7.8,90.0,,,search,2025-03-13 14:26:35,2025-03-13 14:26:35
2025-03,斯宾诺莎与表现问题,9787100168984,9787100168984,1,1,9.6,235.0,,,search,2025-03-24 15:09:19,2025-03-24 15:09:19
2025-03,康德,9787100176910,9787100176910,1,1,8.6,84.0,,,search,2025-03-14 12:03:16,2025-03-14 12:03:16
2025-03,爱伦·坡短篇小说全集. 下,9787100202084,9787100202084,1,1,9.2,628.0,,,search,2025-03-13 17:22:36,2025-03-13 17:22:36
2025-03,万历十五年,9787101101621,9787101101621,1,1,9.1,15844.0,,,search,2025-03-28 07:13:18,2025-03-28 07:13:18
2025-03,舞台灯光设计概要,9787104020578,9787104020578,1,1,,,,,,2025-03-27 17:47:14,2025-03-27 17:47:14
2025-03,违童之愿 ,9787108048455,9787108048455,1,1,,,,,,2025-03-17 11:46:03,2025-03-17 11:46:03
2025-03,经验主义 ,9787108066626,9787108066626,1,1,,,,,,2025-03-19 16:28:50,2025-03-19 16:28:50
2025-03,算法导论 ,9787111407010,9787111407010,1,1,9.3,1572.0,,,search,2025-03-20 16:14:07,2025-03-20 16:14:07
2025-03,伯克利物理学教程:第5卷·统计物理学(英文影印版),9787111464631,9787111464631,1,1,9.0,16.0,,,search,2025-03-14 12:10:32,2025-03-14 12:10:32
2025-03,巨人的文明,9787111595816,9787111595816,1,1,8.9,362.0,,,search,2025-03-06 10:42:15,2025-03-06 10:42:15
2025-03,建筑师的1堂必修课,9787111711544,9787111711544,1,1,8.0,21.0,,,search,2025-03-21 11:58:34,2025-03-21 11:58:34
2025-03,人力资源规划操作指南：规划概述+实用图表+流程架构+操作方案,9787115565648,9787115565648,1,1,,,,,,2025-03-03 17:55:19,2025-03-03 17:55:19
2025-03,悉达多,9787201112695,9787201112695,1,1,9.1,178623.0,,,search,2025-03-27 12:22:26,2025-03-27 12:22:26
2025-03,我的十堂大体解剖课 ,9787203107552,9787203107552,1,1,8.4,131.0,,,search,2025-03-21 07:16:24,2025-03-21 07:16:24
2025-03,灿烂千阳,9787208072107,9787208072107,1,1,8.9,133999.0,,,search,2025-03-18 09:07:45,2025-03-18 09:07:45
2025-03,查拉图斯特拉如是说,9787208150188,9787208150188,1,1,8.9,838.0,,,search,2025-03-17 16:38:52,2025-03-17 16:38:52
2025-03,对活人的治理：1979-198,9787208165212,9787208165212,1,1,9.0,188.0,,,search,2025-03-10 11:19:55,2025-03-10 11:19:55
2025-03,清末民国人口贩卖与家庭生活,9787208170841,9787208170841,1,1,8.1,582.0,,,search,2025-03-18 16:57:41,2025-03-18 16:57:41
2025-03,宗教哲学经典选读,9787301095720,9787301095720,1,1,,,,,,2025-03-11 17:30:27,2025-03-11 17:30:27
2025-03,浮出历史地表 : 现代妇女文学研究,9787301293577,9787301293577,1,1,9.5,5183.0,,,search,2025-03-18 16:57:41,2025-03-18 16:57:41
2025-03,海洋的子民,9787301323182,9787301323182,1,1,8.4,75.0,,,search,2025-03-14 12:10:32,2025-03-14 12:10:32
2025-03,社会学基本概念,9787301344477,9787301344477,1,1,9.2,171.0,,,search,2025-03-10 15:43:38,2025-03-10 15:43:38
2025-03,维塔 : 社会遗弃下的疯癫与文明,9787305252563,9787305252563,1,1,,,,,,2025-03-21 07:16:29,2025-03-21 07:16:29
2025-03,通往奴役之路 ,9787500421368,9787500421368,1,1,,,,,,2025-03-17 11:12:19,2025-03-17 11:12:19
2025-03,论自由,9787502055394,9787502055394,1,1,,,,,,2025-03-18 16:57:41,2025-03-18 16:57:41
2025-03,背德者,9787505735910,9787505735910,1,1,,,,,,2025-03-18 07:02:42,2025-03-18 07:02:42
2025-03,小姨多鹤 ,9787506390507,9787506390507,1,1,9.0,15821.0,,,search,2025-03-31 17:27:55,2025-03-31 17:27:55
2025-03,拉丁美洲史,9787507551341,9787507551341,1,1,6.0,105.0,,,search,2025-03-03 12:11:47,2025-03-03 12:11:47
2025-03,极端的年代:1914-1991,9787508674629,9787508674629,1,1,9.0,779.0,,,search,2025-03-24 08:09:54,2025-03-24 08:09:54
2025-03,崔健诗歌集,9787509016565,9787509016565,1,1,7.4,818.0,,,search,2025-03-11 10:40:46,2025-03-11 10:40:46
2025-03,洞穴奇案 ,9787510891779,9787510891779,1,1,8.7,7038.0,,,search,2025-03-06 08:54:12,2025-03-06 08:54:12
2025-03,康德的世界,9787511735034,9787511735034,1,1,8.4,46.0,,,search,2025-03-06 09:08:29,2025-03-06 09:08:29
2025-03,人形爱情故事,9787513353465,9787513353465,1,1,7.8,794.0,,,search,2025-03-27 11:43:52,2025-03-27 11:43:52
2025-03,罗马元老院与人民：一部古罗马史,9787513922494,9787513922494,1,1,,,,,,2025-03-12 17:27:20,2025-03-12 17:27:20
2025-03,北欧神话 ,9787513923224,9787513923224,1,1,7.0,818.0,,,search,2025-03-27 12:22:33,2025-03-27 12:22:33
2025-03,莱特湾海战,9787513929783,9787513929783,1,1,,,,,,2025-03-14 10:38:32,2025-03-14 10:38:32
2025-03,审判 ,9787513930826,9787513930826,1,1,9.0,113.0,,,search,2025-03-31 06:53:06,2025-03-31 06:53:06
2025-03,巴比伦,9787520150446,9787520150446,1,1,7.6,556.0,,,search,2025-03-21 11:57:41,2025-03-21 11:57:41
2025-03,美利坚的民族,9787520178853,9787520178853,1,1,,,,,,2025-03-24 11:53:58,2025-03-24 11:53:58
2025-03,哲学课,9787521717372,9787521717372,1,1,7.7,81.0,,,search,2025-03-20 17:41:48,2025-03-20 17:41:48
2025-03,欧洲史 : 古典时代(史前－公元337),9787521731422,9787521731422,1,1,7.8,109.0,,,search,2025-03-13 16:54:09,2025-03-13 16:54:09
2025-03,欧洲史 ,9787521731798,9787521731798,1,1,8.3,116.0,,,search,2025-03-13 16:54:09,2025-03-13 16:54:09
2025-03,欧洲史 : 转型时代(约145-1914),9787521731804,9787521731804,1,1,8.0,76.0,,,search,2025-03-13 16:54:09,2025-03-13 16:54:09
2025-03,动物凶猛,9787530213636,9787530213636,1,1,7.7,9035.0,,,search,2025-03-07 14:30:23,2025-03-07 14:30:23
2025-03,我们生活在巨大的差距里,9787530223970,9787530223970,1,1,7.6,624.0,,,search,2025-03-18 17:39:17,2025-03-18 17:39:17
2025-03,第二性 Ⅱ,9787532749676,9787532749676,1,1,9.4,7982.0,,,search,2025-03-18 12:01:59,2025-03-18 12:01:59
2025-03,基督山伯爵 （上）,9787532751242,9787532751242,1,1,9.1,3637.0,,,search,2025-03-20 12:13:00,2025-03-20 12:13:00
2025-03,变形记,9787532756964,9787532756964,1,1,8.7,1537.0,,,search,2025-03-24 08:35:50,2025-03-24 08:35:50
2025-03,舞!舞!舞!,9787532765461,9787532765461,1,1,,,,,,2025-03-31 15:47:40,2025-03-31 15:47:40
2025-03,寻羊冒险记,9787532765492,9787532765492,1,1,8.4,1276.0,,,search,2025-03-10 16:41:29,2025-03-10 16:41:29
2025-03,1973年的弹子球,9787532765522,9787532765522,1,1,7.7,1194.0,,,search,2025-03-04 17:35:39,2025-03-04 17:35:39
2025-03,权力意志与永恒轮回,9787532772360,9787532772360,1,1,8.6,557.0,,,search,2025-03-13 14:26:22,2025-03-13 14:26:22
2025-03,昨日的世界,9787532777150,9787532777150,1,1,9.4,22798.0,,,search,2025-03-10 09:47:56,2025-03-10 09:47:56
2025-03,基督山伯爵:全2册-上册,9787532778140,9787532778140,1,1,9.3,556.0,,,search,2025-03-05 16:55:00,2025-03-05 16:55:00
2025-03,金银岛·化身博士,9787532778225,9787532778225,1,1,,,,,,2025-03-28 14:13:24,2025-03-28 14:13:24
2025-03,牛虻,9787532778317,9787532778317,1,1,8.6,191.0,,,search,2025-03-05 10:29:37,2025-03-05 10:29:37
2025-03,呼啸山庄,9787532778355,9787532778355,1,1,8.5,107.0,,,search,2025-03-17 11:45:57,2025-03-17 11:45:57
2025-03,纳博科夫文学讲稿三种·唐吉坷德讲稿,9787532778423,9787532778423,1,1,,,,,,2025-03-24 12:27:51,2025-03-24 12:27:51
2025-03,第一哲学沉思录,9787532788446,9787532788446,1,1,8.9,21.0,,,search,2025-03-31 06:53:01,2025-03-31 06:53:01
2025-03,玩笑,9787532789252,9787532789252,1,1,7.7,767.0,,,search,2025-03-13 17:33:41,2025-03-13 17:33:41
2025-03,乌合之众:群体心理学,9787533951702,9787533951702,1,1,8.2,1869.0,,,search,2025-03-19 11:00:21,2025-03-19 11:00:21
2025-03,买办的女儿,9787533962951,9787533962951,1,1,6.9,93.0,,,search,2025-03-24 09:34:51,2025-03-24 09:34:51
2025-03,女孩儿们,9787533964160,9787533964160,1,1,7.8,525.0,,,search,2025-03-17 07:52:54,2025-03-17 07:52:54
2025-03,过往,9787533964337,9787533964337,1,1,,,,,,2025-03-19 16:20:49,2025-03-19 16:20:49
2025-03,欢乐的葬礼,9787533965679,9787533965679,1,1,7.6,235.0,,,search,2025-03-12 18:00:04,2025-03-12 18:00:04
2025-03,长安十二时辰 下,9787540478339,9787540478339,1,1,,,,,,2025-03-04 17:36:40,2025-03-04 17:36:40
2025-03,公寓,9787540482848,9787540482848,1,1,6.4,321.0,,,search,2025-03-25 16:59:50,2025-03-25 16:59:50
2025-03,素食者 ,9787541160868,9787541160868,1,1,8.1,151976.0,,,search,2025-03-06 16:51:05,2025-03-06 16:51:05
2025-03,白夜行,9787544291163,9787544291163,1,1,9.1,14932.0,,,search,2025-03-18 17:32:55,2025-03-18 17:32:55
2025-03,自由论,9787544716741,9787544716741,1,1,,,,,,2025-03-19 11:00:36,2025-03-19 11:00:36
2025-03,政治哲学与幸福根基,9787544732819,9787544732819,1,1,8.3,1010.0,,,search,2025-03-19 16:28:57,2025-03-19 16:28:57
2025-03,休谟 ,9787544765466,9787544765466,1,1,7.1,327.0,,,search,2025-03-19 11:00:43,2025-03-19 11:00:43
2025-03,杀死一只知更鸟,9787544766500,9787544766500,1,1,9.3,88816.0,,,search,2025-03-11 12:41:29,2025-03-11 12:41:29
2025-03,飘·上,9787544777407,9787544777407,1,1,,,,,,2025-03-11 09:11:00,2025-03-11 09:11:00
2025-03,飘·下,9787544777407,9787544777407,1,1,,,,,,2025-03-31 09:58:13,2025-03-31 09:58:13
2025-03,夜莺与玫瑰,9787544788588,9787544788588,1,1,8.6,716.0,,,search,2025-03-13 17:34:01,2025-03-13 17:34:01
2025-03,祝勇文学笔记,9787545162387,9787545162387,1,1,7.5,11.0,,,search,2025-03-18 17:37:51,2025-03-18 17:37:51
2025-03,这就是哲学,9787545477306,9787545477306,1,1,,,,,,2025-03-20 17:41:48,2025-03-20 17:41:48
2025-03,连城决,9787546206141,9787546206141,1,1,,,,,,2025-03-20 11:39:07,2025-03-20 11:39:07
2025-03,鹿鼎记 .一,9787546213415,9787546213415,1,1,,,,,,2025-03-14 07:26:25,2025-03-14 07:26:25
2025-03,耶鲁大学公开课,9787550238954,9787550238954,1,1,,,,,,2025-03-19 16:28:43,2025-03-19 16:28:43
2025-03,如何听爵士 ,9787550287327,9787550287327,1,1,8.5,1714.0,,,search,2025-03-11 12:40:05,2025-03-11 12:40:05
2025-03,剪辑的语法 :插图修订第2版,9787550297746,9787550297746,1,1,7.3,371.0,,,search,2025-03-03 11:56:10,2025-03-03 11:56:10
2025-03,镜头的语法 :插图修订第2版,9787550297791,9787550297791,1,1,,,,,,2025-03-03 11:56:03,2025-03-03 11:56:03
2025-03,作为意志和表象的世界,9787553524481,9787553524481,1,1,8.3,131.0,,,search,2025-03-31 06:52:48,2025-03-31 06:52:48
2025-03,改变历史的香料商人,9787557024833,9787557024833,1,1,7.2,434.0,,,search,2025-03-13 10:05:11,2025-03-13 10:05:11
2025-03,永恒的边缘.Ⅰ,9787559403223,9787559403223,1,1,7.8,13704.0,,,search,2025-03-21 11:49:10,2025-03-21 11:49:10
2025-03,北欧众神 ,9787559416735,9787559416735,1,1,7.4,5623.0,,,search,2025-03-13 17:34:13,2025-03-13 17:34:13
2025-03,犯罪心理学 ,9787559436108,9787559436108,1,1,6.5,154.0,,,search,2025-03-24 17:47:40,2025-03-24 17:47:40
2025-03,如何写影评（插图修订第8版）,9787559614452,9787559614452,1,1,7.6,2030.0,,,search,2025-03-03 11:56:14,2025-03-03 11:56:14
2025-03,做哲学,9787559617293,9787559617293,1,1,9.3,1034.0,,,search,2025-03-19 17:40:45,2025-03-19 17:40:45
2025-03,在绝望之巅,9787559660503,9787559660503,1,1,8.1,12201.0,,,search,2025-03-24 15:09:15,2025-03-24 15:09:15
2025-03,出发吧！了不起的身体旅行 .2,9787559664136,9787559664136,1,1,7.2,379.0,,,search,2025-03-27 11:52:37,2025-03-27 11:52:37
2025-03,界限之书,9787559840943,9787559840943,1,1,8.5,61.0,,,search,2025-03-13 14:26:44,2025-03-13 14:26:44
2025-03,妇女、家庭与法律实践,9787559843937,9787559843937,1,1,6.5,441.0,,,search,2025-03-18 16:57:41,2025-03-18 16:57:41
2025-03,北洋觉梦录,9787559847010,9787559847010,1,1,7.4,169.0,,,search,2025-03-24 13:34:47,2025-03-24 13:34:47
2025-03,关于女儿,9787559851987,9787559851987,1,1,8.4,17426.0,,,search,2025-03-06 16:51:05,2025-03-06 16:51:05
2025-03,拼贴城市 Collage city,9787560898292,9787560898292,1,1,8.7,95.0,,,search,2025-03-03 11:49:32,2025-03-03 11:49:32
2025-03,人体形态学,9787568087124,9787568087124,1,1,,,,,,2025-03-28 07:16:52,2025-03-28 07:16:52
2025-03,如果尸体会说话,9787571015923,9787571015923,1,1,6.8,65.0,,,search,2025-03-25 16:59:43,2025-03-25 16:59:43
2025-03,5分钟怪诞数学 : 那些看似不可能的生活真相,9787572208522,9787572208522,1,1,7.6,57.0,,,search,2025-03-31 17:28:33,2025-03-31 17:28:33
2025-03,食南之徒,9787572616099,9787572616099,1,1,,,,,,2025-03-11 10:38:19,2025-03-11 10:38:19
2025-03,我们为什么爱音乐 ,9787573902740,9787573902740,1,1,8.1,143.0,,,search,2025-03-11 12:40:19,2025-03-11 12:40:19
2025-03,IBDP中文A文学课程专题拓展论文及个人口头评论优秀范例点评,9789620441417,9789620441417,1,1,,,,,,2025-03-28 12:37:12,2025-03-28 12:37:12
2025-04,巨流河,9787108056184,9787108056184,2,2,8.7,3391.0,,,search,2025-04-07 17:24:19,2025-04-09 09:36:44
2025-04,The Art of Racing in the Rain Intl,9780062023063,9780062023063,1,1,8.2,8824.0,,,search,2025-04-02 12:42:14,2025-04-02 12:42:14
2025-04,The Sound and the Fury,9780099475019,9780099475019,1,1,8.9,337.0,,,search,2025-04-02 14:34:12,2025-04-02 14:34:12
2025-04,The Human Bone Manual,9780120884674,9780120884674,1,1,9.0,27.0,,,search,2025-04-14 11:19:08,2025-04-14 11:19:08
2025-04,Anna Karenina,9780140449174,9780140449174,1,1,9.5,99.0,,,search,2025-04-30 09:11:19,2025-04-30 09:11:19
2025-04,Il Duro,9780141398631,9780141398631,1,1,8.3,18.0,,,search,2025-04-11 08:40:14,2025-04-11 08:40:14
2025-04,Rhetoric: A Very Short Introduction,9780199651368,9780199651368,1,1,7.5,15.0,,,search,2025-04-02 14:38:36,2025-04-02 14:38:36
2025-04,The Herb Book,9780241569504,9780241569504,1,1,,,,,,2025-04-30 11:43:57,2025-04-30 11:43:57
2025-04,"The hobbit, or, There and back again",9780345339683,9780345339683,1,1,8.8,108.0,,,search,2025-04-16 17:30:25,2025-04-16 17:30:25
2025-04,Sex And The City,9780446617680,9780446617680,1,1,7.5,552.0,,,search,2025-04-17 14:11:42,2025-04-17 14:11:42
2025-04,Siddhartha,9780553208849,9780553208849,1,1,9.0,767.0,,,search,2025-04-27 17:22:20,2025-04-27 17:22:20
2025-04,A Brief History of Time,9780553380163,9780553380163,1,1,9.1,389.0,,,search,2025-04-03 13:37:30,2025-04-03 13:37:30
2025-04,A Theory of Justice: Original Edition,9780674017726,9780674017726,1,1,9.0,53.0,,,search,2025-04-07 10:12:32,2025-04-07 10:12:32
2025-04,Elon Musk: How the Billionaire CEO of SpaceX and ...,9780753555644,9780753555644,1,1,8.6,851.0,,,search,2025-04-21 13:40:13,2025-04-21 13:40:13
2025-04,The Martian (MTI),9781101905555,9781101905555,1,1,9.1,261.0,,,search,2025-04-18 14:53:43,2025-04-18 14:53:43
2025-04,The New Yorker Stories,9781439168752,9781439168752,1,1,6.9,338.0,,,search,2025-04-02 14:34:04,2025-04-02 14:34:04
2025-04,"How to Make Small Talk: Conversation Starters, Exercises, and Scenarios",9781507204993,9781507204993,1,1,,,,,,2025-04-21 15:37:14,2025-04-21 15:37:14
2025-04,What You Can See From Here,9781526638540,9781526638540,1,1,7.6,1662.0,,,search,2025-04-22 12:16:29,2025-04-22 12:16:29
2025-04,Flipped,9781529013245,9781529013245,1,1,8.5,50.0,,,search,2025-04-21 15:37:19,2025-04-21 15:37:19
2025-04,The 6:2 Man,9781529061963,9781529061963,1,1,,,,,,2025-04-17 14:11:51,2025-04-17 14:11:51
2025-04,How to Stay Sane in an Age of Division : From the Booker shortlisted author of 1 Minutes 38 Seconds in This Strange World,9781788165723,9781788165723,1,1,8.4,29.0,,,search,2025-04-03 12:15:13,2025-04-03 12:15:13
2025-04,Treasure Island,9781847494863,9781847494863,1,1,8.0,283.0,,,search,2025-04-30 12:10:18,2025-04-30 12:10:18
2025-04,Wordsworth: Social Contract,9781853267819,9781853267819,1,1,,,,,,2025-04-07 10:12:26,2025-04-07 10:12:26
2025-04,Chiltern Classic：Northanger Abbey,9781912714278,9781912714278,1,1,7.4,629.0,,,search,2025-04-08 10:10:58,2025-04-08 10:10:58
2025-04,小说课,9787020156894,9787020156894,1,1,8.8,1343.0,,,search,2025-04-16 17:18:23,2025-04-16 17:18:23
2025-04,推拿,9787020164257,9787020164257,1,1,8.8,1761.0,,,search,2025-04-08 08:00:32,2025-04-08 08:00:32
2025-04,山海变.4奔掠火,9787020166732,9787020166732,1,1,9.1,55.0,,,search,2025-04-30 11:43:20,2025-04-30 11:43:20
2025-04,山海变.2绾青丝,9787020169276,9787020169276,1,1,8.7,64.0,,,search,2025-04-28 17:42:25,2025-04-28 17:42:25
2025-04,山海变.1指间错,9787020169283,9787020169283,1,1,9.1,115.0,,,search,2025-04-28 17:42:18,2025-04-28 17:42:18
2025-04,山海变.3星野乱,9787020169290,9787020169290,1,1,8.6,55.0,,,search,2025-04-30 11:43:07,2025-04-30 11:43:07
2025-04,自杀论 ,9787100132343,9787100132343,1,1,,,,,,2025-04-03 11:46:03,2025-04-03 11:46:03
2025-04,疯癫与文明 : 理性时代的疯癫史,9787108065575,9787108065575,1,1,9.0,4431.0,,,search,2025-04-25 11:23:19,2025-04-25 11:23:19
2025-04,社会心理学,9787115410047,9787115410047,1,1,9.3,2004.0,,,search,2025-04-18 14:26:14,2025-04-18 14:26:14
2025-04,鸟类的崛起 : 2.25亿年的进化,9787121376900,9787121376900,1,1,,,,,,2025-04-14 14:49:29,2025-04-14 14:49:29
2025-04,查拉图斯特拉如是说,9787208150188,9787208150188,1,1,8.9,838.0,,,search,2025-04-30 12:32:52,2025-04-30 12:32:52
2025-04,正义的语境,9787208177994,9787208177994,1,1,7.5,36.0,,,search,2025-04-21 12:16:03,2025-04-21 12:16:03
2025-04,一个女孩的记忆,9787208178335,9787208178335,1,1,8.0,6382.0,,,search,2025-04-16 15:33:36,2025-04-16 15:33:36
2025-04,脑机穿越 : 脑机接口改变人类未来,9787213065835,9787213065835,1,1,,,,,,2025-04-03 12:32:23,2025-04-03 12:32:23
2025-04,文学理论 ,9787213077272,9787213077272,1,1,8.9,2319.0,,,search,2025-04-28 16:53:17,2025-04-28 16:53:17
2025-04,边城,9787214108463,9787214108463,1,1,,,,,,2025-04-03 11:45:22,2025-04-03 11:45:22
2025-04,英国鸟类史,9787214271426,9787214271426,1,1,,,,,,2025-04-24 08:28:02,2025-04-24 08:28:02
2025-04,雨,9787220105135,9787220105135,1,1,,,,,,2025-04-16 15:02:53,2025-04-16 15:02:53
2025-04,种在走廊上的苹果树,9787224138122,9787224138122,1,1,7.5,289.0,,,search,2025-04-07 12:25:31,2025-04-07 12:25:31
2025-04,三体Ⅲ,9787229030933,9787229030933,1,1,9.2,295193.0,,,search,2025-04-08 07:55:39,2025-04-08 07:55:39
2025-04,助推快与慢：人类动因与行为经济学,9787300188317,9787300188317,1,1,7.4,82.0,,,search,2025-04-30 11:50:45,2025-04-30 11:50:45
2025-04,政治情感,9787300311555,9787300311555,1,1,8.4,108.0,,,search,2025-04-24 13:15:50,2025-04-24 13:15:50
2025-04,中国现当代文学名篇十五讲,9787301216507,9787301216507,1,1,8.6,1391.0,,,search,2025-04-28 16:53:07,2025-04-28 16:53:07
2025-04,丛中鸟：观鸟的社会史,9787301292761,9787301292761,1,1,8.4,125.0,,,search,2025-04-24 08:28:10,2025-04-24 08:28:10
2025-04,王家卫的电影世界,9787301311431,9787301311431,1,1,7.8,1980.0,,,search,2025-04-17 16:04:22,2025-04-17 16:04:22
2025-04,“鸟人”应该知道的鸟问题,9787301312315,9787301312315,1,1,,,,,,2025-04-24 08:27:57,2025-04-24 08:27:57
2025-04,镜与灯 ,9787301323229,9787301323229,1,1,,,,,,2025-04-23 16:26:08,2025-04-23 16:26:08
2025-04,商业海报设计,9787302613329,9787302613329,1,1,,,,,,2025-04-07 15:27:43,2025-04-07 15:27:43
2025-04,向您告知，明天我们一家就要被杀 : 卢旺达大屠杀纪事,9787305230677,9787305230677,1,1,8.8,2842.0,,,search,2025-04-28 10:29:22,2025-04-28 10:29:22
2025-04,效率崇拜 ,9787305232848,9787305232848,1,1,7.2,152.0,,,search,2025-04-30 11:50:29,2025-04-30 11:50:29
2025-04,非道德的政治,9787305250965,9787305250965,1,1,,,,,,2025-04-21 12:15:47,2025-04-21 12:15:47
2025-04,现代汉语修辞学 ,9787309146752,9787309146752,1,1,,,,,,2025-04-27 15:05:15,2025-04-27 15:05:15
2025-04,通往奴役之路 ,9787500421368,9787500421368,1,1,,,,,,2025-04-01 13:37:59,2025-04-01 13:37:59
2025-04,金陵十三钗 ,9787506398541,9787506398541,1,1,,,,,,2025-04-08 12:17:09,2025-04-08 12:17:09
2025-04,"思考,快与慢",9787508633558,9787508633558,1,1,8.0,25044.0,,,search,2025-04-28 16:57:00,2025-04-28 16:57:00
2025-04,“错误”的行为,9787508684512,9787508684512,1,1,,,,,,2025-04-02 07:47:37,2025-04-02 07:47:37
2025-04,助推：如何做出有关健康、财富与幸福的最佳决策,9787508684918,9787508684918,1,1,7.3,1670.0,,,search,2025-04-02 07:47:37,2025-04-02 07:47:37
2025-04,人性能达到的境界,9787512694040,9787512694040,1,1,8.2,361.0,,,search,2025-04-27 12:39:40,2025-04-27 12:39:40
2025-04,桑苏西来客,9787513315111,9787513315111,1,1,7.3,1690.0,,,search,2025-04-29 12:03:49,2025-04-29 12:03:49
2025-04,夏日终曲,9787513598255,9787513598255,1,1,8.7,34055.0,,,search,2025-04-14 11:19:16,2025-04-14 11:19:16
2025-04,争夺非洲,9787513939072,9787513939072,1,1,8.3,16.0,,,search,2025-04-28 10:29:15,2025-04-28 10:29:15
2025-04,致死的疾病,9787516124512,9787516124512,1,1,,,,,,2025-04-07 10:38:22,2025-04-07 10:38:22
2025-04,极简天文学 ,9787521700930,9787521700930,1,1,8.9,810.0,,,search,2025-04-03 12:23:44,2025-04-03 12:23:44
2025-04,战争中没有女性,9787521717808,9787521717808,1,1,9.2,4578.0,,,search,2025-04-17 18:01:01,2025-04-17 18:01:01
2025-04,叶卡捷琳娜大帝与波将金 ：全2册.1,9787522813684,9787522813684,1,1,8.6,135.0,,,search,2025-04-17 17:47:02,2025-04-17 17:47:02
2025-04,倾城之恋,9787530218624,9787530218624,1,1,9.3,23885.0,,,search,2025-04-10 08:38:30,2025-04-10 08:38:30
2025-04,流俗地 ,9787530221280,9787530221280,1,1,9.1,43583.0,,,search,2025-04-14 09:18:52,2025-04-14 09:18:52
2025-04,穆斯林的葬礼,9787530222362,9787530222362,1,1,7.2,635.0,,,search,2025-04-02 11:35:11,2025-04-02 11:35:11
2025-04,平面设计完全手册,9787530470954,9787530470954,1,1,8.1,181.0,,,search,2025-04-07 11:55:50,2025-04-07 11:55:50
2025-04,快乐的死,9787532168750,9787532168750,1,1,8.5,6945.0,,,search,2025-04-18 14:43:37,2025-04-18 14:43:37
2025-04,把自己作为方法 : 与项飙谈话,9787532176953,9787532176953,1,1,8.3,35297.0,,,search,2025-04-21 14:55:33,2025-04-21 14:55:33
2025-04,月亮和六便士,9787532749003,9787532749003,1,1,9.1,61835.0,,,search,2025-04-30 14:38:04,2025-04-30 14:38:04
2025-04,呼啸山庄,9787532751198,9787532751198,1,1,8.3,1905.0,,,search,2025-04-24 11:01:44,2025-04-24 11:01:44
2025-04,雾都孤儿,9787532751297,9787532751297,1,1,,,,,,2025-04-30 11:42:07,2025-04-30 11:42:07
2025-04,远大前程,9787532753659,9787532753659,1,1,,,,,,2025-04-08 17:20:18,2025-04-08 17:20:18
2025-04,不能承受的生命之轻,9787532766635,9787532766635,1,1,9.1,17069.0,,,search,2025-04-18 08:39:00,2025-04-18 08:39:00
2025-04,万尼亚舅舅·三姊妹·樱桃园,9787532766642,9787532766642,1,1,9.2,6489.0,,,search,2025-04-30 11:42:01,2025-04-30 11:42:01
2025-04,都柏林人,9787532773442,9787532773442,1,1,,,,,,2025-04-07 12:18:25,2025-04-07 12:18:25
2025-04,反抗者,9787532777280,9787532777280,1,1,8.3,606.0,,,search,2025-04-03 08:48:00,2025-04-03 08:48:00
2025-04,黑塞童话集,9787532780822,9787532780822,1,1,9.3,130.0,,,search,2025-04-03 09:31:55,2025-04-03 09:31:55
2025-04,米佳的爱情,9787532783618,9787532783618,1,1,8.4,523.0,,,search,2025-04-07 10:54:27,2025-04-07 10:54:27
2025-04,克拉拉与太阳 ,9787532786831,9787532786831,1,1,8.2,57691.0,,,search,2025-04-16 15:33:36,2025-04-16 15:33:36
2025-04,蝇王,9787532788132,9787532788132,1,1,,,,,,2025-04-28 15:52:57,2025-04-28 15:52:57
2025-04,天堂,9787532790890,9787532790890,1,1,7.6,1711.0,,,search,2025-04-27 17:48:56,2025-04-27 17:48:56
2025-04,逻辑的引擎,9787535794420,9787535794420,1,1,,,,,,2025-04-17 20:13:44,2025-04-17 20:13:44
2025-04,一句顶一万句,9787536097261,9787536097261,1,1,9.0,33127.0,,,search,2025-04-02 16:33:18,2025-04-02 16:33:18
2025-04,汪曾祺小说集. 鸡鸭名家 ,9787538756388,9787538756388,1,1,8.8,62.0,,,search,2025-04-11 14:49:36,2025-04-11 14:49:36
2025-04,哈佛经济学笔记 ,9787539938608,9787539938608,1,1,7.2,828.0,,,search,2025-04-02 07:47:37,2025-04-02 07:47:37
2025-04,海上钢琴师,9787540482732,9787540482732,1,1,8.6,1275.0,,,search,2025-04-03 09:31:55,2025-04-03 09:31:55
2025-04,订书匠,9787541156472,9787541156472,1,1,,,,,,2025-04-27 17:49:08,2025-04-27 17:49:08
2025-04,现代电影艺术,9787541163753,9787541163753,1,1,7.5,142.0,,,search,2025-04-15 19:16:49,2025-04-15 19:16:49
2025-04,许子东现代文学课,9787542662583,9787542662583,1,1,,,,,,2025-04-16 17:18:23,2025-04-16 17:18:23
2025-04,希望之线,9787544262705,9787544262705,1,1,7.6,12129.0,,,search,2025-04-18 13:32:40,2025-04-18 13:32:40
2025-04,脑研究的新大陆：一位德国工程师与一位中国科学家之间的对话,9787544490207,9787544490207,1,1,,,,,,2025-04-25 14:49:54,2025-04-25 14:49:54
2025-04,"如果在冬夜,一个旅人",9787544722292,9787544722292,1,1,8.9,17468.0,,,search,2025-04-14 16:56:58,2025-04-14 16:56:58
2025-04,基督教神学,9787544732871,9787544732871,1,1,7.2,193.0,,,search,2025-04-07 10:37:12,2025-04-07 10:37:12
2025-04,自深深处,9787544752183,9787544752183,1,1,,,,,,2025-04-28 15:52:57,2025-04-28 15:52:57
2025-04,西方正典,9787544755450,9787544755450,1,1,,,,,,2025-04-07 12:10:44,2025-04-07 12:10:44
2025-04,鸟类的天赋 ,9787544774970,9787544774970,1,1,,,,,,2025-04-24 08:28:16,2025-04-24 08:28:16
2025-04,重症监护室的故事 ,9787544783545,9787544783545,1,1,,,,,,2025-04-25 14:50:03,2025-04-25 14:50:03
2025-04,本巴,9787544787932,9787544787932,1,1,7.8,2303.0,,,search,2025-04-01 09:27:48,2025-04-01 09:27:48
2025-04,正义诸领域：为多元主义与平等一辩 ,9787544793797,9787544793797,1,1,8.4,89.0,,,search,2025-04-21 12:16:03,2025-04-21 12:16:03
2025-04,雪山飞狐,9787546206196,9787546206196,1,1,,,,,,2025-04-27 17:48:41,2025-04-27 17:48:41
2025-04,王氏之死 : 大历史背后的小人物命运,9787549506897,9787549506897,1,1,7.5,6060.0,,,search,2025-04-17 18:00:32,2025-04-17 18:00:32
2025-04,正在抢救中,9787553211213,9787553211213,1,1,8.6,106.0,,,search,2025-04-03 11:43:35,2025-04-03 11:43:35
2025-04,白杨木的春天,9787555910411,9787555910411,1,1,8.0,54.0,,,search,2025-04-07 15:19:27,2025-04-07 15:19:27
2025-04,终极观星指南,9787556708277,9787556708277,1,1,,,,,,2025-04-02 12:13:55,2025-04-02 12:13:55
2025-04,人人都该懂的脑科学 ,9787557686642,9787557686642,1,1,6.8,135.0,,,search,2025-04-03 12:32:18,2025-04-03 12:32:18
2025-04,永恒的边缘.Ⅱ,9787559403223,9787559403223,1,1,7.8,13704.0,,,search,2025-04-28 17:37:56,2025-04-28 17:37:56
2025-04,永恒的边缘.Ⅲ,9787559403223,9787559403223,1,1,7.8,13704.0,,,search,2025-04-28 17:37:56,2025-04-28 17:37:56
2025-04,女孩们,9787559612236,9787559612236,1,1,7.5,2856.0,,,search,2025-04-02 16:44:59,2025-04-02 16:44:59
2025-04,秋园 ,9787559640666,9787559640666,1,1,9.0,147677.0,,,search,2025-04-07 17:29:58,2025-04-07 17:29:58
2025-04,绝叫,9787559641182,9787559641182,1,1,,,,,,2025-04-29 12:04:33,2025-04-29 12:04:33
2025-04,我将宇宙随身携带,9787559651709,9787559651709,1,1,8.5,6983.0,,,search,2025-04-27 07:19:22,2025-04-27 07:19:22
2025-04,语言恶女：女性如何夺回语言,9787559675583,9787559675583,1,1,,,,,,2025-04-01 14:08:20,2025-04-01 14:08:20
2025-04,无用的神学,9787559850850,9787559850850,1,1,6.8,81.0,,,search,2025-04-18 08:06:30,2025-04-18 08:06:30
2025-04,后电影视觉 :运动影像媒介与观众的共同进化,9787559857774,9787559857774,1,1,8.6,436.0,,,search,2025-04-15 19:16:34,2025-04-15 19:16:34
2025-04,社会性动物 ,9787567599703,9787567599703,1,1,8.7,2818.0,,,search,2025-04-07 10:49:42,2025-04-07 10:49:42
2025-04,绝对笑喷之弃业医生日志 ,9787569925326,9787569925326,1,1,,,,,,2025-04-16 15:33:36,2025-04-16 15:33:36
2025-04,第三帝国,9787570210817,9787570210817,1,1,9.4,5606.0,,,search,2025-04-17 17:45:07,2025-04-17 17:45:07
2025-04,财富、贫穷与政治,9787572211874,9787572211874,1,1,,,,,,2025-04-28 16:43:23,2025-04-28 16:43:23
2025-04,豆腐,9787572608322,9787572608322,1,1,,,,,,2025-04-30 11:43:49,2025-04-30 11:43:49
2025-04,长安的荔枝,9787572608582,9787572608582,1,1,,,,,,2025-04-17 20:10:08,2025-04-17 20:10:08
2025-04,长夜难明,9787572611971,9787572611971,1,1,,,,,,2025-04-27 17:22:27,2025-04-27 17:22:27
2025-04,写给大家的平面设计手册,9787574102293,9787574102293,1,1,,,,,,2025-04-07 11:55:45,2025-04-07 11:55:45
2025-04,文学批评入门,9787576004441,9787576004441,1,1,9.3,1256.0,,,search,2025-04-16 17:18:23,2025-04-16 17:18:23
2025-04,建筑鉴赏方法,9787805018195,9787805018195,1,1,7.5,156.0,,,search,2025-04-23 15:45:23,2025-04-23 15:45:23
2025-04,跨越边界的社区：北京“浙江村”的生活史,9787807681885,9787807681885,1,1,,,,,,2025-04-10 08:13:27,2025-04-10 08:13:27
2025-04,IBDP中文A文学课程专题拓展论文及个人口头评论优秀范例点评,9789620441417,9789620441417,1,1,,,,,,2025-04-24 16:00:47,2025-04-24 16:00:47
2025-05,社会心理学,9787115410047,9787115410047,3,3,9.3,2004.0,,,search,2025-05-07 11:26:12,2025-05-09 08:51:40
2025-05,乌合之众,9787301272084,9787301272084,3,3,8.2,301.0,,,search,2025-05-07 11:26:12,2025-05-07 17:21:44
2025-05,落叶,9787229143022,9787229143022,2,2,,,,,,2025-05-15 10:15:01,2025-05-22 17:41:22
2025-05,普通化学原理,9787301225578,9787301225578,2,2,8.8,204.0,,,search,2025-05-08 11:35:36,2025-05-19 13:51:28
2025-05,Sense & Sensibility,9780062015631,9780062015631,1,1,8.3,860.0,,,search,2025-05-13 14:22:29,2025-05-13 14:22:29
2025-05,Persuasion,9780062065988,9780062065988,1,1,8.7,473.0,,,search,2025-05-13 14:22:40,2025-05-13 14:22:40
2025-05,Northanger Abbey,9780099589297,9780099589297,1,1,7.4,629.0,,,search,2025-05-23 10:46:06,2025-05-23 10:46:06
2025-05,Notes from Underground and the Double,9780140455120,9780140455120,1,1,9.0,52.0,,,search,2025-05-23 10:47:01,2025-05-23 10:47:01
2025-05,The Notebooks of Malte Laurids Brigge,9780141182216,9780141182216,1,1,9.5,27.0,,,search,2025-05-23 10:45:44,2025-05-23 10:45:44
2025-05,Percy Jackson and the Lightning Thief (Percy Jackson & the O,9780141329994,9780141329994,1,1,7.8,48.0,,,search,2025-05-26 17:34:17,2025-05-26 17:34:17
2025-05,The woman in white,9780141389431,9780141389431,1,1,,,,,,2025-05-16 14:21:54,2025-05-16 14:21:54
2025-05,Kim,9780141442372,9780141442372,1,1,8.0,249.0,,,search,2025-05-30 11:43:26,2025-05-30 11:43:26
2025-05,Paper Towns,9780142414934,9780142414934,1,1,6.8,24.0,,,search,2025-05-12 17:27:38,2025-05-12 17:27:38
2025-05,Penguin Vitae: The Age of Innocence,9780143134817,9780143134817,1,1,8.3,1683.0,,,search,2025-05-02 12:06:56,2025-05-02 12:06:56
2025-05,Orlando,9780241371961,9780241371961,1,1,8.8,175.0,,,search,2025-05-16 14:20:46,2025-05-16 14:20:46
2025-05,"Book of Laughter and Forgetting, The",9780571174379,9780571174379,1,1,8.8,111.0,,,search,2025-05-23 10:45:44,2025-05-23 10:45:44
2025-05,The remains of the day,9780571322732,9780571322732,1,1,9.1,222.0,,,search,2025-05-13 14:22:18,2025-05-13 14:22:18
2025-05,Folger Shakespeare Library：The Merchant of Venice,9780743477567,9780743477567,1,1,8.6,1401.0,,,search,2025-05-20 08:06:05,2025-05-20 08:06:05
2025-05,The time keeper,9780751541182,9780751541182,1,1,,,,,,2025-05-23 10:46:28,2025-05-23 10:46:28
2025-05,The Black Swan,9780812973815,9780812973815,1,1,8.4,78.0,,,search,2025-05-30 11:36:30,2025-05-30 11:36:30
2025-05,Chemistry for the IB Diploma Coursebook with Digital Access (2 Years) [With Access Code],9781009052658,9781009052658,1,1,,,,,,2025-05-20 11:17:37,2025-05-20 11:17:37
2025-05,"NEW Cambridge IGCSE First Language English Teacher's Resource, 5e",9781108438940,9781108438940,1,1,,,,,,2025-05-29 11:05:08,2025-05-29 11:05:08
2025-05,Environmental Systems and Societies,9781447990420,9781447990420,1,1,,,,,,2025-05-29 11:05:25,2025-05-29 11:05:25
2025-05,The Hitchhikers Guide to the Galaxy,9781529034523,9781529034523,1,1,8.8,24249.0,,,search,2025-05-23 10:45:44,2025-05-23 10:45:44
2025-05,A Thousand Splendid Suns,9781594483073,9781594483073,1,1,8.9,128.0,,,search,2025-05-13 14:19:41,2025-05-13 14:19:41
2025-05,Dubliners,9781847496317,9781847496317,1,1,9.2,893.0,,,search,2025-05-23 10:46:47,2025-05-23 10:46:47
2025-05,Rockwell,9783836532044,9783836532044,1,1,,,,,,2025-05-29 14:27:50,2025-05-29 14:27:50
2025-05,Botero,9783836548823,9783836548823,1,1,,,,,,2025-05-29 14:27:43,2025-05-29 14:27:43
2025-05,精神现象学,9787010125916,9787010125916,1,1,9.4,952.0,,,search,2025-05-28 11:23:11,2025-05-28 11:23:11
2025-05,达·芬奇密码,9787020126132,9787020126132,1,1,,,,,,2025-05-06 16:57:08,2025-05-06 16:57:08
2025-05,天使与魔鬼,9787020126897,9787020126897,1,1,8.8,65.0,,,search,2025-05-08 11:34:19,2025-05-08 11:34:19
2025-05,山海变.5旧时雨,9787020166718,9787020166718,1,1,8.9,50.0,,,search,2025-05-06 07:24:08,2025-05-06 07:24:08
2025-05,山海变.6水云乡,9787020166725,9787020166725,1,1,9.1,50.0,,,search,2025-05-06 07:23:56,2025-05-06 07:23:56
2025-05,论灵魂,9787100019163,9787100019163,1,1,,,,,,2025-05-20 12:10:18,2025-05-20 12:10:18
2025-05,凯恩斯以后,9787100113786,9787100113786,1,1,8.0,17.0,,,search,2025-05-21 17:45:21,2025-05-21 17:45:21
2025-05,哲学起步 ,9787100154710,9787100154710,1,1,8.4,1407.0,,,search,2025-05-09 07:18:44,2025-05-09 07:18:44
2025-05,文明与气候,9787100183352,9787100183352,1,1,7.3,47.0,,,search,2025-05-28 12:49:10,2025-05-28 12:49:10
2025-05,战国策.上册,9787101085686,9787101085686,1,1,8.9,637.0,,,search,2025-05-15 09:31:54,2025-05-15 09:31:54
2025-05,存在与时间,9787108050960,9787108050960,1,1,9.3,2362.0,,,search,2025-05-15 16:55:19,2025-05-15 16:55:19
2025-05,神话的心理学,9787108072788,9787108072788,1,1,7.4,30.0,,,search,2025-05-15 15:22:52,2025-05-15 15:22:52
2025-05,"被讨厌的勇气:""自我启发之父""阿德勒的哲学课",9787111495482,9787111495482,1,1,,,,,,2025-05-28 11:44:48,2025-05-28 11:44:48
2025-05,精神分析的技术与实践,9787111661665,9787111661665,1,1,8.8,132.0,,,search,2025-05-28 11:22:59,2025-05-28 11:22:59
2025-05,诺曼底登陆,9787208132252,9787208132252,1,1,,,,,,2025-05-07 12:17:52,2025-05-07 12:17:52
2025-05,刀锋,9787210095002,9787210095002,1,1,8.8,6633.0,,,search,2025-05-13 16:31:55,2025-05-13 16:31:55
2025-05,基因论,9787229168629,9787229168629,1,1,8.8,132.0,,,search,2025-05-12 16:07:19,2025-05-12 16:07:19
2025-05,人类学是什么,9787301272961,9787301272961,1,1,6.6,238.0,,,search,2025-05-28 11:43:58,2025-05-28 11:43:58
2025-05,现实的社会建构 ,9787301302071,9787301302071,1,1,9.4,2518.0,,,search,2025-05-22 10:40:39,2025-05-22 10:40:39
2025-05,商业广告设计,9787302605935,9787302605935,1,1,,,,,,2025-05-26 15:24:31,2025-05-26 15:24:31
2025-05,生活世界地理学,9787303271146,9787303271146,1,1,8.3,27.0,,,search,2025-05-28 12:49:01,2025-05-28 12:49:01
2025-05,量子经济学,9787504699268,9787504699268,1,1,,,,,,2025-05-22 17:48:08,2025-05-22 17:48:08
2025-05,积极心理诗学,9787506888400,9787506888400,1,1,,,,,,2025-05-06 12:12:34,2025-05-06 12:12:34
2025-05,生命简史,9787508686424,9787508686424,1,1,8.3,293.0,,,search,2025-05-12 16:11:41,2025-05-12 16:11:41
2025-05,伟大的海·上,9787509791127,9787509791127,1,1,8.3,479.0,,,search,2025-05-08 10:19:54,2025-05-08 10:19:54
2025-05,走近艺术史,9787513564847,9787513564847,1,1,,,,,,2025-05-16 14:20:08,2025-05-16 14:20:08
2025-05,建筑与文化,9787513565202,9787513565202,1,1,7.2,40.0,,,search,2025-05-16 14:20:21,2025-05-16 14:20:21
2025-05,行为心理学,9787516833452,9787516833452,1,1,,,,,,2025-05-16 10:14:20,2025-05-16 10:14:20
2025-05,基督教史：最初的三千年,9787518814466,9787518814466,1,1,8.1,234.0,,,search,2025-05-15 15:22:52,2025-05-15 15:22:52
2025-05,与神作战,9787520156134,9787520156134,1,1,8.0,438.0,,,search,2025-05-15 15:22:52,2025-05-15 15:22:52
2025-05,不平等社会：从石器时代到21世纪，人类如何应对不平等,9787521704495,9787521704495,1,1,6.8,403.0,,,search,2025-05-30 11:52:12,2025-05-30 11:52:12
2025-05,倾城之恋,9787530218624,9787530218624,1,1,9.3,23885.0,,,search,2025-05-29 17:22:31,2025-05-29 17:22:31
2025-05,穆斯林的葬礼,9787530222362,9787530222362,1,1,7.2,635.0,,,search,2025-05-22 17:47:47,2025-05-22 17:47:47
2025-05,弗吉尼亚·伍尔夫传,9787532186198,9787532186198,1,1,8.9,1014.0,,,search,2025-05-28 15:54:33,2025-05-28 15:54:33
2025-05,乱世佳人 ·上,9787532751273,9787532751273,1,1,9.5,1932.0,,,search,2025-05-06 16:57:16,2025-05-06 16:57:16
2025-05,鼠疫,9787532761753,9787532761753,1,1,,,,,,2025-05-07 12:09:35,2025-05-07 12:09:35
2025-05,三四郎,9787532773725,9787532773725,1,1,8.3,2031.0,,,search,2025-05-13 10:32:44,2025-05-13 10:32:44
2025-05,基督山伯爵:全2册-上册,9787532778140,9787532778140,1,1,9.3,556.0,,,search,2025-05-19 11:46:28,2025-05-19 11:46:28
2025-05,克林格梭尔的最后夏天,9787532780822,9787532780822,1,1,9.3,130.0,,,search,2025-05-22 17:48:00,2025-05-22 17:48:00
2025-05,是我把你蠢哭了吗 ,9787533487379,9787533487379,1,1,8.0,3924.0,,,search,2025-05-22 10:53:59,2025-05-22 10:53:59
2025-05,琅琊榜之风起长林 上,9787533933906,9787533933906,1,1,8.6,1835.0,,,search,2025-05-15 07:19:35,2025-05-15 07:19:35
2025-05,现代性的神学起源,9787535799715,9787535799715,1,1,9.4,755.0,,,search,2025-05-15 15:22:52,2025-05-15 15:22:52
2025-05,汪曾祺小说集. 鸡鸭名家 ,9787538756388,9787538756388,1,1,8.8,62.0,,,search,2025-05-06 09:27:22,2025-05-06 09:27:22
2025-05,"汪曾祺散文集, 人间知味 ",9787538756579,9787538756579,1,1,8.8,261.0,,,search,2025-05-06 09:27:10,2025-05-06 09:27:10
2025-05,克里斯特汀,9787540482961,9787540482961,1,1,8.1,189.0,,,search,2025-05-22 17:39:59,2025-05-22 17:39:59
2025-05,从你的全世界路过,9787540491949,9787540491949,1,1,6.4,1773.0,,,search,2025-05-06 11:36:30,2025-05-06 11:36:30
2025-05,宗教社会学 宗教与世界 ,9787542670540,9787542670540,1,1,9.0,153.0,,,search,2025-05-16 10:14:20,2025-05-16 10:14:20
2025-05,"四世同堂. 第一部, 惶惑 ",9787547311790,9787547311790,1,1,9.5,2857.0,,,search,2025-05-09 07:24:02,2025-05-09 07:24:02
2025-05,剪辑的语法 :插图修订第2版,9787550297746,9787550297746,1,1,7.3,371.0,,,search,2025-05-16 14:21:00,2025-05-16 14:21:00
2025-05,镜头的语法 :插图修订第2版,9787550297791,9787550297791,1,1,,,,,,2025-05-16 14:20:53,2025-05-16 14:20:53
2025-05,天才基本法：完结篇. 上,9787559437372,9787559437372,1,1,8.9,5875.0,,,search,2025-05-07 11:43:01,2025-05-07 11:43:01
2025-05,存在主义咖啡馆:自由、存在和杏子鸡尾酒,9787559610782,9787559610782,1,1,8.6,20484.0,,,search,2025-05-12 13:24:47,2025-05-12 13:24:47
2025-05,如何写影评（插图修订第8版）,9787559614452,9787559614452,1,1,7.6,2030.0,,,search,2025-05-16 14:21:11,2025-05-16 14:21:11
2025-05,纯真告别,9787559617712,9787559617712,1,1,7.6,935.0,,,search,2025-05-22 17:42:44,2025-05-22 17:42:44
2025-05,运气的秘密,9787559620170,9787559620170,1,1,,,,,,2025-05-22 10:54:05,2025-05-22 10:54:05
2025-05,世间的每一个清晨,9787559819628,9787559819628,1,1,7.9,1276.0,,,search,2025-05-16 12:25:20,2025-05-16 12:25:20
2025-05,人文地理学通识:全彩插图,9787564580070,9787564580070,1,1,7.7,23.0,,,search,2025-05-08 11:35:28,2025-05-08 11:35:28
2025-05,战神的后裔 ,9787570209392,9787570209392,1,1,7.8,14.0,,,search,2025-05-12 07:23:59,2025-05-12 07:23:59
2025-05,达摩流浪者,9787571001933,9787571001933,1,1,,,,,,2025-05-13 15:06:48,2025-05-13 15:06:48
2025-05,病菌简史,9787572001727,9787572001727,1,1,7.5,43.0,,,search,2025-05-12 16:11:23,2025-05-12 16:11:23
2025-05,成为人类学家,9787576005127,9787576005127,1,1,7.7,103.0,,,search,2025-05-28 11:44:06,2025-05-28 11:44:06
2025-05,國際文憑大學預科項目中文A語言與文學課程學習指導——评估卷(简体版),9789620433641,9789620433641,1,1,,,,,,2025-05-14 14:30:17,2025-05-14 14:30:17
2025-05,國際文憑大學預科項目中文A語言與文學課程學習指導——语言卷(简体版),9789620433641,9789620433641,1,1,,,,,,2025-05-14 14:30:23,2025-05-14 14:30:23
2025-06,The Sound and the Fury,9780099475019,9780099475019,1,1,8.9,337.0,,,search,2025-06-10 12:13:00,2025-06-10 12:13:00
2025-06,The complete Persepolis,9780375714832,9780375714832,1,1,9.4,229.0,,,search,2025-06-06 10:18:08,2025-06-06 10:18:08
2025-06,社会心理学,9787115410047,9787115410047,1,1,9.3,2004.0,,,search,2025-06-04 07:35:24,2025-06-04 07:35:24
2025-06,助推快与慢：人类动因与行为经济学,9787300188317,9787300188317,1,1,7.4,82.0,,,search,2025-06-04 17:09:26,2025-06-04 17:09:26
2025-06,社会的麦当劳化,9787300312590,9787300312590,1,1,7.2,120.0,,,search,2025-06-05 07:26:45,2025-06-05 07:26:45
2025-06,与社会学同游 ,9787301247099,9787301247099,1,1,9.3,4506.0,,,search,2025-06-05 07:26:35,2025-06-05 07:26:35
2025-06,转角遇见社会学,9787301322116,9787301322116,1,1,,,,,,2025-06-05 07:26:40,2025-06-05 07:26:40
2025-06,效率崇拜 ,9787305232848,9787305232848,1,1,7.2,152.0,,,search,2025-06-04 17:09:37,2025-06-04 17:09:37
2025-06,"怪诞行为学. 2, 非理性的积极力量",9787508681436,9787508681436,1,1,7.4,674.0,,,search,2025-06-11 18:05:11,2025-06-11 18:05:11
2025-06,广东,9787520420105,9787520420105,1,1,7.3,96.0,,,search,2025-06-03 09:18:56,2025-06-03 09:18:56
2025-06,她之所以为她,9787521749571,9787521749571,1,1,8.5,395.0,,,search,2025-06-05 07:29:05,2025-06-05 07:29:05
2025-06,基督山伯爵:全2册-上册,9787532778140,9787532778140,1,1,9.3,556.0,,,search,2025-06-13 14:39:17,2025-06-13 14:39:17
2025-06,低欲望社会,9787532779529,9787532779529,1,1,6.3,4244.0,,,search,2025-06-05 07:29:10,2025-06-05 07:29:10
2025-06,现代日本 ,9787544742382,9787544742382,1,1,8.2,2544.0,,,search,2025-06-03 09:18:56,2025-06-03 09:18:56
2025-06,这就是社会学,9787545477283,9787545477283,1,1,,,,,,2025-06-05 07:26:49,2025-06-05 07:26:49
2025-06,历史哲学,9787545821826,9787545821826,1,1,8.8,49.0,,,search,2025-06-04 12:16:35,2025-06-04 12:16:35
2025-06,如何做一个领导者,9787547320198,9787547320198,1,1,,,,,,2025-06-05 07:28:56,2025-06-05 07:28:56
2025-06,站城一体开发.II：TOD46的魅力,9787559111760,9787559111760,1,1,8.9,109.0,,,search,2025-06-03 09:18:56,2025-06-03 09:18:56
2025-06,自我的探寻,9787559664518,9787559664518,1,1,,,,,,2025-06-12 20:33:14,2025-06-12 20:33:14
2025-06,财富、贫穷与政治,9787572211874,9787572211874,1,1,,,,,,2025-06-04 17:10:10,2025-06-04 17:10:10
2025-06,直到时间的尽头,9787573008459,9787573008459,1,1,8.5,1284.0,,,search,2025-06-05 07:30:09,2025-06-05 07:30:09
